2026-07-21 00:00:24 [HikariPool-1:housekeeper] WARN  com.zaxxer.hikari.pool.PoolBase - HikariPool-1 - Failed to validate connection com.mysql.cj.jdbc.ConnectionImpl@174d84bf (No operations allowed after connection closed.). Possibly consider using a shorter maxLifetime value.
2026-07-21 00:00:29 [SpringApplicationShutdownHook] INFO  o.s.boot.tomcat.GracefulShutdown - Commencing graceful shutdown. Waiting for active requests to complete
2026-07-21 00:00:29 [tomcat-shutdown] INFO  o.s.boot.tomcat.GracefulShutdown - Graceful shutdown complete
2026-07-21 00:00:29 [SpringApplicationShutdownHook] INFO  o.s.o.j.LocalContainerEntityManagerFactoryBean - Closing JPA EntityManagerFactory for persistence unit 'default'
2026-07-21 00:00:29 [SpringApplicationShutdownHook] INFO  com.zaxxer.hikari.HikariDataSource - HikariPool-1 - Shutdown initiated...
2026-07-21 00:00:29 [SpringApplicationShutdownHook] INFO  com.zaxxer.hikari.HikariDataSource - HikariPool-1 - Shutdown completed.
2026-07-21 00:00:33 [background-preinit] INFO  o.h.validator.internal.util.Version - HV000001: Hibernate Validator 9.0.1.Final
2026-07-21 00:00:34 [restartedMain] INFO  c.e.D.DocgenBackendApplication - Starting DocgenBackendApplication using Java 21.0.9 with PID 31064 (E:\DocGen New Front V2\Docgen-Backend\target\classes started by prath in E:\DocGen New Front V2\Docgen-Backend)
2026-07-21 00:00:34 [restartedMain] DEBUG c.e.D.DocgenBackendApplication - Running with Spring Boot v4.0.6, Spring v7.0.7
2026-07-21 00:00:34 [restartedMain] INFO  c.e.D.DocgenBackendApplication - No active profile set, falling back to 1 default profile: "default"
2026-07-21 00:00:34 [restartedMain] INFO  o.s.b.d.e.DevToolsPropertyDefaultsPostProcessor - Devtools property defaults active! Set 'spring.devtools.add-properties' to 'false' to disable
2026-07-21 00:00:34 [restartedMain] INFO  o.s.b.d.e.DevToolsPropertyDefaultsPostProcessor - For additional web related logging consider setting the 'logging.level.web' property to 'DEBUG'
2026-07-21 00:00:34 [restartedMain] INFO  o.s.d.r.c.RepositoryConfigurationDelegate - Bootstrapping Spring Data JPA repositories in DEFAULT mode.
2026-07-21 00:00:34 [restartedMain] INFO  o.s.d.r.c.RepositoryConfigurationDelegate - Finished Spring Data repository scanning in 45 ms. Found 3 JPA repository interfaces.
2026-07-21 00:00:35 [restartedMain] INFO  o.s.boot.tomcat.TomcatWebServer - Tomcat initialized with port 8080 (http)
2026-07-21 00:00:35 [restartedMain] INFO  o.a.coyote.http11.Http11NioProtocol - Initializing ProtocolHandler ["http-nio-8080"]
2026-07-21 00:00:35 [restartedMain] INFO  o.a.catalina.core.StandardService - Starting service [Tomcat]
2026-07-21 00:00:35 [restartedMain] INFO  o.a.catalina.core.StandardEngine - Starting Servlet engine: [Apache Tomcat/11.0.21]
2026-07-21 00:00:35 [restartedMain] INFO  o.s.b.w.c.s.WebApplicationContextInitializer - Root WebApplicationContext: initialization completed in 1370 ms
2026-07-21 00:00:35 [restartedMain] DEBUG c.e.Docgen_Backend.config.JwtFilter - Filter 'jwtFilter' configured for use
2026-07-21 00:00:35 [restartedMain] INFO  org.hibernate.orm.jpa - HHH008540: Processing PersistenceUnitInfo [name: default]
2026-07-21 00:00:35 [restartedMain] INFO  org.hibernate.orm.core - HHH000001: Hibernate ORM core version 7.2.12.Final
2026-07-21 00:00:36 [restartedMain] INFO  o.s.o.j.p.SpringPersistenceUnitInfo - No LoadTimeWeaver setup: ignoring JPA class transformer
2026-07-21 00:00:36 [restartedMain] INFO  com.zaxxer.hikari.HikariDataSource - HikariPool-1 - Starting...
2026-07-21 00:00:36 [restartedMain] INFO  com.zaxxer.hikari.pool.HikariPool - HikariPool-1 - Added connection com.mysql.cj.jdbc.ConnectionImpl@6bc2a36e
2026-07-21 00:00:36 [restartedMain] INFO  com.zaxxer.hikari.HikariDataSource - HikariPool-1 - Start completed.
2026-07-21 00:00:36 [restartedMain] WARN  org.hibernate.orm.jdbc - HHH100045: Could not obtain connection metadata: java.sql.SQLSyntaxErrorException: Unknown column 'RESERVED' in 'WHERE'
2026-07-21 00:00:37 [restartedMain] WARN  org.hibernate.orm.deprecation - HHH90000025: MySQLDialect does not need to be specified explicitly using 'hibernate.dialect' (remove the property setting and it will be selected by default)
2026-07-21 00:00:37 [restartedMain] INFO  o.hibernate.orm.connections.pooling - HHH10001005: Database info:
	Database JDBC URL [undefined/unknown]
	Database driver: undefined/unknown
	Database dialect: MySQLDialect
	Database version: 8.0
	Default catalog/schema: unknown/unknown
	Autocommit mode: undefined/unknown
	Isolation level: NONE [default NONE]
	JDBC fetch size: undefined/unknown
	Pool: DataSourceConnectionProvider
	Minimum pool size: undefined/unknown
	Maximum pool size: undefined/unknown
2026-07-21 00:00:38 [restartedMain] INFO  org.hibernate.orm.core - HHH000489: No JTA platform available (set 'hibernate.transaction.jta.platform' to enable JTA platform integration)
2026-07-21 00:00:45 [restartedMain] INFO  o.s.o.j.LocalContainerEntityManagerFactoryBean - Initialized JPA EntityManagerFactory for persistence unit 'default'
2026-07-21 00:00:45 [restartedMain] INFO  o.s.d.j.r.q.QueryEnhancerFactories - Hibernate is in classpath; If applicable, HQL parser will be used.
2026-07-21 00:00:45 [restartedMain] INFO  o.s.s.c.a.a.c.InitializeUserDetailsBeanManagerConfigurer$InitializeUserDetailsManagerConfigurer - Global AuthenticationManager configured with UserDetailsService bean with name customUserDetailsService
2026-07-21 00:00:45 [restartedMain] WARN  o.s.b.j.a.JpaBaseConfiguration$JpaWebConfiguration - spring.jpa.open-in-view is enabled by default. Therefore, database queries may be performed during view rendering. Explicitly configure spring.jpa.open-in-view to disable this warning
2026-07-21 00:00:46 [restartedMain] INFO  o.a.coyote.http11.Http11NioProtocol - Starting ProtocolHandler ["http-nio-8080"]
2026-07-21 00:00:46 [restartedMain] INFO  o.s.boot.tomcat.TomcatWebServer - Tomcat started on port 8080 (http) with context path '/'
2026-07-21 00:00:46 [restartedMain] INFO  c.e.D.DocgenBackendApplication - Started DocgenBackendApplication in 12.815 seconds (process running for 13.377)
2026-07-21 00:00:56 [http-nio-8080-exec-4] INFO  o.a.c.c.C.[Tomcat].[localhost].[/] - Initializing Spring DispatcherServlet 'dispatcherServlet'
2026-07-21 00:00:56 [http-nio-8080-exec-4] INFO  o.s.web.servlet.DispatcherServlet - Initializing Servlet 'dispatcherServlet'
2026-07-21 00:00:56 [http-nio-8080-exec-4] INFO  o.s.web.servlet.DispatcherServlet - Completed initialization in 1 ms
2026-07-21 00:00:57 [http-nio-8080-exec-4] INFO  c.e.Docgen_Backend.config.JwtFilter - JWT validated successfully for userId=6a311365ec2c34f3d9e4f06e
2026-07-21 00:00:57 [http-nio-8080-exec-4] INFO  c.e.D.controller.UserController - POST /api/v2/users/create-profile - Request received for employeeId=null
2026-07-21 00:00:57 [http-nio-8080-exec-4] DEBUG c.e.D.controller.UserController - Full request payload: CreateProfileRequest(employeeName=Test User, email=test.user@example.com, mobileNo=9876543210, employeeId=null, joiningDesignation=null, currentDesignation=null, department=null, currentAddress=Some address, permanentAddress=Some address, accountNo=null, bankName=null, joiningCTC=600000.0, currentCTC=600000.0, dateOfBirth=1995-01-01, offerDate=2026-07-01, joiningDate=2026-07-15, panNo=ABCDE1234F, company=SmartMatrix Digital Services Pvt. Ltd., pfType=WITH_PF, identity=MR, documents=[], documentData={})
2026-07-21 00:00:58 [http-nio-8080-exec-4] INFO  c.e.D.service.impl.UserServiceImpl - Generated employeeId=SMDS001 for company=SmartMatrix Digital Services Pvt. Ltd.
2026-07-21 00:00:58 [http-nio-8080-exec-4] INFO  c.e.D.service.impl.UserServiceImpl - User profile created successfully for employeeId=SMDS001
2026-07-21 00:00:58 [http-nio-8080-exec-4] INFO  c.e.D.controller.UserController - Profile created successfully for employeeId=SMDS001
2026-07-21 00:02:15 [HikariPool-1:housekeeper] WARN  com.zaxxer.hikari.pool.PoolBase - HikariPool-1 - Failed to validate connection com.mysql.cj.jdbc.ConnectionImpl@6bc2a36e (No operations allowed after connection closed.). Possibly consider using a shorter maxLifetime value.
2026-07-21 00:02:28 [HikariPool-1:housekeeper] WARN  com.zaxxer.hikari.pool.PoolBase - HikariPool-1 - Failed to validate connection com.mysql.cj.jdbc.ConnectionImpl@22bcaa8d (No operations allowed after connection closed.). Possibly consider using a shorter maxLifetime value.
2026-07-21 00:02:35 [HikariPool-1:housekeeper] WARN  com.zaxxer.hikari.pool.PoolBase - HikariPool-1 - Failed to validate connection com.mysql.cj.jdbc.ConnectionImpl@7c23f0a6 (No operations allowed after connection closed.). Possibly consider using a shorter maxLifetime value.
2026-07-21 00:03:45 [http-nio-8080-exec-6] INFO  c.e.Docgen_Backend.config.JwtFilter - JWT validated successfully for userId=6a311365ec2c34f3d9e4f06e
2026-07-21 00:03:45 [http-nio-8080-exec-6] INFO  c.e.D.controller.UserController - GET /api/v2/users - Fetch all users request received | page=0, size=8, sortBy=id, direction=desc
2026-07-21 00:03:45 [http-nio-8080-exec-6] WARN  com.zaxxer.hikari.pool.PoolBase - HikariPool-1 - Failed to validate connection com.mysql.cj.jdbc.ConnectionImpl@59d44744 (No operations allowed after connection closed.). Possibly consider using a shorter maxLifetime value.
2026-07-21 00:03:45 [http-nio-8080-exec-6] WARN  com.zaxxer.hikari.pool.PoolBase - HikariPool-1 - Failed to validate connection com.mysql.cj.jdbc.ConnectionImpl@6452efb0 (No operations allowed after connection closed.). Possibly consider using a shorter maxLifetime value.
2026-07-21 00:03:46 [http-nio-8080-exec-6] ERROR c.e.D.e.GlobalExceptionHandler - Unexpected error occurred
org.springframework.dao.InvalidDataAccessApiUsageException: No enum constant com.example.Docgen_Backend.entity.CompanyType.SMT
	at org.springframework.orm.jpa.EntityManagerFactoryUtils.convertJpaAccessExceptionIfPossible(EntityManagerFactoryUtils.java:464)
	at org.springframework.orm.jpa.hibernate.HibernateExceptionTranslator.translateExceptionIfPossible(HibernateExceptionTranslator.java:112)
	at org.springframework.orm.jpa.vendor.HibernateJpaDialect.translateExceptionIfPossible(HibernateJpaDialect.java:223)
	at org.springframework.orm.jpa.AbstractEntityManagerFactoryBean.translateExceptionIfPossible(AbstractEntityManagerFactoryBean.java:576)
	at org.springframework.dao.support.ChainedPersistenceExceptionTranslator.translateExceptionIfPossible(ChainedPersistenceExceptionTranslator.java:61)
	at org.springframework.dao.support.DataAccessUtils.translateIfNecessary(DataAccessUtils.java:346)
	at org.springframework.dao.support.PersistenceExceptionTranslationInterceptor.invoke(PersistenceExceptionTranslationInterceptor.java:157)
	at org.springframework.aop.framework.ReflectiveMethodInvocation.proceed(ReflectiveMethodInvocation.java:179)
	at org.springframework.data.jpa.repository.support.CrudMethodMetadataPostProcessor$CrudMethodMetadataPopulatingMethodInterceptor.invoke(CrudMethodMetadataPostProcessor.java:166)
	at org.springframework.aop.framework.ReflectiveMethodInvocation.proceed(ReflectiveMethodInvocation.java:179)
	at org.springframework.aop.framework.JdkDynamicAopProxy.invoke(JdkDynamicAopProxy.java:222)
	at jdk.proxy4/jdk.proxy4.$Proxy163.findAll(Unknown Source)
	at com.example.Docgen_Backend.service.impl.UserServiceImpl.getAllUserProfiles(UserServiceImpl.java:345)
	at java.base/jdk.internal.reflect.DirectMethodHandleAccessor.invoke(DirectMethodHandleAccessor.java:103)
	at java.base/java.lang.reflect.Method.invoke(Method.java:580)
	at org.springframework.aop.support.AopUtils.invokeJoinpointUsingReflection(AopUtils.java:359)
	at org.springframework.aop.framework.CglibAopProxy$DynamicAdvisedInterceptor.intercept(CglibAopProxy.java:715)
	at com.example.Docgen_Backend.service.impl.UserServiceImpl$$SpringCGLIB$$0.getAllUserProfiles(<generated>)
	at com.example.Docgen_Backend.controller.UserController.getAllUserProfiles(UserController.java:107)
	at java.base/jdk.internal.reflect.DirectMethodHandleAccessor.invoke(DirectMethodHandleAccessor.java:103)
	at java.base/java.lang.reflect.Method.invoke(Method.java:580)
	at org.springframework.web.method.support.InvocableHandlerMethod.doInvoke(InvocableHandlerMethod.java:252)
	at org.springframework.web.method.support.InvocableHandlerMethod.invokeForRequest(InvocableHandlerMethod.java:184)
	at org.springframework.web.servlet.mvc.method.annotation.ServletInvocableHandlerMethod.invokeAndHandle(ServletInvocableHandlerMethod.java:117)
	at org.springframework.web.servlet.mvc.method.annotation.RequestMappingHandlerAdapter.invokeHandlerMethod(RequestMappingHandlerAdapter.java:934)
	at org.springframework.web.servlet.mvc.method.annotation.RequestMappingHandlerAdapter.handleInternal(RequestMappingHandlerAdapter.java:853)
	at org.springframework.web.servlet.mvc.method.AbstractHandlerMethodAdapter.handle(AbstractHandlerMethodAdapter.java:86)
	at org.springframework.web.servlet.DispatcherServlet.doDispatch(DispatcherServlet.java:963)
	at org.springframework.web.servlet.DispatcherServlet.doService(DispatcherServlet.java:866)
	at org.springframework.web.servlet.FrameworkServlet.processRequest(FrameworkServlet.java:1000)
	at org.springframework.web.servlet.FrameworkServlet.doGet(FrameworkServlet.java:892)
	at jakarta.servlet.http.HttpServlet.service(HttpServlet.java:622)
	at org.springframework.web.servlet.FrameworkServlet.service(FrameworkServlet.java:874)
	at jakarta.servlet.http.HttpServlet.service(HttpServlet.java:710)
	at org.apache.catalina.core.ApplicationFilterChain.doFilter(ApplicationFilterChain.java:128)
	at org.apache.tomcat.websocket.server.WsFilter.doFilter(WsFilter.java:53)
	at org.apache.catalina.core.ApplicationFilterChain.doFilter(ApplicationFilterChain.java:107)
	at org.springframework.web.filter.OncePerRequestFilter.doFilter(OncePerRequestFilter.java:110)
	at org.apache.catalina.core.ApplicationFilterChain.doFilter(ApplicationFilterChain.java:107)
	at org.springframework.web.filter.CompositeFilter$VirtualFilterChain.doFilter(CompositeFilter.java:108)
	at org.springframework.security.web.FilterChainProxy.lambda$doFilterInternal$3(FilterChainProxy.java:235)
	at org.springframework.security.web.FilterChainProxy$VirtualFilterChain.doFilter(FilterChainProxy.java:376)
	at org.springframework.security.web.access.intercept.AuthorizationFilter.doFilter(AuthorizationFilter.java:101)
	at org.springframework.security.web.FilterChainProxy$VirtualFilterChain.doFilter(FilterChainProxy.java:385)
	at org.springframework.security.web.access.ExceptionTranslationFilter.doFilter(ExceptionTranslationFilter.java:126)
	at org.springframework.security.web.access.ExceptionTranslationFilter.doFilter(ExceptionTranslationFilter.java:120)
	at org.springframework.security.web.FilterChainProxy$VirtualFilterChain.doFilter(FilterChainProxy.java:385)
	at org.springframework.security.web.session.SessionManagementFilter.doFilter(SessionManagementFilter.java:132)
	at org.springframework.security.web.session.SessionManagementFilter.doFilter(SessionManagementFilter.java:86)
	at org.springframework.security.web.FilterChainProxy$VirtualFilterChain.doFilter(FilterChainProxy.java:385)
	at org.springframework.security.web.authentication.AnonymousAuthenticationFilter.doFilter(AnonymousAuthenticationFilter.java:100)
	at org.springframework.security.web.FilterChainProxy$VirtualFilterChain.doFilter(FilterChainProxy.java:385)
	at org.springframework.security.web.servletapi.SecurityContextHolderAwareRequestFilter.doFilter(SecurityContextHolderAwareRequestFilter.java:181)
	at org.springframework.security.web.FilterChainProxy$VirtualFilterChain.doFilter(FilterChainProxy.java:385)
	at org.springframework.security.web.savedrequest.RequestCacheAwareFilter.doFilter(RequestCacheAwareFilter.java:63)
	at org.springframework.security.web.FilterChainProxy$VirtualFilterChain.doFilter(FilterChainProxy.java:385)
	at com.example.Docgen_Backend.config.JwtFilter.doFilterInternal(JwtFilter.java:111)
	at org.springframework.web.filter.OncePerRequestFilter.doFilter(OncePerRequestFilter.java:116)
	at org.springframework.security.web.FilterChainProxy$VirtualFilterChain.doFilter(FilterChainProxy.java:385)
	at org.springframework.security.web.authentication.logout.LogoutFilter.doFilter(LogoutFilter.java:110)
	at org.springframework.security.web.authentication.logout.LogoutFilter.doFilter(LogoutFilter.java:96)
	at org.springframework.security.web.FilterChainProxy$VirtualFilterChain.doFilter(FilterChainProxy.java:385)
	at org.springframework.web.filter.CorsFilter.doFilterInternal(CorsFilter.java:91)
	at org.springframework.web.filter.OncePerRequestFilter.doFilter(OncePerRequestFilter.java:116)
	at org.springframework.security.web.FilterChainProxy$VirtualFilterChain.doFilter(FilterChainProxy.java:385)
	at org.springframework.security.web.header.HeaderWriterFilter.doHeadersAfter(HeaderWriterFilter.java:90)
	at org.springframework.security.web.header.HeaderWriterFilter.doFilterInternal(HeaderWriterFilter.java:75)
	at org.springframework.web.filter.OncePerRequestFilter.doFilter(OncePerRequestFilter.java:116)
	at org.springframework.security.web.FilterChainProxy$VirtualFilterChain.doFilter(FilterChainProxy.java:385)
	at org.springframework.security.web.context.SecurityContextHolderFilter.doFilter(SecurityContextHolderFilter.java:82)
	at org.springframework.security.web.context.SecurityContextHolderFilter.doFilter(SecurityContextHolderFilter.java:69)
	at org.springframework.security.web.FilterChainProxy$VirtualFilterChain.doFilter(FilterChainProxy.java:385)
	at org.springframework.security.web.context.request.async.WebAsyncManagerIntegrationFilter.doFilterInternal(WebAsyncManagerIntegrationFilter.java:62)
	at org.springframework.web.filter.OncePerRequestFilter.doFilter(OncePerRequestFilter.java:116)
	at org.springframework.security.web.FilterChainProxy$VirtualFilterChain.doFilter(FilterChainProxy.java:385)
	at org.springframework.security.web.session.DisableEncodeUrlFilter.doFilterInternal(DisableEncodeUrlFilter.java:42)
	at org.springframework.web.filter.OncePerRequestFilter.doFilter(OncePerRequestFilter.java:116)
	at org.springframework.security.web.FilterChainProxy$VirtualFilterChain.doFilter(FilterChainProxy.java:385)
	at org.springframework.security.web.FilterChainProxy.doFilterInternal(FilterChainProxy.java:237)
	at org.springframework.security.web.FilterChainProxy.doFilter(FilterChainProxy.java:195)
	at org.springframework.web.filter.CompositeFilter$VirtualFilterChain.doFilter(CompositeFilter.java:113)
	at org.springframework.web.filter.ServletRequestPathFilter.doFilter(ServletRequestPathFilter.java:52)
	at org.springframework.web.filter.CompositeFilter$VirtualFilterChain.doFilter(CompositeFilter.java:113)
	at org.springframework.web.filter.CompositeFilter.doFilter(CompositeFilter.java:74)
	at org.springframework.security.config.annotation.web.configuration.WebSecurityConfiguration$CompositeFilterChainProxy.doFilter(WebSecurityConfiguration.java:317)
	at org.springframework.web.filter.DelegatingFilterProxy.invokeDelegate(DelegatingFilterProxy.java:355)
	at org.springframework.web.filter.DelegatingFilterProxy.doFilter(DelegatingFilterProxy.java:272)
	at org.apache.catalina.core.ApplicationFilterChain.doFilter(ApplicationFilterChain.java:107)
	at org.springframework.web.filter.RequestContextFilter.doFilterInternal(RequestContextFilter.java:100)
	at org.springframework.web.filter.OncePerRequestFilter.doFilter(OncePerRequestFilter.java:116)
	at org.apache.catalina.core.ApplicationFilterChain.doFilter(ApplicationFilterChain.java:107)
	at org.springframework.web.filter.FormContentFilter.doFilterInternal(FormContentFilter.java:93)
	at org.springframework.web.filter.OncePerRequestFilter.doFilter(OncePerRequestFilter.java:116)
	at org.apache.catalina.core.ApplicationFilterChain.doFilter(ApplicationFilterChain.java:107)
	at org.springframework.web.filter.CharacterEncodingFilter.doFilterInternal(CharacterEncodingFilter.java:199)
	at org.springframework.web.filter.OncePerRequestFilter.doFilter(OncePerRequestFilter.java:116)
	at org.apache.catalina.core.ApplicationFilterChain.doFilter(ApplicationFilterChain.java:107)
	at org.apache.catalina.core.StandardWrapperValve.invoke(StandardWrapperValve.java:165)
	at org.apache.catalina.core.StandardContextValve.invoke(StandardContextValve.java:77)
	at org.apache.catalina.authenticator.AuthenticatorBase.invoke(AuthenticatorBase.java:492)
	at org.apache.catalina.core.StandardHostValve.invoke(StandardHostValve.java:113)
	at org.apache.catalina.valves.ErrorReportValve.invoke(ErrorReportValve.java:83)
	at org.apache.catalina.core.StandardEngineValve.invoke(StandardEngineValve.java:72)
	at org.apache.catalina.connector.CoyoteAdapter.service(CoyoteAdapter.java:341)
	at org.apache.coyote.http11.Http11Processor.service(Http11Processor.java:397)
	at org.apache.coyote.AbstractProcessorLight.process(AbstractProcessorLight.java:63)
	at org.apache.coyote.AbstractProtocol$ConnectionHandler.process(AbstractProtocol.java:903)
	at org.apache.tomcat.util.net.NioEndpoint$SocketProcessor.doRun(NioEndpoint.java:1801)
	at org.apache.tomcat.util.net.SocketProcessorBase.run(SocketProcessorBase.java:52)
	at org.apache.tomcat.util.threads.ThreadPoolExecutor.runWorker(ThreadPoolExecutor.java:946)
	at org.apache.tomcat.util.threads.ThreadPoolExecutor$Worker.run(ThreadPoolExecutor.java:480)
	at org.apache.tomcat.util.threads.TaskThread$WrappingRunnable.run(TaskThread.java:57)
	at java.base/java.lang.Thread.run(Thread.java:1583)
Caused by: java.lang.IllegalArgumentException: No enum constant com.example.Docgen_Backend.entity.CompanyType.SMT
	at java.base/java.lang.Enum.valueOf(Enum.java:293)
	at org.hibernate.type.descriptor.java.EnumJavaType.fromName(EnumJavaType.java:262)
	at org.hibernate.type.descriptor.java.EnumJavaType.wrap(EnumJavaType.java:129)
	at org.hibernate.type.descriptor.java.EnumJavaType.wrap(EnumJavaType.java:36)
	at org.hibernate.type.descriptor.jdbc.EnumJdbcType$2.doExtract(EnumJdbcType.java:88)
	at org.hibernate.type.descriptor.jdbc.BasicExtractor.extract(BasicExtractor.java:42)
	at org.hibernate.sql.results.jdbc.internal.JdbcValuesResultSetImpl.getCurrentRowValue(JdbcValuesResultSetImpl.java:381)
	at org.hibernate.sql.results.internal.RowProcessingStateStandardImpl.getJdbcValue(RowProcessingStateStandardImpl.java:148)
	at org.hibernate.sql.results.graph.basic.BasicResultAssembler.extractRawValue(BasicResultAssembler.java:52)
	at org.hibernate.sql.results.graph.basic.BasicResultAssembler.assemble(BasicResultAssembler.java:58)
	at org.hibernate.sql.results.graph.entity.internal.EntityInitializerImpl.extractConcreteTypeStateValues(EntityInitializerImpl.java:1890)
	at org.hibernate.sql.results.graph.entity.internal.EntityInitializerImpl.initializeEntityInstance(EntityInitializerImpl.java:1578)
	at org.hibernate.sql.results.graph.entity.internal.EntityInitializerImpl.initializeInstance(EntityInitializerImpl.java:1501)
	at org.hibernate.sql.results.graph.entity.internal.EntityInitializerImpl.initializeInstance(EntityInitializerImpl.java:80)
	at org.hibernate.sql.results.internal.StandardRowReader.coordinateInitializers(StandardRowReader.java:239)
	at org.hibernate.sql.results.internal.StandardRowReader.readRow(StandardRowReader.java:137)
	at org.hibernate.sql.results.spi.ListResultsConsumer.readUnique(ListResultsConsumer.java:277)
	at org.hibernate.sql.results.spi.ListResultsConsumer.readRows(ListResultsConsumer.java:227)
	at org.hibernate.sql.results.spi.ListResultsConsumer.consume(ListResultsConsumer.java:164)
	at org.hibernate.sql.results.spi.ListResultsConsumer.consume(ListResultsConsumer.java:31)
	at org.hibernate.sql.exec.internal.JdbcSelectExecutorStandardImpl.doExecuteQuery(JdbcSelectExecutorStandardImpl.java:213)
	at org.hibernate.sql.exec.internal.JdbcSelectExecutorStandardImpl.executeQuery(JdbcSelectExecutorStandardImpl.java:100)
	at org.hibernate.sql.exec.spi.JdbcSelectExecutor.executeQuery(JdbcSelectExecutor.java:63)
	at org.hibernate.sql.exec.spi.JdbcSelectExecutor.list(JdbcSelectExecutor.java:137)
	at org.hibernate.loader.ast.internal.SingleUniqueKeyEntityLoaderStandard.list(SingleUniqueKeyEntityLoaderStandard.java:155)
	at org.hibernate.loader.ast.internal.SingleUniqueKeyEntityLoaderStandard.load(SingleUniqueKeyEntityLoaderStandard.java:108)
	at org.hibernate.persister.entity.AbstractEntityPersister.loadByUniqueKey(AbstractEntityPersister.java:2553)
	at org.hibernate.persister.entity.AbstractEntityPersister.loadByUniqueKey(AbstractEntityPersister.java:2545)
	at org.hibernate.sql.results.graph.entity.internal.EntitySelectFetchByUniqueKeyInitializer.initialize(EntitySelectFetchByUniqueKeyInitializer.java:55)
	at org.hibernate.sql.results.graph.entity.internal.EntitySelectFetchInitializer.resolveInstance(EntitySelectFetchInitializer.java:140)
	at org.hibernate.sql.results.graph.entity.internal.EntitySelectFetchInitializer.resolveInstance(EntitySelectFetchInitializer.java:39)
	at org.hibernate.sql.results.internal.StandardRowReader.coordinateInitializers(StandardRowReader.java:234)
	at org.hibernate.sql.results.internal.StandardRowReader.readRow(StandardRowReader.java:137)
	at org.hibernate.sql.results.spi.ListResultsConsumer.readUnique(ListResultsConsumer.java:277)
	at org.hibernate.sql.results.spi.ListResultsConsumer.readRows(ListResultsConsumer.java:227)
	at org.hibernate.sql.results.spi.ListResultsConsumer.consume(ListResultsConsumer.java:164)
	at org.hibernate.sql.results.spi.ListResultsConsumer.consume(ListResultsConsumer.java:31)
	at org.hibernate.sql.exec.internal.JdbcSelectExecutorStandardImpl.doExecuteQuery(JdbcSelectExecutorStandardImpl.java:213)
	at org.hibernate.sql.exec.internal.JdbcSelectExecutorStandardImpl.executeQuery(JdbcSelectExecutorStandardImpl.java:100)
	at org.hibernate.sql.exec.spi.JdbcSelectExecutor.executeQuery(JdbcSelectExecutor.java:63)
	at org.hibernate.sql.exec.spi.JdbcSelectExecutor.list(JdbcSelectExecutor.java:137)
	at org.hibernate.loader.ast.internal.SingleUniqueKeyEntityLoaderStandard.list(SingleUniqueKeyEntityLoaderStandard.java:155)
	at org.hibernate.loader.ast.internal.SingleUniqueKeyEntityLoaderStandard.load(SingleUniqueKeyEntityLoaderStandard.java:108)
	at org.hibernate.persister.entity.AbstractEntityPersister.loadByUniqueKey(AbstractEntityPersister.java:2553)
	at org.hibernate.persister.entity.AbstractEntityPersister.loadByUniqueKey(AbstractEntityPersister.java:2545)
	at org.hibernate.sql.results.graph.entity.internal.EntitySelectFetchByUniqueKeyInitializer.initialize(EntitySelectFetchByUniqueKeyInitializer.java:55)
	at org.hibernate.sql.results.graph.entity.internal.EntitySelectFetchInitializer.resolveInstance(EntitySelectFetchInitializer.java:140)
	at org.hibernate.sql.results.graph.entity.internal.EntitySelectFetchInitializer.resolveInstance(EntitySelectFetchInitializer.java:39)
	at org.hibernate.sql.results.internal.StandardRowReader.coordinateInitializers(StandardRowReader.java:234)
	at org.hibernate.sql.results.internal.StandardRowReader.readRow(StandardRowReader.java:137)
	at org.hibernate.sql.results.spi.ListResultsConsumer.readUnique(ListResultsConsumer.java:277)
	at org.hibernate.sql.results.spi.ListResultsConsumer.readRows(ListResultsConsumer.java:227)
	at org.hibernate.sql.results.spi.ListResultsConsumer.consume(ListResultsConsumer.java:164)
	at org.hibernate.sql.results.spi.ListResultsConsumer.consume(ListResultsConsumer.java:31)
	at org.hibernate.sql.exec.internal.JdbcSelectExecutorStandardImpl.doExecuteQuery(JdbcSelectExecutorStandardImpl.java:213)
	at org.hibernate.sql.exec.internal.JdbcSelectExecutorStandardImpl.executeQuery(JdbcSelectExecutorStandardImpl.java:100)
	at org.hibernate.sql.exec.spi.JdbcSelectExecutor.executeQuery(JdbcSelectExecutor.java:63)
	at org.hibernate.sql.exec.spi.JdbcSelectExecutor.list(JdbcSelectExecutor.java:137)
	at org.hibernate.loader.ast.internal.SingleUniqueKeyEntityLoaderStandard.list(SingleUniqueKeyEntityLoaderStandard.java:155)
	at org.hibernate.loader.ast.internal.SingleUniqueKeyEntityLoaderStandard.load(SingleUniqueKeyEntityLoaderStandard.java:108)
	at org.hibernate.persister.entity.AbstractEntityPersister.loadByUniqueKey(AbstractEntityPersister.java:2553)
	at org.hibernate.persister.entity.AbstractEntityPersister.loadByUniqueKey(AbstractEntityPersister.java:2545)
	at org.hibernate.sql.results.graph.entity.internal.EntitySelectFetchByUniqueKeyInitializer.initialize(EntitySelectFetchByUniqueKeyInitializer.java:55)
	at org.hibernate.sql.results.graph.entity.internal.EntitySelectFetchInitializer.resolveInstance(EntitySelectFetchInitializer.java:140)
	at org.hibernate.sql.results.graph.entity.internal.EntitySelectFetchInitializer.resolveInstance(EntitySelectFetchInitializer.java:39)
	at org.hibernate.sql.results.internal.StandardRowReader.coordinateInitializers(StandardRowReader.java:234)
	at org.hibernate.sql.results.internal.StandardRowReader.readRow(StandardRowReader.java:137)
	at org.hibernate.sql.results.spi.ListResultsConsumer.read(ListResultsConsumer.java:243)
	at org.hibernate.sql.results.spi.ListResultsConsumer.readRows(ListResultsConsumer.java:233)
	at org.hibernate.sql.results.spi.ListResultsConsumer.consume(ListResultsConsumer.java:164)
	at org.hibernate.sql.results.spi.ListResultsConsumer.consume(ListResultsConsumer.java:31)
	at org.hibernate.sql.exec.internal.JdbcSelectExecutorStandardImpl.doExecuteQuery(JdbcSelectExecutorStandardImpl.java:213)
	at org.hibernate.sql.exec.internal.JdbcSelectExecutorStandardImpl.executeQuery(JdbcSelectExecutorStandardImpl.java:100)
	at org.hibernate.sql.exec.spi.JdbcSelectExecutor.executeQuery(JdbcSelectExecutor.java:63)
	at org.hibernate.sql.exec.spi.JdbcSelectExecutor.list(JdbcSelectExecutor.java:137)
	at org.hibernate.query.sqm.internal.ConcreteSqmSelectQueryPlan.lambda$new$1(ConcreteSqmSelectQueryPlan.java:134)
	at org.hibernate.query.sqm.internal.ConcreteSqmSelectQueryPlan.withCacheableSqmInterpretation(ConcreteSqmSelectQueryPlan.java:464)
	at org.hibernate.query.sqm.internal.ConcreteSqmSelectQueryPlan.performList(ConcreteSqmSelectQueryPlan.java:392)
	at org.hibernate.query.sqm.internal.SqmQueryImpl.doList(SqmQueryImpl.java:374)
	at org.hibernate.query.spi.AbstractSelectionQuery.list(AbstractSelectionQuery.java:153)
	at org.hibernate.query.Query.getResultList(Query.java:121)
	at org.springframework.data.jpa.repository.support.SimpleJpaRepository.readPage(SimpleJpaRepository.java:745)
	at org.springframework.data.jpa.repository.support.SimpleJpaRepository.findAll(SimpleJpaRepository.java:480)
	at org.springframework.data.jpa.repository.support.SimpleJpaRepository.findAll(SimpleJpaRepository.java:469)
	at org.springframework.data.jpa.repository.support.SimpleJpaRepository.findAll(SimpleJpaRepository.java:454)
	at java.base/jdk.internal.reflect.DirectMethodHandleAccessor.invoke(DirectMethodHandleAccessor.java:103)
	at java.base/java.lang.reflect.Method.invoke(Method.java:580)
	at org.springframework.aop.support.AopUtils.invokeJoinpointUsingReflection(AopUtils.java:359)
	at org.springframework.data.repository.core.support.RepositoryMethodInvoker$RepositoryFragmentMethodInvoker.lambda$new$0(RepositoryMethodInvoker.java:278)
	at org.springframework.data.repository.core.support.RepositoryMethodInvoker.doInvoke(RepositoryMethodInvoker.java:169)
	at org.springframework.data.repository.core.support.RepositoryMethodInvoker.invoke(RepositoryMethodInvoker.java:158)
	at org.springframework.data.repository.core.support.RepositoryComposition$RepositoryFragments.invoke(RepositoryComposition.java:545)
	at org.springframework.data.repository.core.support.RepositoryComposition.invoke(RepositoryComposition.java:290)
	at org.springframework.data.repository.core.support.RepositoryFactorySupport$ImplementationMethodExecutionInterceptor.invoke(RepositoryFactorySupport.java:690)
	at org.springframework.aop.framework.ReflectiveMethodInvocation.proceed(ReflectiveMethodInvocation.java:179)
	at org.springframework.data.repository.core.support.QueryExecutorMethodInterceptor.doInvoke(QueryExecutorMethodInterceptor.java:171)
	at org.springframework.data.repository.core.support.QueryExecutorMethodInterceptor.invoke(QueryExecutorMethodInterceptor.java:146)
	at org.springframework.aop.framework.ReflectiveMethodInvocation.proceed(ReflectiveMethodInvocation.java:179)
	at org.springframework.data.projection.DefaultMethodInvokingMethodInterceptor.invoke(DefaultMethodInvokingMethodInterceptor.java:69)
	at org.springframework.aop.framework.ReflectiveMethodInvocation.proceed(ReflectiveMethodInvocation.java:179)
	at org.springframework.transaction.interceptor.TransactionInterceptor$1.proceedWithInvocation(TransactionInterceptor.java:133)
	at org.springframework.transaction.interceptor.TransactionAspectSupport.invokeWithinTransaction(TransactionAspectSupport.java:371)
	at org.springframework.transaction.interceptor.TransactionInterceptor.invoke(TransactionInterceptor.java:130)
	at org.springframework.aop.framework.ReflectiveMethodInvocation.proceed(ReflectiveMethodInvocation.java:179)
	at org.springframework.dao.support.PersistenceExceptionTranslationInterceptor.invoke(PersistenceExceptionTranslationInterceptor.java:135)
	... 106 common frames omitted
2026-07-21 00:03:46 [http-nio-8080-exec-6] WARN  o.s.w.s.m.m.a.ExceptionHandlerExceptionResolver - Resolved [org.springframework.dao.InvalidDataAccessApiUsageException: No enum constant com.example.Docgen_Backend.entity.CompanyType.SMT]
2026-07-21 00:03:46 [http-nio-8080-exec-2] INFO  c.e.Docgen_Backend.config.JwtFilter - JWT validated successfully for userId=6a311365ec2c34f3d9e4f06e
2026-07-21 00:03:46 [http-nio-8080-exec-2] INFO  c.e.D.controller.UserController - GET /api/v2/users - Fetch all users request received | page=0, size=8, sortBy=id, direction=desc
2026-07-21 00:03:46 [http-nio-8080-exec-2] ERROR c.e.D.e.GlobalExceptionHandler - Unexpected error occurred
org.springframework.dao.InvalidDataAccessApiUsageException: No enum constant com.example.Docgen_Backend.entity.CompanyType.SMT
	at org.springframework.orm.jpa.EntityManagerFactoryUtils.convertJpaAccessExceptionIfPossible(EntityManagerFactoryUtils.java:464)
	at org.springframework.orm.jpa.hibernate.HibernateExceptionTranslator.translateExceptionIfPossible(HibernateExceptionTranslator.java:112)
	at org.springframework.orm.jpa.vendor.HibernateJpaDialect.translateExceptionIfPossible(HibernateJpaDialect.java:223)
	at org.springframework.orm.jpa.AbstractEntityManagerFactoryBean.translateExceptionIfPossible(AbstractEntityManagerFactoryBean.java:576)
	at org.springframework.dao.support.ChainedPersistenceExceptionTranslator.translateExceptionIfPossible(ChainedPersistenceExceptionTranslator.java:61)
	at org.springframework.dao.support.DataAccessUtils.translateIfNecessary(DataAccessUtils.java:346)
	at org.springframework.dao.support.PersistenceExceptionTranslationInterceptor.invoke(PersistenceExceptionTranslationInterceptor.java:157)
	at org.springframework.aop.framework.ReflectiveMethodInvocation.proceed(ReflectiveMethodInvocation.java:179)
	at org.springframework.data.jpa.repository.support.CrudMethodMetadataPostProcessor$CrudMethodMetadataPopulatingMethodInterceptor.invoke(CrudMethodMetadataPostProcessor.java:166)
	at org.springframework.aop.framework.ReflectiveMethodInvocation.proceed(ReflectiveMethodInvocation.java:179)
	at org.springframework.aop.framework.JdkDynamicAopProxy.invoke(JdkDynamicAopProxy.java:222)
	at jdk.proxy4/jdk.proxy4.$Proxy163.findAll(Unknown Source)
	at com.example.Docgen_Backend.service.impl.UserServiceImpl.getAllUserProfiles(UserServiceImpl.java:345)
	at java.base/jdk.internal.reflect.DirectMethodHandleAccessor.invoke(DirectMethodHandleAccessor.java:103)
	at java.base/java.lang.reflect.Method.invoke(Method.java:580)
	at org.springframework.aop.support.AopUtils.invokeJoinpointUsingReflection(AopUtils.java:359)
	at org.springframework.aop.framework.CglibAopProxy$DynamicAdvisedInterceptor.intercept(CglibAopProxy.java:715)
	at com.example.Docgen_Backend.service.impl.UserServiceImpl$$SpringCGLIB$$0.getAllUserProfiles(<generated>)
	at com.example.Docgen_Backend.controller.UserController.getAllUserProfiles(UserController.java:107)
	at java.base/jdk.internal.reflect.DirectMethodHandleAccessor.invoke(DirectMethodHandleAccessor.java:103)
	at java.base/java.lang.reflect.Method.invoke(Method.java:580)
	at org.springframework.web.method.support.InvocableHandlerMethod.doInvoke(InvocableHandlerMethod.java:252)
	at org.springframework.web.method.support.InvocableHandlerMethod.invokeForRequest(InvocableHandlerMethod.java:184)
	at org.springframework.web.servlet.mvc.method.annotation.ServletInvocableHandlerMethod.invokeAndHandle(ServletInvocableHandlerMethod.java:117)
	at org.springframework.web.servlet.mvc.method.annotation.RequestMappingHandlerAdapter.invokeHandlerMethod(RequestMappingHandlerAdapter.java:934)
	at org.springframework.web.servlet.mvc.method.annotation.RequestMappingHandlerAdapter.handleInternal(RequestMappingHandlerAdapter.java:853)
	at org.springframework.web.servlet.mvc.method.AbstractHandlerMethodAdapter.handle(AbstractHandlerMethodAdapter.java:86)
	at org.springframework.web.servlet.DispatcherServlet.doDispatch(DispatcherServlet.java:963)
	at org.springframework.web.servlet.DispatcherServlet.doService(DispatcherServlet.java:866)
	at org.springframework.web.servlet.FrameworkServlet.processRequest(FrameworkServlet.java:1000)
	at org.springframework.web.servlet.FrameworkServlet.doGet(FrameworkServlet.java:892)
	at jakarta.servlet.http.HttpServlet.service(HttpServlet.java:622)
	at org.springframework.web.servlet.FrameworkServlet.service(FrameworkServlet.java:874)
	at jakarta.servlet.http.HttpServlet.service(HttpServlet.java:710)
	at org.apache.catalina.core.ApplicationFilterChain.doFilter(ApplicationFilterChain.java:128)
	at org.apache.tomcat.websocket.server.WsFilter.doFilter(WsFilter.java:53)
	at org.apache.catalina.core.ApplicationFilterChain.doFilter(ApplicationFilterChain.java:107)
	at org.springframework.web.filter.OncePerRequestFilter.doFilter(OncePerRequestFilter.java:110)
	at org.apache.catalina.core.ApplicationFilterChain.doFilter(ApplicationFilterChain.java:107)
	at org.springframework.web.filter.CompositeFilter$VirtualFilterChain.doFilter(CompositeFilter.java:108)
	at org.springframework.security.web.FilterChainProxy.lambda$doFilterInternal$3(FilterChainProxy.java:235)
	at org.springframework.security.web.FilterChainProxy$VirtualFilterChain.doFilter(FilterChainProxy.java:376)
	at org.springframework.security.web.access.intercept.AuthorizationFilter.doFilter(AuthorizationFilter.java:101)
	at org.springframework.security.web.FilterChainProxy$VirtualFilterChain.doFilter(FilterChainProxy.java:385)
	at org.springframework.security.web.access.ExceptionTranslationFilter.doFilter(ExceptionTranslationFilter.java:126)
	at org.springframework.security.web.access.ExceptionTranslationFilter.doFilter(ExceptionTranslationFilter.java:120)
	at org.springframework.security.web.FilterChainProxy$VirtualFilterChain.doFilter(FilterChainProxy.java:385)
	at org.springframework.security.web.session.SessionManagementFilter.doFilter(SessionManagementFilter.java:132)
	at org.springframework.security.web.session.SessionManagementFilter.doFilter(SessionManagementFilter.java:86)
	at org.springframework.security.web.FilterChainProxy$VirtualFilterChain.doFilter(FilterChainProxy.java:385)
	at org.springframework.security.web.authentication.AnonymousAuthenticationFilter.doFilter(AnonymousAuthenticationFilter.java:100)
	at org.springframework.security.web.FilterChainProxy$VirtualFilterChain.doFilter(FilterChainProxy.java:385)
	at org.springframework.security.web.servletapi.SecurityContextHolderAwareRequestFilter.doFilter(SecurityContextHolderAwareRequestFilter.java:181)
	at org.springframework.security.web.FilterChainProxy$VirtualFilterChain.doFilter(FilterChainProxy.java:385)
	at org.springframework.security.web.savedrequest.RequestCacheAwareFilter.doFilter(RequestCacheAwareFilter.java:63)
	at org.springframework.security.web.FilterChainProxy$VirtualFilterChain.doFilter(FilterChainProxy.java:385)
	at com.example.Docgen_Backend.config.JwtFilter.doFilterInternal(JwtFilter.java:111)
	at org.springframework.web.filter.OncePerRequestFilter.doFilter(OncePerRequestFilter.java:116)
	at org.springframework.security.web.FilterChainProxy$VirtualFilterChain.doFilter(FilterChainProxy.java:385)
	at org.springframework.security.web.authentication.logout.LogoutFilter.doFilter(LogoutFilter.java:110)
	at org.springframework.security.web.authentication.logout.LogoutFilter.doFilter(LogoutFilter.java:96)
	at org.springframework.security.web.FilterChainProxy$VirtualFilterChain.doFilter(FilterChainProxy.java:385)
	at org.springframework.web.filter.CorsFilter.doFilterInternal(CorsFilter.java:91)
	at org.springframework.web.filter.OncePerRequestFilter.doFilter(OncePerRequestFilter.java:116)
	at org.springframework.security.web.FilterChainProxy$VirtualFilterChain.doFilter(FilterChainProxy.java:385)
	at org.springframework.security.web.header.HeaderWriterFilter.doHeadersAfter(HeaderWriterFilter.java:90)
	at org.springframework.security.web.header.HeaderWriterFilter.doFilterInternal(HeaderWriterFilter.java:75)
	at org.springframework.web.filter.OncePerRequestFilter.doFilter(OncePerRequestFilter.java:116)
	at org.springframework.security.web.FilterChainProxy$VirtualFilterChain.doFilter(FilterChainProxy.java:385)
	at org.springframework.security.web.context.SecurityContextHolderFilter.doFilter(SecurityContextHolderFilter.java:82)
	at org.springframework.security.web.context.SecurityContextHolderFilter.doFilter(SecurityContextHolderFilter.java:69)
	at org.springframework.security.web.FilterChainProxy$VirtualFilterChain.doFilter(FilterChainProxy.java:385)
	at org.springframework.security.web.context.request.async.WebAsyncManagerIntegrationFilter.doFilterInternal(WebAsyncManagerIntegrationFilter.java:62)
	at org.springframework.web.filter.OncePerRequestFilter.doFilter(OncePerRequestFilter.java:116)
	at org.springframework.security.web.FilterChainProxy$VirtualFilterChain.doFilter(FilterChainProxy.java:385)
	at org.springframework.security.web.session.DisableEncodeUrlFilter.doFilterInternal(DisableEncodeUrlFilter.java:42)
	at org.springframework.web.filter.OncePerRequestFilter.doFilter(OncePerRequestFilter.java:116)
	at org.springframework.security.web.FilterChainProxy$VirtualFilterChain.doFilter(FilterChainProxy.java:385)
	at org.springframework.security.web.FilterChainProxy.doFilterInternal(FilterChainProxy.java:237)
	at org.springframework.security.web.FilterChainProxy.doFilter(FilterChainProxy.java:195)
	at org.springframework.web.filter.CompositeFilter$VirtualFilterChain.doFilter(CompositeFilter.java:113)
	at org.springframework.web.filter.ServletRequestPathFilter.doFilter(ServletRequestPathFilter.java:52)
	at org.springframework.web.filter.CompositeFilter$VirtualFilterChain.doFilter(CompositeFilter.java:113)
	at org.springframework.web.filter.CompositeFilter.doFilter(CompositeFilter.java:74)
	at org.springframework.security.config.annotation.web.configuration.WebSecurityConfiguration$CompositeFilterChainProxy.doFilter(WebSecurityConfiguration.java:317)
	at org.springframework.web.filter.DelegatingFilterProxy.invokeDelegate(DelegatingFilterProxy.java:355)
	at org.springframework.web.filter.DelegatingFilterProxy.doFilter(DelegatingFilterProxy.java:272)
	at org.apache.catalina.core.ApplicationFilterChain.doFilter(ApplicationFilterChain.java:107)
	at org.springframework.web.filter.RequestContextFilter.doFilterInternal(RequestContextFilter.java:100)
	at org.springframework.web.filter.OncePerRequestFilter.doFilter(OncePerRequestFilter.java:116)
	at org.apache.catalina.core.ApplicationFilterChain.doFilter(ApplicationFilterChain.java:107)
	at org.springframework.web.filter.FormContentFilter.doFilterInternal(FormContentFilter.java:93)
	at org.springframework.web.filter.OncePerRequestFilter.doFilter(OncePerRequestFilter.java:116)
	at org.apache.catalina.core.ApplicationFilterChain.doFilter(ApplicationFilterChain.java:107)
	at org.springframework.web.filter.CharacterEncodingFilter.doFilterInternal(CharacterEncodingFilter.java:199)
	at org.springframework.web.filter.OncePerRequestFilter.doFilter(OncePerRequestFilter.java:116)
	at org.apache.catalina.core.ApplicationFilterChain.doFilter(ApplicationFilterChain.java:107)
	at org.apache.catalina.core.StandardWrapperValve.invoke(StandardWrapperValve.java:165)
	at org.apache.catalina.core.StandardContextValve.invoke(StandardContextValve.java:77)
	at org.apache.catalina.authenticator.AuthenticatorBase.invoke(AuthenticatorBase.java:492)
	at org.apache.catalina.core.StandardHostValve.invoke(StandardHostValve.java:113)
	at org.apache.catalina.valves.ErrorReportValve.invoke(ErrorReportValve.java:83)
	at org.apache.catalina.core.StandardEngineValve.invoke(StandardEngineValve.java:72)
	at org.apache.catalina.connector.CoyoteAdapter.service(CoyoteAdapter.java:341)
	at org.apache.coyote.http11.Http11Processor.service(Http11Processor.java:397)
	at org.apache.coyote.AbstractProcessorLight.process(AbstractProcessorLight.java:63)
	at org.apache.coyote.AbstractProtocol$ConnectionHandler.process(AbstractProtocol.java:903)
	at org.apache.tomcat.util.net.NioEndpoint$SocketProcessor.doRun(NioEndpoint.java:1801)
	at org.apache.tomcat.util.net.SocketProcessorBase.run(SocketProcessorBase.java:52)
	at org.apache.tomcat.util.threads.ThreadPoolExecutor.runWorker(ThreadPoolExecutor.java:946)
	at org.apache.tomcat.util.threads.ThreadPoolExecutor$Worker.run(ThreadPoolExecutor.java:480)
	at org.apache.tomcat.util.threads.TaskThread$WrappingRunnable.run(TaskThread.java:57)
	at java.base/java.lang.Thread.run(Thread.java:1583)
Caused by: java.lang.IllegalArgumentException: No enum constant com.example.Docgen_Backend.entity.CompanyType.SMT
	at java.base/java.lang.Enum.valueOf(Enum.java:293)
	at org.hibernate.type.descriptor.java.EnumJavaType.fromName(EnumJavaType.java:262)
	at org.hibernate.type.descriptor.java.EnumJavaType.wrap(EnumJavaType.java:129)
	at org.hibernate.type.descriptor.java.EnumJavaType.wrap(EnumJavaType.java:36)
	at org.hibernate.type.descriptor.jdbc.EnumJdbcType$2.doExtract(EnumJdbcType.java:88)
	at org.hibernate.type.descriptor.jdbc.BasicExtractor.extract(BasicExtractor.java:42)
	at org.hibernate.sql.results.jdbc.internal.JdbcValuesResultSetImpl.getCurrentRowValue(JdbcValuesResultSetImpl.java:381)
	at org.hibernate.sql.results.internal.RowProcessingStateStandardImpl.getJdbcValue(RowProcessingStateStandardImpl.java:148)
	at org.hibernate.sql.results.graph.basic.BasicResultAssembler.extractRawValue(BasicResultAssembler.java:52)
	at org.hibernate.sql.results.graph.basic.BasicResultAssembler.assemble(BasicResultAssembler.java:58)
	at org.hibernate.sql.results.graph.entity.internal.EntityInitializerImpl.extractConcreteTypeStateValues(EntityInitializerImpl.java:1890)
	at org.hibernate.sql.results.graph.entity.internal.EntityInitializerImpl.initializeEntityInstance(EntityInitializerImpl.java:1578)
	at org.hibernate.sql.results.graph.entity.internal.EntityInitializerImpl.initializeInstance(EntityInitializerImpl.java:1501)
	at org.hibernate.sql.results.graph.entity.internal.EntityInitializerImpl.initializeInstance(EntityInitializerImpl.java:80)
	at org.hibernate.sql.results.internal.StandardRowReader.coordinateInitializers(StandardRowReader.java:239)
	at org.hibernate.sql.results.internal.StandardRowReader.readRow(StandardRowReader.java:137)
	at org.hibernate.sql.results.spi.ListResultsConsumer.readUnique(ListResultsConsumer.java:277)
	at org.hibernate.sql.results.spi.ListResultsConsumer.readRows(ListResultsConsumer.java:227)
	at org.hibernate.sql.results.spi.ListResultsConsumer.consume(ListResultsConsumer.java:164)
	at org.hibernate.sql.results.spi.ListResultsConsumer.consume(ListResultsConsumer.java:31)
	at org.hibernate.sql.exec.internal.JdbcSelectExecutorStandardImpl.doExecuteQuery(JdbcSelectExecutorStandardImpl.java:213)
	at org.hibernate.sql.exec.internal.JdbcSelectExecutorStandardImpl.executeQuery(JdbcSelectExecutorStandardImpl.java:100)
	at org.hibernate.sql.exec.spi.JdbcSelectExecutor.executeQuery(JdbcSelectExecutor.java:63)
	at org.hibernate.sql.exec.spi.JdbcSelectExecutor.list(JdbcSelectExecutor.java:137)
	at org.hibernate.loader.ast.internal.SingleUniqueKeyEntityLoaderStandard.list(SingleUniqueKeyEntityLoaderStandard.java:155)
	at org.hibernate.loader.ast.internal.SingleUniqueKeyEntityLoaderStandard.load(SingleUniqueKeyEntityLoaderStandard.java:108)
	at org.hibernate.persister.entity.AbstractEntityPersister.loadByUniqueKey(AbstractEntityPersister.java:2553)
	at org.hibernate.persister.entity.AbstractEntityPersister.loadByUniqueKey(AbstractEntityPersister.java:2545)
	at org.hibernate.sql.results.graph.entity.internal.EntitySelectFetchByUniqueKeyInitializer.initialize(EntitySelectFetchByUniqueKeyInitializer.java:55)
	at org.hibernate.sql.results.graph.entity.internal.EntitySelectFetchInitializer.resolveInstance(EntitySelectFetchInitializer.java:140)
	at org.hibernate.sql.results.graph.entity.internal.EntitySelectFetchInitializer.resolveInstance(EntitySelectFetchInitializer.java:39)
	at org.hibernate.sql.results.internal.StandardRowReader.coordinateInitializers(StandardRowReader.java:234)
	at org.hibernate.sql.results.internal.StandardRowReader.readRow(StandardRowReader.java:137)
	at org.hibernate.sql.results.spi.ListResultsConsumer.readUnique(ListResultsConsumer.java:277)
	at org.hibernate.sql.results.spi.ListResultsConsumer.readRows(ListResultsConsumer.java:227)
	at org.hibernate.sql.results.spi.ListResultsConsumer.consume(ListResultsConsumer.java:164)
	at org.hibernate.sql.results.spi.ListResultsConsumer.consume(ListResultsConsumer.java:31)
	at org.hibernate.sql.exec.internal.JdbcSelectExecutorStandardImpl.doExecuteQuery(JdbcSelectExecutorStandardImpl.java:213)
	at org.hibernate.sql.exec.internal.JdbcSelectExecutorStandardImpl.executeQuery(JdbcSelectExecutorStandardImpl.java:100)
	at org.hibernate.sql.exec.spi.JdbcSelectExecutor.executeQuery(JdbcSelectExecutor.java:63)
	at org.hibernate.sql.exec.spi.JdbcSelectExecutor.list(JdbcSelectExecutor.java:137)
	at org.hibernate.loader.ast.internal.SingleUniqueKeyEntityLoaderStandard.list(SingleUniqueKeyEntityLoaderStandard.java:155)
	at org.hibernate.loader.ast.internal.SingleUniqueKeyEntityLoaderStandard.load(SingleUniqueKeyEntityLoaderStandard.java:108)
	at org.hibernate.persister.entity.AbstractEntityPersister.loadByUniqueKey(AbstractEntityPersister.java:2553)
	at org.hibernate.persister.entity.AbstractEntityPersister.loadByUniqueKey(AbstractEntityPersister.java:2545)
	at org.hibernate.sql.results.graph.entity.internal.EntitySelectFetchByUniqueKeyInitializer.initialize(EntitySelectFetchByUniqueKeyInitializer.java:55)
	at org.hibernate.sql.results.graph.entity.internal.EntitySelectFetchInitializer.resolveInstance(EntitySelectFetchInitializer.java:140)
	at org.hibernate.sql.results.graph.entity.internal.EntitySelectFetchInitializer.resolveInstance(EntitySelectFetchInitializer.java:39)
	at org.hibernate.sql.results.internal.StandardRowReader.coordinateInitializers(StandardRowReader.java:234)
	at org.hibernate.sql.results.internal.StandardRowReader.readRow(StandardRowReader.java:137)
	at org.hibernate.sql.results.spi.ListResultsConsumer.readUnique(ListResultsConsumer.java:277)
	at org.hibernate.sql.results.spi.ListResultsConsumer.readRows(ListResultsConsumer.java:227)
	at org.hibernate.sql.results.spi.ListResultsConsumer.consume(ListResultsConsumer.java:164)
	at org.hibernate.sql.results.spi.ListResultsConsumer.consume(ListResultsConsumer.java:31)
	at org.hibernate.sql.exec.internal.JdbcSelectExecutorStandardImpl.doExecuteQuery(JdbcSelectExecutorStandardImpl.java:213)
	at org.hibernate.sql.exec.internal.JdbcSelectExecutorStandardImpl.executeQuery(JdbcSelectExecutorStandardImpl.java:100)
	at org.hibernate.sql.exec.spi.JdbcSelectExecutor.executeQuery(JdbcSelectExecutor.java:63)
	at org.hibernate.sql.exec.spi.JdbcSelectExecutor.list(JdbcSelectExecutor.java:137)
	at org.hibernate.loader.ast.internal.SingleUniqueKeyEntityLoaderStandard.list(SingleUniqueKeyEntityLoaderStandard.java:155)
	at org.hibernate.loader.ast.internal.SingleUniqueKeyEntityLoaderStandard.load(SingleUniqueKeyEntityLoaderStandard.java:108)
	at org.hibernate.persister.entity.AbstractEntityPersister.loadByUniqueKey(AbstractEntityPersister.java:2553)
	at org.hibernate.persister.entity.AbstractEntityPersister.loadByUniqueKey(AbstractEntityPersister.java:2545)
	at org.hibernate.sql.results.graph.entity.internal.EntitySelectFetchByUniqueKeyInitializer.initialize(EntitySelectFetchByUniqueKeyInitializer.java:55)
	at org.hibernate.sql.results.graph.entity.internal.EntitySelectFetchInitializer.resolveInstance(EntitySelectFetchInitializer.java:140)
	at org.hibernate.sql.results.graph.entity.internal.EntitySelectFetchInitializer.resolveInstance(EntitySelectFetchInitializer.java:39)
	at org.hibernate.sql.results.internal.StandardRowReader.coordinateInitializers(StandardRowReader.java:234)
	at org.hibernate.sql.results.internal.StandardRowReader.readRow(StandardRowReader.java:137)
	at org.hibernate.sql.results.spi.ListResultsConsumer.read(ListResultsConsumer.java:243)
	at org.hibernate.sql.results.spi.ListResultsConsumer.readRows(ListResultsConsumer.java:233)
	at org.hibernate.sql.results.spi.ListResultsConsumer.consume(ListResultsConsumer.java:164)
	at org.hibernate.sql.results.spi.ListResultsConsumer.consume(ListResultsConsumer.java:31)
	at org.hibernate.sql.exec.internal.JdbcSelectExecutorStandardImpl.doExecuteQuery(JdbcSelectExecutorStandardImpl.java:213)
	at org.hibernate.sql.exec.internal.JdbcSelectExecutorStandardImpl.executeQuery(JdbcSelectExecutorStandardImpl.java:100)
	at org.hibernate.sql.exec.spi.JdbcSelectExecutor.executeQuery(JdbcSelectExecutor.java:63)
	at org.hibernate.sql.exec.spi.JdbcSelectExecutor.list(JdbcSelectExecutor.java:137)
	at org.hibernate.query.sqm.internal.ConcreteSqmSelectQueryPlan.lambda$new$1(ConcreteSqmSelectQueryPlan.java:134)
	at org.hibernate.query.sqm.internal.ConcreteSqmSelectQueryPlan.withCacheableSqmInterpretation(ConcreteSqmSelectQueryPlan.java:464)
	at org.hibernate.query.sqm.internal.ConcreteSqmSelectQueryPlan.performList(ConcreteSqmSelectQueryPlan.java:392)
	at org.hibernate.query.sqm.internal.SqmQueryImpl.doList(SqmQueryImpl.java:374)
	at org.hibernate.query.spi.AbstractSelectionQuery.list(AbstractSelectionQuery.java:153)
	at org.hibernate.query.Query.getResultList(Query.java:121)
	at org.springframework.data.jpa.repository.support.SimpleJpaRepository.readPage(SimpleJpaRepository.java:745)
	at org.springframework.data.jpa.repository.support.SimpleJpaRepository.findAll(SimpleJpaRepository.java:480)
	at org.springframework.data.jpa.repository.support.SimpleJpaRepository.findAll(SimpleJpaRepository.java:469)
	at org.springframework.data.jpa.repository.support.SimpleJpaRepository.findAll(SimpleJpaRepository.java:454)
	at java.base/jdk.internal.reflect.DirectMethodHandleAccessor.invoke(DirectMethodHandleAccessor.java:103)
	at java.base/java.lang.reflect.Method.invoke(Method.java:580)
	at org.springframework.aop.support.AopUtils.invokeJoinpointUsingReflection(AopUtils.java:359)
	at org.springframework.data.repository.core.support.RepositoryMethodInvoker$RepositoryFragmentMethodInvoker.lambda$new$0(RepositoryMethodInvoker.java:278)
	at org.springframework.data.repository.core.support.RepositoryMethodInvoker.doInvoke(RepositoryMethodInvoker.java:169)
	at org.springframework.data.repository.core.support.RepositoryMethodInvoker.invoke(RepositoryMethodInvoker.java:158)
	at org.springframework.data.repository.core.support.RepositoryComposition$RepositoryFragments.invoke(RepositoryComposition.java:545)
	at org.springframework.data.repository.core.support.RepositoryComposition.invoke(RepositoryComposition.java:290)
	at org.springframework.data.repository.core.support.RepositoryFactorySupport$ImplementationMethodExecutionInterceptor.invoke(RepositoryFactorySupport.java:690)
	at org.springframework.aop.framework.ReflectiveMethodInvocation.proceed(ReflectiveMethodInvocation.java:179)
	at org.springframework.data.repository.core.support.QueryExecutorMethodInterceptor.doInvoke(QueryExecutorMethodInterceptor.java:171)
	at org.springframework.data.repository.core.support.QueryExecutorMethodInterceptor.invoke(QueryExecutorMethodInterceptor.java:146)
	at org.springframework.aop.framework.ReflectiveMethodInvocation.proceed(ReflectiveMethodInvocation.java:179)
	at org.springframework.data.projection.DefaultMethodInvokingMethodInterceptor.invoke(DefaultMethodInvokingMethodInterceptor.java:69)
	at org.springframework.aop.framework.ReflectiveMethodInvocation.proceed(ReflectiveMethodInvocation.java:179)
	at org.springframework.transaction.interceptor.TransactionInterceptor$1.proceedWithInvocation(TransactionInterceptor.java:133)
	at org.springframework.transaction.interceptor.TransactionAspectSupport.invokeWithinTransaction(TransactionAspectSupport.java:371)
	at org.springframework.transaction.interceptor.TransactionInterceptor.invoke(TransactionInterceptor.java:130)
	at org.springframework.aop.framework.ReflectiveMethodInvocation.proceed(ReflectiveMethodInvocation.java:179)
	at org.springframework.dao.support.PersistenceExceptionTranslationInterceptor.invoke(PersistenceExceptionTranslationInterceptor.java:135)
	... 106 common frames omitted
2026-07-21 00:03:46 [http-nio-8080-exec-2] WARN  o.s.w.s.m.m.a.ExceptionHandlerExceptionResolver - Resolved [org.springframework.dao.InvalidDataAccessApiUsageException: No enum constant com.example.Docgen_Backend.entity.CompanyType.SMT]
2026-07-21 00:04:03 [http-nio-8080-exec-10] INFO  c.e.Docgen_Backend.config.JwtFilter - JWT validated successfully for userId=6a311365ec2c34f3d9e4f06e
2026-07-21 00:04:03 [http-nio-8080-exec-10] INFO  c.e.D.controller.UserController - GET /api/v2/users - Fetch all users request received | page=0, size=8, sortBy=id, direction=desc
2026-07-21 00:04:04 [http-nio-8080-exec-10] ERROR c.e.D.e.GlobalExceptionHandler - Unexpected error occurred
org.springframework.dao.InvalidDataAccessApiUsageException: No enum constant com.example.Docgen_Backend.entity.CompanyType.SMT
	at org.springframework.orm.jpa.EntityManagerFactoryUtils.convertJpaAccessExceptionIfPossible(EntityManagerFactoryUtils.java:464)
	at org.springframework.orm.jpa.hibernate.HibernateExceptionTranslator.translateExceptionIfPossible(HibernateExceptionTranslator.java:112)
	at org.springframework.orm.jpa.vendor.HibernateJpaDialect.translateExceptionIfPossible(HibernateJpaDialect.java:223)
	at org.springframework.orm.jpa.AbstractEntityManagerFactoryBean.translateExceptionIfPossible(AbstractEntityManagerFactoryBean.java:576)
	at org.springframework.dao.support.ChainedPersistenceExceptionTranslator.translateExceptionIfPossible(ChainedPersistenceExceptionTranslator.java:61)
	at org.springframework.dao.support.DataAccessUtils.translateIfNecessary(DataAccessUtils.java:346)
	at org.springframework.dao.support.PersistenceExceptionTranslationInterceptor.invoke(PersistenceExceptionTranslationInterceptor.java:157)
	at org.springframework.aop.framework.ReflectiveMethodInvocation.proceed(ReflectiveMethodInvocation.java:179)
	at org.springframework.data.jpa.repository.support.CrudMethodMetadataPostProcessor$CrudMethodMetadataPopulatingMethodInterceptor.invoke(CrudMethodMetadataPostProcessor.java:166)
	at org.springframework.aop.framework.ReflectiveMethodInvocation.proceed(ReflectiveMethodInvocation.java:179)
	at org.springframework.aop.framework.JdkDynamicAopProxy.invoke(JdkDynamicAopProxy.java:222)
	at jdk.proxy4/jdk.proxy4.$Proxy163.findAll(Unknown Source)
	at com.example.Docgen_Backend.service.impl.UserServiceImpl.getAllUserProfiles(UserServiceImpl.java:345)
	at java.base/jdk.internal.reflect.DirectMethodHandleAccessor.invoke(DirectMethodHandleAccessor.java:103)
	at java.base/java.lang.reflect.Method.invoke(Method.java:580)
	at org.springframework.aop.support.AopUtils.invokeJoinpointUsingReflection(AopUtils.java:359)
	at org.springframework.aop.framework.CglibAopProxy$DynamicAdvisedInterceptor.intercept(CglibAopProxy.java:715)
	at com.example.Docgen_Backend.service.impl.UserServiceImpl$$SpringCGLIB$$0.getAllUserProfiles(<generated>)
	at com.example.Docgen_Backend.controller.UserController.getAllUserProfiles(UserController.java:107)
	at java.base/jdk.internal.reflect.DirectMethodHandleAccessor.invoke(DirectMethodHandleAccessor.java:103)
	at java.base/java.lang.reflect.Method.invoke(Method.java:580)
	at org.springframework.web.method.support.InvocableHandlerMethod.doInvoke(InvocableHandlerMethod.java:252)
	at org.springframework.web.method.support.InvocableHandlerMethod.invokeForRequest(InvocableHandlerMethod.java:184)
	at org.springframework.web.servlet.mvc.method.annotation.ServletInvocableHandlerMethod.invokeAndHandle(ServletInvocableHandlerMethod.java:117)
	at org.springframework.web.servlet.mvc.method.annotation.RequestMappingHandlerAdapter.invokeHandlerMethod(RequestMappingHandlerAdapter.java:934)
	at org.springframework.web.servlet.mvc.method.annotation.RequestMappingHandlerAdapter.handleInternal(RequestMappingHandlerAdapter.java:853)
	at org.springframework.web.servlet.mvc.method.AbstractHandlerMethodAdapter.handle(AbstractHandlerMethodAdapter.java:86)
	at org.springframework.web.servlet.DispatcherServlet.doDispatch(DispatcherServlet.java:963)
	at org.springframework.web.servlet.DispatcherServlet.doService(DispatcherServlet.java:866)
	at org.springframework.web.servlet.FrameworkServlet.processRequest(FrameworkServlet.java:1000)
	at org.springframework.web.servlet.FrameworkServlet.doGet(FrameworkServlet.java:892)
	at jakarta.servlet.http.HttpServlet.service(HttpServlet.java:622)
	at org.springframework.web.servlet.FrameworkServlet.service(FrameworkServlet.java:874)
	at jakarta.servlet.http.HttpServlet.service(HttpServlet.java:710)
	at org.apache.catalina.core.ApplicationFilterChain.doFilter(ApplicationFilterChain.java:128)
	at org.apache.tomcat.websocket.server.WsFilter.doFilter(WsFilter.java:53)
	at org.apache.catalina.core.ApplicationFilterChain.doFilter(ApplicationFilterChain.java:107)
	at org.springframework.web.filter.OncePerRequestFilter.doFilter(OncePerRequestFilter.java:110)
	at org.apache.catalina.core.ApplicationFilterChain.doFilter(ApplicationFilterChain.java:107)
	at org.springframework.web.filter.CompositeFilter$VirtualFilterChain.doFilter(CompositeFilter.java:108)
	at org.springframework.security.web.FilterChainProxy.lambda$doFilterInternal$3(FilterChainProxy.java:235)
	at org.springframework.security.web.FilterChainProxy$VirtualFilterChain.doFilter(FilterChainProxy.java:376)
	at org.springframework.security.web.access.intercept.AuthorizationFilter.doFilter(AuthorizationFilter.java:101)
	at org.springframework.security.web.FilterChainProxy$VirtualFilterChain.doFilter(FilterChainProxy.java:385)
	at org.springframework.security.web.access.ExceptionTranslationFilter.doFilter(ExceptionTranslationFilter.java:126)
	at org.springframework.security.web.access.ExceptionTranslationFilter.doFilter(ExceptionTranslationFilter.java:120)
	at org.springframework.security.web.FilterChainProxy$VirtualFilterChain.doFilter(FilterChainProxy.java:385)
	at org.springframework.security.web.session.SessionManagementFilter.doFilter(SessionManagementFilter.java:132)
	at org.springframework.security.web.session.SessionManagementFilter.doFilter(SessionManagementFilter.java:86)
	at org.springframework.security.web.FilterChainProxy$VirtualFilterChain.doFilter(FilterChainProxy.java:385)
	at org.springframework.security.web.authentication.AnonymousAuthenticationFilter.doFilter(AnonymousAuthenticationFilter.java:100)
	at org.springframework.security.web.FilterChainProxy$VirtualFilterChain.doFilter(FilterChainProxy.java:385)
	at org.springframework.security.web.servletapi.SecurityContextHolderAwareRequestFilter.doFilter(SecurityContextHolderAwareRequestFilter.java:181)
	at org.springframework.security.web.FilterChainProxy$VirtualFilterChain.doFilter(FilterChainProxy.java:385)
	at org.springframework.security.web.savedrequest.RequestCacheAwareFilter.doFilter(RequestCacheAwareFilter.java:63)
	at org.springframework.security.web.FilterChainProxy$VirtualFilterChain.doFilter(FilterChainProxy.java:385)
	at com.example.Docgen_Backend.config.JwtFilter.doFilterInternal(JwtFilter.java:111)
	at org.springframework.web.filter.OncePerRequestFilter.doFilter(OncePerRequestFilter.java:116)
	at org.springframework.security.web.FilterChainProxy$VirtualFilterChain.doFilter(FilterChainProxy.java:385)
	at org.springframework.security.web.authentication.logout.LogoutFilter.doFilter(LogoutFilter.java:110)
	at org.springframework.security.web.authentication.logout.LogoutFilter.doFilter(LogoutFilter.java:96)
	at org.springframework.security.web.FilterChainProxy$VirtualFilterChain.doFilter(FilterChainProxy.java:385)
	at org.springframework.web.filter.CorsFilter.doFilterInternal(CorsFilter.java:91)
	at org.springframework.web.filter.OncePerRequestFilter.doFilter(OncePerRequestFilter.java:116)
	at org.springframework.security.web.FilterChainProxy$VirtualFilterChain.doFilter(FilterChainProxy.java:385)
	at org.springframework.security.web.header.HeaderWriterFilter.doHeadersAfter(HeaderWriterFilter.java:90)
	at org.springframework.security.web.header.HeaderWriterFilter.doFilterInternal(HeaderWriterFilter.java:75)
	at org.springframework.web.filter.OncePerRequestFilter.doFilter(OncePerRequestFilter.java:116)
	at org.springframework.security.web.FilterChainProxy$VirtualFilterChain.doFilter(FilterChainProxy.java:385)
	at org.springframework.security.web.context.SecurityContextHolderFilter.doFilter(SecurityContextHolderFilter.java:82)
	at org.springframework.security.web.context.SecurityContextHolderFilter.doFilter(SecurityContextHolderFilter.java:69)
	at org.springframework.security.web.FilterChainProxy$VirtualFilterChain.doFilter(FilterChainProxy.java:385)
	at org.springframework.security.web.context.request.async.WebAsyncManagerIntegrationFilter.doFilterInternal(WebAsyncManagerIntegrationFilter.java:62)
	at org.springframework.web.filter.OncePerRequestFilter.doFilter(OncePerRequestFilter.java:116)
	at org.springframework.security.web.FilterChainProxy$VirtualFilterChain.doFilter(FilterChainProxy.java:385)
	at org.springframework.security.web.session.DisableEncodeUrlFilter.doFilterInternal(DisableEncodeUrlFilter.java:42)
	at org.springframework.web.filter.OncePerRequestFilter.doFilter(OncePerRequestFilter.java:116)
	at org.springframework.security.web.FilterChainProxy$VirtualFilterChain.doFilter(FilterChainProxy.java:385)
	at org.springframework.security.web.FilterChainProxy.doFilterInternal(FilterChainProxy.java:237)
	at org.springframework.security.web.FilterChainProxy.doFilter(FilterChainProxy.java:195)
	at org.springframework.web.filter.CompositeFilter$VirtualFilterChain.doFilter(CompositeFilter.java:113)
	at org.springframework.web.filter.ServletRequestPathFilter.doFilter(ServletRequestPathFilter.java:52)
	at org.springframework.web.filter.CompositeFilter$VirtualFilterChain.doFilter(CompositeFilter.java:113)
	at org.springframework.web.filter.CompositeFilter.doFilter(CompositeFilter.java:74)
	at org.springframework.security.config.annotation.web.configuration.WebSecurityConfiguration$CompositeFilterChainProxy.doFilter(WebSecurityConfiguration.java:317)
	at org.springframework.web.filter.DelegatingFilterProxy.invokeDelegate(DelegatingFilterProxy.java:355)
	at org.springframework.web.filter.DelegatingFilterProxy.doFilter(DelegatingFilterProxy.java:272)
	at org.apache.catalina.core.ApplicationFilterChain.doFilter(ApplicationFilterChain.java:107)
	at org.springframework.web.filter.RequestContextFilter.doFilterInternal(RequestContextFilter.java:100)
	at org.springframework.web.filter.OncePerRequestFilter.doFilter(OncePerRequestFilter.java:116)
	at org.apache.catalina.core.ApplicationFilterChain.doFilter(ApplicationFilterChain.java:107)
	at org.springframework.web.filter.FormContentFilter.doFilterInternal(FormContentFilter.java:93)
	at org.springframework.web.filter.OncePerRequestFilter.doFilter(OncePerRequestFilter.java:116)
	at org.apache.catalina.core.ApplicationFilterChain.doFilter(ApplicationFilterChain.java:107)
	at org.springframework.web.filter.CharacterEncodingFilter.doFilterInternal(CharacterEncodingFilter.java:199)
	at org.springframework.web.filter.OncePerRequestFilter.doFilter(OncePerRequestFilter.java:116)
	at org.apache.catalina.core.ApplicationFilterChain.doFilter(ApplicationFilterChain.java:107)
	at org.apache.catalina.core.StandardWrapperValve.invoke(StandardWrapperValve.java:165)
	at org.apache.catalina.core.StandardContextValve.invoke(StandardContextValve.java:77)
	at org.apache.catalina.authenticator.AuthenticatorBase.invoke(AuthenticatorBase.java:492)
	at org.apache.catalina.core.StandardHostValve.invoke(StandardHostValve.java:113)
	at org.apache.catalina.valves.ErrorReportValve.invoke(ErrorReportValve.java:83)
	at org.apache.catalina.core.StandardEngineValve.invoke(StandardEngineValve.java:72)
	at org.apache.catalina.connector.CoyoteAdapter.service(CoyoteAdapter.java:341)
	at org.apache.coyote.http11.Http11Processor.service(Http11Processor.java:397)
	at org.apache.coyote.AbstractProcessorLight.process(AbstractProcessorLight.java:63)
	at org.apache.coyote.AbstractProtocol$ConnectionHandler.process(AbstractProtocol.java:903)
	at org.apache.tomcat.util.net.NioEndpoint$SocketProcessor.doRun(NioEndpoint.java:1801)
	at org.apache.tomcat.util.net.SocketProcessorBase.run(SocketProcessorBase.java:52)
	at org.apache.tomcat.util.threads.ThreadPoolExecutor.runWorker(ThreadPoolExecutor.java:946)
	at org.apache.tomcat.util.threads.ThreadPoolExecutor$Worker.run(ThreadPoolExecutor.java:480)
	at org.apache.tomcat.util.threads.TaskThread$WrappingRunnable.run(TaskThread.java:57)
	at java.base/java.lang.Thread.run(Thread.java:1583)
Caused by: java.lang.IllegalArgumentException: No enum constant com.example.Docgen_Backend.entity.CompanyType.SMT
	at java.base/java.lang.Enum.valueOf(Enum.java:293)
	at org.hibernate.type.descriptor.java.EnumJavaType.fromName(EnumJavaType.java:262)
	at org.hibernate.type.descriptor.java.EnumJavaType.wrap(EnumJavaType.java:129)
	at org.hibernate.type.descriptor.java.EnumJavaType.wrap(EnumJavaType.java:36)
	at org.hibernate.type.descriptor.jdbc.EnumJdbcType$2.doExtract(EnumJdbcType.java:88)
	at org.hibernate.type.descriptor.jdbc.BasicExtractor.extract(BasicExtractor.java:42)
	at org.hibernate.sql.results.jdbc.internal.JdbcValuesResultSetImpl.getCurrentRowValue(JdbcValuesResultSetImpl.java:381)
	at org.hibernate.sql.results.internal.RowProcessingStateStandardImpl.getJdbcValue(RowProcessingStateStandardImpl.java:148)
	at org.hibernate.sql.results.graph.basic.BasicResultAssembler.extractRawValue(BasicResultAssembler.java:52)
	at org.hibernate.sql.results.graph.basic.BasicResultAssembler.assemble(BasicResultAssembler.java:58)
	at org.hibernate.sql.results.graph.entity.internal.EntityInitializerImpl.extractConcreteTypeStateValues(EntityInitializerImpl.java:1890)
	at org.hibernate.sql.results.graph.entity.internal.EntityInitializerImpl.initializeEntityInstance(EntityInitializerImpl.java:1578)
	at org.hibernate.sql.results.graph.entity.internal.EntityInitializerImpl.initializeInstance(EntityInitializerImpl.java:1501)
	at org.hibernate.sql.results.graph.entity.internal.EntityInitializerImpl.initializeInstance(EntityInitializerImpl.java:80)
	at org.hibernate.sql.results.internal.StandardRowReader.coordinateInitializers(StandardRowReader.java:239)
	at org.hibernate.sql.results.internal.StandardRowReader.readRow(StandardRowReader.java:137)
	at org.hibernate.sql.results.spi.ListResultsConsumer.readUnique(ListResultsConsumer.java:277)
	at org.hibernate.sql.results.spi.ListResultsConsumer.readRows(ListResultsConsumer.java:227)
	at org.hibernate.sql.results.spi.ListResultsConsumer.consume(ListResultsConsumer.java:164)
	at org.hibernate.sql.results.spi.ListResultsConsumer.consume(ListResultsConsumer.java:31)
	at org.hibernate.sql.exec.internal.JdbcSelectExecutorStandardImpl.doExecuteQuery(JdbcSelectExecutorStandardImpl.java:213)
	at org.hibernate.sql.exec.internal.JdbcSelectExecutorStandardImpl.executeQuery(JdbcSelectExecutorStandardImpl.java:100)
	at org.hibernate.sql.exec.spi.JdbcSelectExecutor.executeQuery(JdbcSelectExecutor.java:63)
	at org.hibernate.sql.exec.spi.JdbcSelectExecutor.list(JdbcSelectExecutor.java:137)
	at org.hibernate.loader.ast.internal.SingleUniqueKeyEntityLoaderStandard.list(SingleUniqueKeyEntityLoaderStandard.java:155)
	at org.hibernate.loader.ast.internal.SingleUniqueKeyEntityLoaderStandard.load(SingleUniqueKeyEntityLoaderStandard.java:108)
	at org.hibernate.persister.entity.AbstractEntityPersister.loadByUniqueKey(AbstractEntityPersister.java:2553)
	at org.hibernate.persister.entity.AbstractEntityPersister.loadByUniqueKey(AbstractEntityPersister.java:2545)
	at org.hibernate.sql.results.graph.entity.internal.EntitySelectFetchByUniqueKeyInitializer.initialize(EntitySelectFetchByUniqueKeyInitializer.java:55)
	at org.hibernate.sql.results.graph.entity.internal.EntitySelectFetchInitializer.resolveInstance(EntitySelectFetchInitializer.java:140)
	at org.hibernate.sql.results.graph.entity.internal.EntitySelectFetchInitializer.resolveInstance(EntitySelectFetchInitializer.java:39)
	at org.hibernate.sql.results.internal.StandardRowReader.coordinateInitializers(StandardRowReader.java:234)
	at org.hibernate.sql.results.internal.StandardRowReader.readRow(StandardRowReader.java:137)
	at org.hibernate.sql.results.spi.ListResultsConsumer.readUnique(ListResultsConsumer.java:277)
	at org.hibernate.sql.results.spi.ListResultsConsumer.readRows(ListResultsConsumer.java:227)
	at org.hibernate.sql.results.spi.ListResultsConsumer.consume(ListResultsConsumer.java:164)
	at org.hibernate.sql.results.spi.ListResultsConsumer.consume(ListResultsConsumer.java:31)
	at org.hibernate.sql.exec.internal.JdbcSelectExecutorStandardImpl.doExecuteQuery(JdbcSelectExecutorStandardImpl.java:213)
	at org.hibernate.sql.exec.internal.JdbcSelectExecutorStandardImpl.executeQuery(JdbcSelectExecutorStandardImpl.java:100)
	at org.hibernate.sql.exec.spi.JdbcSelectExecutor.executeQuery(JdbcSelectExecutor.java:63)
	at org.hibernate.sql.exec.spi.JdbcSelectExecutor.list(JdbcSelectExecutor.java:137)
	at org.hibernate.loader.ast.internal.SingleUniqueKeyEntityLoaderStandard.list(SingleUniqueKeyEntityLoaderStandard.java:155)
	at org.hibernate.loader.ast.internal.SingleUniqueKeyEntityLoaderStandard.load(SingleUniqueKeyEntityLoaderStandard.java:108)
	at org.hibernate.persister.entity.AbstractEntityPersister.loadByUniqueKey(AbstractEntityPersister.java:2553)
	at org.hibernate.persister.entity.AbstractEntityPersister.loadByUniqueKey(AbstractEntityPersister.java:2545)
	at org.hibernate.sql.results.graph.entity.internal.EntitySelectFetchByUniqueKeyInitializer.initialize(EntitySelectFetchByUniqueKeyInitializer.java:55)
	at org.hibernate.sql.results.graph.entity.internal.EntitySelectFetchInitializer.resolveInstance(EntitySelectFetchInitializer.java:140)
	at org.hibernate.sql.results.graph.entity.internal.EntitySelectFetchInitializer.resolveInstance(EntitySelectFetchInitializer.java:39)
	at org.hibernate.sql.results.internal.StandardRowReader.coordinateInitializers(StandardRowReader.java:234)
	at org.hibernate.sql.results.internal.StandardRowReader.readRow(StandardRowReader.java:137)
	at org.hibernate.sql.results.spi.ListResultsConsumer.readUnique(ListResultsConsumer.java:277)
	at org.hibernate.sql.results.spi.ListResultsConsumer.readRows(ListResultsConsumer.java:227)
	at org.hibernate.sql.results.spi.ListResultsConsumer.consume(ListResultsConsumer.java:164)
	at org.hibernate.sql.results.spi.ListResultsConsumer.consume(ListResultsConsumer.java:31)
	at org.hibernate.sql.exec.internal.JdbcSelectExecutorStandardImpl.doExecuteQuery(JdbcSelectExecutorStandardImpl.java:213)
	at org.hibernate.sql.exec.internal.JdbcSelectExecutorStandardImpl.executeQuery(JdbcSelectExecutorStandardImpl.java:100)
	at org.hibernate.sql.exec.spi.JdbcSelectExecutor.executeQuery(JdbcSelectExecutor.java:63)
	at org.hibernate.sql.exec.spi.JdbcSelectExecutor.list(JdbcSelectExecutor.java:137)
	at org.hibernate.loader.ast.internal.SingleUniqueKeyEntityLoaderStandard.list(SingleUniqueKeyEntityLoaderStandard.java:155)
	at org.hibernate.loader.ast.internal.SingleUniqueKeyEntityLoaderStandard.load(SingleUniqueKeyEntityLoaderStandard.java:108)
	at org.hibernate.persister.entity.AbstractEntityPersister.loadByUniqueKey(AbstractEntityPersister.java:2553)
	at org.hibernate.persister.entity.AbstractEntityPersister.loadByUniqueKey(AbstractEntityPersister.java:2545)
	at org.hibernate.sql.results.graph.entity.internal.EntitySelectFetchByUniqueKeyInitializer.initialize(EntitySelectFetchByUniqueKeyInitializer.java:55)
	at org.hibernate.sql.results.graph.entity.internal.EntitySelectFetchInitializer.resolveInstance(EntitySelectFetchInitializer.java:140)
	at org.hibernate.sql.results.graph.entity.internal.EntitySelectFetchInitializer.resolveInstance(EntitySelectFetchInitializer.java:39)
	at org.hibernate.sql.results.internal.StandardRowReader.coordinateInitializers(StandardRowReader.java:234)
	at org.hibernate.sql.results.internal.StandardRowReader.readRow(StandardRowReader.java:137)
	at org.hibernate.sql.results.spi.ListResultsConsumer.read(ListResultsConsumer.java:243)
	at org.hibernate.sql.results.spi.ListResultsConsumer.readRows(ListResultsConsumer.java:233)
	at org.hibernate.sql.results.spi.ListResultsConsumer.consume(ListResultsConsumer.java:164)
	at org.hibernate.sql.results.spi.ListResultsConsumer.consume(ListResultsConsumer.java:31)
	at org.hibernate.sql.exec.internal.JdbcSelectExecutorStandardImpl.doExecuteQuery(JdbcSelectExecutorStandardImpl.java:213)
	at org.hibernate.sql.exec.internal.JdbcSelectExecutorStandardImpl.executeQuery(JdbcSelectExecutorStandardImpl.java:100)
	at org.hibernate.sql.exec.spi.JdbcSelectExecutor.executeQuery(JdbcSelectExecutor.java:63)
	at org.hibernate.sql.exec.spi.JdbcSelectExecutor.list(JdbcSelectExecutor.java:137)
	at org.hibernate.query.sqm.internal.ConcreteSqmSelectQueryPlan.lambda$new$1(ConcreteSqmSelectQueryPlan.java:134)
	at org.hibernate.query.sqm.internal.ConcreteSqmSelectQueryPlan.withCacheableSqmInterpretation(ConcreteSqmSelectQueryPlan.java:464)
	at org.hibernate.query.sqm.internal.ConcreteSqmSelectQueryPlan.performList(ConcreteSqmSelectQueryPlan.java:392)
	at org.hibernate.query.sqm.internal.SqmQueryImpl.doList(SqmQueryImpl.java:374)
	at org.hibernate.query.spi.AbstractSelectionQuery.list(AbstractSelectionQuery.java:153)
	at org.hibernate.query.Query.getResultList(Query.java:121)
	at org.springframework.data.jpa.repository.support.SimpleJpaRepository.readPage(SimpleJpaRepository.java:745)
	at org.springframework.data.jpa.repository.support.SimpleJpaRepository.findAll(SimpleJpaRepository.java:480)
	at org.springframework.data.jpa.repository.support.SimpleJpaRepository.findAll(SimpleJpaRepository.java:469)
	at org.springframework.data.jpa.repository.support.SimpleJpaRepository.findAll(SimpleJpaRepository.java:454)
	at java.base/jdk.internal.reflect.DirectMethodHandleAccessor.invoke(DirectMethodHandleAccessor.java:103)
	at java.base/java.lang.reflect.Method.invoke(Method.java:580)
	at org.springframework.aop.support.AopUtils.invokeJoinpointUsingReflection(AopUtils.java:359)
	at org.springframework.data.repository.core.support.RepositoryMethodInvoker$RepositoryFragmentMethodInvoker.lambda$new$0(RepositoryMethodInvoker.java:278)
	at org.springframework.data.repository.core.support.RepositoryMethodInvoker.doInvoke(RepositoryMethodInvoker.java:169)
	at org.springframework.data.repository.core.support.RepositoryMethodInvoker.invoke(RepositoryMethodInvoker.java:158)
	at org.springframework.data.repository.core.support.RepositoryComposition$RepositoryFragments.invoke(RepositoryComposition.java:545)
	at org.springframework.data.repository.core.support.RepositoryComposition.invoke(RepositoryComposition.java:290)
	at org.springframework.data.repository.core.support.RepositoryFactorySupport$ImplementationMethodExecutionInterceptor.invoke(RepositoryFactorySupport.java:690)
	at org.springframework.aop.framework.ReflectiveMethodInvocation.proceed(ReflectiveMethodInvocation.java:179)
	at org.springframework.data.repository.core.support.QueryExecutorMethodInterceptor.doInvoke(QueryExecutorMethodInterceptor.java:171)
	at org.springframework.data.repository.core.support.QueryExecutorMethodInterceptor.invoke(QueryExecutorMethodInterceptor.java:146)
	at org.springframework.aop.framework.ReflectiveMethodInvocation.proceed(ReflectiveMethodInvocation.java:179)
	at org.springframework.data.projection.DefaultMethodInvokingMethodInterceptor.invoke(DefaultMethodInvokingMethodInterceptor.java:69)
	at org.springframework.aop.framework.ReflectiveMethodInvocation.proceed(ReflectiveMethodInvocation.java:179)
	at org.springframework.transaction.interceptor.TransactionInterceptor$1.proceedWithInvocation(TransactionInterceptor.java:133)
	at org.springframework.transaction.interceptor.TransactionAspectSupport.invokeWithinTransaction(TransactionAspectSupport.java:371)
	at org.springframework.transaction.interceptor.TransactionInterceptor.invoke(TransactionInterceptor.java:130)
	at org.springframework.aop.framework.ReflectiveMethodInvocation.proceed(ReflectiveMethodInvocation.java:179)
	at org.springframework.dao.support.PersistenceExceptionTranslationInterceptor.invoke(PersistenceExceptionTranslationInterceptor.java:135)
	... 106 common frames omitted
2026-07-21 00:04:04 [http-nio-8080-exec-10] WARN  o.s.w.s.m.m.a.ExceptionHandlerExceptionResolver - Resolved [org.springframework.dao.InvalidDataAccessApiUsageException: No enum constant com.example.Docgen_Backend.entity.CompanyType.SMT]
2026-07-21 00:04:04 [http-nio-8080-exec-1] INFO  c.e.Docgen_Backend.config.JwtFilter - JWT validated successfully for userId=6a311365ec2c34f3d9e4f06e
2026-07-21 00:04:04 [http-nio-8080-exec-1] INFO  c.e.D.controller.UserController - GET /api/v2/users - Fetch all users request received | page=0, size=8, sortBy=id, direction=desc
2026-07-21 00:04:04 [http-nio-8080-exec-1] ERROR c.e.D.e.GlobalExceptionHandler - Unexpected error occurred
org.springframework.dao.InvalidDataAccessApiUsageException: No enum constant com.example.Docgen_Backend.entity.CompanyType.SMT
	at org.springframework.orm.jpa.EntityManagerFactoryUtils.convertJpaAccessExceptionIfPossible(EntityManagerFactoryUtils.java:464)
	at org.springframework.orm.jpa.hibernate.HibernateExceptionTranslator.translateExceptionIfPossible(HibernateExceptionTranslator.java:112)
	at org.springframework.orm.jpa.vendor.HibernateJpaDialect.translateExceptionIfPossible(HibernateJpaDialect.java:223)
	at org.springframework.orm.jpa.AbstractEntityManagerFactoryBean.translateExceptionIfPossible(AbstractEntityManagerFactoryBean.java:576)
	at org.springframework.dao.support.ChainedPersistenceExceptionTranslator.translateExceptionIfPossible(ChainedPersistenceExceptionTranslator.java:61)
	at org.springframework.dao.support.DataAccessUtils.translateIfNecessary(DataAccessUtils.java:346)
	at org.springframework.dao.support.PersistenceExceptionTranslationInterceptor.invoke(PersistenceExceptionTranslationInterceptor.java:157)
	at org.springframework.aop.framework.ReflectiveMethodInvocation.proceed(ReflectiveMethodInvocation.java:179)
	at org.springframework.data.jpa.repository.support.CrudMethodMetadataPostProcessor$CrudMethodMetadataPopulatingMethodInterceptor.invoke(CrudMethodMetadataPostProcessor.java:166)
	at org.springframework.aop.framework.ReflectiveMethodInvocation.proceed(ReflectiveMethodInvocation.java:179)
	at org.springframework.aop.framework.JdkDynamicAopProxy.invoke(JdkDynamicAopProxy.java:222)
	at jdk.proxy4/jdk.proxy4.$Proxy163.findAll(Unknown Source)
	at com.example.Docgen_Backend.service.impl.UserServiceImpl.getAllUserProfiles(UserServiceImpl.java:345)
	at java.base/jdk.internal.reflect.DirectMethodHandleAccessor.invoke(DirectMethodHandleAccessor.java:103)
	at java.base/java.lang.reflect.Method.invoke(Method.java:580)
	at org.springframework.aop.support.AopUtils.invokeJoinpointUsingReflection(AopUtils.java:359)
	at org.springframework.aop.framework.CglibAopProxy$DynamicAdvisedInterceptor.intercept(CglibAopProxy.java:715)
	at com.example.Docgen_Backend.service.impl.UserServiceImpl$$SpringCGLIB$$0.getAllUserProfiles(<generated>)
	at com.example.Docgen_Backend.controller.UserController.getAllUserProfiles(UserController.java:107)
	at java.base/jdk.internal.reflect.DirectMethodHandleAccessor.invoke(DirectMethodHandleAccessor.java:103)
	at java.base/java.lang.reflect.Method.invoke(Method.java:580)
	at org.springframework.web.method.support.InvocableHandlerMethod.doInvoke(InvocableHandlerMethod.java:252)
	at org.springframework.web.method.support.InvocableHandlerMethod.invokeForRequest(InvocableHandlerMethod.java:184)
	at org.springframework.web.servlet.mvc.method.annotation.ServletInvocableHandlerMethod.invokeAndHandle(ServletInvocableHandlerMethod.java:117)
	at org.springframework.web.servlet.mvc.method.annotation.RequestMappingHandlerAdapter.invokeHandlerMethod(RequestMappingHandlerAdapter.java:934)
	at org.springframework.web.servlet.mvc.method.annotation.RequestMappingHandlerAdapter.handleInternal(RequestMappingHandlerAdapter.java:853)
	at org.springframework.web.servlet.mvc.method.AbstractHandlerMethodAdapter.handle(AbstractHandlerMethodAdapter.java:86)
	at org.springframework.web.servlet.DispatcherServlet.doDispatch(DispatcherServlet.java:963)
	at org.springframework.web.servlet.DispatcherServlet.doService(DispatcherServlet.java:866)
	at org.springframework.web.servlet.FrameworkServlet.processRequest(FrameworkServlet.java:1000)
	at org.springframework.web.servlet.FrameworkServlet.doGet(FrameworkServlet.java:892)
	at jakarta.servlet.http.HttpServlet.service(HttpServlet.java:622)
	at org.springframework.web.servlet.FrameworkServlet.service(FrameworkServlet.java:874)
	at jakarta.servlet.http.HttpServlet.service(HttpServlet.java:710)
	at org.apache.catalina.core.ApplicationFilterChain.doFilter(ApplicationFilterChain.java:128)
	at org.apache.tomcat.websocket.server.WsFilter.doFilter(WsFilter.java:53)
	at org.apache.catalina.core.ApplicationFilterChain.doFilter(ApplicationFilterChain.java:107)
	at org.springframework.web.filter.OncePerRequestFilter.doFilter(OncePerRequestFilter.java:110)
	at org.apache.catalina.core.ApplicationFilterChain.doFilter(ApplicationFilterChain.java:107)
	at org.springframework.web.filter.CompositeFilter$VirtualFilterChain.doFilter(CompositeFilter.java:108)
	at org.springframework.security.web.FilterChainProxy.lambda$doFilterInternal$3(FilterChainProxy.java:235)
	at org.springframework.security.web.FilterChainProxy$VirtualFilterChain.doFilter(FilterChainProxy.java:376)
	at org.springframework.security.web.access.intercept.AuthorizationFilter.doFilter(AuthorizationFilter.java:101)
	at org.springframework.security.web.FilterChainProxy$VirtualFilterChain.doFilter(FilterChainProxy.java:385)
	at org.springframework.security.web.access.ExceptionTranslationFilter.doFilter(ExceptionTranslationFilter.java:126)
	at org.springframework.security.web.access.ExceptionTranslationFilter.doFilter(ExceptionTranslationFilter.java:120)
	at org.springframework.security.web.FilterChainProxy$VirtualFilterChain.doFilter(FilterChainProxy.java:385)
	at org.springframework.security.web.session.SessionManagementFilter.doFilter(SessionManagementFilter.java:132)
	at org.springframework.security.web.session.SessionManagementFilter.doFilter(SessionManagementFilter.java:86)
	at org.springframework.security.web.FilterChainProxy$VirtualFilterChain.doFilter(FilterChainProxy.java:385)
	at org.springframework.security.web.authentication.AnonymousAuthenticationFilter.doFilter(AnonymousAuthenticationFilter.java:100)
	at org.springframework.security.web.FilterChainProxy$VirtualFilterChain.doFilter(FilterChainProxy.java:385)
	at org.springframework.security.web.servletapi.SecurityContextHolderAwareRequestFilter.doFilter(SecurityContextHolderAwareRequestFilter.java:181)
	at org.springframework.security.web.FilterChainProxy$VirtualFilterChain.doFilter(FilterChainProxy.java:385)
	at org.springframework.security.web.savedrequest.RequestCacheAwareFilter.doFilter(RequestCacheAwareFilter.java:63)
	at org.springframework.security.web.FilterChainProxy$VirtualFilterChain.doFilter(FilterChainProxy.java:385)
	at com.example.Docgen_Backend.config.JwtFilter.doFilterInternal(JwtFilter.java:111)
	at org.springframework.web.filter.OncePerRequestFilter.doFilter(OncePerRequestFilter.java:116)
	at org.springframework.security.web.FilterChainProxy$VirtualFilterChain.doFilter(FilterChainProxy.java:385)
	at org.springframework.security.web.authentication.logout.LogoutFilter.doFilter(LogoutFilter.java:110)
	at org.springframework.security.web.authentication.logout.LogoutFilter.doFilter(LogoutFilter.java:96)
	at org.springframework.security.web.FilterChainProxy$VirtualFilterChain.doFilter(FilterChainProxy.java:385)
	at org.springframework.web.filter.CorsFilter.doFilterInternal(CorsFilter.java:91)
	at org.springframework.web.filter.OncePerRequestFilter.doFilter(OncePerRequestFilter.java:116)
	at org.springframework.security.web.FilterChainProxy$VirtualFilterChain.doFilter(FilterChainProxy.java:385)
	at org.springframework.security.web.header.HeaderWriterFilter.doHeadersAfter(HeaderWriterFilter.java:90)
	at org.springframework.security.web.header.HeaderWriterFilter.doFilterInternal(HeaderWriterFilter.java:75)
	at org.springframework.web.filter.OncePerRequestFilter.doFilter(OncePerRequestFilter.java:116)
	at org.springframework.security.web.FilterChainProxy$VirtualFilterChain.doFilter(FilterChainProxy.java:385)
	at org.springframework.security.web.context.SecurityContextHolderFilter.doFilter(SecurityContextHolderFilter.java:82)
	at org.springframework.security.web.context.SecurityContextHolderFilter.doFilter(SecurityContextHolderFilter.java:69)
	at org.springframework.security.web.FilterChainProxy$VirtualFilterChain.doFilter(FilterChainProxy.java:385)
	at org.springframework.security.web.context.request.async.WebAsyncManagerIntegrationFilter.doFilterInternal(WebAsyncManagerIntegrationFilter.java:62)
	at org.springframework.web.filter.OncePerRequestFilter.doFilter(OncePerRequestFilter.java:116)
	at org.springframework.security.web.FilterChainProxy$VirtualFilterChain.doFilter(FilterChainProxy.java:385)
	at org.springframework.security.web.session.DisableEncodeUrlFilter.doFilterInternal(DisableEncodeUrlFilter.java:42)
	at org.springframework.web.filter.OncePerRequestFilter.doFilter(OncePerRequestFilter.java:116)
	at org.springframework.security.web.FilterChainProxy$VirtualFilterChain.doFilter(FilterChainProxy.java:385)
	at org.springframework.security.web.FilterChainProxy.doFilterInternal(FilterChainProxy.java:237)
	at org.springframework.security.web.FilterChainProxy.doFilter(FilterChainProxy.java:195)
	at org.springframework.web.filter.CompositeFilter$VirtualFilterChain.doFilter(CompositeFilter.java:113)
	at org.springframework.web.filter.ServletRequestPathFilter.doFilter(ServletRequestPathFilter.java:52)
	at org.springframework.web.filter.CompositeFilter$VirtualFilterChain.doFilter(CompositeFilter.java:113)
	at org.springframework.web.filter.CompositeFilter.doFilter(CompositeFilter.java:74)
	at org.springframework.security.config.annotation.web.configuration.WebSecurityConfiguration$CompositeFilterChainProxy.doFilter(WebSecurityConfiguration.java:317)
	at org.springframework.web.filter.DelegatingFilterProxy.invokeDelegate(DelegatingFilterProxy.java:355)
	at org.springframework.web.filter.DelegatingFilterProxy.doFilter(DelegatingFilterProxy.java:272)
	at org.apache.catalina.core.ApplicationFilterChain.doFilter(ApplicationFilterChain.java:107)
	at org.springframework.web.filter.RequestContextFilter.doFilterInternal(RequestContextFilter.java:100)
	at org.springframework.web.filter.OncePerRequestFilter.doFilter(OncePerRequestFilter.java:116)
	at org.apache.catalina.core.ApplicationFilterChain.doFilter(ApplicationFilterChain.java:107)
	at org.springframework.web.filter.FormContentFilter.doFilterInternal(FormContentFilter.java:93)
	at org.springframework.web.filter.OncePerRequestFilter.doFilter(OncePerRequestFilter.java:116)
	at org.apache.catalina.core.ApplicationFilterChain.doFilter(ApplicationFilterChain.java:107)
	at org.springframework.web.filter.CharacterEncodingFilter.doFilterInternal(CharacterEncodingFilter.java:199)
	at org.springframework.web.filter.OncePerRequestFilter.doFilter(OncePerRequestFilter.java:116)
	at org.apache.catalina.core.ApplicationFilterChain.doFilter(ApplicationFilterChain.java:107)
	at org.apache.catalina.core.StandardWrapperValve.invoke(StandardWrapperValve.java:165)
	at org.apache.catalina.core.StandardContextValve.invoke(StandardContextValve.java:77)
	at org.apache.catalina.authenticator.AuthenticatorBase.invoke(AuthenticatorBase.java:492)
	at org.apache.catalina.core.StandardHostValve.invoke(StandardHostValve.java:113)
	at org.apache.catalina.valves.ErrorReportValve.invoke(ErrorReportValve.java:83)
	at org.apache.catalina.core.StandardEngineValve.invoke(StandardEngineValve.java:72)
	at org.apache.catalina.connector.CoyoteAdapter.service(CoyoteAdapter.java:341)
	at org.apache.coyote.http11.Http11Processor.service(Http11Processor.java:397)
	at org.apache.coyote.AbstractProcessorLight.process(AbstractProcessorLight.java:63)
	at org.apache.coyote.AbstractProtocol$ConnectionHandler.process(AbstractProtocol.java:903)
	at org.apache.tomcat.util.net.NioEndpoint$SocketProcessor.doRun(NioEndpoint.java:1801)
	at org.apache.tomcat.util.net.SocketProcessorBase.run(SocketProcessorBase.java:52)
	at org.apache.tomcat.util.threads.ThreadPoolExecutor.runWorker(ThreadPoolExecutor.java:946)
	at org.apache.tomcat.util.threads.ThreadPoolExecutor$Worker.run(ThreadPoolExecutor.java:480)
	at org.apache.tomcat.util.threads.TaskThread$WrappingRunnable.run(TaskThread.java:57)
	at java.base/java.lang.Thread.run(Thread.java:1583)
Caused by: java.lang.IllegalArgumentException: No enum constant com.example.Docgen_Backend.entity.CompanyType.SMT
	at java.base/java.lang.Enum.valueOf(Enum.java:293)
	at org.hibernate.type.descriptor.java.EnumJavaType.fromName(EnumJavaType.java:262)
	at org.hibernate.type.descriptor.java.EnumJavaType.wrap(EnumJavaType.java:129)
	at org.hibernate.type.descriptor.java.EnumJavaType.wrap(EnumJavaType.java:36)
	at org.hibernate.type.descriptor.jdbc.EnumJdbcType$2.doExtract(EnumJdbcType.java:88)
	at org.hibernate.type.descriptor.jdbc.BasicExtractor.extract(BasicExtractor.java:42)
	at org.hibernate.sql.results.jdbc.internal.JdbcValuesResultSetImpl.getCurrentRowValue(JdbcValuesResultSetImpl.java:381)
	at org.hibernate.sql.results.internal.RowProcessingStateStandardImpl.getJdbcValue(RowProcessingStateStandardImpl.java:148)
	at org.hibernate.sql.results.graph.basic.BasicResultAssembler.extractRawValue(BasicResultAssembler.java:52)
	at org.hibernate.sql.results.graph.basic.BasicResultAssembler.assemble(BasicResultAssembler.java:58)
	at org.hibernate.sql.results.graph.entity.internal.EntityInitializerImpl.extractConcreteTypeStateValues(EntityInitializerImpl.java:1890)
	at org.hibernate.sql.results.graph.entity.internal.EntityInitializerImpl.initializeEntityInstance(EntityInitializerImpl.java:1578)
	at org.hibernate.sql.results.graph.entity.internal.EntityInitializerImpl.initializeInstance(EntityInitializerImpl.java:1501)
	at org.hibernate.sql.results.graph.entity.internal.EntityInitializerImpl.initializeInstance(EntityInitializerImpl.java:80)
	at org.hibernate.sql.results.internal.StandardRowReader.coordinateInitializers(StandardRowReader.java:239)
	at org.hibernate.sql.results.internal.StandardRowReader.readRow(StandardRowReader.java:137)
	at org.hibernate.sql.results.spi.ListResultsConsumer.readUnique(ListResultsConsumer.java:277)
	at org.hibernate.sql.results.spi.ListResultsConsumer.readRows(ListResultsConsumer.java:227)
	at org.hibernate.sql.results.spi.ListResultsConsumer.consume(ListResultsConsumer.java:164)
	at org.hibernate.sql.results.spi.ListResultsConsumer.consume(ListResultsConsumer.java:31)
	at org.hibernate.sql.exec.internal.JdbcSelectExecutorStandardImpl.doExecuteQuery(JdbcSelectExecutorStandardImpl.java:213)
	at org.hibernate.sql.exec.internal.JdbcSelectExecutorStandardImpl.executeQuery(JdbcSelectExecutorStandardImpl.java:100)
	at org.hibernate.sql.exec.spi.JdbcSelectExecutor.executeQuery(JdbcSelectExecutor.java:63)
	at org.hibernate.sql.exec.spi.JdbcSelectExecutor.list(JdbcSelectExecutor.java:137)
	at org.hibernate.loader.ast.internal.SingleUniqueKeyEntityLoaderStandard.list(SingleUniqueKeyEntityLoaderStandard.java:155)
	at org.hibernate.loader.ast.internal.SingleUniqueKeyEntityLoaderStandard.load(SingleUniqueKeyEntityLoaderStandard.java:108)
	at org.hibernate.persister.entity.AbstractEntityPersister.loadByUniqueKey(AbstractEntityPersister.java:2553)
	at org.hibernate.persister.entity.AbstractEntityPersister.loadByUniqueKey(AbstractEntityPersister.java:2545)
	at org.hibernate.sql.results.graph.entity.internal.EntitySelectFetchByUniqueKeyInitializer.initialize(EntitySelectFetchByUniqueKeyInitializer.java:55)
	at org.hibernate.sql.results.graph.entity.internal.EntitySelectFetchInitializer.resolveInstance(EntitySelectFetchInitializer.java:140)
	at org.hibernate.sql.results.graph.entity.internal.EntitySelectFetchInitializer.resolveInstance(EntitySelectFetchInitializer.java:39)
	at org.hibernate.sql.results.internal.StandardRowReader.coordinateInitializers(StandardRowReader.java:234)
	at org.hibernate.sql.results.internal.StandardRowReader.readRow(StandardRowReader.java:137)
	at org.hibernate.sql.results.spi.ListResultsConsumer.readUnique(ListResultsConsumer.java:277)
	at org.hibernate.sql.results.spi.ListResultsConsumer.readRows(ListResultsConsumer.java:227)
	at org.hibernate.sql.results.spi.ListResultsConsumer.consume(ListResultsConsumer.java:164)
	at org.hibernate.sql.results.spi.ListResultsConsumer.consume(ListResultsConsumer.java:31)
	at org.hibernate.sql.exec.internal.JdbcSelectExecutorStandardImpl.doExecuteQuery(JdbcSelectExecutorStandardImpl.java:213)
	at org.hibernate.sql.exec.internal.JdbcSelectExecutorStandardImpl.executeQuery(JdbcSelectExecutorStandardImpl.java:100)
	at org.hibernate.sql.exec.spi.JdbcSelectExecutor.executeQuery(JdbcSelectExecutor.java:63)
	at org.hibernate.sql.exec.spi.JdbcSelectExecutor.list(JdbcSelectExecutor.java:137)
	at org.hibernate.loader.ast.internal.SingleUniqueKeyEntityLoaderStandard.list(SingleUniqueKeyEntityLoaderStandard.java:155)
	at org.hibernate.loader.ast.internal.SingleUniqueKeyEntityLoaderStandard.load(SingleUniqueKeyEntityLoaderStandard.java:108)
	at org.hibernate.persister.entity.AbstractEntityPersister.loadByUniqueKey(AbstractEntityPersister.java:2553)
	at org.hibernate.persister.entity.AbstractEntityPersister.loadByUniqueKey(AbstractEntityPersister.java:2545)
	at org.hibernate.sql.results.graph.entity.internal.EntitySelectFetchByUniqueKeyInitializer.initialize(EntitySelectFetchByUniqueKeyInitializer.java:55)
	at org.hibernate.sql.results.graph.entity.internal.EntitySelectFetchInitializer.resolveInstance(EntitySelectFetchInitializer.java:140)
	at org.hibernate.sql.results.graph.entity.internal.EntitySelectFetchInitializer.resolveInstance(EntitySelectFetchInitializer.java:39)
	at org.hibernate.sql.results.internal.StandardRowReader.coordinateInitializers(StandardRowReader.java:234)
	at org.hibernate.sql.results.internal.StandardRowReader.readRow(StandardRowReader.java:137)
	at org.hibernate.sql.results.spi.ListResultsConsumer.readUnique(ListResultsConsumer.java:277)
	at org.hibernate.sql.results.spi.ListResultsConsumer.readRows(ListResultsConsumer.java:227)
	at org.hibernate.sql.results.spi.ListResultsConsumer.consume(ListResultsConsumer.java:164)
	at org.hibernate.sql.results.spi.ListResultsConsumer.consume(ListResultsConsumer.java:31)
	at org.hibernate.sql.exec.internal.JdbcSelectExecutorStandardImpl.doExecuteQuery(JdbcSelectExecutorStandardImpl.java:213)
	at org.hibernate.sql.exec.internal.JdbcSelectExecutorStandardImpl.executeQuery(JdbcSelectExecutorStandardImpl.java:100)
	at org.hibernate.sql.exec.spi.JdbcSelectExecutor.executeQuery(JdbcSelectExecutor.java:63)
	at org.hibernate.sql.exec.spi.JdbcSelectExecutor.list(JdbcSelectExecutor.java:137)
	at org.hibernate.loader.ast.internal.SingleUniqueKeyEntityLoaderStandard.list(SingleUniqueKeyEntityLoaderStandard.java:155)
	at org.hibernate.loader.ast.internal.SingleUniqueKeyEntityLoaderStandard.load(SingleUniqueKeyEntityLoaderStandard.java:108)
	at org.hibernate.persister.entity.AbstractEntityPersister.loadByUniqueKey(AbstractEntityPersister.java:2553)
	at org.hibernate.persister.entity.AbstractEntityPersister.loadByUniqueKey(AbstractEntityPersister.java:2545)
	at org.hibernate.sql.results.graph.entity.internal.EntitySelectFetchByUniqueKeyInitializer.initialize(EntitySelectFetchByUniqueKeyInitializer.java:55)
	at org.hibernate.sql.results.graph.entity.internal.EntitySelectFetchInitializer.resolveInstance(EntitySelectFetchInitializer.java:140)
	at org.hibernate.sql.results.graph.entity.internal.EntitySelectFetchInitializer.resolveInstance(EntitySelectFetchInitializer.java:39)
	at org.hibernate.sql.results.internal.StandardRowReader.coordinateInitializers(StandardRowReader.java:234)
	at org.hibernate.sql.results.internal.StandardRowReader.readRow(StandardRowReader.java:137)
	at org.hibernate.sql.results.spi.ListResultsConsumer.read(ListResultsConsumer.java:243)
	at org.hibernate.sql.results.spi.ListResultsConsumer.readRows(ListResultsConsumer.java:233)
	at org.hibernate.sql.results.spi.ListResultsConsumer.consume(ListResultsConsumer.java:164)
	at org.hibernate.sql.results.spi.ListResultsConsumer.consume(ListResultsConsumer.java:31)
	at org.hibernate.sql.exec.internal.JdbcSelectExecutorStandardImpl.doExecuteQuery(JdbcSelectExecutorStandardImpl.java:213)
	at org.hibernate.sql.exec.internal.JdbcSelectExecutorStandardImpl.executeQuery(JdbcSelectExecutorStandardImpl.java:100)
	at org.hibernate.sql.exec.spi.JdbcSelectExecutor.executeQuery(JdbcSelectExecutor.java:63)
	at org.hibernate.sql.exec.spi.JdbcSelectExecutor.list(JdbcSelectExecutor.java:137)
	at org.hibernate.query.sqm.internal.ConcreteSqmSelectQueryPlan.lambda$new$1(ConcreteSqmSelectQueryPlan.java:134)
	at org.hibernate.query.sqm.internal.ConcreteSqmSelectQueryPlan.withCacheableSqmInterpretation(ConcreteSqmSelectQueryPlan.java:464)
	at org.hibernate.query.sqm.internal.ConcreteSqmSelectQueryPlan.performList(ConcreteSqmSelectQueryPlan.java:392)
	at org.hibernate.query.sqm.internal.SqmQueryImpl.doList(SqmQueryImpl.java:374)
	at org.hibernate.query.spi.AbstractSelectionQuery.list(AbstractSelectionQuery.java:153)
	at org.hibernate.query.Query.getResultList(Query.java:121)
	at org.springframework.data.jpa.repository.support.SimpleJpaRepository.readPage(SimpleJpaRepository.java:745)
	at org.springframework.data.jpa.repository.support.SimpleJpaRepository.findAll(SimpleJpaRepository.java:480)
	at org.springframework.data.jpa.repository.support.SimpleJpaRepository.findAll(SimpleJpaRepository.java:469)
	at org.springframework.data.jpa.repository.support.SimpleJpaRepository.findAll(SimpleJpaRepository.java:454)
	at java.base/jdk.internal.reflect.DirectMethodHandleAccessor.invoke(DirectMethodHandleAccessor.java:103)
	at java.base/java.lang.reflect.Method.invoke(Method.java:580)
	at org.springframework.aop.support.AopUtils.invokeJoinpointUsingReflection(AopUtils.java:359)
	at org.springframework.data.repository.core.support.RepositoryMethodInvoker$RepositoryFragmentMethodInvoker.lambda$new$0(RepositoryMethodInvoker.java:278)
	at org.springframework.data.repository.core.support.RepositoryMethodInvoker.doInvoke(RepositoryMethodInvoker.java:169)
	at org.springframework.data.repository.core.support.RepositoryMethodInvoker.invoke(RepositoryMethodInvoker.java:158)
	at org.springframework.data.repository.core.support.RepositoryComposition$RepositoryFragments.invoke(RepositoryComposition.java:545)
	at org.springframework.data.repository.core.support.RepositoryComposition.invoke(RepositoryComposition.java:290)
	at org.springframework.data.repository.core.support.RepositoryFactorySupport$ImplementationMethodExecutionInterceptor.invoke(RepositoryFactorySupport.java:690)
	at org.springframework.aop.framework.ReflectiveMethodInvocation.proceed(ReflectiveMethodInvocation.java:179)
	at org.springframework.data.repository.core.support.QueryExecutorMethodInterceptor.doInvoke(QueryExecutorMethodInterceptor.java:171)
	at org.springframework.data.repository.core.support.QueryExecutorMethodInterceptor.invoke(QueryExecutorMethodInterceptor.java:146)
	at org.springframework.aop.framework.ReflectiveMethodInvocation.proceed(ReflectiveMethodInvocation.java:179)
	at org.springframework.data.projection.DefaultMethodInvokingMethodInterceptor.invoke(DefaultMethodInvokingMethodInterceptor.java:69)
	at org.springframework.aop.framework.ReflectiveMethodInvocation.proceed(ReflectiveMethodInvocation.java:179)
	at org.springframework.transaction.interceptor.TransactionInterceptor$1.proceedWithInvocation(TransactionInterceptor.java:133)
	at org.springframework.transaction.interceptor.TransactionAspectSupport.invokeWithinTransaction(TransactionAspectSupport.java:371)
	at org.springframework.transaction.interceptor.TransactionInterceptor.invoke(TransactionInterceptor.java:130)
	at org.springframework.aop.framework.ReflectiveMethodInvocation.proceed(ReflectiveMethodInvocation.java:179)
	at org.springframework.dao.support.PersistenceExceptionTranslationInterceptor.invoke(PersistenceExceptionTranslationInterceptor.java:135)
	... 106 common frames omitted
2026-07-21 00:04:04 [http-nio-8080-exec-1] WARN  o.s.w.s.m.m.a.ExceptionHandlerExceptionResolver - Resolved [org.springframework.dao.InvalidDataAccessApiUsageException: No enum constant com.example.Docgen_Backend.entity.CompanyType.SMT]
2026-07-21 00:04:15 [SpringApplicationShutdownHook] INFO  o.s.boot.tomcat.GracefulShutdown - Commencing graceful shutdown. Waiting for active requests to complete
2026-07-21 00:04:15 [tomcat-shutdown] INFO  o.s.boot.tomcat.GracefulShutdown - Graceful shutdown complete
2026-07-21 00:04:15 [SpringApplicationShutdownHook] INFO  o.s.o.j.LocalContainerEntityManagerFactoryBean - Closing JPA EntityManagerFactory for persistence unit 'default'
2026-07-21 00:04:15 [SpringApplicationShutdownHook] INFO  com.zaxxer.hikari.HikariDataSource - HikariPool-1 - Shutdown initiated...
2026-07-21 00:04:15 [SpringApplicationShutdownHook] INFO  com.zaxxer.hikari.HikariDataSource - HikariPool-1 - Shutdown completed.
2026-07-21 00:04:17 [background-preinit] INFO  o.h.validator.internal.util.Version - HV000001: Hibernate Validator 9.0.1.Final
2026-07-21 00:04:17 [restartedMain] INFO  c.e.D.DocgenBackendApplication - Starting DocgenBackendApplication using Java 21.0.9 with PID 10260 (E:\DocGen New Front V2\Docgen-Backend\target\classes started by prath in E:\DocGen New Front V2\Docgen-Backend)
2026-07-21 00:04:17 [restartedMain] DEBUG c.e.D.DocgenBackendApplication - Running with Spring Boot v4.0.6, Spring v7.0.7
2026-07-21 00:04:17 [restartedMain] INFO  c.e.D.DocgenBackendApplication - No active profile set, falling back to 1 default profile: "default"
2026-07-21 00:04:17 [restartedMain] INFO  o.s.b.d.e.DevToolsPropertyDefaultsPostProcessor - Devtools property defaults active! Set 'spring.devtools.add-properties' to 'false' to disable
2026-07-21 00:04:17 [restartedMain] INFO  o.s.b.d.e.DevToolsPropertyDefaultsPostProcessor - For additional web related logging consider setting the 'logging.level.web' property to 'DEBUG'
2026-07-21 00:04:18 [restartedMain] INFO  o.s.d.r.c.RepositoryConfigurationDelegate - Bootstrapping Spring Data JPA repositories in DEFAULT mode.
2026-07-21 00:04:18 [restartedMain] INFO  o.s.d.r.c.RepositoryConfigurationDelegate - Finished Spring Data repository scanning in 51 ms. Found 3 JPA repository interfaces.
2026-07-21 00:04:19 [restartedMain] INFO  o.s.boot.tomcat.TomcatWebServer - Tomcat initialized with port 8080 (http)
2026-07-21 00:04:19 [restartedMain] INFO  o.a.coyote.http11.Http11NioProtocol - Initializing ProtocolHandler ["http-nio-8080"]
2026-07-21 00:04:19 [restartedMain] INFO  o.a.catalina.core.StandardService - Starting service [Tomcat]
2026-07-21 00:04:19 [restartedMain] INFO  o.a.catalina.core.StandardEngine - Starting Servlet engine: [Apache Tomcat/11.0.21]
2026-07-21 00:04:19 [restartedMain] INFO  o.s.b.w.c.s.WebApplicationContextInitializer - Root WebApplicationContext: initialization completed in 1404 ms
2026-07-21 00:04:19 [restartedMain] DEBUG c.e.Docgen_Backend.config.JwtFilter - Filter 'jwtFilter' configured for use
2026-07-21 00:04:19 [restartedMain] INFO  org.hibernate.orm.jpa - HHH008540: Processing PersistenceUnitInfo [name: default]
2026-07-21 00:04:19 [restartedMain] INFO  org.hibernate.orm.core - HHH000001: Hibernate ORM core version 7.2.12.Final
2026-07-21 00:04:19 [restartedMain] INFO  o.s.o.j.p.SpringPersistenceUnitInfo - No LoadTimeWeaver setup: ignoring JPA class transformer
2026-07-21 00:04:20 [restartedMain] INFO  com.zaxxer.hikari.HikariDataSource - HikariPool-1 - Starting...
2026-07-21 00:04:20 [restartedMain] INFO  com.zaxxer.hikari.pool.HikariPool - HikariPool-1 - Added connection com.mysql.cj.jdbc.ConnectionImpl@6bc2a36e
2026-07-21 00:04:20 [restartedMain] INFO  com.zaxxer.hikari.HikariDataSource - HikariPool-1 - Start completed.
2026-07-21 00:04:20 [restartedMain] WARN  org.hibernate.orm.jdbc - HHH100045: Could not obtain connection metadata: java.sql.SQLSyntaxErrorException: Unknown column 'RESERVED' in 'WHERE'
2026-07-21 00:04:20 [restartedMain] WARN  org.hibernate.orm.deprecation - HHH90000025: MySQLDialect does not need to be specified explicitly using 'hibernate.dialect' (remove the property setting and it will be selected by default)
2026-07-21 00:04:20 [restartedMain] INFO  o.hibernate.orm.connections.pooling - HHH10001005: Database info:
	Database JDBC URL [undefined/unknown]
	Database driver: undefined/unknown
	Database dialect: MySQLDialect
	Database version: 8.0
	Default catalog/schema: unknown/unknown
	Autocommit mode: undefined/unknown
	Isolation level: NONE [default NONE]
	JDBC fetch size: undefined/unknown
	Pool: DataSourceConnectionProvider
	Minimum pool size: undefined/unknown
	Maximum pool size: undefined/unknown
2026-07-21 00:04:22 [restartedMain] INFO  org.hibernate.orm.core - HHH000489: No JTA platform available (set 'hibernate.transaction.jta.platform' to enable JTA platform integration)
2026-07-21 00:04:31 [restartedMain] INFO  o.s.o.j.LocalContainerEntityManagerFactoryBean - Initialized JPA EntityManagerFactory for persistence unit 'default'
2026-07-21 00:04:31 [restartedMain] INFO  o.s.d.j.r.q.QueryEnhancerFactories - Hibernate is in classpath; If applicable, HQL parser will be used.
2026-07-21 00:04:31 [restartedMain] INFO  o.s.s.c.a.a.c.InitializeUserDetailsBeanManagerConfigurer$InitializeUserDetailsManagerConfigurer - Global AuthenticationManager configured with UserDetailsService bean with name customUserDetailsService
2026-07-21 00:04:31 [restartedMain] WARN  o.s.b.j.a.JpaBaseConfiguration$JpaWebConfiguration - spring.jpa.open-in-view is enabled by default. Therefore, database queries may be performed during view rendering. Explicitly configure spring.jpa.open-in-view to disable this warning
2026-07-21 00:04:31 [restartedMain] INFO  o.a.coyote.http11.Http11NioProtocol - Starting ProtocolHandler ["http-nio-8080"]
2026-07-21 00:04:31 [restartedMain] INFO  o.s.boot.tomcat.TomcatWebServer - Tomcat started on port 8080 (http) with context path '/'
2026-07-21 00:04:31 [restartedMain] INFO  c.e.D.DocgenBackendApplication - Started DocgenBackendApplication in 14.68 seconds (process running for 15.432)
2026-07-21 00:04:39 [http-nio-8080-exec-2] INFO  o.a.c.c.C.[Tomcat].[localhost].[/] - Initializing Spring DispatcherServlet 'dispatcherServlet'
2026-07-21 00:04:39 [http-nio-8080-exec-2] INFO  o.s.web.servlet.DispatcherServlet - Initializing Servlet 'dispatcherServlet'
2026-07-21 00:04:39 [http-nio-8080-exec-2] INFO  o.s.web.servlet.DispatcherServlet - Completed initialization in 2 ms
2026-07-21 00:04:40 [http-nio-8080-exec-1] INFO  c.e.Docgen_Backend.config.JwtFilter - JWT validated successfully for userId=6a311365ec2c34f3d9e4f06e
2026-07-21 00:04:40 [http-nio-8080-exec-1] INFO  c.e.D.controller.UserController - GET /api/v2/users - Fetch all users request received | page=0, size=8, sortBy=id, direction=desc
2026-07-21 00:04:40 [http-nio-8080-exec-1] ERROR c.e.D.e.GlobalExceptionHandler - Unexpected error occurred
org.springframework.dao.InvalidDataAccessApiUsageException: No enum constant com.example.Docgen_Backend.entity.CompanyType.SMT
	at org.springframework.orm.jpa.EntityManagerFactoryUtils.convertJpaAccessExceptionIfPossible(EntityManagerFactoryUtils.java:464)
	at org.springframework.orm.jpa.hibernate.HibernateExceptionTranslator.translateExceptionIfPossible(HibernateExceptionTranslator.java:112)
	at org.springframework.orm.jpa.vendor.HibernateJpaDialect.translateExceptionIfPossible(HibernateJpaDialect.java:223)
	at org.springframework.orm.jpa.AbstractEntityManagerFactoryBean.translateExceptionIfPossible(AbstractEntityManagerFactoryBean.java:576)
	at org.springframework.dao.support.ChainedPersistenceExceptionTranslator.translateExceptionIfPossible(ChainedPersistenceExceptionTranslator.java:61)
	at org.springframework.dao.support.DataAccessUtils.translateIfNecessary(DataAccessUtils.java:346)
	at org.springframework.dao.support.PersistenceExceptionTranslationInterceptor.invoke(PersistenceExceptionTranslationInterceptor.java:157)
	at org.springframework.aop.framework.ReflectiveMethodInvocation.proceed(ReflectiveMethodInvocation.java:179)
	at org.springframework.data.jpa.repository.support.CrudMethodMetadataPostProcessor$CrudMethodMetadataPopulatingMethodInterceptor.invoke(CrudMethodMetadataPostProcessor.java:166)
	at org.springframework.aop.framework.ReflectiveMethodInvocation.proceed(ReflectiveMethodInvocation.java:179)
	at org.springframework.aop.framework.JdkDynamicAopProxy.invoke(JdkDynamicAopProxy.java:222)
	at jdk.proxy4/jdk.proxy4.$Proxy163.findAll(Unknown Source)
	at com.example.Docgen_Backend.service.impl.UserServiceImpl.getAllUserProfiles(UserServiceImpl.java:345)
	at java.base/jdk.internal.reflect.DirectMethodHandleAccessor.invoke(DirectMethodHandleAccessor.java:103)
	at java.base/java.lang.reflect.Method.invoke(Method.java:580)
	at org.springframework.aop.support.AopUtils.invokeJoinpointUsingReflection(AopUtils.java:359)
	at org.springframework.aop.framework.CglibAopProxy$DynamicAdvisedInterceptor.intercept(CglibAopProxy.java:715)
	at com.example.Docgen_Backend.service.impl.UserServiceImpl$$SpringCGLIB$$0.getAllUserProfiles(<generated>)
	at com.example.Docgen_Backend.controller.UserController.getAllUserProfiles(UserController.java:107)
	at java.base/jdk.internal.reflect.DirectMethodHandleAccessor.invoke(DirectMethodHandleAccessor.java:103)
	at java.base/java.lang.reflect.Method.invoke(Method.java:580)
	at org.springframework.web.method.support.InvocableHandlerMethod.doInvoke(InvocableHandlerMethod.java:252)
	at org.springframework.web.method.support.InvocableHandlerMethod.invokeForRequest(InvocableHandlerMethod.java:184)
	at org.springframework.web.servlet.mvc.method.annotation.ServletInvocableHandlerMethod.invokeAndHandle(ServletInvocableHandlerMethod.java:117)
	at org.springframework.web.servlet.mvc.method.annotation.RequestMappingHandlerAdapter.invokeHandlerMethod(RequestMappingHandlerAdapter.java:934)
	at org.springframework.web.servlet.mvc.method.annotation.RequestMappingHandlerAdapter.handleInternal(RequestMappingHandlerAdapter.java:853)
	at org.springframework.web.servlet.mvc.method.AbstractHandlerMethodAdapter.handle(AbstractHandlerMethodAdapter.java:86)
	at org.springframework.web.servlet.DispatcherServlet.doDispatch(DispatcherServlet.java:963)
	at org.springframework.web.servlet.DispatcherServlet.doService(DispatcherServlet.java:866)
	at org.springframework.web.servlet.FrameworkServlet.processRequest(FrameworkServlet.java:1000)
	at org.springframework.web.servlet.FrameworkServlet.doGet(FrameworkServlet.java:892)
	at jakarta.servlet.http.HttpServlet.service(HttpServlet.java:622)
	at org.springframework.web.servlet.FrameworkServlet.service(FrameworkServlet.java:874)
	at jakarta.servlet.http.HttpServlet.service(HttpServlet.java:710)
	at org.apache.catalina.core.ApplicationFilterChain.doFilter(ApplicationFilterChain.java:128)
	at org.apache.tomcat.websocket.server.WsFilter.doFilter(WsFilter.java:53)
	at org.apache.catalina.core.ApplicationFilterChain.doFilter(ApplicationFilterChain.java:107)
	at org.springframework.web.filter.OncePerRequestFilter.doFilter(OncePerRequestFilter.java:110)
	at org.apache.catalina.core.ApplicationFilterChain.doFilter(ApplicationFilterChain.java:107)
	at org.springframework.web.filter.CompositeFilter$VirtualFilterChain.doFilter(CompositeFilter.java:108)
	at org.springframework.security.web.FilterChainProxy.lambda$doFilterInternal$3(FilterChainProxy.java:235)
	at org.springframework.security.web.FilterChainProxy$VirtualFilterChain.doFilter(FilterChainProxy.java:376)
	at org.springframework.security.web.access.intercept.AuthorizationFilter.doFilter(AuthorizationFilter.java:101)
	at org.springframework.security.web.FilterChainProxy$VirtualFilterChain.doFilter(FilterChainProxy.java:385)
	at org.springframework.security.web.access.ExceptionTranslationFilter.doFilter(ExceptionTranslationFilter.java:126)
	at org.springframework.security.web.access.ExceptionTranslationFilter.doFilter(ExceptionTranslationFilter.java:120)
	at org.springframework.security.web.FilterChainProxy$VirtualFilterChain.doFilter(FilterChainProxy.java:385)
	at org.springframework.security.web.session.SessionManagementFilter.doFilter(SessionManagementFilter.java:132)
	at org.springframework.security.web.session.SessionManagementFilter.doFilter(SessionManagementFilter.java:86)
	at org.springframework.security.web.FilterChainProxy$VirtualFilterChain.doFilter(FilterChainProxy.java:385)
	at org.springframework.security.web.authentication.AnonymousAuthenticationFilter.doFilter(AnonymousAuthenticationFilter.java:100)
	at org.springframework.security.web.FilterChainProxy$VirtualFilterChain.doFilter(FilterChainProxy.java:385)
	at org.springframework.security.web.servletapi.SecurityContextHolderAwareRequestFilter.doFilter(SecurityContextHolderAwareRequestFilter.java:181)
	at org.springframework.security.web.FilterChainProxy$VirtualFilterChain.doFilter(FilterChainProxy.java:385)
	at org.springframework.security.web.savedrequest.RequestCacheAwareFilter.doFilter(RequestCacheAwareFilter.java:63)
	at org.springframework.security.web.FilterChainProxy$VirtualFilterChain.doFilter(FilterChainProxy.java:385)
	at com.example.Docgen_Backend.config.JwtFilter.doFilterInternal(JwtFilter.java:111)
	at org.springframework.web.filter.OncePerRequestFilter.doFilter(OncePerRequestFilter.java:116)
	at org.springframework.security.web.FilterChainProxy$VirtualFilterChain.doFilter(FilterChainProxy.java:385)
	at org.springframework.security.web.authentication.logout.LogoutFilter.doFilter(LogoutFilter.java:110)
	at org.springframework.security.web.authentication.logout.LogoutFilter.doFilter(LogoutFilter.java:96)
	at org.springframework.security.web.FilterChainProxy$VirtualFilterChain.doFilter(FilterChainProxy.java:385)
	at org.springframework.web.filter.CorsFilter.doFilterInternal(CorsFilter.java:91)
	at org.springframework.web.filter.OncePerRequestFilter.doFilter(OncePerRequestFilter.java:116)
	at org.springframework.security.web.FilterChainProxy$VirtualFilterChain.doFilter(FilterChainProxy.java:385)
	at org.springframework.security.web.header.HeaderWriterFilter.doHeadersAfter(HeaderWriterFilter.java:90)
	at org.springframework.security.web.header.HeaderWriterFilter.doFilterInternal(HeaderWriterFilter.java:75)
	at org.springframework.web.filter.OncePerRequestFilter.doFilter(OncePerRequestFilter.java:116)
	at org.springframework.security.web.FilterChainProxy$VirtualFilterChain.doFilter(FilterChainProxy.java:385)
	at org.springframework.security.web.context.SecurityContextHolderFilter.doFilter(SecurityContextHolderFilter.java:82)
	at org.springframework.security.web.context.SecurityContextHolderFilter.doFilter(SecurityContextHolderFilter.java:69)
	at org.springframework.security.web.FilterChainProxy$VirtualFilterChain.doFilter(FilterChainProxy.java:385)
	at org.springframework.security.web.context.request.async.WebAsyncManagerIntegrationFilter.doFilterInternal(WebAsyncManagerIntegrationFilter.java:62)
	at org.springframework.web.filter.OncePerRequestFilter.doFilter(OncePerRequestFilter.java:116)
	at org.springframework.security.web.FilterChainProxy$VirtualFilterChain.doFilter(FilterChainProxy.java:385)
	at org.springframework.security.web.session.DisableEncodeUrlFilter.doFilterInternal(DisableEncodeUrlFilter.java:42)
	at org.springframework.web.filter.OncePerRequestFilter.doFilter(OncePerRequestFilter.java:116)
	at org.springframework.security.web.FilterChainProxy$VirtualFilterChain.doFilter(FilterChainProxy.java:385)
	at org.springframework.security.web.FilterChainProxy.doFilterInternal(FilterChainProxy.java:237)
	at org.springframework.security.web.FilterChainProxy.doFilter(FilterChainProxy.java:195)
	at org.springframework.web.filter.CompositeFilter$VirtualFilterChain.doFilter(CompositeFilter.java:113)
	at org.springframework.web.filter.ServletRequestPathFilter.doFilter(ServletRequestPathFilter.java:52)
	at org.springframework.web.filter.CompositeFilter$VirtualFilterChain.doFilter(CompositeFilter.java:113)
	at org.springframework.web.filter.CompositeFilter.doFilter(CompositeFilter.java:74)
	at org.springframework.security.config.annotation.web.configuration.WebSecurityConfiguration$CompositeFilterChainProxy.doFilter(WebSecurityConfiguration.java:317)
	at org.springframework.web.filter.DelegatingFilterProxy.invokeDelegate(DelegatingFilterProxy.java:355)
	at org.springframework.web.filter.DelegatingFilterProxy.doFilter(DelegatingFilterProxy.java:272)
	at org.apache.catalina.core.ApplicationFilterChain.doFilter(ApplicationFilterChain.java:107)
	at org.springframework.web.filter.RequestContextFilter.doFilterInternal(RequestContextFilter.java:100)
	at org.springframework.web.filter.OncePerRequestFilter.doFilter(OncePerRequestFilter.java:116)
	at org.apache.catalina.core.ApplicationFilterChain.doFilter(ApplicationFilterChain.java:107)
	at org.springframework.web.filter.FormContentFilter.doFilterInternal(FormContentFilter.java:93)
	at org.springframework.web.filter.OncePerRequestFilter.doFilter(OncePerRequestFilter.java:116)
	at org.apache.catalina.core.ApplicationFilterChain.doFilter(ApplicationFilterChain.java:107)
	at org.springframework.web.filter.CharacterEncodingFilter.doFilterInternal(CharacterEncodingFilter.java:199)
	at org.springframework.web.filter.OncePerRequestFilter.doFilter(OncePerRequestFilter.java:116)
	at org.apache.catalina.core.ApplicationFilterChain.doFilter(ApplicationFilterChain.java:107)
	at org.apache.catalina.core.StandardWrapperValve.invoke(StandardWrapperValve.java:165)
	at org.apache.catalina.core.StandardContextValve.invoke(StandardContextValve.java:77)
	at org.apache.catalina.authenticator.AuthenticatorBase.invoke(AuthenticatorBase.java:492)
	at org.apache.catalina.core.StandardHostValve.invoke(StandardHostValve.java:113)
	at org.apache.catalina.valves.ErrorReportValve.invoke(ErrorReportValve.java:83)
	at org.apache.catalina.core.StandardEngineValve.invoke(StandardEngineValve.java:72)
	at org.apache.catalina.connector.CoyoteAdapter.service(CoyoteAdapter.java:341)
	at org.apache.coyote.http11.Http11Processor.service(Http11Processor.java:397)
	at org.apache.coyote.AbstractProcessorLight.process(AbstractProcessorLight.java:63)
	at org.apache.coyote.AbstractProtocol$ConnectionHandler.process(AbstractProtocol.java:903)
	at org.apache.tomcat.util.net.NioEndpoint$SocketProcessor.doRun(NioEndpoint.java:1801)
	at org.apache.tomcat.util.net.SocketProcessorBase.run(SocketProcessorBase.java:52)
	at org.apache.tomcat.util.threads.ThreadPoolExecutor.runWorker(ThreadPoolExecutor.java:946)
	at org.apache.tomcat.util.threads.ThreadPoolExecutor$Worker.run(ThreadPoolExecutor.java:480)
	at org.apache.tomcat.util.threads.TaskThread$WrappingRunnable.run(TaskThread.java:57)
	at java.base/java.lang.Thread.run(Thread.java:1583)
Caused by: java.lang.IllegalArgumentException: No enum constant com.example.Docgen_Backend.entity.CompanyType.SMT
	at java.base/java.lang.Enum.valueOf(Enum.java:293)
	at org.hibernate.type.descriptor.java.EnumJavaType.fromName(EnumJavaType.java:262)
	at org.hibernate.type.descriptor.java.EnumJavaType.wrap(EnumJavaType.java:129)
	at org.hibernate.type.descriptor.java.EnumJavaType.wrap(EnumJavaType.java:36)
	at org.hibernate.type.descriptor.jdbc.EnumJdbcType$2.doExtract(EnumJdbcType.java:88)
	at org.hibernate.type.descriptor.jdbc.BasicExtractor.extract(BasicExtractor.java:42)
	at org.hibernate.sql.results.jdbc.internal.JdbcValuesResultSetImpl.getCurrentRowValue(JdbcValuesResultSetImpl.java:381)
	at org.hibernate.sql.results.internal.RowProcessingStateStandardImpl.getJdbcValue(RowProcessingStateStandardImpl.java:148)
	at org.hibernate.sql.results.graph.basic.BasicResultAssembler.extractRawValue(BasicResultAssembler.java:52)
	at org.hibernate.sql.results.graph.basic.BasicResultAssembler.assemble(BasicResultAssembler.java:58)
	at org.hibernate.sql.results.graph.entity.internal.EntityInitializerImpl.extractConcreteTypeStateValues(EntityInitializerImpl.java:1890)
	at org.hibernate.sql.results.graph.entity.internal.EntityInitializerImpl.initializeEntityInstance(EntityInitializerImpl.java:1578)
	at org.hibernate.sql.results.graph.entity.internal.EntityInitializerImpl.initializeInstance(EntityInitializerImpl.java:1501)
	at org.hibernate.sql.results.graph.entity.internal.EntityInitializerImpl.initializeInstance(EntityInitializerImpl.java:80)
	at org.hibernate.sql.results.internal.StandardRowReader.coordinateInitializers(StandardRowReader.java:239)
	at org.hibernate.sql.results.internal.StandardRowReader.readRow(StandardRowReader.java:137)
	at org.hibernate.sql.results.spi.ListResultsConsumer.readUnique(ListResultsConsumer.java:277)
	at org.hibernate.sql.results.spi.ListResultsConsumer.readRows(ListResultsConsumer.java:227)
	at org.hibernate.sql.results.spi.ListResultsConsumer.consume(ListResultsConsumer.java:164)
	at org.hibernate.sql.results.spi.ListResultsConsumer.consume(ListResultsConsumer.java:31)
	at org.hibernate.sql.exec.internal.JdbcSelectExecutorStandardImpl.doExecuteQuery(JdbcSelectExecutorStandardImpl.java:213)
	at org.hibernate.sql.exec.internal.JdbcSelectExecutorStandardImpl.executeQuery(JdbcSelectExecutorStandardImpl.java:100)
	at org.hibernate.sql.exec.spi.JdbcSelectExecutor.executeQuery(JdbcSelectExecutor.java:63)
	at org.hibernate.sql.exec.spi.JdbcSelectExecutor.list(JdbcSelectExecutor.java:137)
	at org.hibernate.loader.ast.internal.SingleUniqueKeyEntityLoaderStandard.list(SingleUniqueKeyEntityLoaderStandard.java:155)
	at org.hibernate.loader.ast.internal.SingleUniqueKeyEntityLoaderStandard.load(SingleUniqueKeyEntityLoaderStandard.java:108)
	at org.hibernate.persister.entity.AbstractEntityPersister.loadByUniqueKey(AbstractEntityPersister.java:2553)
	at org.hibernate.persister.entity.AbstractEntityPersister.loadByUniqueKey(AbstractEntityPersister.java:2545)
	at org.hibernate.sql.results.graph.entity.internal.EntitySelectFetchByUniqueKeyInitializer.initialize(EntitySelectFetchByUniqueKeyInitializer.java:55)
	at org.hibernate.sql.results.graph.entity.internal.EntitySelectFetchInitializer.resolveInstance(EntitySelectFetchInitializer.java:140)
	at org.hibernate.sql.results.graph.entity.internal.EntitySelectFetchInitializer.resolveInstance(EntitySelectFetchInitializer.java:39)
	at org.hibernate.sql.results.internal.StandardRowReader.coordinateInitializers(StandardRowReader.java:234)
	at org.hibernate.sql.results.internal.StandardRowReader.readRow(StandardRowReader.java:137)
	at org.hibernate.sql.results.spi.ListResultsConsumer.readUnique(ListResultsConsumer.java:277)
	at org.hibernate.sql.results.spi.ListResultsConsumer.readRows(ListResultsConsumer.java:227)
	at org.hibernate.sql.results.spi.ListResultsConsumer.consume(ListResultsConsumer.java:164)
	at org.hibernate.sql.results.spi.ListResultsConsumer.consume(ListResultsConsumer.java:31)
	at org.hibernate.sql.exec.internal.JdbcSelectExecutorStandardImpl.doExecuteQuery(JdbcSelectExecutorStandardImpl.java:213)
	at org.hibernate.sql.exec.internal.JdbcSelectExecutorStandardImpl.executeQuery(JdbcSelectExecutorStandardImpl.java:100)
	at org.hibernate.sql.exec.spi.JdbcSelectExecutor.executeQuery(JdbcSelectExecutor.java:63)
	at org.hibernate.sql.exec.spi.JdbcSelectExecutor.list(JdbcSelectExecutor.java:137)
	at org.hibernate.loader.ast.internal.SingleUniqueKeyEntityLoaderStandard.list(SingleUniqueKeyEntityLoaderStandard.java:155)
	at org.hibernate.loader.ast.internal.SingleUniqueKeyEntityLoaderStandard.load(SingleUniqueKeyEntityLoaderStandard.java:108)
	at org.hibernate.persister.entity.AbstractEntityPersister.loadByUniqueKey(AbstractEntityPersister.java:2553)
	at org.hibernate.persister.entity.AbstractEntityPersister.loadByUniqueKey(AbstractEntityPersister.java:2545)
	at org.hibernate.sql.results.graph.entity.internal.EntitySelectFetchByUniqueKeyInitializer.initialize(EntitySelectFetchByUniqueKeyInitializer.java:55)
	at org.hibernate.sql.results.graph.entity.internal.EntitySelectFetchInitializer.resolveInstance(EntitySelectFetchInitializer.java:140)
	at org.hibernate.sql.results.graph.entity.internal.EntitySelectFetchInitializer.resolveInstance(EntitySelectFetchInitializer.java:39)
	at org.hibernate.sql.results.internal.StandardRowReader.coordinateInitializers(StandardRowReader.java:234)
	at org.hibernate.sql.results.internal.StandardRowReader.readRow(StandardRowReader.java:137)
	at org.hibernate.sql.results.spi.ListResultsConsumer.readUnique(ListResultsConsumer.java:277)
	at org.hibernate.sql.results.spi.ListResultsConsumer.readRows(ListResultsConsumer.java:227)
	at org.hibernate.sql.results.spi.ListResultsConsumer.consume(ListResultsConsumer.java:164)
	at org.hibernate.sql.results.spi.ListResultsConsumer.consume(ListResultsConsumer.java:31)
	at org.hibernate.sql.exec.internal.JdbcSelectExecutorStandardImpl.doExecuteQuery(JdbcSelectExecutorStandardImpl.java:213)
	at org.hibernate.sql.exec.internal.JdbcSelectExecutorStandardImpl.executeQuery(JdbcSelectExecutorStandardImpl.java:100)
	at org.hibernate.sql.exec.spi.JdbcSelectExecutor.executeQuery(JdbcSelectExecutor.java:63)
	at org.hibernate.sql.exec.spi.JdbcSelectExecutor.list(JdbcSelectExecutor.java:137)
	at org.hibernate.loader.ast.internal.SingleUniqueKeyEntityLoaderStandard.list(SingleUniqueKeyEntityLoaderStandard.java:155)
	at org.hibernate.loader.ast.internal.SingleUniqueKeyEntityLoaderStandard.load(SingleUniqueKeyEntityLoaderStandard.java:108)
	at org.hibernate.persister.entity.AbstractEntityPersister.loadByUniqueKey(AbstractEntityPersister.java:2553)
	at org.hibernate.persister.entity.AbstractEntityPersister.loadByUniqueKey(AbstractEntityPersister.java:2545)
	at org.hibernate.sql.results.graph.entity.internal.EntitySelectFetchByUniqueKeyInitializer.initialize(EntitySelectFetchByUniqueKeyInitializer.java:55)
	at org.hibernate.sql.results.graph.entity.internal.EntitySelectFetchInitializer.resolveInstance(EntitySelectFetchInitializer.java:140)
	at org.hibernate.sql.results.graph.entity.internal.EntitySelectFetchInitializer.resolveInstance(EntitySelectFetchInitializer.java:39)
	at org.hibernate.sql.results.internal.StandardRowReader.coordinateInitializers(StandardRowReader.java:234)
	at org.hibernate.sql.results.internal.StandardRowReader.readRow(StandardRowReader.java:137)
	at org.hibernate.sql.results.spi.ListResultsConsumer.read(ListResultsConsumer.java:243)
	at org.hibernate.sql.results.spi.ListResultsConsumer.readRows(ListResultsConsumer.java:233)
	at org.hibernate.sql.results.spi.ListResultsConsumer.consume(ListResultsConsumer.java:164)
	at org.hibernate.sql.results.spi.ListResultsConsumer.consume(ListResultsConsumer.java:31)
	at org.hibernate.sql.exec.internal.JdbcSelectExecutorStandardImpl.doExecuteQuery(JdbcSelectExecutorStandardImpl.java:213)
	at org.hibernate.sql.exec.internal.JdbcSelectExecutorStandardImpl.executeQuery(JdbcSelectExecutorStandardImpl.java:100)
	at org.hibernate.sql.exec.spi.JdbcSelectExecutor.executeQuery(JdbcSelectExecutor.java:63)
	at org.hibernate.sql.exec.spi.JdbcSelectExecutor.list(JdbcSelectExecutor.java:137)
	at org.hibernate.query.sqm.internal.ConcreteSqmSelectQueryPlan.lambda$new$1(ConcreteSqmSelectQueryPlan.java:134)
	at org.hibernate.query.sqm.internal.ConcreteSqmSelectQueryPlan.withCacheableSqmInterpretation(ConcreteSqmSelectQueryPlan.java:464)
	at org.hibernate.query.sqm.internal.ConcreteSqmSelectQueryPlan.performList(ConcreteSqmSelectQueryPlan.java:392)
	at org.hibernate.query.sqm.internal.SqmQueryImpl.doList(SqmQueryImpl.java:374)
	at org.hibernate.query.spi.AbstractSelectionQuery.list(AbstractSelectionQuery.java:153)
	at org.hibernate.query.Query.getResultList(Query.java:121)
	at org.springframework.data.jpa.repository.support.SimpleJpaRepository.readPage(SimpleJpaRepository.java:745)
	at org.springframework.data.jpa.repository.support.SimpleJpaRepository.findAll(SimpleJpaRepository.java:480)
	at org.springframework.data.jpa.repository.support.SimpleJpaRepository.findAll(SimpleJpaRepository.java:469)
	at org.springframework.data.jpa.repository.support.SimpleJpaRepository.findAll(SimpleJpaRepository.java:454)
	at java.base/jdk.internal.reflect.DirectMethodHandleAccessor.invoke(DirectMethodHandleAccessor.java:103)
	at java.base/java.lang.reflect.Method.invoke(Method.java:580)
	at org.springframework.aop.support.AopUtils.invokeJoinpointUsingReflection(AopUtils.java:359)
	at org.springframework.data.repository.core.support.RepositoryMethodInvoker$RepositoryFragmentMethodInvoker.lambda$new$0(RepositoryMethodInvoker.java:278)
	at org.springframework.data.repository.core.support.RepositoryMethodInvoker.doInvoke(RepositoryMethodInvoker.java:169)
	at org.springframework.data.repository.core.support.RepositoryMethodInvoker.invoke(RepositoryMethodInvoker.java:158)
	at org.springframework.data.repository.core.support.RepositoryComposition$RepositoryFragments.invoke(RepositoryComposition.java:545)
	at org.springframework.data.repository.core.support.RepositoryComposition.invoke(RepositoryComposition.java:290)
	at org.springframework.data.repository.core.support.RepositoryFactorySupport$ImplementationMethodExecutionInterceptor.invoke(RepositoryFactorySupport.java:690)
	at org.springframework.aop.framework.ReflectiveMethodInvocation.proceed(ReflectiveMethodInvocation.java:179)
	at org.springframework.data.repository.core.support.QueryExecutorMethodInterceptor.doInvoke(QueryExecutorMethodInterceptor.java:171)
	at org.springframework.data.repository.core.support.QueryExecutorMethodInterceptor.invoke(QueryExecutorMethodInterceptor.java:146)
	at org.springframework.aop.framework.ReflectiveMethodInvocation.proceed(ReflectiveMethodInvocation.java:179)
	at org.springframework.data.projection.DefaultMethodInvokingMethodInterceptor.invoke(DefaultMethodInvokingMethodInterceptor.java:69)
	at org.springframework.aop.framework.ReflectiveMethodInvocation.proceed(ReflectiveMethodInvocation.java:179)
	at org.springframework.transaction.interceptor.TransactionInterceptor$1.proceedWithInvocation(TransactionInterceptor.java:133)
	at org.springframework.transaction.interceptor.TransactionAspectSupport.invokeWithinTransaction(TransactionAspectSupport.java:371)
	at org.springframework.transaction.interceptor.TransactionInterceptor.invoke(TransactionInterceptor.java:130)
	at org.springframework.aop.framework.ReflectiveMethodInvocation.proceed(ReflectiveMethodInvocation.java:179)
	at org.springframework.dao.support.PersistenceExceptionTranslationInterceptor.invoke(PersistenceExceptionTranslationInterceptor.java:135)
	... 106 common frames omitted
2026-07-21 00:04:40 [http-nio-8080-exec-1] WARN  o.s.w.s.m.m.a.ExceptionHandlerExceptionResolver - Resolved [org.springframework.dao.InvalidDataAccessApiUsageException: No enum constant com.example.Docgen_Backend.entity.CompanyType.SMT]
2026-07-21 00:04:40 [http-nio-8080-exec-3] INFO  c.e.Docgen_Backend.config.JwtFilter - JWT validated successfully for userId=6a311365ec2c34f3d9e4f06e
2026-07-21 00:04:40 [http-nio-8080-exec-3] INFO  c.e.D.controller.UserController - GET /api/v2/users - Fetch all users request received | page=0, size=8, sortBy=id, direction=desc
2026-07-21 00:04:41 [http-nio-8080-exec-3] ERROR c.e.D.e.GlobalExceptionHandler - Unexpected error occurred
org.springframework.dao.InvalidDataAccessApiUsageException: No enum constant com.example.Docgen_Backend.entity.CompanyType.SMT
	at org.springframework.orm.jpa.EntityManagerFactoryUtils.convertJpaAccessExceptionIfPossible(EntityManagerFactoryUtils.java:464)
	at org.springframework.orm.jpa.hibernate.HibernateExceptionTranslator.translateExceptionIfPossible(HibernateExceptionTranslator.java:112)
	at org.springframework.orm.jpa.vendor.HibernateJpaDialect.translateExceptionIfPossible(HibernateJpaDialect.java:223)
	at org.springframework.orm.jpa.AbstractEntityManagerFactoryBean.translateExceptionIfPossible(AbstractEntityManagerFactoryBean.java:576)
	at org.springframework.dao.support.ChainedPersistenceExceptionTranslator.translateExceptionIfPossible(ChainedPersistenceExceptionTranslator.java:61)
	at org.springframework.dao.support.DataAccessUtils.translateIfNecessary(DataAccessUtils.java:346)
	at org.springframework.dao.support.PersistenceExceptionTranslationInterceptor.invoke(PersistenceExceptionTranslationInterceptor.java:157)
	at org.springframework.aop.framework.ReflectiveMethodInvocation.proceed(ReflectiveMethodInvocation.java:179)
	at org.springframework.data.jpa.repository.support.CrudMethodMetadataPostProcessor$CrudMethodMetadataPopulatingMethodInterceptor.invoke(CrudMethodMetadataPostProcessor.java:166)
	at org.springframework.aop.framework.ReflectiveMethodInvocation.proceed(ReflectiveMethodInvocation.java:179)
	at org.springframework.aop.framework.JdkDynamicAopProxy.invoke(JdkDynamicAopProxy.java:222)
	at jdk.proxy4/jdk.proxy4.$Proxy163.findAll(Unknown Source)
	at com.example.Docgen_Backend.service.impl.UserServiceImpl.getAllUserProfiles(UserServiceImpl.java:345)
	at java.base/jdk.internal.reflect.DirectMethodHandleAccessor.invoke(DirectMethodHandleAccessor.java:103)
	at java.base/java.lang.reflect.Method.invoke(Method.java:580)
	at org.springframework.aop.support.AopUtils.invokeJoinpointUsingReflection(AopUtils.java:359)
	at org.springframework.aop.framework.CglibAopProxy$DynamicAdvisedInterceptor.intercept(CglibAopProxy.java:715)
	at com.example.Docgen_Backend.service.impl.UserServiceImpl$$SpringCGLIB$$0.getAllUserProfiles(<generated>)
	at com.example.Docgen_Backend.controller.UserController.getAllUserProfiles(UserController.java:107)
	at java.base/jdk.internal.reflect.DirectMethodHandleAccessor.invoke(DirectMethodHandleAccessor.java:103)
	at java.base/java.lang.reflect.Method.invoke(Method.java:580)
	at org.springframework.web.method.support.InvocableHandlerMethod.doInvoke(InvocableHandlerMethod.java:252)
	at org.springframework.web.method.support.InvocableHandlerMethod.invokeForRequest(InvocableHandlerMethod.java:184)
	at org.springframework.web.servlet.mvc.method.annotation.ServletInvocableHandlerMethod.invokeAndHandle(ServletInvocableHandlerMethod.java:117)
	at org.springframework.web.servlet.mvc.method.annotation.RequestMappingHandlerAdapter.invokeHandlerMethod(RequestMappingHandlerAdapter.java:934)
	at org.springframework.web.servlet.mvc.method.annotation.RequestMappingHandlerAdapter.handleInternal(RequestMappingHandlerAdapter.java:853)
	at org.springframework.web.servlet.mvc.method.AbstractHandlerMethodAdapter.handle(AbstractHandlerMethodAdapter.java:86)
	at org.springframework.web.servlet.DispatcherServlet.doDispatch(DispatcherServlet.java:963)
	at org.springframework.web.servlet.DispatcherServlet.doService(DispatcherServlet.java:866)
	at org.springframework.web.servlet.FrameworkServlet.processRequest(FrameworkServlet.java:1000)
	at org.springframework.web.servlet.FrameworkServlet.doGet(FrameworkServlet.java:892)
	at jakarta.servlet.http.HttpServlet.service(HttpServlet.java:622)
	at org.springframework.web.servlet.FrameworkServlet.service(FrameworkServlet.java:874)
	at jakarta.servlet.http.HttpServlet.service(HttpServlet.java:710)
	at org.apache.catalina.core.ApplicationFilterChain.doFilter(ApplicationFilterChain.java:128)
	at org.apache.tomcat.websocket.server.WsFilter.doFilter(WsFilter.java:53)
	at org.apache.catalina.core.ApplicationFilterChain.doFilter(ApplicationFilterChain.java:107)
	at org.springframework.web.filter.OncePerRequestFilter.doFilter(OncePerRequestFilter.java:110)
	at org.apache.catalina.core.ApplicationFilterChain.doFilter(ApplicationFilterChain.java:107)
	at org.springframework.web.filter.CompositeFilter$VirtualFilterChain.doFilter(CompositeFilter.java:108)
	at org.springframework.security.web.FilterChainProxy.lambda$doFilterInternal$3(FilterChainProxy.java:235)
	at org.springframework.security.web.FilterChainProxy$VirtualFilterChain.doFilter(FilterChainProxy.java:376)
	at org.springframework.security.web.access.intercept.AuthorizationFilter.doFilter(AuthorizationFilter.java:101)
	at org.springframework.security.web.FilterChainProxy$VirtualFilterChain.doFilter(FilterChainProxy.java:385)
	at org.springframework.security.web.access.ExceptionTranslationFilter.doFilter(ExceptionTranslationFilter.java:126)
	at org.springframework.security.web.access.ExceptionTranslationFilter.doFilter(ExceptionTranslationFilter.java:120)
	at org.springframework.security.web.FilterChainProxy$VirtualFilterChain.doFilter(FilterChainProxy.java:385)
	at org.springframework.security.web.session.SessionManagementFilter.doFilter(SessionManagementFilter.java:132)
	at org.springframework.security.web.session.SessionManagementFilter.doFilter(SessionManagementFilter.java:86)
	at org.springframework.security.web.FilterChainProxy$VirtualFilterChain.doFilter(FilterChainProxy.java:385)
	at org.springframework.security.web.authentication.AnonymousAuthenticationFilter.doFilter(AnonymousAuthenticationFilter.java:100)
	at org.springframework.security.web.FilterChainProxy$VirtualFilterChain.doFilter(FilterChainProxy.java:385)
	at org.springframework.security.web.servletapi.SecurityContextHolderAwareRequestFilter.doFilter(SecurityContextHolderAwareRequestFilter.java:181)
	at org.springframework.security.web.FilterChainProxy$VirtualFilterChain.doFilter(FilterChainProxy.java:385)
	at org.springframework.security.web.savedrequest.RequestCacheAwareFilter.doFilter(RequestCacheAwareFilter.java:63)
	at org.springframework.security.web.FilterChainProxy$VirtualFilterChain.doFilter(FilterChainProxy.java:385)
	at com.example.Docgen_Backend.config.JwtFilter.doFilterInternal(JwtFilter.java:111)
	at org.springframework.web.filter.OncePerRequestFilter.doFilter(OncePerRequestFilter.java:116)
	at org.springframework.security.web.FilterChainProxy$VirtualFilterChain.doFilter(FilterChainProxy.java:385)
	at org.springframework.security.web.authentication.logout.LogoutFilter.doFilter(LogoutFilter.java:110)
	at org.springframework.security.web.authentication.logout.LogoutFilter.doFilter(LogoutFilter.java:96)
	at org.springframework.security.web.FilterChainProxy$VirtualFilterChain.doFilter(FilterChainProxy.java:385)
	at org.springframework.web.filter.CorsFilter.doFilterInternal(CorsFilter.java:91)
	at org.springframework.web.filter.OncePerRequestFilter.doFilter(OncePerRequestFilter.java:116)
	at org.springframework.security.web.FilterChainProxy$VirtualFilterChain.doFilter(FilterChainProxy.java:385)
	at org.springframework.security.web.header.HeaderWriterFilter.doHeadersAfter(HeaderWriterFilter.java:90)
	at org.springframework.security.web.header.HeaderWriterFilter.doFilterInternal(HeaderWriterFilter.java:75)
	at org.springframework.web.filter.OncePerRequestFilter.doFilter(OncePerRequestFilter.java:116)
	at org.springframework.security.web.FilterChainProxy$VirtualFilterChain.doFilter(FilterChainProxy.java:385)
	at org.springframework.security.web.context.SecurityContextHolderFilter.doFilter(SecurityContextHolderFilter.java:82)
	at org.springframework.security.web.context.SecurityContextHolderFilter.doFilter(SecurityContextHolderFilter.java:69)
	at org.springframework.security.web.FilterChainProxy$VirtualFilterChain.doFilter(FilterChainProxy.java:385)
	at org.springframework.security.web.context.request.async.WebAsyncManagerIntegrationFilter.doFilterInternal(WebAsyncManagerIntegrationFilter.java:62)
	at org.springframework.web.filter.OncePerRequestFilter.doFilter(OncePerRequestFilter.java:116)
	at org.springframework.security.web.FilterChainProxy$VirtualFilterChain.doFilter(FilterChainProxy.java:385)
	at org.springframework.security.web.session.DisableEncodeUrlFilter.doFilterInternal(DisableEncodeUrlFilter.java:42)
	at org.springframework.web.filter.OncePerRequestFilter.doFilter(OncePerRequestFilter.java:116)
	at org.springframework.security.web.FilterChainProxy$VirtualFilterChain.doFilter(FilterChainProxy.java:385)
	at org.springframework.security.web.FilterChainProxy.doFilterInternal(FilterChainProxy.java:237)
	at org.springframework.security.web.FilterChainProxy.doFilter(FilterChainProxy.java:195)
	at org.springframework.web.filter.CompositeFilter$VirtualFilterChain.doFilter(CompositeFilter.java:113)
	at org.springframework.web.filter.ServletRequestPathFilter.doFilter(ServletRequestPathFilter.java:52)
	at org.springframework.web.filter.CompositeFilter$VirtualFilterChain.doFilter(CompositeFilter.java:113)
	at org.springframework.web.filter.CompositeFilter.doFilter(CompositeFilter.java:74)
	at org.springframework.security.config.annotation.web.configuration.WebSecurityConfiguration$CompositeFilterChainProxy.doFilter(WebSecurityConfiguration.java:317)
	at org.springframework.web.filter.DelegatingFilterProxy.invokeDelegate(DelegatingFilterProxy.java:355)
	at org.springframework.web.filter.DelegatingFilterProxy.doFilter(DelegatingFilterProxy.java:272)
	at org.apache.catalina.core.ApplicationFilterChain.doFilter(ApplicationFilterChain.java:107)
	at org.springframework.web.filter.RequestContextFilter.doFilterInternal(RequestContextFilter.java:100)
	at org.springframework.web.filter.OncePerRequestFilter.doFilter(OncePerRequestFilter.java:116)
	at org.apache.catalina.core.ApplicationFilterChain.doFilter(ApplicationFilterChain.java:107)
	at org.springframework.web.filter.FormContentFilter.doFilterInternal(FormContentFilter.java:93)
	at org.springframework.web.filter.OncePerRequestFilter.doFilter(OncePerRequestFilter.java:116)
	at org.apache.catalina.core.ApplicationFilterChain.doFilter(ApplicationFilterChain.java:107)
	at org.springframework.web.filter.CharacterEncodingFilter.doFilterInternal(CharacterEncodingFilter.java:199)
	at org.springframework.web.filter.OncePerRequestFilter.doFilter(OncePerRequestFilter.java:116)
	at org.apache.catalina.core.ApplicationFilterChain.doFilter(ApplicationFilterChain.java:107)
	at org.apache.catalina.core.StandardWrapperValve.invoke(StandardWrapperValve.java:165)
	at org.apache.catalina.core.StandardContextValve.invoke(StandardContextValve.java:77)
	at org.apache.catalina.authenticator.AuthenticatorBase.invoke(AuthenticatorBase.java:492)
	at org.apache.catalina.core.StandardHostValve.invoke(StandardHostValve.java:113)
	at org.apache.catalina.valves.ErrorReportValve.invoke(ErrorReportValve.java:83)
	at org.apache.catalina.core.StandardEngineValve.invoke(StandardEngineValve.java:72)
	at org.apache.catalina.connector.CoyoteAdapter.service(CoyoteAdapter.java:341)
	at org.apache.coyote.http11.Http11Processor.service(Http11Processor.java:397)
	at org.apache.coyote.AbstractProcessorLight.process(AbstractProcessorLight.java:63)
	at org.apache.coyote.AbstractProtocol$ConnectionHandler.process(AbstractProtocol.java:903)
	at org.apache.tomcat.util.net.NioEndpoint$SocketProcessor.doRun(NioEndpoint.java:1801)
	at org.apache.tomcat.util.net.SocketProcessorBase.run(SocketProcessorBase.java:52)
	at org.apache.tomcat.util.threads.ThreadPoolExecutor.runWorker(ThreadPoolExecutor.java:946)
	at org.apache.tomcat.util.threads.ThreadPoolExecutor$Worker.run(ThreadPoolExecutor.java:480)
	at org.apache.tomcat.util.threads.TaskThread$WrappingRunnable.run(TaskThread.java:57)
	at java.base/java.lang.Thread.run(Thread.java:1583)
Caused by: java.lang.IllegalArgumentException: No enum constant com.example.Docgen_Backend.entity.CompanyType.SMT
	at java.base/java.lang.Enum.valueOf(Enum.java:293)
	at org.hibernate.type.descriptor.java.EnumJavaType.fromName(EnumJavaType.java:262)
	at org.hibernate.type.descriptor.java.EnumJavaType.wrap(EnumJavaType.java:129)
	at org.hibernate.type.descriptor.java.EnumJavaType.wrap(EnumJavaType.java:36)
	at org.hibernate.type.descriptor.jdbc.EnumJdbcType$2.doExtract(EnumJdbcType.java:88)
	at org.hibernate.type.descriptor.jdbc.BasicExtractor.extract(BasicExtractor.java:42)
	at org.hibernate.sql.results.jdbc.internal.JdbcValuesResultSetImpl.getCurrentRowValue(JdbcValuesResultSetImpl.java:381)
	at org.hibernate.sql.results.internal.RowProcessingStateStandardImpl.getJdbcValue(RowProcessingStateStandardImpl.java:148)
	at org.hibernate.sql.results.graph.basic.BasicResultAssembler.extractRawValue(BasicResultAssembler.java:52)
	at org.hibernate.sql.results.graph.basic.BasicResultAssembler.assemble(BasicResultAssembler.java:58)
	at org.hibernate.sql.results.graph.entity.internal.EntityInitializerImpl.extractConcreteTypeStateValues(EntityInitializerImpl.java:1890)
	at org.hibernate.sql.results.graph.entity.internal.EntityInitializerImpl.initializeEntityInstance(EntityInitializerImpl.java:1578)
	at org.hibernate.sql.results.graph.entity.internal.EntityInitializerImpl.initializeInstance(EntityInitializerImpl.java:1501)
	at org.hibernate.sql.results.graph.entity.internal.EntityInitializerImpl.initializeInstance(EntityInitializerImpl.java:80)
	at org.hibernate.sql.results.internal.StandardRowReader.coordinateInitializers(StandardRowReader.java:239)
	at org.hibernate.sql.results.internal.StandardRowReader.readRow(StandardRowReader.java:137)
	at org.hibernate.sql.results.spi.ListResultsConsumer.readUnique(ListResultsConsumer.java:277)
	at org.hibernate.sql.results.spi.ListResultsConsumer.readRows(ListResultsConsumer.java:227)
	at org.hibernate.sql.results.spi.ListResultsConsumer.consume(ListResultsConsumer.java:164)
	at org.hibernate.sql.results.spi.ListResultsConsumer.consume(ListResultsConsumer.java:31)
	at org.hibernate.sql.exec.internal.JdbcSelectExecutorStandardImpl.doExecuteQuery(JdbcSelectExecutorStandardImpl.java:213)
	at org.hibernate.sql.exec.internal.JdbcSelectExecutorStandardImpl.executeQuery(JdbcSelectExecutorStandardImpl.java:100)
	at org.hibernate.sql.exec.spi.JdbcSelectExecutor.executeQuery(JdbcSelectExecutor.java:63)
	at org.hibernate.sql.exec.spi.JdbcSelectExecutor.list(JdbcSelectExecutor.java:137)
	at org.hibernate.loader.ast.internal.SingleUniqueKeyEntityLoaderStandard.list(SingleUniqueKeyEntityLoaderStandard.java:155)
	at org.hibernate.loader.ast.internal.SingleUniqueKeyEntityLoaderStandard.load(SingleUniqueKeyEntityLoaderStandard.java:108)
	at org.hibernate.persister.entity.AbstractEntityPersister.loadByUniqueKey(AbstractEntityPersister.java:2553)
	at org.hibernate.persister.entity.AbstractEntityPersister.loadByUniqueKey(AbstractEntityPersister.java:2545)
	at org.hibernate.sql.results.graph.entity.internal.EntitySelectFetchByUniqueKeyInitializer.initialize(EntitySelectFetchByUniqueKeyInitializer.java:55)
	at org.hibernate.sql.results.graph.entity.internal.EntitySelectFetchInitializer.resolveInstance(EntitySelectFetchInitializer.java:140)
	at org.hibernate.sql.results.graph.entity.internal.EntitySelectFetchInitializer.resolveInstance(EntitySelectFetchInitializer.java:39)
	at org.hibernate.sql.results.internal.StandardRowReader.coordinateInitializers(StandardRowReader.java:234)
	at org.hibernate.sql.results.internal.StandardRowReader.readRow(StandardRowReader.java:137)
	at org.hibernate.sql.results.spi.ListResultsConsumer.readUnique(ListResultsConsumer.java:277)
	at org.hibernate.sql.results.spi.ListResultsConsumer.readRows(ListResultsConsumer.java:227)
	at org.hibernate.sql.results.spi.ListResultsConsumer.consume(ListResultsConsumer.java:164)
	at org.hibernate.sql.results.spi.ListResultsConsumer.consume(ListResultsConsumer.java:31)
	at org.hibernate.sql.exec.internal.JdbcSelectExecutorStandardImpl.doExecuteQuery(JdbcSelectExecutorStandardImpl.java:213)
	at org.hibernate.sql.exec.internal.JdbcSelectExecutorStandardImpl.executeQuery(JdbcSelectExecutorStandardImpl.java:100)
	at org.hibernate.sql.exec.spi.JdbcSelectExecutor.executeQuery(JdbcSelectExecutor.java:63)
	at org.hibernate.sql.exec.spi.JdbcSelectExecutor.list(JdbcSelectExecutor.java:137)
	at org.hibernate.loader.ast.internal.SingleUniqueKeyEntityLoaderStandard.list(SingleUniqueKeyEntityLoaderStandard.java:155)
	at org.hibernate.loader.ast.internal.SingleUniqueKeyEntityLoaderStandard.load(SingleUniqueKeyEntityLoaderStandard.java:108)
	at org.hibernate.persister.entity.AbstractEntityPersister.loadByUniqueKey(AbstractEntityPersister.java:2553)
	at org.hibernate.persister.entity.AbstractEntityPersister.loadByUniqueKey(AbstractEntityPersister.java:2545)
	at org.hibernate.sql.results.graph.entity.internal.EntitySelectFetchByUniqueKeyInitializer.initialize(EntitySelectFetchByUniqueKeyInitializer.java:55)
	at org.hibernate.sql.results.graph.entity.internal.EntitySelectFetchInitializer.resolveInstance(EntitySelectFetchInitializer.java:140)
	at org.hibernate.sql.results.graph.entity.internal.EntitySelectFetchInitializer.resolveInstance(EntitySelectFetchInitializer.java:39)
	at org.hibernate.sql.results.internal.StandardRowReader.coordinateInitializers(StandardRowReader.java:234)
	at org.hibernate.sql.results.internal.StandardRowReader.readRow(StandardRowReader.java:137)
	at org.hibernate.sql.results.spi.ListResultsConsumer.readUnique(ListResultsConsumer.java:277)
	at org.hibernate.sql.results.spi.ListResultsConsumer.readRows(ListResultsConsumer.java:227)
	at org.hibernate.sql.results.spi.ListResultsConsumer.consume(ListResultsConsumer.java:164)
	at org.hibernate.sql.results.spi.ListResultsConsumer.consume(ListResultsConsumer.java:31)
	at org.hibernate.sql.exec.internal.JdbcSelectExecutorStandardImpl.doExecuteQuery(JdbcSelectExecutorStandardImpl.java:213)
	at org.hibernate.sql.exec.internal.JdbcSelectExecutorStandardImpl.executeQuery(JdbcSelectExecutorStandardImpl.java:100)
	at org.hibernate.sql.exec.spi.JdbcSelectExecutor.executeQuery(JdbcSelectExecutor.java:63)
	at org.hibernate.sql.exec.spi.JdbcSelectExecutor.list(JdbcSelectExecutor.java:137)
	at org.hibernate.loader.ast.internal.SingleUniqueKeyEntityLoaderStandard.list(SingleUniqueKeyEntityLoaderStandard.java:155)
	at org.hibernate.loader.ast.internal.SingleUniqueKeyEntityLoaderStandard.load(SingleUniqueKeyEntityLoaderStandard.java:108)
	at org.hibernate.persister.entity.AbstractEntityPersister.loadByUniqueKey(AbstractEntityPersister.java:2553)
	at org.hibernate.persister.entity.AbstractEntityPersister.loadByUniqueKey(AbstractEntityPersister.java:2545)
	at org.hibernate.sql.results.graph.entity.internal.EntitySelectFetchByUniqueKeyInitializer.initialize(EntitySelectFetchByUniqueKeyInitializer.java:55)
	at org.hibernate.sql.results.graph.entity.internal.EntitySelectFetchInitializer.resolveInstance(EntitySelectFetchInitializer.java:140)
	at org.hibernate.sql.results.graph.entity.internal.EntitySelectFetchInitializer.resolveInstance(EntitySelectFetchInitializer.java:39)
	at org.hibernate.sql.results.internal.StandardRowReader.coordinateInitializers(StandardRowReader.java:234)
	at org.hibernate.sql.results.internal.StandardRowReader.readRow(StandardRowReader.java:137)
	at org.hibernate.sql.results.spi.ListResultsConsumer.read(ListResultsConsumer.java:243)
	at org.hibernate.sql.results.spi.ListResultsConsumer.readRows(ListResultsConsumer.java:233)
	at org.hibernate.sql.results.spi.ListResultsConsumer.consume(ListResultsConsumer.java:164)
	at org.hibernate.sql.results.spi.ListResultsConsumer.consume(ListResultsConsumer.java:31)
	at org.hibernate.sql.exec.internal.JdbcSelectExecutorStandardImpl.doExecuteQuery(JdbcSelectExecutorStandardImpl.java:213)
	at org.hibernate.sql.exec.internal.JdbcSelectExecutorStandardImpl.executeQuery(JdbcSelectExecutorStandardImpl.java:100)
	at org.hibernate.sql.exec.spi.JdbcSelectExecutor.executeQuery(JdbcSelectExecutor.java:63)
	at org.hibernate.sql.exec.spi.JdbcSelectExecutor.list(JdbcSelectExecutor.java:137)
	at org.hibernate.query.sqm.internal.ConcreteSqmSelectQueryPlan.lambda$new$1(ConcreteSqmSelectQueryPlan.java:134)
	at org.hibernate.query.sqm.internal.ConcreteSqmSelectQueryPlan.withCacheableSqmInterpretation(ConcreteSqmSelectQueryPlan.java:464)
	at org.hibernate.query.sqm.internal.ConcreteSqmSelectQueryPlan.performList(ConcreteSqmSelectQueryPlan.java:392)
	at org.hibernate.query.sqm.internal.SqmQueryImpl.doList(SqmQueryImpl.java:374)
	at org.hibernate.query.spi.AbstractSelectionQuery.list(AbstractSelectionQuery.java:153)
	at org.hibernate.query.Query.getResultList(Query.java:121)
	at org.springframework.data.jpa.repository.support.SimpleJpaRepository.readPage(SimpleJpaRepository.java:745)
	at org.springframework.data.jpa.repository.support.SimpleJpaRepository.findAll(SimpleJpaRepository.java:480)
	at org.springframework.data.jpa.repository.support.SimpleJpaRepository.findAll(SimpleJpaRepository.java:469)
	at org.springframework.data.jpa.repository.support.SimpleJpaRepository.findAll(SimpleJpaRepository.java:454)
	at java.base/jdk.internal.reflect.DirectMethodHandleAccessor.invoke(DirectMethodHandleAccessor.java:103)
	at java.base/java.lang.reflect.Method.invoke(Method.java:580)
	at org.springframework.aop.support.AopUtils.invokeJoinpointUsingReflection(AopUtils.java:359)
	at org.springframework.data.repository.core.support.RepositoryMethodInvoker$RepositoryFragmentMethodInvoker.lambda$new$0(RepositoryMethodInvoker.java:278)
	at org.springframework.data.repository.core.support.RepositoryMethodInvoker.doInvoke(RepositoryMethodInvoker.java:169)
	at org.springframework.data.repository.core.support.RepositoryMethodInvoker.invoke(RepositoryMethodInvoker.java:158)
	at org.springframework.data.repository.core.support.RepositoryComposition$RepositoryFragments.invoke(RepositoryComposition.java:545)
	at org.springframework.data.repository.core.support.RepositoryComposition.invoke(RepositoryComposition.java:290)
	at org.springframework.data.repository.core.support.RepositoryFactorySupport$ImplementationMethodExecutionInterceptor.invoke(RepositoryFactorySupport.java:690)
	at org.springframework.aop.framework.ReflectiveMethodInvocation.proceed(ReflectiveMethodInvocation.java:179)
	at org.springframework.data.repository.core.support.QueryExecutorMethodInterceptor.doInvoke(QueryExecutorMethodInterceptor.java:171)
	at org.springframework.data.repository.core.support.QueryExecutorMethodInterceptor.invoke(QueryExecutorMethodInterceptor.java:146)
	at org.springframework.aop.framework.ReflectiveMethodInvocation.proceed(ReflectiveMethodInvocation.java:179)
	at org.springframework.data.projection.DefaultMethodInvokingMethodInterceptor.invoke(DefaultMethodInvokingMethodInterceptor.java:69)
	at org.springframework.aop.framework.ReflectiveMethodInvocation.proceed(ReflectiveMethodInvocation.java:179)
	at org.springframework.transaction.interceptor.TransactionInterceptor$1.proceedWithInvocation(TransactionInterceptor.java:133)
	at org.springframework.transaction.interceptor.TransactionAspectSupport.invokeWithinTransaction(TransactionAspectSupport.java:371)
	at org.springframework.transaction.interceptor.TransactionInterceptor.invoke(TransactionInterceptor.java:130)
	at org.springframework.aop.framework.ReflectiveMethodInvocation.proceed(ReflectiveMethodInvocation.java:179)
	at org.springframework.dao.support.PersistenceExceptionTranslationInterceptor.invoke(PersistenceExceptionTranslationInterceptor.java:135)
	... 106 common frames omitted
2026-07-21 00:04:41 [http-nio-8080-exec-3] WARN  o.s.w.s.m.m.a.ExceptionHandlerExceptionResolver - Resolved [org.springframework.dao.InvalidDataAccessApiUsageException: No enum constant com.example.Docgen_Backend.entity.CompanyType.SMT]
2026-07-21 00:05:57 [HikariPool-1:housekeeper] WARN  com.zaxxer.hikari.pool.PoolBase - HikariPool-1 - Failed to validate connection com.mysql.cj.jdbc.ConnectionImpl@76730ffc (No operations allowed after connection closed.). Possibly consider using a shorter maxLifetime value.
2026-07-21 00:06:00 [HikariPool-1:housekeeper] WARN  com.zaxxer.hikari.pool.PoolBase - HikariPool-1 - Failed to validate connection com.mysql.cj.jdbc.ConnectionImpl@12c101ed (No operations allowed after connection closed.). Possibly consider using a shorter maxLifetime value.
2026-07-21 00:06:13 [HikariPool-1:housekeeper] WARN  com.zaxxer.hikari.pool.PoolBase - HikariPool-1 - Failed to validate connection com.mysql.cj.jdbc.ConnectionImpl@6bc2a36e (No operations allowed after connection closed.). Possibly consider using a shorter maxLifetime value.
2026-07-21 00:07:45 [HikariPool-1:housekeeper] WARN  com.zaxxer.hikari.pool.PoolBase - HikariPool-1 - Failed to validate connection com.mysql.cj.jdbc.ConnectionImpl@4eb5195 (No operations allowed after connection closed.). Possibly consider using a shorter maxLifetime value.
2026-07-21 00:08:12 [HikariPool-1:housekeeper] WARN  com.zaxxer.hikari.pool.PoolBase - HikariPool-1 - Failed to validate connection com.mysql.cj.jdbc.ConnectionImpl@5910d4ab (No operations allowed after connection closed.). Possibly consider using a shorter maxLifetime value.
2026-07-21 00:09:31 [HikariPool-1:housekeeper] WARN  com.zaxxer.hikari.pool.PoolBase - HikariPool-1 - Failed to validate connection com.mysql.cj.jdbc.ConnectionImpl@646c20d9 (No operations allowed after connection closed.). Possibly consider using a shorter maxLifetime value.
2026-07-21 00:10:01 [HikariPool-1:housekeeper] WARN  com.zaxxer.hikari.pool.PoolBase - HikariPool-1 - Failed to validate connection com.mysql.cj.jdbc.ConnectionImpl@5bf848f5 (No operations allowed after connection closed.). Possibly consider using a shorter maxLifetime value.
2026-07-21 00:10:29 [http-nio-8080-exec-6] INFO  c.e.Docgen_Backend.config.JwtFilter - JWT validated successfully for userId=6a311365ec2c34f3d9e4f06e
2026-07-21 00:10:29 [http-nio-8080-exec-6] INFO  c.e.D.controller.UserController - GET /api/v2/users - Fetch all users request received | page=0, size=8, sortBy=id, direction=desc
2026-07-21 00:10:29 [http-nio-8080-exec-6] WARN  com.zaxxer.hikari.pool.PoolBase - HikariPool-1 - Failed to validate connection com.mysql.cj.jdbc.ConnectionImpl@1949ff3e (No operations allowed after connection closed.). Possibly consider using a shorter maxLifetime value.
2026-07-21 00:10:29 [http-nio-8080-exec-6] WARN  com.zaxxer.hikari.pool.PoolBase - HikariPool-1 - Failed to validate connection com.mysql.cj.jdbc.ConnectionImpl@446aad8f (No operations allowed after connection closed.). Possibly consider using a shorter maxLifetime value.
2026-07-21 00:10:29 [http-nio-8080-exec-6] ERROR c.e.D.e.GlobalExceptionHandler - Unexpected error occurred
org.springframework.dao.InvalidDataAccessApiUsageException: No enum constant com.example.Docgen_Backend.entity.CompanyType.SMT
	at org.springframework.orm.jpa.EntityManagerFactoryUtils.convertJpaAccessExceptionIfPossible(EntityManagerFactoryUtils.java:464)
	at org.springframework.orm.jpa.hibernate.HibernateExceptionTranslator.translateExceptionIfPossible(HibernateExceptionTranslator.java:112)
	at org.springframework.orm.jpa.vendor.HibernateJpaDialect.translateExceptionIfPossible(HibernateJpaDialect.java:223)
	at org.springframework.orm.jpa.AbstractEntityManagerFactoryBean.translateExceptionIfPossible(AbstractEntityManagerFactoryBean.java:576)
	at org.springframework.dao.support.ChainedPersistenceExceptionTranslator.translateExceptionIfPossible(ChainedPersistenceExceptionTranslator.java:61)
	at org.springframework.dao.support.DataAccessUtils.translateIfNecessary(DataAccessUtils.java:346)
	at org.springframework.dao.support.PersistenceExceptionTranslationInterceptor.invoke(PersistenceExceptionTranslationInterceptor.java:157)
	at org.springframework.aop.framework.ReflectiveMethodInvocation.proceed(ReflectiveMethodInvocation.java:179)
	at org.springframework.data.jpa.repository.support.CrudMethodMetadataPostProcessor$CrudMethodMetadataPopulatingMethodInterceptor.invoke(CrudMethodMetadataPostProcessor.java:166)
	at org.springframework.aop.framework.ReflectiveMethodInvocation.proceed(ReflectiveMethodInvocation.java:179)
	at org.springframework.aop.framework.JdkDynamicAopProxy.invoke(JdkDynamicAopProxy.java:222)
	at jdk.proxy4/jdk.proxy4.$Proxy163.findAll(Unknown Source)
	at com.example.Docgen_Backend.service.impl.UserServiceImpl.getAllUserProfiles(UserServiceImpl.java:345)
	at java.base/jdk.internal.reflect.DirectMethodHandleAccessor.invoke(DirectMethodHandleAccessor.java:103)
	at java.base/java.lang.reflect.Method.invoke(Method.java:580)
	at org.springframework.aop.support.AopUtils.invokeJoinpointUsingReflection(AopUtils.java:359)
	at org.springframework.aop.framework.CglibAopProxy$DynamicAdvisedInterceptor.intercept(CglibAopProxy.java:715)
	at com.example.Docgen_Backend.service.impl.UserServiceImpl$$SpringCGLIB$$0.getAllUserProfiles(<generated>)
	at com.example.Docgen_Backend.controller.UserController.getAllUserProfiles(UserController.java:107)
	at java.base/jdk.internal.reflect.DirectMethodHandleAccessor.invoke(DirectMethodHandleAccessor.java:103)
	at java.base/java.lang.reflect.Method.invoke(Method.java:580)
	at org.springframework.web.method.support.InvocableHandlerMethod.doInvoke(InvocableHandlerMethod.java:252)
	at org.springframework.web.method.support.InvocableHandlerMethod.invokeForRequest(InvocableHandlerMethod.java:184)
	at org.springframework.web.servlet.mvc.method.annotation.ServletInvocableHandlerMethod.invokeAndHandle(ServletInvocableHandlerMethod.java:117)
	at org.springframework.web.servlet.mvc.method.annotation.RequestMappingHandlerAdapter.invokeHandlerMethod(RequestMappingHandlerAdapter.java:934)
	at org.springframework.web.servlet.mvc.method.annotation.RequestMappingHandlerAdapter.handleInternal(RequestMappingHandlerAdapter.java:853)
	at org.springframework.web.servlet.mvc.method.AbstractHandlerMethodAdapter.handle(AbstractHandlerMethodAdapter.java:86)
	at org.springframework.web.servlet.DispatcherServlet.doDispatch(DispatcherServlet.java:963)
	at org.springframework.web.servlet.DispatcherServlet.doService(DispatcherServlet.java:866)
	at org.springframework.web.servlet.FrameworkServlet.processRequest(FrameworkServlet.java:1000)
	at org.springframework.web.servlet.FrameworkServlet.doGet(FrameworkServlet.java:892)
	at jakarta.servlet.http.HttpServlet.service(HttpServlet.java:622)
	at org.springframework.web.servlet.FrameworkServlet.service(FrameworkServlet.java:874)
	at jakarta.servlet.http.HttpServlet.service(HttpServlet.java:710)
	at org.apache.catalina.core.ApplicationFilterChain.doFilter(ApplicationFilterChain.java:128)
	at org.apache.tomcat.websocket.server.WsFilter.doFilter(WsFilter.java:53)
	at org.apache.catalina.core.ApplicationFilterChain.doFilter(ApplicationFilterChain.java:107)
	at org.springframework.web.filter.OncePerRequestFilter.doFilter(OncePerRequestFilter.java:110)
	at org.apache.catalina.core.ApplicationFilterChain.doFilter(ApplicationFilterChain.java:107)
	at org.springframework.web.filter.CompositeFilter$VirtualFilterChain.doFilter(CompositeFilter.java:108)
	at org.springframework.security.web.FilterChainProxy.lambda$doFilterInternal$3(FilterChainProxy.java:235)
	at org.springframework.security.web.FilterChainProxy$VirtualFilterChain.doFilter(FilterChainProxy.java:376)
	at org.springframework.security.web.access.intercept.AuthorizationFilter.doFilter(AuthorizationFilter.java:101)
	at org.springframework.security.web.FilterChainProxy$VirtualFilterChain.doFilter(FilterChainProxy.java:385)
	at org.springframework.security.web.access.ExceptionTranslationFilter.doFilter(ExceptionTranslationFilter.java:126)
	at org.springframework.security.web.access.ExceptionTranslationFilter.doFilter(ExceptionTranslationFilter.java:120)
	at org.springframework.security.web.FilterChainProxy$VirtualFilterChain.doFilter(FilterChainProxy.java:385)
	at org.springframework.security.web.session.SessionManagementFilter.doFilter(SessionManagementFilter.java:132)
	at org.springframework.security.web.session.SessionManagementFilter.doFilter(SessionManagementFilter.java:86)
	at org.springframework.security.web.FilterChainProxy$VirtualFilterChain.doFilter(FilterChainProxy.java:385)
	at org.springframework.security.web.authentication.AnonymousAuthenticationFilter.doFilter(AnonymousAuthenticationFilter.java:100)
	at org.springframework.security.web.FilterChainProxy$VirtualFilterChain.doFilter(FilterChainProxy.java:385)
	at org.springframework.security.web.servletapi.SecurityContextHolderAwareRequestFilter.doFilter(SecurityContextHolderAwareRequestFilter.java:181)
	at org.springframework.security.web.FilterChainProxy$VirtualFilterChain.doFilter(FilterChainProxy.java:385)
	at org.springframework.security.web.savedrequest.RequestCacheAwareFilter.doFilter(RequestCacheAwareFilter.java:63)
	at org.springframework.security.web.FilterChainProxy$VirtualFilterChain.doFilter(FilterChainProxy.java:385)
	at com.example.Docgen_Backend.config.JwtFilter.doFilterInternal(JwtFilter.java:111)
	at org.springframework.web.filter.OncePerRequestFilter.doFilter(OncePerRequestFilter.java:116)
	at org.springframework.security.web.FilterChainProxy$VirtualFilterChain.doFilter(FilterChainProxy.java:385)
	at org.springframework.security.web.authentication.logout.LogoutFilter.doFilter(LogoutFilter.java:110)
	at org.springframework.security.web.authentication.logout.LogoutFilter.doFilter(LogoutFilter.java:96)
	at org.springframework.security.web.FilterChainProxy$VirtualFilterChain.doFilter(FilterChainProxy.java:385)
	at org.springframework.web.filter.CorsFilter.doFilterInternal(CorsFilter.java:91)
	at org.springframework.web.filter.OncePerRequestFilter.doFilter(OncePerRequestFilter.java:116)
	at org.springframework.security.web.FilterChainProxy$VirtualFilterChain.doFilter(FilterChainProxy.java:385)
	at org.springframework.security.web.header.HeaderWriterFilter.doHeadersAfter(HeaderWriterFilter.java:90)
	at org.springframework.security.web.header.HeaderWriterFilter.doFilterInternal(HeaderWriterFilter.java:75)
	at org.springframework.web.filter.OncePerRequestFilter.doFilter(OncePerRequestFilter.java:116)
	at org.springframework.security.web.FilterChainProxy$VirtualFilterChain.doFilter(FilterChainProxy.java:385)
	at org.springframework.security.web.context.SecurityContextHolderFilter.doFilter(SecurityContextHolderFilter.java:82)
	at org.springframework.security.web.context.SecurityContextHolderFilter.doFilter(SecurityContextHolderFilter.java:69)
	at org.springframework.security.web.FilterChainProxy$VirtualFilterChain.doFilter(FilterChainProxy.java:385)
	at org.springframework.security.web.context.request.async.WebAsyncManagerIntegrationFilter.doFilterInternal(WebAsyncManagerIntegrationFilter.java:62)
	at org.springframework.web.filter.OncePerRequestFilter.doFilter(OncePerRequestFilter.java:116)
	at org.springframework.security.web.FilterChainProxy$VirtualFilterChain.doFilter(FilterChainProxy.java:385)
	at org.springframework.security.web.session.DisableEncodeUrlFilter.doFilterInternal(DisableEncodeUrlFilter.java:42)
	at org.springframework.web.filter.OncePerRequestFilter.doFilter(OncePerRequestFilter.java:116)
	at org.springframework.security.web.FilterChainProxy$VirtualFilterChain.doFilter(FilterChainProxy.java:385)
	at org.springframework.security.web.FilterChainProxy.doFilterInternal(FilterChainProxy.java:237)
	at org.springframework.security.web.FilterChainProxy.doFilter(FilterChainProxy.java:195)
	at org.springframework.web.filter.CompositeFilter$VirtualFilterChain.doFilter(CompositeFilter.java:113)
	at org.springframework.web.filter.ServletRequestPathFilter.doFilter(ServletRequestPathFilter.java:52)
	at org.springframework.web.filter.CompositeFilter$VirtualFilterChain.doFilter(CompositeFilter.java:113)
	at org.springframework.web.filter.CompositeFilter.doFilter(CompositeFilter.java:74)
	at org.springframework.security.config.annotation.web.configuration.WebSecurityConfiguration$CompositeFilterChainProxy.doFilter(WebSecurityConfiguration.java:317)
	at org.springframework.web.filter.DelegatingFilterProxy.invokeDelegate(DelegatingFilterProxy.java:355)
	at org.springframework.web.filter.DelegatingFilterProxy.doFilter(DelegatingFilterProxy.java:272)
	at org.apache.catalina.core.ApplicationFilterChain.doFilter(ApplicationFilterChain.java:107)
	at org.springframework.web.filter.RequestContextFilter.doFilterInternal(RequestContextFilter.java:100)
	at org.springframework.web.filter.OncePerRequestFilter.doFilter(OncePerRequestFilter.java:116)
	at org.apache.catalina.core.ApplicationFilterChain.doFilter(ApplicationFilterChain.java:107)
	at org.springframework.web.filter.FormContentFilter.doFilterInternal(FormContentFilter.java:93)
	at org.springframework.web.filter.OncePerRequestFilter.doFilter(OncePerRequestFilter.java:116)
	at org.apache.catalina.core.ApplicationFilterChain.doFilter(ApplicationFilterChain.java:107)
	at org.springframework.web.filter.CharacterEncodingFilter.doFilterInternal(CharacterEncodingFilter.java:199)
	at org.springframework.web.filter.OncePerRequestFilter.doFilter(OncePerRequestFilter.java:116)
	at org.apache.catalina.core.ApplicationFilterChain.doFilter(ApplicationFilterChain.java:107)
	at org.apache.catalina.core.StandardWrapperValve.invoke(StandardWrapperValve.java:165)
	at org.apache.catalina.core.StandardContextValve.invoke(StandardContextValve.java:77)
	at org.apache.catalina.authenticator.AuthenticatorBase.invoke(AuthenticatorBase.java:492)
	at org.apache.catalina.core.StandardHostValve.invoke(StandardHostValve.java:113)
	at org.apache.catalina.valves.ErrorReportValve.invoke(ErrorReportValve.java:83)
	at org.apache.catalina.core.StandardEngineValve.invoke(StandardEngineValve.java:72)
	at org.apache.catalina.connector.CoyoteAdapter.service(CoyoteAdapter.java:341)
	at org.apache.coyote.http11.Http11Processor.service(Http11Processor.java:397)
	at org.apache.coyote.AbstractProcessorLight.process(AbstractProcessorLight.java:63)
	at org.apache.coyote.AbstractProtocol$ConnectionHandler.process(AbstractProtocol.java:903)
	at org.apache.tomcat.util.net.NioEndpoint$SocketProcessor.doRun(NioEndpoint.java:1801)
	at org.apache.tomcat.util.net.SocketProcessorBase.run(SocketProcessorBase.java:52)
	at org.apache.tomcat.util.threads.ThreadPoolExecutor.runWorker(ThreadPoolExecutor.java:946)
	at org.apache.tomcat.util.threads.ThreadPoolExecutor$Worker.run(ThreadPoolExecutor.java:480)
	at org.apache.tomcat.util.threads.TaskThread$WrappingRunnable.run(TaskThread.java:57)
	at java.base/java.lang.Thread.run(Thread.java:1583)
Caused by: java.lang.IllegalArgumentException: No enum constant com.example.Docgen_Backend.entity.CompanyType.SMT
	at java.base/java.lang.Enum.valueOf(Enum.java:293)
	at org.hibernate.type.descriptor.java.EnumJavaType.fromName(EnumJavaType.java:262)
	at org.hibernate.type.descriptor.java.EnumJavaType.wrap(EnumJavaType.java:129)
	at org.hibernate.type.descriptor.java.EnumJavaType.wrap(EnumJavaType.java:36)
	at org.hibernate.type.descriptor.jdbc.EnumJdbcType$2.doExtract(EnumJdbcType.java:88)
	at org.hibernate.type.descriptor.jdbc.BasicExtractor.extract(BasicExtractor.java:42)
	at org.hibernate.sql.results.jdbc.internal.JdbcValuesResultSetImpl.getCurrentRowValue(JdbcValuesResultSetImpl.java:381)
	at org.hibernate.sql.results.internal.RowProcessingStateStandardImpl.getJdbcValue(RowProcessingStateStandardImpl.java:148)
	at org.hibernate.sql.results.graph.basic.BasicResultAssembler.extractRawValue(BasicResultAssembler.java:52)
	at org.hibernate.sql.results.graph.basic.BasicResultAssembler.assemble(BasicResultAssembler.java:58)
	at org.hibernate.sql.results.graph.entity.internal.EntityInitializerImpl.extractConcreteTypeStateValues(EntityInitializerImpl.java:1890)
	at org.hibernate.sql.results.graph.entity.internal.EntityInitializerImpl.initializeEntityInstance(EntityInitializerImpl.java:1578)
	at org.hibernate.sql.results.graph.entity.internal.EntityInitializerImpl.initializeInstance(EntityInitializerImpl.java:1501)
	at org.hibernate.sql.results.graph.entity.internal.EntityInitializerImpl.initializeInstance(EntityInitializerImpl.java:80)
	at org.hibernate.sql.results.internal.StandardRowReader.coordinateInitializers(StandardRowReader.java:239)
	at org.hibernate.sql.results.internal.StandardRowReader.readRow(StandardRowReader.java:137)
	at org.hibernate.sql.results.spi.ListResultsConsumer.read(ListResultsConsumer.java:243)
	at org.hibernate.sql.results.spi.ListResultsConsumer.readRows(ListResultsConsumer.java:233)
	at org.hibernate.sql.results.spi.ListResultsConsumer.consume(ListResultsConsumer.java:164)
	at org.hibernate.sql.results.spi.ListResultsConsumer.consume(ListResultsConsumer.java:31)
	at org.hibernate.sql.exec.internal.JdbcSelectExecutorStandardImpl.doExecuteQuery(JdbcSelectExecutorStandardImpl.java:213)
	at org.hibernate.sql.exec.internal.JdbcSelectExecutorStandardImpl.executeQuery(JdbcSelectExecutorStandardImpl.java:100)
	at org.hibernate.sql.exec.spi.JdbcSelectExecutor.executeQuery(JdbcSelectExecutor.java:63)
	at org.hibernate.sql.exec.spi.JdbcSelectExecutor.list(JdbcSelectExecutor.java:137)
	at org.hibernate.query.sqm.internal.ConcreteSqmSelectQueryPlan.lambda$new$1(ConcreteSqmSelectQueryPlan.java:134)
	at org.hibernate.query.sqm.internal.ConcreteSqmSelectQueryPlan.withCacheableSqmInterpretation(ConcreteSqmSelectQueryPlan.java:464)
	at org.hibernate.query.sqm.internal.ConcreteSqmSelectQueryPlan.performList(ConcreteSqmSelectQueryPlan.java:392)
	at org.hibernate.query.sqm.internal.SqmQueryImpl.doList(SqmQueryImpl.java:374)
	at org.hibernate.query.spi.AbstractSelectionQuery.list(AbstractSelectionQuery.java:153)
	at org.hibernate.query.Query.getResultList(Query.java:121)
	at org.springframework.data.jpa.repository.support.SimpleJpaRepository.readPage(SimpleJpaRepository.java:745)
	at org.springframework.data.jpa.repository.support.SimpleJpaRepository.findAll(SimpleJpaRepository.java:480)
	at org.springframework.data.jpa.repository.support.SimpleJpaRepository.findAll(SimpleJpaRepository.java:469)
	at org.springframework.data.jpa.repository.support.SimpleJpaRepository.findAll(SimpleJpaRepository.java:454)
	at java.base/jdk.internal.reflect.DirectMethodHandleAccessor.invoke(DirectMethodHandleAccessor.java:103)
	at java.base/java.lang.reflect.Method.invoke(Method.java:580)
	at org.springframework.aop.support.AopUtils.invokeJoinpointUsingReflection(AopUtils.java:359)
	at org.springframework.data.repository.core.support.RepositoryMethodInvoker$RepositoryFragmentMethodInvoker.lambda$new$0(RepositoryMethodInvoker.java:278)
	at org.springframework.data.repository.core.support.RepositoryMethodInvoker.doInvoke(RepositoryMethodInvoker.java:169)
	at org.springframework.data.repository.core.support.RepositoryMethodInvoker.invoke(RepositoryMethodInvoker.java:158)
	at org.springframework.data.repository.core.support.RepositoryComposition$RepositoryFragments.invoke(RepositoryComposition.java:545)
	at org.springframework.data.repository.core.support.RepositoryComposition.invoke(RepositoryComposition.java:290)
	at org.springframework.data.repository.core.support.RepositoryFactorySupport$ImplementationMethodExecutionInterceptor.invoke(RepositoryFactorySupport.java:690)
	at org.springframework.aop.framework.ReflectiveMethodInvocation.proceed(ReflectiveMethodInvocation.java:179)
	at org.springframework.data.repository.core.support.QueryExecutorMethodInterceptor.doInvoke(QueryExecutorMethodInterceptor.java:171)
	at org.springframework.data.repository.core.support.QueryExecutorMethodInterceptor.invoke(QueryExecutorMethodInterceptor.java:146)
	at org.springframework.aop.framework.ReflectiveMethodInvocation.proceed(ReflectiveMethodInvocation.java:179)
	at org.springframework.data.projection.DefaultMethodInvokingMethodInterceptor.invoke(DefaultMethodInvokingMethodInterceptor.java:69)
	at org.springframework.aop.framework.ReflectiveMethodInvocation.proceed(ReflectiveMethodInvocation.java:179)
	at org.springframework.transaction.interceptor.TransactionInterceptor$1.proceedWithInvocation(TransactionInterceptor.java:133)
	at org.springframework.transaction.interceptor.TransactionAspectSupport.invokeWithinTransaction(TransactionAspectSupport.java:371)
	at org.springframework.transaction.interceptor.TransactionInterceptor.invoke(TransactionInterceptor.java:130)
	at org.springframework.aop.framework.ReflectiveMethodInvocation.proceed(ReflectiveMethodInvocation.java:179)
	at org.springframework.dao.support.PersistenceExceptionTranslationInterceptor.invoke(PersistenceExceptionTranslationInterceptor.java:135)
	... 106 common frames omitted
2026-07-21 00:10:29 [http-nio-8080-exec-6] WARN  o.s.w.s.m.m.a.ExceptionHandlerExceptionResolver - Resolved [org.springframework.dao.InvalidDataAccessApiUsageException: No enum constant com.example.Docgen_Backend.entity.CompanyType.SMT]
2026-07-21 00:10:29 [http-nio-8080-exec-7] INFO  c.e.Docgen_Backend.config.JwtFilter - JWT validated successfully for userId=6a311365ec2c34f3d9e4f06e
2026-07-21 00:10:29 [http-nio-8080-exec-7] INFO  c.e.D.controller.UserController - GET /api/v2/users - Fetch all users request received | page=0, size=8, sortBy=id, direction=desc
2026-07-21 00:10:29 [http-nio-8080-exec-7] ERROR c.e.D.e.GlobalExceptionHandler - Unexpected error occurred
org.springframework.dao.InvalidDataAccessApiUsageException: No enum constant com.example.Docgen_Backend.entity.CompanyType.SMT
	at org.springframework.orm.jpa.EntityManagerFactoryUtils.convertJpaAccessExceptionIfPossible(EntityManagerFactoryUtils.java:464)
	at org.springframework.orm.jpa.hibernate.HibernateExceptionTranslator.translateExceptionIfPossible(HibernateExceptionTranslator.java:112)
	at org.springframework.orm.jpa.vendor.HibernateJpaDialect.translateExceptionIfPossible(HibernateJpaDialect.java:223)
	at org.springframework.orm.jpa.AbstractEntityManagerFactoryBean.translateExceptionIfPossible(AbstractEntityManagerFactoryBean.java:576)
	at org.springframework.dao.support.ChainedPersistenceExceptionTranslator.translateExceptionIfPossible(ChainedPersistenceExceptionTranslator.java:61)
	at org.springframework.dao.support.DataAccessUtils.translateIfNecessary(DataAccessUtils.java:346)
	at org.springframework.dao.support.PersistenceExceptionTranslationInterceptor.invoke(PersistenceExceptionTranslationInterceptor.java:157)
	at org.springframework.aop.framework.ReflectiveMethodInvocation.proceed(ReflectiveMethodInvocation.java:179)
	at org.springframework.data.jpa.repository.support.CrudMethodMetadataPostProcessor$CrudMethodMetadataPopulatingMethodInterceptor.invoke(CrudMethodMetadataPostProcessor.java:166)
	at org.springframework.aop.framework.ReflectiveMethodInvocation.proceed(ReflectiveMethodInvocation.java:179)
	at org.springframework.aop.framework.JdkDynamicAopProxy.invoke(JdkDynamicAopProxy.java:222)
	at jdk.proxy4/jdk.proxy4.$Proxy163.findAll(Unknown Source)
	at com.example.Docgen_Backend.service.impl.UserServiceImpl.getAllUserProfiles(UserServiceImpl.java:345)
	at java.base/jdk.internal.reflect.DirectMethodHandleAccessor.invoke(DirectMethodHandleAccessor.java:103)
	at java.base/java.lang.reflect.Method.invoke(Method.java:580)
	at org.springframework.aop.support.AopUtils.invokeJoinpointUsingReflection(AopUtils.java:359)
	at org.springframework.aop.framework.CglibAopProxy$DynamicAdvisedInterceptor.intercept(CglibAopProxy.java:715)
	at com.example.Docgen_Backend.service.impl.UserServiceImpl$$SpringCGLIB$$0.getAllUserProfiles(<generated>)
	at com.example.Docgen_Backend.controller.UserController.getAllUserProfiles(UserController.java:107)
	at java.base/jdk.internal.reflect.DirectMethodHandleAccessor.invoke(DirectMethodHandleAccessor.java:103)
	at java.base/java.lang.reflect.Method.invoke(Method.java:580)
	at org.springframework.web.method.support.InvocableHandlerMethod.doInvoke(InvocableHandlerMethod.java:252)
	at org.springframework.web.method.support.InvocableHandlerMethod.invokeForRequest(InvocableHandlerMethod.java:184)
	at org.springframework.web.servlet.mvc.method.annotation.ServletInvocableHandlerMethod.invokeAndHandle(ServletInvocableHandlerMethod.java:117)
	at org.springframework.web.servlet.mvc.method.annotation.RequestMappingHandlerAdapter.invokeHandlerMethod(RequestMappingHandlerAdapter.java:934)
	at org.springframework.web.servlet.mvc.method.annotation.RequestMappingHandlerAdapter.handleInternal(RequestMappingHandlerAdapter.java:853)
	at org.springframework.web.servlet.mvc.method.AbstractHandlerMethodAdapter.handle(AbstractHandlerMethodAdapter.java:86)
	at org.springframework.web.servlet.DispatcherServlet.doDispatch(DispatcherServlet.java:963)
	at org.springframework.web.servlet.DispatcherServlet.doService(DispatcherServlet.java:866)
	at org.springframework.web.servlet.FrameworkServlet.processRequest(FrameworkServlet.java:1000)
	at org.springframework.web.servlet.FrameworkServlet.doGet(FrameworkServlet.java:892)
	at jakarta.servlet.http.HttpServlet.service(HttpServlet.java:622)
	at org.springframework.web.servlet.FrameworkServlet.service(FrameworkServlet.java:874)
	at jakarta.servlet.http.HttpServlet.service(HttpServlet.java:710)
	at org.apache.catalina.core.ApplicationFilterChain.doFilter(ApplicationFilterChain.java:128)
	at org.apache.tomcat.websocket.server.WsFilter.doFilter(WsFilter.java:53)
	at org.apache.catalina.core.ApplicationFilterChain.doFilter(ApplicationFilterChain.java:107)
	at org.springframework.web.filter.OncePerRequestFilter.doFilter(OncePerRequestFilter.java:110)
	at org.apache.catalina.core.ApplicationFilterChain.doFilter(ApplicationFilterChain.java:107)
	at org.springframework.web.filter.CompositeFilter$VirtualFilterChain.doFilter(CompositeFilter.java:108)
	at org.springframework.security.web.FilterChainProxy.lambda$doFilterInternal$3(FilterChainProxy.java:235)
	at org.springframework.security.web.FilterChainProxy$VirtualFilterChain.doFilter(FilterChainProxy.java:376)
	at org.springframework.security.web.access.intercept.AuthorizationFilter.doFilter(AuthorizationFilter.java:101)
	at org.springframework.security.web.FilterChainProxy$VirtualFilterChain.doFilter(FilterChainProxy.java:385)
	at org.springframework.security.web.access.ExceptionTranslationFilter.doFilter(ExceptionTranslationFilter.java:126)
	at org.springframework.security.web.access.ExceptionTranslationFilter.doFilter(ExceptionTranslationFilter.java:120)
	at org.springframework.security.web.FilterChainProxy$VirtualFilterChain.doFilter(FilterChainProxy.java:385)
	at org.springframework.security.web.session.SessionManagementFilter.doFilter(SessionManagementFilter.java:132)
	at org.springframework.security.web.session.SessionManagementFilter.doFilter(SessionManagementFilter.java:86)
	at org.springframework.security.web.FilterChainProxy$VirtualFilterChain.doFilter(FilterChainProxy.java:385)
	at org.springframework.security.web.authentication.AnonymousAuthenticationFilter.doFilter(AnonymousAuthenticationFilter.java:100)
	at org.springframework.security.web.FilterChainProxy$VirtualFilterChain.doFilter(FilterChainProxy.java:385)
	at org.springframework.security.web.servletapi.SecurityContextHolderAwareRequestFilter.doFilter(SecurityContextHolderAwareRequestFilter.java:181)
	at org.springframework.security.web.FilterChainProxy$VirtualFilterChain.doFilter(FilterChainProxy.java:385)
	at org.springframework.security.web.savedrequest.RequestCacheAwareFilter.doFilter(RequestCacheAwareFilter.java:63)
	at org.springframework.security.web.FilterChainProxy$VirtualFilterChain.doFilter(FilterChainProxy.java:385)
	at com.example.Docgen_Backend.config.JwtFilter.doFilterInternal(JwtFilter.java:111)
	at org.springframework.web.filter.OncePerRequestFilter.doFilter(OncePerRequestFilter.java:116)
	at org.springframework.security.web.FilterChainProxy$VirtualFilterChain.doFilter(FilterChainProxy.java:385)
	at org.springframework.security.web.authentication.logout.LogoutFilter.doFilter(LogoutFilter.java:110)
	at org.springframework.security.web.authentication.logout.LogoutFilter.doFilter(LogoutFilter.java:96)
	at org.springframework.security.web.FilterChainProxy$VirtualFilterChain.doFilter(FilterChainProxy.java:385)
	at org.springframework.web.filter.CorsFilter.doFilterInternal(CorsFilter.java:91)
	at org.springframework.web.filter.OncePerRequestFilter.doFilter(OncePerRequestFilter.java:116)
	at org.springframework.security.web.FilterChainProxy$VirtualFilterChain.doFilter(FilterChainProxy.java:385)
	at org.springframework.security.web.header.HeaderWriterFilter.doHeadersAfter(HeaderWriterFilter.java:90)
	at org.springframework.security.web.header.HeaderWriterFilter.doFilterInternal(HeaderWriterFilter.java:75)
	at org.springframework.web.filter.OncePerRequestFilter.doFilter(OncePerRequestFilter.java:116)
	at org.springframework.security.web.FilterChainProxy$VirtualFilterChain.doFilter(FilterChainProxy.java:385)
	at org.springframework.security.web.context.SecurityContextHolderFilter.doFilter(SecurityContextHolderFilter.java:82)
	at org.springframework.security.web.context.SecurityContextHolderFilter.doFilter(SecurityContextHolderFilter.java:69)
	at org.springframework.security.web.FilterChainProxy$VirtualFilterChain.doFilter(FilterChainProxy.java:385)
	at org.springframework.security.web.context.request.async.WebAsyncManagerIntegrationFilter.doFilterInternal(WebAsyncManagerIntegrationFilter.java:62)
	at org.springframework.web.filter.OncePerRequestFilter.doFilter(OncePerRequestFilter.java:116)
	at org.springframework.security.web.FilterChainProxy$VirtualFilterChain.doFilter(FilterChainProxy.java:385)
	at org.springframework.security.web.session.DisableEncodeUrlFilter.doFilterInternal(DisableEncodeUrlFilter.java:42)
	at org.springframework.web.filter.OncePerRequestFilter.doFilter(OncePerRequestFilter.java:116)
	at org.springframework.security.web.FilterChainProxy$VirtualFilterChain.doFilter(FilterChainProxy.java:385)
	at org.springframework.security.web.FilterChainProxy.doFilterInternal(FilterChainProxy.java:237)
	at org.springframework.security.web.FilterChainProxy.doFilter(FilterChainProxy.java:195)
	at org.springframework.web.filter.CompositeFilter$VirtualFilterChain.doFilter(CompositeFilter.java:113)
	at org.springframework.web.filter.ServletRequestPathFilter.doFilter(ServletRequestPathFilter.java:52)
	at org.springframework.web.filter.CompositeFilter$VirtualFilterChain.doFilter(CompositeFilter.java:113)
	at org.springframework.web.filter.CompositeFilter.doFilter(CompositeFilter.java:74)
	at org.springframework.security.config.annotation.web.configuration.WebSecurityConfiguration$CompositeFilterChainProxy.doFilter(WebSecurityConfiguration.java:317)
	at org.springframework.web.filter.DelegatingFilterProxy.invokeDelegate(DelegatingFilterProxy.java:355)
	at org.springframework.web.filter.DelegatingFilterProxy.doFilter(DelegatingFilterProxy.java:272)
	at org.apache.catalina.core.ApplicationFilterChain.doFilter(ApplicationFilterChain.java:107)
	at org.springframework.web.filter.RequestContextFilter.doFilterInternal(RequestContextFilter.java:100)
	at org.springframework.web.filter.OncePerRequestFilter.doFilter(OncePerRequestFilter.java:116)
	at org.apache.catalina.core.ApplicationFilterChain.doFilter(ApplicationFilterChain.java:107)
	at org.springframework.web.filter.FormContentFilter.doFilterInternal(FormContentFilter.java:93)
	at org.springframework.web.filter.OncePerRequestFilter.doFilter(OncePerRequestFilter.java:116)
	at org.apache.catalina.core.ApplicationFilterChain.doFilter(ApplicationFilterChain.java:107)
	at org.springframework.web.filter.CharacterEncodingFilter.doFilterInternal(CharacterEncodingFilter.java:199)
	at org.springframework.web.filter.OncePerRequestFilter.doFilter(OncePerRequestFilter.java:116)
	at org.apache.catalina.core.ApplicationFilterChain.doFilter(ApplicationFilterChain.java:107)
	at org.apache.catalina.core.StandardWrapperValve.invoke(StandardWrapperValve.java:165)
	at org.apache.catalina.core.StandardContextValve.invoke(StandardContextValve.java:77)
	at org.apache.catalina.authenticator.AuthenticatorBase.invoke(AuthenticatorBase.java:492)
	at org.apache.catalina.core.StandardHostValve.invoke(StandardHostValve.java:113)
	at org.apache.catalina.valves.ErrorReportValve.invoke(ErrorReportValve.java:83)
	at org.apache.catalina.core.StandardEngineValve.invoke(StandardEngineValve.java:72)
	at org.apache.catalina.connector.CoyoteAdapter.service(CoyoteAdapter.java:341)
	at org.apache.coyote.http11.Http11Processor.service(Http11Processor.java:397)
	at org.apache.coyote.AbstractProcessorLight.process(AbstractProcessorLight.java:63)
	at org.apache.coyote.AbstractProtocol$ConnectionHandler.process(AbstractProtocol.java:903)
	at org.apache.tomcat.util.net.NioEndpoint$SocketProcessor.doRun(NioEndpoint.java:1801)
	at org.apache.tomcat.util.net.SocketProcessorBase.run(SocketProcessorBase.java:52)
	at org.apache.tomcat.util.threads.ThreadPoolExecutor.runWorker(ThreadPoolExecutor.java:946)
	at org.apache.tomcat.util.threads.ThreadPoolExecutor$Worker.run(ThreadPoolExecutor.java:480)
	at org.apache.tomcat.util.threads.TaskThread$WrappingRunnable.run(TaskThread.java:57)
	at java.base/java.lang.Thread.run(Thread.java:1583)
Caused by: java.lang.IllegalArgumentException: No enum constant com.example.Docgen_Backend.entity.CompanyType.SMT
	at java.base/java.lang.Enum.valueOf(Enum.java:293)
	at org.hibernate.type.descriptor.java.EnumJavaType.fromName(EnumJavaType.java:262)
	at org.hibernate.type.descriptor.java.EnumJavaType.wrap(EnumJavaType.java:129)
	at org.hibernate.type.descriptor.java.EnumJavaType.wrap(EnumJavaType.java:36)
	at org.hibernate.type.descriptor.jdbc.EnumJdbcType$2.doExtract(EnumJdbcType.java:88)
	at org.hibernate.type.descriptor.jdbc.BasicExtractor.extract(BasicExtractor.java:42)
	at org.hibernate.sql.results.jdbc.internal.JdbcValuesResultSetImpl.getCurrentRowValue(JdbcValuesResultSetImpl.java:381)
	at org.hibernate.sql.results.internal.RowProcessingStateStandardImpl.getJdbcValue(RowProcessingStateStandardImpl.java:148)
	at org.hibernate.sql.results.graph.basic.BasicResultAssembler.extractRawValue(BasicResultAssembler.java:52)
	at org.hibernate.sql.results.graph.basic.BasicResultAssembler.assemble(BasicResultAssembler.java:58)
	at org.hibernate.sql.results.graph.entity.internal.EntityInitializerImpl.extractConcreteTypeStateValues(EntityInitializerImpl.java:1890)
	at org.hibernate.sql.results.graph.entity.internal.EntityInitializerImpl.initializeEntityInstance(EntityInitializerImpl.java:1578)
	at org.hibernate.sql.results.graph.entity.internal.EntityInitializerImpl.initializeInstance(EntityInitializerImpl.java:1501)
	at org.hibernate.sql.results.graph.entity.internal.EntityInitializerImpl.initializeInstance(EntityInitializerImpl.java:80)
	at org.hibernate.sql.results.internal.StandardRowReader.coordinateInitializers(StandardRowReader.java:239)
	at org.hibernate.sql.results.internal.StandardRowReader.readRow(StandardRowReader.java:137)
	at org.hibernate.sql.results.spi.ListResultsConsumer.read(ListResultsConsumer.java:243)
	at org.hibernate.sql.results.spi.ListResultsConsumer.readRows(ListResultsConsumer.java:233)
	at org.hibernate.sql.results.spi.ListResultsConsumer.consume(ListResultsConsumer.java:164)
	at org.hibernate.sql.results.spi.ListResultsConsumer.consume(ListResultsConsumer.java:31)
	at org.hibernate.sql.exec.internal.JdbcSelectExecutorStandardImpl.doExecuteQuery(JdbcSelectExecutorStandardImpl.java:213)
	at org.hibernate.sql.exec.internal.JdbcSelectExecutorStandardImpl.executeQuery(JdbcSelectExecutorStandardImpl.java:100)
	at org.hibernate.sql.exec.spi.JdbcSelectExecutor.executeQuery(JdbcSelectExecutor.java:63)
	at org.hibernate.sql.exec.spi.JdbcSelectExecutor.list(JdbcSelectExecutor.java:137)
	at org.hibernate.query.sqm.internal.ConcreteSqmSelectQueryPlan.lambda$new$1(ConcreteSqmSelectQueryPlan.java:134)
	at org.hibernate.query.sqm.internal.ConcreteSqmSelectQueryPlan.withCacheableSqmInterpretation(ConcreteSqmSelectQueryPlan.java:464)
	at org.hibernate.query.sqm.internal.ConcreteSqmSelectQueryPlan.performList(ConcreteSqmSelectQueryPlan.java:392)
	at org.hibernate.query.sqm.internal.SqmQueryImpl.doList(SqmQueryImpl.java:374)
	at org.hibernate.query.spi.AbstractSelectionQuery.list(AbstractSelectionQuery.java:153)
	at org.hibernate.query.Query.getResultList(Query.java:121)
	at org.springframework.data.jpa.repository.support.SimpleJpaRepository.readPage(SimpleJpaRepository.java:745)
	at org.springframework.data.jpa.repository.support.SimpleJpaRepository.findAll(SimpleJpaRepository.java:480)
	at org.springframework.data.jpa.repository.support.SimpleJpaRepository.findAll(SimpleJpaRepository.java:469)
	at org.springframework.data.jpa.repository.support.SimpleJpaRepository.findAll(SimpleJpaRepository.java:454)
	at java.base/jdk.internal.reflect.DirectMethodHandleAccessor.invoke(DirectMethodHandleAccessor.java:103)
	at java.base/java.lang.reflect.Method.invoke(Method.java:580)
	at org.springframework.aop.support.AopUtils.invokeJoinpointUsingReflection(AopUtils.java:359)
	at org.springframework.data.repository.core.support.RepositoryMethodInvoker$RepositoryFragmentMethodInvoker.lambda$new$0(RepositoryMethodInvoker.java:278)
	at org.springframework.data.repository.core.support.RepositoryMethodInvoker.doInvoke(RepositoryMethodInvoker.java:169)
	at org.springframework.data.repository.core.support.RepositoryMethodInvoker.invoke(RepositoryMethodInvoker.java:158)
	at org.springframework.data.repository.core.support.RepositoryComposition$RepositoryFragments.invoke(RepositoryComposition.java:545)
	at org.springframework.data.repository.core.support.RepositoryComposition.invoke(RepositoryComposition.java:290)
	at org.springframework.data.repository.core.support.RepositoryFactorySupport$ImplementationMethodExecutionInterceptor.invoke(RepositoryFactorySupport.java:690)
	at org.springframework.aop.framework.ReflectiveMethodInvocation.proceed(ReflectiveMethodInvocation.java:179)
	at org.springframework.data.repository.core.support.QueryExecutorMethodInterceptor.doInvoke(QueryExecutorMethodInterceptor.java:171)
	at org.springframework.data.repository.core.support.QueryExecutorMethodInterceptor.invoke(QueryExecutorMethodInterceptor.java:146)
	at org.springframework.aop.framework.ReflectiveMethodInvocation.proceed(ReflectiveMethodInvocation.java:179)
	at org.springframework.data.projection.DefaultMethodInvokingMethodInterceptor.invoke(DefaultMethodInvokingMethodInterceptor.java:69)
	at org.springframework.aop.framework.ReflectiveMethodInvocation.proceed(ReflectiveMethodInvocation.java:179)
	at org.springframework.transaction.interceptor.TransactionInterceptor$1.proceedWithInvocation(TransactionInterceptor.java:133)
	at org.springframework.transaction.interceptor.TransactionAspectSupport.invokeWithinTransaction(TransactionAspectSupport.java:371)
	at org.springframework.transaction.interceptor.TransactionInterceptor.invoke(TransactionInterceptor.java:130)
	at org.springframework.aop.framework.ReflectiveMethodInvocation.proceed(ReflectiveMethodInvocation.java:179)
	at org.springframework.dao.support.PersistenceExceptionTranslationInterceptor.invoke(PersistenceExceptionTranslationInterceptor.java:135)
	... 106 common frames omitted
2026-07-21 00:10:29 [http-nio-8080-exec-7] WARN  o.s.w.s.m.m.a.ExceptionHandlerExceptionResolver - Resolved [org.springframework.dao.InvalidDataAccessApiUsageException: No enum constant com.example.Docgen_Backend.entity.CompanyType.SMT]
2026-07-21 00:10:39 [SpringApplicationShutdownHook] INFO  o.s.boot.tomcat.GracefulShutdown - Commencing graceful shutdown. Waiting for active requests to complete
2026-07-21 00:10:39 [tomcat-shutdown] INFO  o.s.boot.tomcat.GracefulShutdown - Graceful shutdown complete
2026-07-21 00:10:39 [SpringApplicationShutdownHook] INFO  o.s.o.j.LocalContainerEntityManagerFactoryBean - Closing JPA EntityManagerFactory for persistence unit 'default'
2026-07-21 00:10:39 [SpringApplicationShutdownHook] INFO  com.zaxxer.hikari.HikariDataSource - HikariPool-1 - Shutdown initiated...
2026-07-21 00:10:39 [SpringApplicationShutdownHook] INFO  com.zaxxer.hikari.HikariDataSource - HikariPool-1 - Shutdown completed.
2026-07-21 00:10:41 [background-preinit] INFO  o.h.validator.internal.util.Version - HV000001: Hibernate Validator 9.0.1.Final
2026-07-21 00:10:41 [restartedMain] INFO  c.e.D.DocgenBackendApplication - Starting DocgenBackendApplication using Java 21.0.9 with PID 21736 (E:\DocGen New Front V2\Docgen-Backend\target\classes started by prath in E:\DocGen New Front V2\Docgen-Backend)
2026-07-21 00:10:41 [restartedMain] DEBUG c.e.D.DocgenBackendApplication - Running with Spring Boot v4.0.6, Spring v7.0.7
2026-07-21 00:10:41 [restartedMain] INFO  c.e.D.DocgenBackendApplication - No active profile set, falling back to 1 default profile: "default"
2026-07-21 00:10:41 [restartedMain] INFO  o.s.b.d.e.DevToolsPropertyDefaultsPostProcessor - Devtools property defaults active! Set 'spring.devtools.add-properties' to 'false' to disable
2026-07-21 00:10:41 [restartedMain] INFO  o.s.b.d.e.DevToolsPropertyDefaultsPostProcessor - For additional web related logging consider setting the 'logging.level.web' property to 'DEBUG'
2026-07-21 00:10:42 [restartedMain] INFO  o.s.d.r.c.RepositoryConfigurationDelegate - Bootstrapping Spring Data JPA repositories in DEFAULT mode.
2026-07-21 00:10:42 [restartedMain] INFO  o.s.d.r.c.RepositoryConfigurationDelegate - Finished Spring Data repository scanning in 47 ms. Found 3 JPA repository interfaces.
2026-07-21 00:10:43 [restartedMain] INFO  o.s.boot.tomcat.TomcatWebServer - Tomcat initialized with port 8080 (http)
2026-07-21 00:10:43 [restartedMain] INFO  o.a.coyote.http11.Http11NioProtocol - Initializing ProtocolHandler ["http-nio-8080"]
2026-07-21 00:10:43 [restartedMain] INFO  o.a.catalina.core.StandardService - Starting service [Tomcat]
2026-07-21 00:10:43 [restartedMain] INFO  o.a.catalina.core.StandardEngine - Starting Servlet engine: [Apache Tomcat/11.0.21]
2026-07-21 00:10:43 [restartedMain] INFO  o.s.b.w.c.s.WebApplicationContextInitializer - Root WebApplicationContext: initialization completed in 1405 ms
2026-07-21 00:10:43 [restartedMain] DEBUG c.e.Docgen_Backend.config.JwtFilter - Filter 'jwtFilter' configured for use
2026-07-21 00:10:43 [restartedMain] INFO  org.hibernate.orm.jpa - HHH008540: Processing PersistenceUnitInfo [name: default]
2026-07-21 00:10:43 [restartedMain] INFO  org.hibernate.orm.core - HHH000001: Hibernate ORM core version 7.2.12.Final
2026-07-21 00:10:43 [restartedMain] INFO  o.s.o.j.p.SpringPersistenceUnitInfo - No LoadTimeWeaver setup: ignoring JPA class transformer
2026-07-21 00:10:43 [restartedMain] INFO  com.zaxxer.hikari.HikariDataSource - HikariPool-1 - Starting...
2026-07-21 00:10:44 [restartedMain] INFO  com.zaxxer.hikari.pool.HikariPool - HikariPool-1 - Added connection com.mysql.cj.jdbc.ConnectionImpl@4e1b3c4c
2026-07-21 00:10:44 [restartedMain] INFO  com.zaxxer.hikari.HikariDataSource - HikariPool-1 - Start completed.
2026-07-21 00:10:44 [restartedMain] WARN  org.hibernate.orm.jdbc - HHH100045: Could not obtain connection metadata: java.sql.SQLSyntaxErrorException: Unknown column 'RESERVED' in 'WHERE'
2026-07-21 00:10:44 [restartedMain] WARN  org.hibernate.orm.deprecation - HHH90000025: MySQLDialect does not need to be specified explicitly using 'hibernate.dialect' (remove the property setting and it will be selected by default)
2026-07-21 00:10:44 [restartedMain] INFO  o.hibernate.orm.connections.pooling - HHH10001005: Database info:
	Database JDBC URL [undefined/unknown]
	Database driver: undefined/unknown
	Database dialect: MySQLDialect
	Database version: 8.0
	Default catalog/schema: unknown/unknown
	Autocommit mode: undefined/unknown
	Isolation level: NONE [default NONE]
	JDBC fetch size: undefined/unknown
	Pool: DataSourceConnectionProvider
	Minimum pool size: undefined/unknown
	Maximum pool size: undefined/unknown
2026-07-21 00:10:45 [restartedMain] INFO  org.hibernate.orm.core - HHH000489: No JTA platform available (set 'hibernate.transaction.jta.platform' to enable JTA platform integration)
2026-07-21 00:10:53 [restartedMain] INFO  o.s.o.j.LocalContainerEntityManagerFactoryBean - Initialized JPA EntityManagerFactory for persistence unit 'default'
2026-07-21 00:10:53 [restartedMain] INFO  o.s.d.j.r.q.QueryEnhancerFactories - Hibernate is in classpath; If applicable, HQL parser will be used.
2026-07-21 00:10:54 [restartedMain] INFO  o.s.s.c.a.a.c.InitializeUserDetailsBeanManagerConfigurer$InitializeUserDetailsManagerConfigurer - Global AuthenticationManager configured with UserDetailsService bean with name customUserDetailsService
2026-07-21 00:10:54 [restartedMain] WARN  o.s.b.j.a.JpaBaseConfiguration$JpaWebConfiguration - spring.jpa.open-in-view is enabled by default. Therefore, database queries may be performed during view rendering. Explicitly configure spring.jpa.open-in-view to disable this warning
2026-07-21 00:10:54 [restartedMain] INFO  o.a.coyote.http11.Http11NioProtocol - Starting ProtocolHandler ["http-nio-8080"]
2026-07-21 00:10:54 [restartedMain] INFO  o.s.boot.tomcat.TomcatWebServer - Tomcat started on port 8080 (http) with context path '/'
2026-07-21 00:10:54 [restartedMain] INFO  c.e.D.DocgenBackendApplication - Started DocgenBackendApplication in 13.476 seconds (process running for 14.207)
2026-07-21 00:11:00 [http-nio-8080-exec-2] INFO  o.a.c.c.C.[Tomcat].[localhost].[/] - Initializing Spring DispatcherServlet 'dispatcherServlet'
2026-07-21 00:11:00 [http-nio-8080-exec-2] INFO  o.s.web.servlet.DispatcherServlet - Initializing Servlet 'dispatcherServlet'
2026-07-21 00:11:00 [http-nio-8080-exec-2] INFO  o.s.web.servlet.DispatcherServlet - Completed initialization in 2 ms
2026-07-21 00:11:00 [http-nio-8080-exec-3] INFO  c.e.Docgen_Backend.config.JwtFilter - JWT validated successfully for userId=6a311365ec2c34f3d9e4f06e
2026-07-21 00:11:00 [http-nio-8080-exec-3] INFO  c.e.D.controller.UserController - GET /api/v2/users - Fetch all users request received | page=0, size=8, sortBy=id, direction=desc
2026-07-21 00:11:01 [http-nio-8080-exec-3] ERROR c.e.D.e.GlobalExceptionHandler - Unexpected error occurred
org.springframework.dao.InvalidDataAccessApiUsageException: No enum constant com.example.Docgen_Backend.entity.CompanyType.SMT
	at org.springframework.orm.jpa.EntityManagerFactoryUtils.convertJpaAccessExceptionIfPossible(EntityManagerFactoryUtils.java:464)
	at org.springframework.orm.jpa.hibernate.HibernateExceptionTranslator.translateExceptionIfPossible(HibernateExceptionTranslator.java:112)
	at org.springframework.orm.jpa.vendor.HibernateJpaDialect.translateExceptionIfPossible(HibernateJpaDialect.java:223)
	at org.springframework.orm.jpa.AbstractEntityManagerFactoryBean.translateExceptionIfPossible(AbstractEntityManagerFactoryBean.java:576)
	at org.springframework.dao.support.ChainedPersistenceExceptionTranslator.translateExceptionIfPossible(ChainedPersistenceExceptionTranslator.java:61)
	at org.springframework.dao.support.DataAccessUtils.translateIfNecessary(DataAccessUtils.java:346)
	at org.springframework.dao.support.PersistenceExceptionTranslationInterceptor.invoke(PersistenceExceptionTranslationInterceptor.java:157)
	at org.springframework.aop.framework.ReflectiveMethodInvocation.proceed(ReflectiveMethodInvocation.java:179)
	at org.springframework.data.jpa.repository.support.CrudMethodMetadataPostProcessor$CrudMethodMetadataPopulatingMethodInterceptor.invoke(CrudMethodMetadataPostProcessor.java:166)
	at org.springframework.aop.framework.ReflectiveMethodInvocation.proceed(ReflectiveMethodInvocation.java:179)
	at org.springframework.aop.framework.JdkDynamicAopProxy.invoke(JdkDynamicAopProxy.java:222)
	at jdk.proxy4/jdk.proxy4.$Proxy163.findAll(Unknown Source)
	at com.example.Docgen_Backend.service.impl.UserServiceImpl.getAllUserProfiles(UserServiceImpl.java:345)
	at java.base/jdk.internal.reflect.DirectMethodHandleAccessor.invoke(DirectMethodHandleAccessor.java:103)
	at java.base/java.lang.reflect.Method.invoke(Method.java:580)
	at org.springframework.aop.support.AopUtils.invokeJoinpointUsingReflection(AopUtils.java:359)
	at org.springframework.aop.framework.CglibAopProxy$DynamicAdvisedInterceptor.intercept(CglibAopProxy.java:715)
	at com.example.Docgen_Backend.service.impl.UserServiceImpl$$SpringCGLIB$$0.getAllUserProfiles(<generated>)
	at com.example.Docgen_Backend.controller.UserController.getAllUserProfiles(UserController.java:107)
	at java.base/jdk.internal.reflect.DirectMethodHandleAccessor.invoke(DirectMethodHandleAccessor.java:103)
	at java.base/java.lang.reflect.Method.invoke(Method.java:580)
	at org.springframework.web.method.support.InvocableHandlerMethod.doInvoke(InvocableHandlerMethod.java:252)
	at org.springframework.web.method.support.InvocableHandlerMethod.invokeForRequest(InvocableHandlerMethod.java:184)
	at org.springframework.web.servlet.mvc.method.annotation.ServletInvocableHandlerMethod.invokeAndHandle(ServletInvocableHandlerMethod.java:117)
	at org.springframework.web.servlet.mvc.method.annotation.RequestMappingHandlerAdapter.invokeHandlerMethod(RequestMappingHandlerAdapter.java:934)
	at org.springframework.web.servlet.mvc.method.annotation.RequestMappingHandlerAdapter.handleInternal(RequestMappingHandlerAdapter.java:853)
	at org.springframework.web.servlet.mvc.method.AbstractHandlerMethodAdapter.handle(AbstractHandlerMethodAdapter.java:86)
	at org.springframework.web.servlet.DispatcherServlet.doDispatch(DispatcherServlet.java:963)
	at org.springframework.web.servlet.DispatcherServlet.doService(DispatcherServlet.java:866)
	at org.springframework.web.servlet.FrameworkServlet.processRequest(FrameworkServlet.java:1000)
	at org.springframework.web.servlet.FrameworkServlet.doGet(FrameworkServlet.java:892)
	at jakarta.servlet.http.HttpServlet.service(HttpServlet.java:622)
	at org.springframework.web.servlet.FrameworkServlet.service(FrameworkServlet.java:874)
	at jakarta.servlet.http.HttpServlet.service(HttpServlet.java:710)
	at org.apache.catalina.core.ApplicationFilterChain.doFilter(ApplicationFilterChain.java:128)
	at org.apache.tomcat.websocket.server.WsFilter.doFilter(WsFilter.java:53)
	at org.apache.catalina.core.ApplicationFilterChain.doFilter(ApplicationFilterChain.java:107)
	at org.springframework.web.filter.OncePerRequestFilter.doFilter(OncePerRequestFilter.java:110)
	at org.apache.catalina.core.ApplicationFilterChain.doFilter(ApplicationFilterChain.java:107)
	at org.springframework.web.filter.CompositeFilter$VirtualFilterChain.doFilter(CompositeFilter.java:108)
	at org.springframework.security.web.FilterChainProxy.lambda$doFilterInternal$3(FilterChainProxy.java:235)
	at org.springframework.security.web.FilterChainProxy$VirtualFilterChain.doFilter(FilterChainProxy.java:376)
	at org.springframework.security.web.access.intercept.AuthorizationFilter.doFilter(AuthorizationFilter.java:101)
	at org.springframework.security.web.FilterChainProxy$VirtualFilterChain.doFilter(FilterChainProxy.java:385)
	at org.springframework.security.web.access.ExceptionTranslationFilter.doFilter(ExceptionTranslationFilter.java:126)
	at org.springframework.security.web.access.ExceptionTranslationFilter.doFilter(ExceptionTranslationFilter.java:120)
	at org.springframework.security.web.FilterChainProxy$VirtualFilterChain.doFilter(FilterChainProxy.java:385)
	at org.springframework.security.web.session.SessionManagementFilter.doFilter(SessionManagementFilter.java:132)
	at org.springframework.security.web.session.SessionManagementFilter.doFilter(SessionManagementFilter.java:86)
	at org.springframework.security.web.FilterChainProxy$VirtualFilterChain.doFilter(FilterChainProxy.java:385)
	at org.springframework.security.web.authentication.AnonymousAuthenticationFilter.doFilter(AnonymousAuthenticationFilter.java:100)
	at org.springframework.security.web.FilterChainProxy$VirtualFilterChain.doFilter(FilterChainProxy.java:385)
	at org.springframework.security.web.servletapi.SecurityContextHolderAwareRequestFilter.doFilter(SecurityContextHolderAwareRequestFilter.java:181)
	at org.springframework.security.web.FilterChainProxy$VirtualFilterChain.doFilter(FilterChainProxy.java:385)
	at org.springframework.security.web.savedrequest.RequestCacheAwareFilter.doFilter(RequestCacheAwareFilter.java:63)
	at org.springframework.security.web.FilterChainProxy$VirtualFilterChain.doFilter(FilterChainProxy.java:385)
	at com.example.Docgen_Backend.config.JwtFilter.doFilterInternal(JwtFilter.java:111)
	at org.springframework.web.filter.OncePerRequestFilter.doFilter(OncePerRequestFilter.java:116)
	at org.springframework.security.web.FilterChainProxy$VirtualFilterChain.doFilter(FilterChainProxy.java:385)
	at org.springframework.security.web.authentication.logout.LogoutFilter.doFilter(LogoutFilter.java:110)
	at org.springframework.security.web.authentication.logout.LogoutFilter.doFilter(LogoutFilter.java:96)
	at org.springframework.security.web.FilterChainProxy$VirtualFilterChain.doFilter(FilterChainProxy.java:385)
	at org.springframework.web.filter.CorsFilter.doFilterInternal(CorsFilter.java:91)
	at org.springframework.web.filter.OncePerRequestFilter.doFilter(OncePerRequestFilter.java:116)
	at org.springframework.security.web.FilterChainProxy$VirtualFilterChain.doFilter(FilterChainProxy.java:385)
	at org.springframework.security.web.header.HeaderWriterFilter.doHeadersAfter(HeaderWriterFilter.java:90)
	at org.springframework.security.web.header.HeaderWriterFilter.doFilterInternal(HeaderWriterFilter.java:75)
	at org.springframework.web.filter.OncePerRequestFilter.doFilter(OncePerRequestFilter.java:116)
	at org.springframework.security.web.FilterChainProxy$VirtualFilterChain.doFilter(FilterChainProxy.java:385)
	at org.springframework.security.web.context.SecurityContextHolderFilter.doFilter(SecurityContextHolderFilter.java:82)
	at org.springframework.security.web.context.SecurityContextHolderFilter.doFilter(SecurityContextHolderFilter.java:69)
	at org.springframework.security.web.FilterChainProxy$VirtualFilterChain.doFilter(FilterChainProxy.java:385)
	at org.springframework.security.web.context.request.async.WebAsyncManagerIntegrationFilter.doFilterInternal(WebAsyncManagerIntegrationFilter.java:62)
	at org.springframework.web.filter.OncePerRequestFilter.doFilter(OncePerRequestFilter.java:116)
	at org.springframework.security.web.FilterChainProxy$VirtualFilterChain.doFilter(FilterChainProxy.java:385)
	at org.springframework.security.web.session.DisableEncodeUrlFilter.doFilterInternal(DisableEncodeUrlFilter.java:42)
	at org.springframework.web.filter.OncePerRequestFilter.doFilter(OncePerRequestFilter.java:116)
	at org.springframework.security.web.FilterChainProxy$VirtualFilterChain.doFilter(FilterChainProxy.java:385)
	at org.springframework.security.web.FilterChainProxy.doFilterInternal(FilterChainProxy.java:237)
	at org.springframework.security.web.FilterChainProxy.doFilter(FilterChainProxy.java:195)
	at org.springframework.web.filter.CompositeFilter$VirtualFilterChain.doFilter(CompositeFilter.java:113)
	at org.springframework.web.filter.ServletRequestPathFilter.doFilter(ServletRequestPathFilter.java:52)
	at org.springframework.web.filter.CompositeFilter$VirtualFilterChain.doFilter(CompositeFilter.java:113)
	at org.springframework.web.filter.CompositeFilter.doFilter(CompositeFilter.java:74)
	at org.springframework.security.config.annotation.web.configuration.WebSecurityConfiguration$CompositeFilterChainProxy.doFilter(WebSecurityConfiguration.java:317)
	at org.springframework.web.filter.DelegatingFilterProxy.invokeDelegate(DelegatingFilterProxy.java:355)
	at org.springframework.web.filter.DelegatingFilterProxy.doFilter(DelegatingFilterProxy.java:272)
	at org.apache.catalina.core.ApplicationFilterChain.doFilter(ApplicationFilterChain.java:107)
	at org.springframework.web.filter.RequestContextFilter.doFilterInternal(RequestContextFilter.java:100)
	at org.springframework.web.filter.OncePerRequestFilter.doFilter(OncePerRequestFilter.java:116)
	at org.apache.catalina.core.ApplicationFilterChain.doFilter(ApplicationFilterChain.java:107)
	at org.springframework.web.filter.FormContentFilter.doFilterInternal(FormContentFilter.java:93)
	at org.springframework.web.filter.OncePerRequestFilter.doFilter(OncePerRequestFilter.java:116)
	at org.apache.catalina.core.ApplicationFilterChain.doFilter(ApplicationFilterChain.java:107)
	at org.springframework.web.filter.CharacterEncodingFilter.doFilterInternal(CharacterEncodingFilter.java:199)
	at org.springframework.web.filter.OncePerRequestFilter.doFilter(OncePerRequestFilter.java:116)
	at org.apache.catalina.core.ApplicationFilterChain.doFilter(ApplicationFilterChain.java:107)
	at org.apache.catalina.core.StandardWrapperValve.invoke(StandardWrapperValve.java:165)
	at org.apache.catalina.core.StandardContextValve.invoke(StandardContextValve.java:77)
	at org.apache.catalina.authenticator.AuthenticatorBase.invoke(AuthenticatorBase.java:492)
	at org.apache.catalina.core.StandardHostValve.invoke(StandardHostValve.java:113)
	at org.apache.catalina.valves.ErrorReportValve.invoke(ErrorReportValve.java:83)
	at org.apache.catalina.core.StandardEngineValve.invoke(StandardEngineValve.java:72)
	at org.apache.catalina.connector.CoyoteAdapter.service(CoyoteAdapter.java:341)
	at org.apache.coyote.http11.Http11Processor.service(Http11Processor.java:397)
	at org.apache.coyote.AbstractProcessorLight.process(AbstractProcessorLight.java:63)
	at org.apache.coyote.AbstractProtocol$ConnectionHandler.process(AbstractProtocol.java:903)
	at org.apache.tomcat.util.net.NioEndpoint$SocketProcessor.doRun(NioEndpoint.java:1801)
	at org.apache.tomcat.util.net.SocketProcessorBase.run(SocketProcessorBase.java:52)
	at org.apache.tomcat.util.threads.ThreadPoolExecutor.runWorker(ThreadPoolExecutor.java:946)
	at org.apache.tomcat.util.threads.ThreadPoolExecutor$Worker.run(ThreadPoolExecutor.java:480)
	at org.apache.tomcat.util.threads.TaskThread$WrappingRunnable.run(TaskThread.java:57)
	at java.base/java.lang.Thread.run(Thread.java:1583)
Caused by: java.lang.IllegalArgumentException: No enum constant com.example.Docgen_Backend.entity.CompanyType.SMT
	at java.base/java.lang.Enum.valueOf(Enum.java:293)
	at org.hibernate.type.descriptor.java.EnumJavaType.fromName(EnumJavaType.java:262)
	at org.hibernate.type.descriptor.java.EnumJavaType.wrap(EnumJavaType.java:129)
	at org.hibernate.type.descriptor.java.EnumJavaType.wrap(EnumJavaType.java:36)
	at org.hibernate.type.descriptor.jdbc.EnumJdbcType$2.doExtract(EnumJdbcType.java:88)
	at org.hibernate.type.descriptor.jdbc.BasicExtractor.extract(BasicExtractor.java:42)
	at org.hibernate.sql.results.jdbc.internal.JdbcValuesResultSetImpl.getCurrentRowValue(JdbcValuesResultSetImpl.java:381)
	at org.hibernate.sql.results.internal.RowProcessingStateStandardImpl.getJdbcValue(RowProcessingStateStandardImpl.java:148)
	at org.hibernate.sql.results.graph.basic.BasicResultAssembler.extractRawValue(BasicResultAssembler.java:52)
	at org.hibernate.sql.results.graph.basic.BasicResultAssembler.assemble(BasicResultAssembler.java:58)
	at org.hibernate.sql.results.graph.entity.internal.EntityInitializerImpl.extractConcreteTypeStateValues(EntityInitializerImpl.java:1890)
	at org.hibernate.sql.results.graph.entity.internal.EntityInitializerImpl.initializeEntityInstance(EntityInitializerImpl.java:1578)
	at org.hibernate.sql.results.graph.entity.internal.EntityInitializerImpl.initializeInstance(EntityInitializerImpl.java:1501)
	at org.hibernate.sql.results.graph.entity.internal.EntityInitializerImpl.initializeInstance(EntityInitializerImpl.java:80)
	at org.hibernate.sql.results.internal.StandardRowReader.coordinateInitializers(StandardRowReader.java:239)
	at org.hibernate.sql.results.internal.StandardRowReader.readRow(StandardRowReader.java:137)
	at org.hibernate.sql.results.spi.ListResultsConsumer.read(ListResultsConsumer.java:243)
	at org.hibernate.sql.results.spi.ListResultsConsumer.readRows(ListResultsConsumer.java:233)
	at org.hibernate.sql.results.spi.ListResultsConsumer.consume(ListResultsConsumer.java:164)
	at org.hibernate.sql.results.spi.ListResultsConsumer.consume(ListResultsConsumer.java:31)
	at org.hibernate.sql.exec.internal.JdbcSelectExecutorStandardImpl.doExecuteQuery(JdbcSelectExecutorStandardImpl.java:213)
	at org.hibernate.sql.exec.internal.JdbcSelectExecutorStandardImpl.executeQuery(JdbcSelectExecutorStandardImpl.java:100)
	at org.hibernate.sql.exec.spi.JdbcSelectExecutor.executeQuery(JdbcSelectExecutor.java:63)
	at org.hibernate.sql.exec.spi.JdbcSelectExecutor.list(JdbcSelectExecutor.java:137)
	at org.hibernate.query.sqm.internal.ConcreteSqmSelectQueryPlan.lambda$new$1(ConcreteSqmSelectQueryPlan.java:134)
	at org.hibernate.query.sqm.internal.ConcreteSqmSelectQueryPlan.withCacheableSqmInterpretation(ConcreteSqmSelectQueryPlan.java:464)
	at org.hibernate.query.sqm.internal.ConcreteSqmSelectQueryPlan.performList(ConcreteSqmSelectQueryPlan.java:392)
	at org.hibernate.query.sqm.internal.SqmQueryImpl.doList(SqmQueryImpl.java:374)
	at org.hibernate.query.spi.AbstractSelectionQuery.list(AbstractSelectionQuery.java:153)
	at org.hibernate.query.Query.getResultList(Query.java:121)
	at org.springframework.data.jpa.repository.support.SimpleJpaRepository.readPage(SimpleJpaRepository.java:745)
	at org.springframework.data.jpa.repository.support.SimpleJpaRepository.findAll(SimpleJpaRepository.java:480)
	at org.springframework.data.jpa.repository.support.SimpleJpaRepository.findAll(SimpleJpaRepository.java:469)
	at org.springframework.data.jpa.repository.support.SimpleJpaRepository.findAll(SimpleJpaRepository.java:454)
	at java.base/jdk.internal.reflect.DirectMethodHandleAccessor.invoke(DirectMethodHandleAccessor.java:103)
	at java.base/java.lang.reflect.Method.invoke(Method.java:580)
	at org.springframework.aop.support.AopUtils.invokeJoinpointUsingReflection(AopUtils.java:359)
	at org.springframework.data.repository.core.support.RepositoryMethodInvoker$RepositoryFragmentMethodInvoker.lambda$new$0(RepositoryMethodInvoker.java:278)
	at org.springframework.data.repository.core.support.RepositoryMethodInvoker.doInvoke(RepositoryMethodInvoker.java:169)
	at org.springframework.data.repository.core.support.RepositoryMethodInvoker.invoke(RepositoryMethodInvoker.java:158)
	at org.springframework.data.repository.core.support.RepositoryComposition$RepositoryFragments.invoke(RepositoryComposition.java:545)
	at org.springframework.data.repository.core.support.RepositoryComposition.invoke(RepositoryComposition.java:290)
	at org.springframework.data.repository.core.support.RepositoryFactorySupport$ImplementationMethodExecutionInterceptor.invoke(RepositoryFactorySupport.java:690)
	at org.springframework.aop.framework.ReflectiveMethodInvocation.proceed(ReflectiveMethodInvocation.java:179)
	at org.springframework.data.repository.core.support.QueryExecutorMethodInterceptor.doInvoke(QueryExecutorMethodInterceptor.java:171)
	at org.springframework.data.repository.core.support.QueryExecutorMethodInterceptor.invoke(QueryExecutorMethodInterceptor.java:146)
	at org.springframework.aop.framework.ReflectiveMethodInvocation.proceed(ReflectiveMethodInvocation.java:179)
	at org.springframework.data.projection.DefaultMethodInvokingMethodInterceptor.invoke(DefaultMethodInvokingMethodInterceptor.java:69)
	at org.springframework.aop.framework.ReflectiveMethodInvocation.proceed(ReflectiveMethodInvocation.java:179)
	at org.springframework.transaction.interceptor.TransactionInterceptor$1.proceedWithInvocation(TransactionInterceptor.java:133)
	at org.springframework.transaction.interceptor.TransactionAspectSupport.invokeWithinTransaction(TransactionAspectSupport.java:371)
	at org.springframework.transaction.interceptor.TransactionInterceptor.invoke(TransactionInterceptor.java:130)
	at org.springframework.aop.framework.ReflectiveMethodInvocation.proceed(ReflectiveMethodInvocation.java:179)
	at org.springframework.dao.support.PersistenceExceptionTranslationInterceptor.invoke(PersistenceExceptionTranslationInterceptor.java:135)
	... 106 common frames omitted
2026-07-21 00:11:01 [http-nio-8080-exec-3] WARN  o.s.w.s.m.m.a.ExceptionHandlerExceptionResolver - Resolved [org.springframework.dao.InvalidDataAccessApiUsageException: No enum constant com.example.Docgen_Backend.entity.CompanyType.SMT]
2026-07-21 00:11:01 [http-nio-8080-exec-7] INFO  c.e.Docgen_Backend.config.JwtFilter - JWT validated successfully for userId=6a311365ec2c34f3d9e4f06e
2026-07-21 00:11:01 [http-nio-8080-exec-7] INFO  c.e.D.controller.UserController - GET /api/v2/users - Fetch all users request received | page=0, size=8, sortBy=id, direction=desc
2026-07-21 00:11:01 [http-nio-8080-exec-7] ERROR c.e.D.e.GlobalExceptionHandler - Unexpected error occurred
org.springframework.dao.InvalidDataAccessApiUsageException: No enum constant com.example.Docgen_Backend.entity.CompanyType.SMT
	at org.springframework.orm.jpa.EntityManagerFactoryUtils.convertJpaAccessExceptionIfPossible(EntityManagerFactoryUtils.java:464)
	at org.springframework.orm.jpa.hibernate.HibernateExceptionTranslator.translateExceptionIfPossible(HibernateExceptionTranslator.java:112)
	at org.springframework.orm.jpa.vendor.HibernateJpaDialect.translateExceptionIfPossible(HibernateJpaDialect.java:223)
	at org.springframework.orm.jpa.AbstractEntityManagerFactoryBean.translateExceptionIfPossible(AbstractEntityManagerFactoryBean.java:576)
	at org.springframework.dao.support.ChainedPersistenceExceptionTranslator.translateExceptionIfPossible(ChainedPersistenceExceptionTranslator.java:61)
	at org.springframework.dao.support.DataAccessUtils.translateIfNecessary(DataAccessUtils.java:346)
	at org.springframework.dao.support.PersistenceExceptionTranslationInterceptor.invoke(PersistenceExceptionTranslationInterceptor.java:157)
	at org.springframework.aop.framework.ReflectiveMethodInvocation.proceed(ReflectiveMethodInvocation.java:179)
	at org.springframework.data.jpa.repository.support.CrudMethodMetadataPostProcessor$CrudMethodMetadataPopulatingMethodInterceptor.invoke(CrudMethodMetadataPostProcessor.java:166)
	at org.springframework.aop.framework.ReflectiveMethodInvocation.proceed(ReflectiveMethodInvocation.java:179)
	at org.springframework.aop.framework.JdkDynamicAopProxy.invoke(JdkDynamicAopProxy.java:222)
	at jdk.proxy4/jdk.proxy4.$Proxy163.findAll(Unknown Source)
	at com.example.Docgen_Backend.service.impl.UserServiceImpl.getAllUserProfiles(UserServiceImpl.java:345)
	at java.base/jdk.internal.reflect.DirectMethodHandleAccessor.invoke(DirectMethodHandleAccessor.java:103)
	at java.base/java.lang.reflect.Method.invoke(Method.java:580)
	at org.springframework.aop.support.AopUtils.invokeJoinpointUsingReflection(AopUtils.java:359)
	at org.springframework.aop.framework.CglibAopProxy$DynamicAdvisedInterceptor.intercept(CglibAopProxy.java:715)
	at com.example.Docgen_Backend.service.impl.UserServiceImpl$$SpringCGLIB$$0.getAllUserProfiles(<generated>)
	at com.example.Docgen_Backend.controller.UserController.getAllUserProfiles(UserController.java:107)
	at java.base/jdk.internal.reflect.DirectMethodHandleAccessor.invoke(DirectMethodHandleAccessor.java:103)
	at java.base/java.lang.reflect.Method.invoke(Method.java:580)
	at org.springframework.web.method.support.InvocableHandlerMethod.doInvoke(InvocableHandlerMethod.java:252)
	at org.springframework.web.method.support.InvocableHandlerMethod.invokeForRequest(InvocableHandlerMethod.java:184)
	at org.springframework.web.servlet.mvc.method.annotation.ServletInvocableHandlerMethod.invokeAndHandle(ServletInvocableHandlerMethod.java:117)
	at org.springframework.web.servlet.mvc.method.annotation.RequestMappingHandlerAdapter.invokeHandlerMethod(RequestMappingHandlerAdapter.java:934)
	at org.springframework.web.servlet.mvc.method.annotation.RequestMappingHandlerAdapter.handleInternal(RequestMappingHandlerAdapter.java:853)
	at org.springframework.web.servlet.mvc.method.AbstractHandlerMethodAdapter.handle(AbstractHandlerMethodAdapter.java:86)
	at org.springframework.web.servlet.DispatcherServlet.doDispatch(DispatcherServlet.java:963)
	at org.springframework.web.servlet.DispatcherServlet.doService(DispatcherServlet.java:866)
	at org.springframework.web.servlet.FrameworkServlet.processRequest(FrameworkServlet.java:1000)
	at org.springframework.web.servlet.FrameworkServlet.doGet(FrameworkServlet.java:892)
	at jakarta.servlet.http.HttpServlet.service(HttpServlet.java:622)
	at org.springframework.web.servlet.FrameworkServlet.service(FrameworkServlet.java:874)
	at jakarta.servlet.http.HttpServlet.service(HttpServlet.java:710)
	at org.apache.catalina.core.ApplicationFilterChain.doFilter(ApplicationFilterChain.java:128)
	at org.apache.tomcat.websocket.server.WsFilter.doFilter(WsFilter.java:53)
	at org.apache.catalina.core.ApplicationFilterChain.doFilter(ApplicationFilterChain.java:107)
	at org.springframework.web.filter.OncePerRequestFilter.doFilter(OncePerRequestFilter.java:110)
	at org.apache.catalina.core.ApplicationFilterChain.doFilter(ApplicationFilterChain.java:107)
	at org.springframework.web.filter.CompositeFilter$VirtualFilterChain.doFilter(CompositeFilter.java:108)
	at org.springframework.security.web.FilterChainProxy.lambda$doFilterInternal$3(FilterChainProxy.java:235)
	at org.springframework.security.web.FilterChainProxy$VirtualFilterChain.doFilter(FilterChainProxy.java:376)
	at org.springframework.security.web.access.intercept.AuthorizationFilter.doFilter(AuthorizationFilter.java:101)
	at org.springframework.security.web.FilterChainProxy$VirtualFilterChain.doFilter(FilterChainProxy.java:385)
	at org.springframework.security.web.access.ExceptionTranslationFilter.doFilter(ExceptionTranslationFilter.java:126)
	at org.springframework.security.web.access.ExceptionTranslationFilter.doFilter(ExceptionTranslationFilter.java:120)
	at org.springframework.security.web.FilterChainProxy$VirtualFilterChain.doFilter(FilterChainProxy.java:385)
	at org.springframework.security.web.session.SessionManagementFilter.doFilter(SessionManagementFilter.java:132)
	at org.springframework.security.web.session.SessionManagementFilter.doFilter(SessionManagementFilter.java:86)
	at org.springframework.security.web.FilterChainProxy$VirtualFilterChain.doFilter(FilterChainProxy.java:385)
	at org.springframework.security.web.authentication.AnonymousAuthenticationFilter.doFilter(AnonymousAuthenticationFilter.java:100)
	at org.springframework.security.web.FilterChainProxy$VirtualFilterChain.doFilter(FilterChainProxy.java:385)
	at org.springframework.security.web.servletapi.SecurityContextHolderAwareRequestFilter.doFilter(SecurityContextHolderAwareRequestFilter.java:181)
	at org.springframework.security.web.FilterChainProxy$VirtualFilterChain.doFilter(FilterChainProxy.java:385)
	at org.springframework.security.web.savedrequest.RequestCacheAwareFilter.doFilter(RequestCacheAwareFilter.java:63)
	at org.springframework.security.web.FilterChainProxy$VirtualFilterChain.doFilter(FilterChainProxy.java:385)
	at com.example.Docgen_Backend.config.JwtFilter.doFilterInternal(JwtFilter.java:111)
	at org.springframework.web.filter.OncePerRequestFilter.doFilter(OncePerRequestFilter.java:116)
	at org.springframework.security.web.FilterChainProxy$VirtualFilterChain.doFilter(FilterChainProxy.java:385)
	at org.springframework.security.web.authentication.logout.LogoutFilter.doFilter(LogoutFilter.java:110)
	at org.springframework.security.web.authentication.logout.LogoutFilter.doFilter(LogoutFilter.java:96)
	at org.springframework.security.web.FilterChainProxy$VirtualFilterChain.doFilter(FilterChainProxy.java:385)
	at org.springframework.web.filter.CorsFilter.doFilterInternal(CorsFilter.java:91)
	at org.springframework.web.filter.OncePerRequestFilter.doFilter(OncePerRequestFilter.java:116)
	at org.springframework.security.web.FilterChainProxy$VirtualFilterChain.doFilter(FilterChainProxy.java:385)
	at org.springframework.security.web.header.HeaderWriterFilter.doHeadersAfter(HeaderWriterFilter.java:90)
	at org.springframework.security.web.header.HeaderWriterFilter.doFilterInternal(HeaderWriterFilter.java:75)
	at org.springframework.web.filter.OncePerRequestFilter.doFilter(OncePerRequestFilter.java:116)
	at org.springframework.security.web.FilterChainProxy$VirtualFilterChain.doFilter(FilterChainProxy.java:385)
	at org.springframework.security.web.context.SecurityContextHolderFilter.doFilter(SecurityContextHolderFilter.java:82)
	at org.springframework.security.web.context.SecurityContextHolderFilter.doFilter(SecurityContextHolderFilter.java:69)
	at org.springframework.security.web.FilterChainProxy$VirtualFilterChain.doFilter(FilterChainProxy.java:385)
	at org.springframework.security.web.context.request.async.WebAsyncManagerIntegrationFilter.doFilterInternal(WebAsyncManagerIntegrationFilter.java:62)
	at org.springframework.web.filter.OncePerRequestFilter.doFilter(OncePerRequestFilter.java:116)
	at org.springframework.security.web.FilterChainProxy$VirtualFilterChain.doFilter(FilterChainProxy.java:385)
	at org.springframework.security.web.session.DisableEncodeUrlFilter.doFilterInternal(DisableEncodeUrlFilter.java:42)
	at org.springframework.web.filter.OncePerRequestFilter.doFilter(OncePerRequestFilter.java:116)
	at org.springframework.security.web.FilterChainProxy$VirtualFilterChain.doFilter(FilterChainProxy.java:385)
	at org.springframework.security.web.FilterChainProxy.doFilterInternal(FilterChainProxy.java:237)
	at org.springframework.security.web.FilterChainProxy.doFilter(FilterChainProxy.java:195)
	at org.springframework.web.filter.CompositeFilter$VirtualFilterChain.doFilter(CompositeFilter.java:113)
	at org.springframework.web.filter.ServletRequestPathFilter.doFilter(ServletRequestPathFilter.java:52)
	at org.springframework.web.filter.CompositeFilter$VirtualFilterChain.doFilter(CompositeFilter.java:113)
	at org.springframework.web.filter.CompositeFilter.doFilter(CompositeFilter.java:74)
	at org.springframework.security.config.annotation.web.configuration.WebSecurityConfiguration$CompositeFilterChainProxy.doFilter(WebSecurityConfiguration.java:317)
	at org.springframework.web.filter.DelegatingFilterProxy.invokeDelegate(DelegatingFilterProxy.java:355)
	at org.springframework.web.filter.DelegatingFilterProxy.doFilter(DelegatingFilterProxy.java:272)
	at org.apache.catalina.core.ApplicationFilterChain.doFilter(ApplicationFilterChain.java:107)
	at org.springframework.web.filter.RequestContextFilter.doFilterInternal(RequestContextFilter.java:100)
	at org.springframework.web.filter.OncePerRequestFilter.doFilter(OncePerRequestFilter.java:116)
	at org.apache.catalina.core.ApplicationFilterChain.doFilter(ApplicationFilterChain.java:107)
	at org.springframework.web.filter.FormContentFilter.doFilterInternal(FormContentFilter.java:93)
	at org.springframework.web.filter.OncePerRequestFilter.doFilter(OncePerRequestFilter.java:116)
	at org.apache.catalina.core.ApplicationFilterChain.doFilter(ApplicationFilterChain.java:107)
	at org.springframework.web.filter.CharacterEncodingFilter.doFilterInternal(CharacterEncodingFilter.java:199)
	at org.springframework.web.filter.OncePerRequestFilter.doFilter(OncePerRequestFilter.java:116)
	at org.apache.catalina.core.ApplicationFilterChain.doFilter(ApplicationFilterChain.java:107)
	at org.apache.catalina.core.StandardWrapperValve.invoke(StandardWrapperValve.java:165)
	at org.apache.catalina.core.StandardContextValve.invoke(StandardContextValve.java:77)
	at org.apache.catalina.authenticator.AuthenticatorBase.invoke(AuthenticatorBase.java:492)
	at org.apache.catalina.core.StandardHostValve.invoke(StandardHostValve.java:113)
	at org.apache.catalina.valves.ErrorReportValve.invoke(ErrorReportValve.java:83)
	at org.apache.catalina.core.StandardEngineValve.invoke(StandardEngineValve.java:72)
	at org.apache.catalina.connector.CoyoteAdapter.service(CoyoteAdapter.java:341)
	at org.apache.coyote.http11.Http11Processor.service(Http11Processor.java:397)
	at org.apache.coyote.AbstractProcessorLight.process(AbstractProcessorLight.java:63)
	at org.apache.coyote.AbstractProtocol$ConnectionHandler.process(AbstractProtocol.java:903)
	at org.apache.tomcat.util.net.NioEndpoint$SocketProcessor.doRun(NioEndpoint.java:1801)
	at org.apache.tomcat.util.net.SocketProcessorBase.run(SocketProcessorBase.java:52)
	at org.apache.tomcat.util.threads.ThreadPoolExecutor.runWorker(ThreadPoolExecutor.java:946)
	at org.apache.tomcat.util.threads.ThreadPoolExecutor$Worker.run(ThreadPoolExecutor.java:480)
	at org.apache.tomcat.util.threads.TaskThread$WrappingRunnable.run(TaskThread.java:57)
	at java.base/java.lang.Thread.run(Thread.java:1583)
Caused by: java.lang.IllegalArgumentException: No enum constant com.example.Docgen_Backend.entity.CompanyType.SMT
	at java.base/java.lang.Enum.valueOf(Enum.java:293)
	at org.hibernate.type.descriptor.java.EnumJavaType.fromName(EnumJavaType.java:262)
	at org.hibernate.type.descriptor.java.EnumJavaType.wrap(EnumJavaType.java:129)
	at org.hibernate.type.descriptor.java.EnumJavaType.wrap(EnumJavaType.java:36)
	at org.hibernate.type.descriptor.jdbc.EnumJdbcType$2.doExtract(EnumJdbcType.java:88)
	at org.hibernate.type.descriptor.jdbc.BasicExtractor.extract(BasicExtractor.java:42)
	at org.hibernate.sql.results.jdbc.internal.JdbcValuesResultSetImpl.getCurrentRowValue(JdbcValuesResultSetImpl.java:381)
	at org.hibernate.sql.results.internal.RowProcessingStateStandardImpl.getJdbcValue(RowProcessingStateStandardImpl.java:148)
	at org.hibernate.sql.results.graph.basic.BasicResultAssembler.extractRawValue(BasicResultAssembler.java:52)
	at org.hibernate.sql.results.graph.basic.BasicResultAssembler.assemble(BasicResultAssembler.java:58)
	at org.hibernate.sql.results.graph.entity.internal.EntityInitializerImpl.extractConcreteTypeStateValues(EntityInitializerImpl.java:1890)
	at org.hibernate.sql.results.graph.entity.internal.EntityInitializerImpl.initializeEntityInstance(EntityInitializerImpl.java:1578)
	at org.hibernate.sql.results.graph.entity.internal.EntityInitializerImpl.initializeInstance(EntityInitializerImpl.java:1501)
	at org.hibernate.sql.results.graph.entity.internal.EntityInitializerImpl.initializeInstance(EntityInitializerImpl.java:80)
	at org.hibernate.sql.results.internal.StandardRowReader.coordinateInitializers(StandardRowReader.java:239)
	at org.hibernate.sql.results.internal.StandardRowReader.readRow(StandardRowReader.java:137)
	at org.hibernate.sql.results.spi.ListResultsConsumer.read(ListResultsConsumer.java:243)
	at org.hibernate.sql.results.spi.ListResultsConsumer.readRows(ListResultsConsumer.java:233)
	at org.hibernate.sql.results.spi.ListResultsConsumer.consume(ListResultsConsumer.java:164)
	at org.hibernate.sql.results.spi.ListResultsConsumer.consume(ListResultsConsumer.java:31)
	at org.hibernate.sql.exec.internal.JdbcSelectExecutorStandardImpl.doExecuteQuery(JdbcSelectExecutorStandardImpl.java:213)
	at org.hibernate.sql.exec.internal.JdbcSelectExecutorStandardImpl.executeQuery(JdbcSelectExecutorStandardImpl.java:100)
	at org.hibernate.sql.exec.spi.JdbcSelectExecutor.executeQuery(JdbcSelectExecutor.java:63)
	at org.hibernate.sql.exec.spi.JdbcSelectExecutor.list(JdbcSelectExecutor.java:137)
	at org.hibernate.query.sqm.internal.ConcreteSqmSelectQueryPlan.lambda$new$1(ConcreteSqmSelectQueryPlan.java:134)
	at org.hibernate.query.sqm.internal.ConcreteSqmSelectQueryPlan.withCacheableSqmInterpretation(ConcreteSqmSelectQueryPlan.java:464)
	at org.hibernate.query.sqm.internal.ConcreteSqmSelectQueryPlan.performList(ConcreteSqmSelectQueryPlan.java:392)
	at org.hibernate.query.sqm.internal.SqmQueryImpl.doList(SqmQueryImpl.java:374)
	at org.hibernate.query.spi.AbstractSelectionQuery.list(AbstractSelectionQuery.java:153)
	at org.hibernate.query.Query.getResultList(Query.java:121)
	at org.springframework.data.jpa.repository.support.SimpleJpaRepository.readPage(SimpleJpaRepository.java:745)
	at org.springframework.data.jpa.repository.support.SimpleJpaRepository.findAll(SimpleJpaRepository.java:480)
	at org.springframework.data.jpa.repository.support.SimpleJpaRepository.findAll(SimpleJpaRepository.java:469)
	at org.springframework.data.jpa.repository.support.SimpleJpaRepository.findAll(SimpleJpaRepository.java:454)
	at java.base/jdk.internal.reflect.DirectMethodHandleAccessor.invoke(DirectMethodHandleAccessor.java:103)
	at java.base/java.lang.reflect.Method.invoke(Method.java:580)
	at org.springframework.aop.support.AopUtils.invokeJoinpointUsingReflection(AopUtils.java:359)
	at org.springframework.data.repository.core.support.RepositoryMethodInvoker$RepositoryFragmentMethodInvoker.lambda$new$0(RepositoryMethodInvoker.java:278)
	at org.springframework.data.repository.core.support.RepositoryMethodInvoker.doInvoke(RepositoryMethodInvoker.java:169)
	at org.springframework.data.repository.core.support.RepositoryMethodInvoker.invoke(RepositoryMethodInvoker.java:158)
	at org.springframework.data.repository.core.support.RepositoryComposition$RepositoryFragments.invoke(RepositoryComposition.java:545)
	at org.springframework.data.repository.core.support.RepositoryComposition.invoke(RepositoryComposition.java:290)
	at org.springframework.data.repository.core.support.RepositoryFactorySupport$ImplementationMethodExecutionInterceptor.invoke(RepositoryFactorySupport.java:690)
	at org.springframework.aop.framework.ReflectiveMethodInvocation.proceed(ReflectiveMethodInvocation.java:179)
	at org.springframework.data.repository.core.support.QueryExecutorMethodInterceptor.doInvoke(QueryExecutorMethodInterceptor.java:171)
	at org.springframework.data.repository.core.support.QueryExecutorMethodInterceptor.invoke(QueryExecutorMethodInterceptor.java:146)
	at org.springframework.aop.framework.ReflectiveMethodInvocation.proceed(ReflectiveMethodInvocation.java:179)
	at org.springframework.data.projection.DefaultMethodInvokingMethodInterceptor.invoke(DefaultMethodInvokingMethodInterceptor.java:69)
	at org.springframework.aop.framework.ReflectiveMethodInvocation.proceed(ReflectiveMethodInvocation.java:179)
	at org.springframework.transaction.interceptor.TransactionInterceptor$1.proceedWithInvocation(TransactionInterceptor.java:133)
	at org.springframework.transaction.interceptor.TransactionAspectSupport.invokeWithinTransaction(TransactionAspectSupport.java:371)
	at org.springframework.transaction.interceptor.TransactionInterceptor.invoke(TransactionInterceptor.java:130)
	at org.springframework.aop.framework.ReflectiveMethodInvocation.proceed(ReflectiveMethodInvocation.java:179)
	at org.springframework.dao.support.PersistenceExceptionTranslationInterceptor.invoke(PersistenceExceptionTranslationInterceptor.java:135)
	... 106 common frames omitted
2026-07-21 00:11:01 [http-nio-8080-exec-7] WARN  o.s.w.s.m.m.a.ExceptionHandlerExceptionResolver - Resolved [org.springframework.dao.InvalidDataAccessApiUsageException: No enum constant com.example.Docgen_Backend.entity.CompanyType.SMT]
2026-07-21 00:12:22 [HikariPool-1:housekeeper] WARN  com.zaxxer.hikari.pool.PoolBase - HikariPool-1 - Failed to validate connection com.mysql.cj.jdbc.ConnectionImpl@4e1b3c4c (No operations allowed after connection closed.). Possibly consider using a shorter maxLifetime value.
2026-07-21 00:12:34 [HikariPool-1:housekeeper] WARN  com.zaxxer.hikari.pool.PoolBase - HikariPool-1 - Failed to validate connection com.mysql.cj.jdbc.ConnectionImpl@22bcaa8d (No operations allowed after connection closed.). Possibly consider using a shorter maxLifetime value.
2026-07-21 00:12:40 [HikariPool-1:housekeeper] WARN  com.zaxxer.hikari.pool.PoolBase - HikariPool-1 - Failed to validate connection com.mysql.cj.jdbc.ConnectionImpl@7c23f0a6 (No operations allowed after connection closed.). Possibly consider using a shorter maxLifetime value.
2026-07-21 00:14:33 [HikariPool-1:housekeeper] WARN  com.zaxxer.hikari.pool.PoolBase - HikariPool-1 - Failed to validate connection com.mysql.cj.jdbc.ConnectionImpl@43446b47 (No operations allowed after connection closed.). Possibly consider using a shorter maxLifetime value.
2026-07-21 00:14:37 [HikariPool-1:housekeeper] WARN  com.zaxxer.hikari.pool.PoolBase - HikariPool-1 - Failed to validate connection com.mysql.cj.jdbc.ConnectionImpl@3ad5b9ef (No operations allowed after connection closed.). Possibly consider using a shorter maxLifetime value.
2026-07-21 00:15:54 [http-nio-8080-exec-4] INFO  c.e.Docgen_Backend.config.JwtFilter - JWT validated successfully for userId=6a311365ec2c34f3d9e4f06e
2026-07-21 00:15:54 [http-nio-8080-exec-4] INFO  c.e.D.controller.UserController - GET /api/v2/users - Fetch all users request received | page=0, size=8, sortBy=id, direction=desc
2026-07-21 00:15:54 [http-nio-8080-exec-4] WARN  com.zaxxer.hikari.pool.PoolBase - HikariPool-1 - Failed to validate connection com.mysql.cj.jdbc.ConnectionImpl@4fc78edf (No operations allowed after connection closed.). Possibly consider using a shorter maxLifetime value.
2026-07-21 00:15:54 [http-nio-8080-exec-4] WARN  com.zaxxer.hikari.pool.PoolBase - HikariPool-1 - Failed to validate connection com.mysql.cj.jdbc.ConnectionImpl@3f291979 (No operations allowed after connection closed.). Possibly consider using a shorter maxLifetime value.
2026-07-21 00:15:57 [http-nio-8080-exec-4] INFO  c.e.D.controller.UserController - Fetched 8 users on page 0 of 3
2026-07-21 00:15:58 [http-nio-8080-exec-8] INFO  c.e.Docgen_Backend.config.JwtFilter - JWT validated successfully for userId=6a311365ec2c34f3d9e4f06e
2026-07-21 00:15:58 [http-nio-8080-exec-8] INFO  c.e.D.controller.UserController - GET /api/v2/users - Fetch all users request received | page=0, size=8, sortBy=id, direction=desc
2026-07-21 00:16:00 [http-nio-8080-exec-8] INFO  c.e.D.controller.UserController - Fetched 8 users on page 0 of 3
2026-07-21 00:16:19 [http-nio-8080-exec-2] INFO  c.e.Docgen_Backend.config.JwtFilter - JWT validated successfully for userId=6a311365ec2c34f3d9e4f06e
2026-07-21 00:16:19 [http-nio-8080-exec-2] INFO  c.e.D.controller.UserController - GET /api/v2/users/26 - Fetch request received
2026-07-21 00:16:19 [http-nio-8080-exec-2] INFO  c.e.D.service.impl.UserServiceImpl - Fetching user profile for edit | userId=26
2026-07-21 00:16:19 [http-nio-8080-exec-2] DEBUG c.e.D.service.impl.UserServiceImpl - User found | userId=26 | employeeId=SMDS001
2026-07-21 00:16:19 [http-nio-8080-exec-2] INFO  c.e.D.service.impl.UserServiceImpl - User profile fetched successfully | userId=26 | timeTaken=236ms
2026-07-21 00:16:19 [http-nio-8080-exec-2] INFO  c.e.D.controller.UserController - Profile fetched successfully for userId=26
2026-07-21 00:16:19 [http-nio-8080-exec-2] DEBUG c.e.D.controller.UserController - Fetched profile data: UserProfileResponseDTO(id=26, employeeName=Test User, employeeId=SMDS001, email=test.user@example.com, mobileNo=9876543210, joiningDesignation=null, currentDesignation=null, department=null, company=SMDS, identity=MR, pfType=WITH_PF, accountNo=null, bankName=null, currentAddress=Some address, permanentAddress=Some address, joiningCTC=600000.0, currentCTC=600000.0, dateOfBirth=1995-01-01, offerDate=2026-07-01, joiningDate=2026-07-15, panNo=ABCDE1234F, documents={APPOINTMENT_LETTER=DocumentResponseDTO(generated=false, data=null), INTERNSHIP_LETTER=DocumentResponseDTO(generated=false, data=null), EXPERIENCE_LETTER=DocumentResponseDTO(generated=false, data=null), FULL_AND_FINAL=DocumentResponseDTO(generated=false, data=null), CONFIRMATION_LETTER=DocumentResponseDTO(generated=false, data=null), INCREMENT_LETTER=DocumentResponseDTO(generated=false, data=null), RELIEVING_LETTER=DocumentResponseDTO(generated=false, data=null), SALARY_SLIP=DocumentResponseDTO(generated=false, data=null), COMPLETION_LETTER=DocumentResponseDTO(generated=false, data=null), OFFER_LETTER=DocumentResponseDTO(generated=false, data=null)})
2026-07-21 00:16:19 [http-nio-8080-exec-1] INFO  c.e.Docgen_Backend.config.JwtFilter - JWT validated successfully for userId=6a311365ec2c34f3d9e4f06e
2026-07-21 00:16:19 [http-nio-8080-exec-1] INFO  c.e.D.controller.UserController - GET /api/v2/users/26 - Fetch request received
2026-07-21 00:16:19 [http-nio-8080-exec-1] INFO  c.e.D.service.impl.UserServiceImpl - Fetching user profile for edit | userId=26
2026-07-21 00:16:19 [http-nio-8080-exec-1] DEBUG c.e.D.service.impl.UserServiceImpl - User found | userId=26 | employeeId=SMDS001
2026-07-21 00:16:19 [http-nio-8080-exec-1] INFO  c.e.D.service.impl.UserServiceImpl - User profile fetched successfully | userId=26 | timeTaken=160ms
2026-07-21 00:16:19 [http-nio-8080-exec-1] INFO  c.e.D.controller.UserController - Profile fetched successfully for userId=26
2026-07-21 00:16:19 [http-nio-8080-exec-1] DEBUG c.e.D.controller.UserController - Fetched profile data: UserProfileResponseDTO(id=26, employeeName=Test User, employeeId=SMDS001, email=test.user@example.com, mobileNo=9876543210, joiningDesignation=null, currentDesignation=null, department=null, company=SMDS, identity=MR, pfType=WITH_PF, accountNo=null, bankName=null, currentAddress=Some address, permanentAddress=Some address, joiningCTC=600000.0, currentCTC=600000.0, dateOfBirth=1995-01-01, offerDate=2026-07-01, joiningDate=2026-07-15, panNo=ABCDE1234F, documents={APPOINTMENT_LETTER=DocumentResponseDTO(generated=false, data=null), INTERNSHIP_LETTER=DocumentResponseDTO(generated=false, data=null), EXPERIENCE_LETTER=DocumentResponseDTO(generated=false, data=null), FULL_AND_FINAL=DocumentResponseDTO(generated=false, data=null), CONFIRMATION_LETTER=DocumentResponseDTO(generated=false, data=null), INCREMENT_LETTER=DocumentResponseDTO(generated=false, data=null), RELIEVING_LETTER=DocumentResponseDTO(generated=false, data=null), SALARY_SLIP=DocumentResponseDTO(generated=false, data=null), COMPLETION_LETTER=DocumentResponseDTO(generated=false, data=null), OFFER_LETTER=DocumentResponseDTO(generated=false, data=null)})
2026-07-21 00:16:54 [http-nio-8080-exec-6] INFO  c.e.Docgen_Backend.config.JwtFilter - JWT validated successfully for userId=6a311365ec2c34f3d9e4f06e
2026-07-21 00:16:54 [http-nio-8080-exec-6] INFO  c.e.D.controller.UserController - GET /api/v2/users/26 - Fetch request received
2026-07-21 00:16:54 [http-nio-8080-exec-6] INFO  c.e.D.service.impl.UserServiceImpl - Fetching user profile for edit | userId=26
2026-07-21 00:16:54 [http-nio-8080-exec-6] WARN  com.zaxxer.hikari.pool.PoolBase - HikariPool-1 - Failed to validate connection com.mysql.cj.jdbc.ConnectionImpl@5854e696 (No operations allowed after connection closed.). Possibly consider using a shorter maxLifetime value.
2026-07-21 00:16:54 [http-nio-8080-exec-6] WARN  com.zaxxer.hikari.pool.PoolBase - HikariPool-1 - Failed to validate connection com.mysql.cj.jdbc.ConnectionImpl@61828e08 (No operations allowed after connection closed.). Possibly consider using a shorter maxLifetime value.
2026-07-21 00:16:54 [http-nio-8080-exec-6] WARN  com.zaxxer.hikari.pool.PoolBase - HikariPool-1 - Failed to validate connection com.mysql.cj.jdbc.ConnectionImpl@5b80440f (No operations allowed after connection closed.). Possibly consider using a shorter maxLifetime value.
2026-07-21 00:16:54 [http-nio-8080-exec-6] DEBUG c.e.D.service.impl.UserServiceImpl - User found | userId=26 | employeeId=SMDS001
2026-07-21 00:16:54 [http-nio-8080-exec-6] INFO  c.e.D.service.impl.UserServiceImpl - User profile fetched successfully | userId=26 | timeTaken=239ms
2026-07-21 00:16:54 [http-nio-8080-exec-6] INFO  c.e.D.controller.UserController - Profile fetched successfully for userId=26
2026-07-21 00:16:54 [http-nio-8080-exec-6] DEBUG c.e.D.controller.UserController - Fetched profile data: UserProfileResponseDTO(id=26, employeeName=Test User, employeeId=SMDS001, email=test.user@example.com, mobileNo=9876543210, joiningDesignation=null, currentDesignation=null, department=null, company=SMDS, identity=MR, pfType=WITH_PF, accountNo=null, bankName=null, currentAddress=Some address, permanentAddress=Some address, joiningCTC=600000.0, currentCTC=600000.0, dateOfBirth=1995-01-01, offerDate=2026-07-01, joiningDate=2026-07-15, panNo=ABCDE1234F, documents={APPOINTMENT_LETTER=DocumentResponseDTO(generated=false, data=null), INTERNSHIP_LETTER=DocumentResponseDTO(generated=false, data=null), EXPERIENCE_LETTER=DocumentResponseDTO(generated=false, data=null), FULL_AND_FINAL=DocumentResponseDTO(generated=false, data=null), CONFIRMATION_LETTER=DocumentResponseDTO(generated=false, data=null), INCREMENT_LETTER=DocumentResponseDTO(generated=false, data=null), RELIEVING_LETTER=DocumentResponseDTO(generated=false, data=null), SALARY_SLIP=DocumentResponseDTO(generated=false, data=null), COMPLETION_LETTER=DocumentResponseDTO(generated=false, data=null), OFFER_LETTER=DocumentResponseDTO(generated=false, data=null)})
2026-07-21 00:16:54 [http-nio-8080-exec-5] INFO  c.e.Docgen_Backend.config.JwtFilter - JWT validated successfully for userId=6a311365ec2c34f3d9e4f06e
2026-07-21 00:16:54 [http-nio-8080-exec-5] INFO  c.e.D.controller.UserController - GET /api/v2/users/26 - Fetch request received
2026-07-21 00:16:54 [http-nio-8080-exec-5] INFO  c.e.D.service.impl.UserServiceImpl - Fetching user profile for edit | userId=26
2026-07-21 00:16:54 [http-nio-8080-exec-5] DEBUG c.e.D.service.impl.UserServiceImpl - User found | userId=26 | employeeId=SMDS001
2026-07-21 00:16:54 [http-nio-8080-exec-5] INFO  c.e.D.service.impl.UserServiceImpl - User profile fetched successfully | userId=26 | timeTaken=149ms
2026-07-21 00:16:54 [http-nio-8080-exec-5] INFO  c.e.D.controller.UserController - Profile fetched successfully for userId=26
2026-07-21 00:16:54 [http-nio-8080-exec-5] DEBUG c.e.D.controller.UserController - Fetched profile data: UserProfileResponseDTO(id=26, employeeName=Test User, employeeId=SMDS001, email=test.user@example.com, mobileNo=9876543210, joiningDesignation=null, currentDesignation=null, department=null, company=SMDS, identity=MR, pfType=WITH_PF, accountNo=null, bankName=null, currentAddress=Some address, permanentAddress=Some address, joiningCTC=600000.0, currentCTC=600000.0, dateOfBirth=1995-01-01, offerDate=2026-07-01, joiningDate=2026-07-15, panNo=ABCDE1234F, documents={APPOINTMENT_LETTER=DocumentResponseDTO(generated=false, data=null), INTERNSHIP_LETTER=DocumentResponseDTO(generated=false, data=null), EXPERIENCE_LETTER=DocumentResponseDTO(generated=false, data=null), FULL_AND_FINAL=DocumentResponseDTO(generated=false, data=null), CONFIRMATION_LETTER=DocumentResponseDTO(generated=false, data=null), INCREMENT_LETTER=DocumentResponseDTO(generated=false, data=null), RELIEVING_LETTER=DocumentResponseDTO(generated=false, data=null), SALARY_SLIP=DocumentResponseDTO(generated=false, data=null), COMPLETION_LETTER=DocumentResponseDTO(generated=false, data=null), OFFER_LETTER=DocumentResponseDTO(generated=false, data=null)})
2026-07-21 00:18:38 [HikariPool-1:housekeeper] WARN  com.zaxxer.hikari.pool.PoolBase - HikariPool-1 - Failed to validate connection com.mysql.cj.jdbc.ConnectionImpl@646c20d9 (No operations allowed after connection closed.). Possibly consider using a shorter maxLifetime value.
2026-07-21 00:18:38 [HikariPool-1:housekeeper] WARN  com.zaxxer.hikari.pool.PoolBase - HikariPool-1 - Failed to validate connection com.mysql.cj.jdbc.ConnectionImpl@5bf848f5 (No operations allowed after connection closed.). Possibly consider using a shorter maxLifetime value.
2026-07-21 00:18:54 [HikariPool-1:housekeeper] WARN  com.zaxxer.hikari.pool.PoolBase - HikariPool-1 - Failed to validate connection com.mysql.cj.jdbc.ConnectionImpl@4c7588a4 (No operations allowed after connection closed.). Possibly consider using a shorter maxLifetime value.
2026-07-21 00:20:21 [HikariPool-1:housekeeper] WARN  com.zaxxer.hikari.pool.PoolBase - HikariPool-1 - Failed to validate connection com.mysql.cj.jdbc.ConnectionImpl@5e157319 (No operations allowed after connection closed.). Possibly consider using a shorter maxLifetime value.
2026-07-21 00:20:44 [HikariPool-1:housekeeper] WARN  com.zaxxer.hikari.pool.PoolBase - HikariPool-1 - Failed to validate connection com.mysql.cj.jdbc.ConnectionImpl@2763b734 (No operations allowed after connection closed.). Possibly consider using a shorter maxLifetime value.
2026-07-21 00:22:10 [HikariPool-1:housekeeper] WARN  com.zaxxer.hikari.pool.PoolBase - HikariPool-1 - Failed to validate connection com.mysql.cj.jdbc.ConnectionImpl@4b80db65 (No operations allowed after connection closed.). Possibly consider using a shorter maxLifetime value.
2026-07-21 00:22:33 [HikariPool-1:housekeeper] WARN  com.zaxxer.hikari.pool.PoolBase - HikariPool-1 - Failed to validate connection com.mysql.cj.jdbc.ConnectionImpl@2fb3d715 (No operations allowed after connection closed.). Possibly consider using a shorter maxLifetime value.
2026-07-21 00:23:58 [HikariPool-1:housekeeper] WARN  com.zaxxer.hikari.pool.PoolBase - HikariPool-1 - Failed to validate connection com.mysql.cj.jdbc.ConnectionImpl@1bf4628b (No operations allowed after connection closed.). Possibly consider using a shorter maxLifetime value.
2026-07-21 00:24:28 [HikariPool-1:housekeeper] WARN  com.zaxxer.hikari.pool.PoolBase - HikariPool-1 - Failed to validate connection com.mysql.cj.jdbc.ConnectionImpl@27d4e8b6 (No operations allowed after connection closed.). Possibly consider using a shorter maxLifetime value.
2026-07-21 00:25:53 [HikariPool-1:housekeeper] WARN  com.zaxxer.hikari.pool.PoolBase - HikariPool-1 - Failed to validate connection com.mysql.cj.jdbc.ConnectionImpl@5f28161a (No operations allowed after connection closed.). Possibly consider using a shorter maxLifetime value.
2026-07-21 00:26:09 [HikariPool-1:housekeeper] WARN  com.zaxxer.hikari.pool.PoolBase - HikariPool-1 - Failed to validate connection com.mysql.cj.jdbc.ConnectionImpl@3d455bac (No operations allowed after connection closed.). Possibly consider using a shorter maxLifetime value.
2026-07-21 00:27:32 [HikariPool-1:housekeeper] WARN  com.zaxxer.hikari.pool.PoolBase - HikariPool-1 - Failed to validate connection com.mysql.cj.jdbc.ConnectionImpl@435103ff (No operations allowed after connection closed.). Possibly consider using a shorter maxLifetime value.
2026-07-21 00:27:51 [HikariPool-1:housekeeper] WARN  com.zaxxer.hikari.pool.PoolBase - HikariPool-1 - Failed to validate connection com.mysql.cj.jdbc.ConnectionImpl@4d3c9df9 (No operations allowed after connection closed.). Possibly consider using a shorter maxLifetime value.
2026-07-21 00:29:15 [HikariPool-1:housekeeper] WARN  com.zaxxer.hikari.pool.PoolBase - HikariPool-1 - Failed to validate connection com.mysql.cj.jdbc.ConnectionImpl@6834c80b (No operations allowed after connection closed.). Possibly consider using a shorter maxLifetime value.
2026-07-21 00:29:34 [HikariPool-1:housekeeper] WARN  com.zaxxer.hikari.pool.PoolBase - HikariPool-1 - Failed to validate connection com.mysql.cj.jdbc.ConnectionImpl@2173901 (No operations allowed after connection closed.). Possibly consider using a shorter maxLifetime value.
2026-07-21 00:31:06 [HikariPool-1:housekeeper] WARN  com.zaxxer.hikari.pool.PoolBase - HikariPool-1 - Failed to validate connection com.mysql.cj.jdbc.ConnectionImpl@64ff0348 (No operations allowed after connection closed.). Possibly consider using a shorter maxLifetime value.
2026-07-21 00:31:20 [HikariPool-1:housekeeper] WARN  com.zaxxer.hikari.pool.PoolBase - HikariPool-1 - Failed to validate connection com.mysql.cj.jdbc.ConnectionImpl@1966644d (No operations allowed after connection closed.). Possibly consider using a shorter maxLifetime value.
2026-07-21 00:32:43 [HikariPool-1:housekeeper] WARN  com.zaxxer.hikari.pool.PoolBase - HikariPool-1 - Failed to validate connection com.mysql.cj.jdbc.ConnectionImpl@cba9cd (No operations allowed after connection closed.). Possibly consider using a shorter maxLifetime value.
2026-07-21 00:33:17 [HikariPool-1:housekeeper] WARN  com.zaxxer.hikari.pool.PoolBase - HikariPool-1 - Failed to validate connection com.mysql.cj.jdbc.ConnectionImpl@1ce0728f (No operations allowed after connection closed.). Possibly consider using a shorter maxLifetime value.
2026-07-21 00:34:28 [HikariPool-1:housekeeper] WARN  com.zaxxer.hikari.pool.PoolBase - HikariPool-1 - Failed to validate connection com.mysql.cj.jdbc.ConnectionImpl@4d64fbc4 (No operations allowed after connection closed.). Possibly consider using a shorter maxLifetime value.
2026-07-21 00:35:00 [HikariPool-1:housekeeper] WARN  com.zaxxer.hikari.pool.PoolBase - HikariPool-1 - Failed to validate connection com.mysql.cj.jdbc.ConnectionImpl@15a6a7ef (No operations allowed after connection closed.). Possibly consider using a shorter maxLifetime value.
2026-07-21 00:36:17 [HikariPool-1:housekeeper] WARN  com.zaxxer.hikari.pool.PoolBase - HikariPool-1 - Failed to validate connection com.mysql.cj.jdbc.ConnectionImpl@ad1cfde (No operations allowed after connection closed.). Possibly consider using a shorter maxLifetime value.
2026-07-21 00:36:58 [HikariPool-1:housekeeper] WARN  com.zaxxer.hikari.pool.PoolBase - HikariPool-1 - Failed to validate connection com.mysql.cj.jdbc.ConnectionImpl@4e804900 (No operations allowed after connection closed.). Possibly consider using a shorter maxLifetime value.
2026-07-21 00:38:05 [HikariPool-1:housekeeper] WARN  com.zaxxer.hikari.pool.PoolBase - HikariPool-1 - Failed to validate connection com.mysql.cj.jdbc.ConnectionImpl@27d16925 (No operations allowed after connection closed.). Possibly consider using a shorter maxLifetime value.
2026-07-21 00:38:35 [HikariPool-1:housekeeper] WARN  com.zaxxer.hikari.pool.PoolBase - HikariPool-1 - Failed to validate connection com.mysql.cj.jdbc.ConnectionImpl@4d5de860 (No operations allowed after connection closed.). Possibly consider using a shorter maxLifetime value.
2026-07-21 00:40:01 [HikariPool-1:housekeeper] WARN  com.zaxxer.hikari.pool.PoolBase - HikariPool-1 - Failed to validate connection com.mysql.cj.jdbc.ConnectionImpl@150a1d06 (No operations allowed after connection closed.). Possibly consider using a shorter maxLifetime value.
2026-07-21 00:40:32 [HikariPool-1:housekeeper] WARN  com.zaxxer.hikari.pool.PoolBase - HikariPool-1 - Failed to validate connection com.mysql.cj.jdbc.ConnectionImpl@7d6d1a3e (No operations allowed after connection closed.). Possibly consider using a shorter maxLifetime value.
2026-07-21 00:41:53 [HikariPool-1:housekeeper] WARN  com.zaxxer.hikari.pool.PoolBase - HikariPool-1 - Failed to validate connection com.mysql.cj.jdbc.ConnectionImpl@77a103c6 (No operations allowed after connection closed.). Possibly consider using a shorter maxLifetime value.
2026-07-21 00:42:17 [HikariPool-1:housekeeper] WARN  com.zaxxer.hikari.pool.PoolBase - HikariPool-1 - Failed to validate connection com.mysql.cj.jdbc.ConnectionImpl@32b3235e (No operations allowed after connection closed.). Possibly consider using a shorter maxLifetime value.
2026-07-21 00:43:30 [HikariPool-1:housekeeper] WARN  com.zaxxer.hikari.pool.PoolBase - HikariPool-1 - Failed to validate connection com.mysql.cj.jdbc.ConnectionImpl@49a4de3e (No operations allowed after connection closed.). Possibly consider using a shorter maxLifetime value.
2026-07-21 00:44:03 [HikariPool-1:housekeeper] WARN  com.zaxxer.hikari.pool.PoolBase - HikariPool-1 - Failed to validate connection com.mysql.cj.jdbc.ConnectionImpl@16c3126f (No operations allowed after connection closed.). Possibly consider using a shorter maxLifetime value.
2026-07-21 00:45:18 [HikariPool-1:housekeeper] WARN  com.zaxxer.hikari.pool.PoolBase - HikariPool-1 - Failed to validate connection com.mysql.cj.jdbc.ConnectionImpl@6da9431e (No operations allowed after connection closed.). Possibly consider using a shorter maxLifetime value.
2026-07-21 00:46:01 [HikariPool-1:housekeeper] WARN  com.zaxxer.hikari.pool.PoolBase - HikariPool-1 - Failed to validate connection com.mysql.cj.jdbc.ConnectionImpl@557afb3f (No operations allowed after connection closed.). Possibly consider using a shorter maxLifetime value.
2026-07-21 00:47:09 [HikariPool-1:housekeeper] WARN  com.zaxxer.hikari.pool.PoolBase - HikariPool-1 - Failed to validate connection com.mysql.cj.jdbc.ConnectionImpl@69a6e37f (No operations allowed after connection closed.). Possibly consider using a shorter maxLifetime value.
2026-07-21 00:48:00 [HikariPool-1:housekeeper] WARN  com.zaxxer.hikari.pool.PoolBase - HikariPool-1 - Failed to validate connection com.mysql.cj.jdbc.ConnectionImpl@168c0086 (No operations allowed after connection closed.). Possibly consider using a shorter maxLifetime value.
2026-07-21 00:49:03 [HikariPool-1:housekeeper] WARN  com.zaxxer.hikari.pool.PoolBase - HikariPool-1 - Failed to validate connection com.mysql.cj.jdbc.ConnectionImpl@1d68709 (No operations allowed after connection closed.). Possibly consider using a shorter maxLifetime value.
2026-07-21 00:49:40 [http-nio-8080-exec-2] INFO  c.e.Docgen_Backend.config.JwtFilter - JWT validated successfully for userId=6a311365ec2c34f3d9e4f06e
2026-07-21 00:49:40 [http-nio-8080-exec-2] INFO  c.e.D.controller.UserController - GET /api/v2/users - Fetch all users request received | page=0, size=8, sortBy=id, direction=desc
2026-07-21 00:49:40 [http-nio-8080-exec-2] WARN  com.zaxxer.hikari.pool.PoolBase - HikariPool-1 - Failed to validate connection com.mysql.cj.jdbc.ConnectionImpl@65722828 (No operations allowed after connection closed.). Possibly consider using a shorter maxLifetime value.
2026-07-21 00:49:40 [http-nio-8080-exec-2] WARN  com.zaxxer.hikari.pool.PoolBase - HikariPool-1 - Failed to validate connection com.mysql.cj.jdbc.ConnectionImpl@47695dd (No operations allowed after connection closed.). Possibly consider using a shorter maxLifetime value.
2026-07-21 00:49:43 [http-nio-8080-exec-2] INFO  c.e.D.controller.UserController - Fetched 8 users on page 0 of 3
2026-07-21 00:49:43 [http-nio-8080-exec-1] INFO  c.e.Docgen_Backend.config.JwtFilter - JWT validated successfully for userId=6a311365ec2c34f3d9e4f06e
2026-07-21 00:49:43 [http-nio-8080-exec-1] INFO  c.e.D.controller.UserController - GET /api/v2/users - Fetch all users request received | page=0, size=8, sortBy=id, direction=desc
2026-07-21 00:49:45 [http-nio-8080-exec-1] INFO  c.e.D.controller.UserController - Fetched 8 users on page 0 of 3
2026-07-21 00:49:45 [http-nio-8080-exec-6] INFO  c.e.Docgen_Backend.config.JwtFilter - JWT validated successfully for userId=6a311365ec2c34f3d9e4f06e
2026-07-21 00:49:45 [http-nio-8080-exec-6] INFO  c.e.D.controller.UserController - GET /api/v2/users/25 - Fetch request received
2026-07-21 00:49:45 [http-nio-8080-exec-6] INFO  c.e.D.service.impl.UserServiceImpl - Fetching user profile for edit | userId=25
2026-07-21 00:49:46 [http-nio-8080-exec-6] DEBUG c.e.D.service.impl.UserServiceImpl - User found | userId=25 | employeeId=SMDS0291
2026-07-21 00:49:46 [http-nio-8080-exec-6] INFO  c.e.D.service.impl.UserServiceImpl - User profile fetched successfully | userId=25 | timeTaken=409ms
2026-07-21 00:49:46 [http-nio-8080-exec-6] INFO  c.e.D.controller.UserController - Profile fetched successfully for userId=25
2026-07-21 00:49:46 [http-nio-8080-exec-6] DEBUG c.e.D.controller.UserController - Fetched profile data: UserProfileResponseDTO(id=25, employeeName=Prerana Dilip Bhandare, employeeId=SMDS0291, email=preranabhandare2004@gmail.com, mobileNo=9011070063, joiningDesignation=QA Engineer, currentDesignation=QA Engineer, department=IT, company=SMDS, identity=MISS, pfType=WITHOUT_PF, accountNo=3389381863, bankName=Bank of india, currentAddress= kharadi,pune, permanentAddress=Umarkhed, dist Yavatmal pin code:445206, joiningCTC=260000.0, currentCTC=380000.0, dateOfBirth=2004-01-03, offerDate=2024-07-01, joiningDate=2024-07-14, panNo=GDSPB2462L, documents={APPOINTMENT_LETTER=DocumentResponseDTO(generated=false, data=null), INTERNSHIP_LETTER=DocumentResponseDTO(generated=false, data=null), EXPERIENCE_LETTER=DocumentResponseDTO(generated=true, data={issueDate=2026-07-10, relievingDate=2026-07-10}), FULL_AND_FINAL=DocumentResponseDTO(generated=false, data=null), CONFIRMATION_LETTER=DocumentResponseDTO(generated=false, data=null), INCREMENT_LETTER=DocumentResponseDTO(generated=true, data={issueDate=2026-04-01}), RELIEVING_LETTER=DocumentResponseDTO(generated=true, data={issueDate=2026-07-10, relievingDate=2026-07-10}), SALARY_SLIP=DocumentResponseDTO(generated=true, data={startMonth=2026-04, endMonth=2026-06}), COMPLETION_LETTER=DocumentResponseDTO(generated=false, data=null), OFFER_LETTER=DocumentResponseDTO(generated=false, data=null)})
2026-07-21 00:49:46 [http-nio-8080-exec-6] INFO  c.e.Docgen_Backend.config.JwtFilter - JWT validated successfully for userId=6a311365ec2c34f3d9e4f06e
2026-07-21 00:49:46 [http-nio-8080-exec-6] INFO  c.e.D.controller.UserController - GET /api/v2/users/25 - Fetch request received
2026-07-21 00:49:46 [http-nio-8080-exec-6] INFO  c.e.D.service.impl.UserServiceImpl - Fetching user profile for edit | userId=25
2026-07-21 00:49:46 [http-nio-8080-exec-6] DEBUG c.e.D.service.impl.UserServiceImpl - User found | userId=25 | employeeId=SMDS0291
2026-07-21 00:49:46 [http-nio-8080-exec-6] INFO  c.e.D.service.impl.UserServiceImpl - User profile fetched successfully | userId=25 | timeTaken=440ms
2026-07-21 00:49:46 [http-nio-8080-exec-6] INFO  c.e.D.controller.UserController - Profile fetched successfully for userId=25
2026-07-21 00:49:46 [http-nio-8080-exec-6] DEBUG c.e.D.controller.UserController - Fetched profile data: UserProfileResponseDTO(id=25, employeeName=Prerana Dilip Bhandare, employeeId=SMDS0291, email=preranabhandare2004@gmail.com, mobileNo=9011070063, joiningDesignation=QA Engineer, currentDesignation=QA Engineer, department=IT, company=SMDS, identity=MISS, pfType=WITHOUT_PF, accountNo=3389381863, bankName=Bank of india, currentAddress= kharadi,pune, permanentAddress=Umarkhed, dist Yavatmal pin code:445206, joiningCTC=260000.0, currentCTC=380000.0, dateOfBirth=2004-01-03, offerDate=2024-07-01, joiningDate=2024-07-14, panNo=GDSPB2462L, documents={APPOINTMENT_LETTER=DocumentResponseDTO(generated=false, data=null), INTERNSHIP_LETTER=DocumentResponseDTO(generated=false, data=null), EXPERIENCE_LETTER=DocumentResponseDTO(generated=true, data={issueDate=2026-07-10, relievingDate=2026-07-10}), FULL_AND_FINAL=DocumentResponseDTO(generated=false, data=null), CONFIRMATION_LETTER=DocumentResponseDTO(generated=false, data=null), INCREMENT_LETTER=DocumentResponseDTO(generated=true, data={issueDate=2026-04-01}), RELIEVING_LETTER=DocumentResponseDTO(generated=true, data={issueDate=2026-07-10, relievingDate=2026-07-10}), SALARY_SLIP=DocumentResponseDTO(generated=true, data={startMonth=2026-04, endMonth=2026-06}), COMPLETION_LETTER=DocumentResponseDTO(generated=false, data=null), OFFER_LETTER=DocumentResponseDTO(generated=false, data=null)})
2026-07-21 00:51:26 [HikariPool-1:housekeeper] WARN  com.zaxxer.hikari.pool.PoolBase - HikariPool-1 - Failed to validate connection com.mysql.cj.jdbc.ConnectionImpl@eedd662 (No operations allowed after connection closed.). Possibly consider using a shorter maxLifetime value.
2026-07-21 00:51:30 [HikariPool-1:housekeeper] WARN  com.zaxxer.hikari.pool.PoolBase - HikariPool-1 - Failed to validate connection com.mysql.cj.jdbc.ConnectionImpl@4da17a1f (No operations allowed after connection closed.). Possibly consider using a shorter maxLifetime value.
2026-07-21 00:51:35 [HikariPool-1:housekeeper] WARN  com.zaxxer.hikari.pool.PoolBase - HikariPool-1 - Failed to validate connection com.mysql.cj.jdbc.ConnectionImpl@2e5f2fbc (No operations allowed after connection closed.). Possibly consider using a shorter maxLifetime value.
2026-07-21 00:51:54 [http-nio-8080-exec-3] INFO  c.e.Docgen_Backend.config.JwtFilter - JWT validated successfully for userId=6a311365ec2c34f3d9e4f06e
2026-07-21 00:51:54 [http-nio-8080-exec-3] INFO  c.e.D.controller.UserController - GET /api/v2/users - Fetch all users request received | page=0, size=8, sortBy=id, direction=desc
2026-07-21 00:51:54 [http-nio-8080-exec-3] WARN  com.zaxxer.hikari.pool.PoolBase - HikariPool-1 - Failed to validate connection com.mysql.cj.jdbc.ConnectionImpl@300e1f82 (No operations allowed after connection closed.). Possibly consider using a shorter maxLifetime value.
2026-07-21 00:51:56 [http-nio-8080-exec-3] INFO  c.e.D.controller.UserController - Fetched 8 users on page 0 of 3
2026-07-21 00:51:56 [http-nio-8080-exec-7] INFO  c.e.Docgen_Backend.config.JwtFilter - JWT validated successfully for userId=6a311365ec2c34f3d9e4f06e
2026-07-21 00:51:56 [http-nio-8080-exec-7] INFO  c.e.D.controller.UserController - GET /api/v2/users - Fetch all users request received | page=0, size=8, sortBy=id, direction=desc
2026-07-21 00:51:57 [http-nio-8080-exec-6] INFO  c.e.Docgen_Backend.config.JwtFilter - JWT validated successfully for userId=6a311365ec2c34f3d9e4f06e
2026-07-21 00:51:57 [http-nio-8080-exec-6] INFO  c.e.D.controller.UserController - GET /api/v2/users/26 - Fetch request received
2026-07-21 00:51:57 [http-nio-8080-exec-6] INFO  c.e.D.service.impl.UserServiceImpl - Fetching user profile for edit | userId=26
2026-07-21 00:51:58 [http-nio-8080-exec-6] DEBUG c.e.D.service.impl.UserServiceImpl - User found | userId=26 | employeeId=SMDS001
2026-07-21 00:51:58 [http-nio-8080-exec-6] INFO  c.e.D.service.impl.UserServiceImpl - User profile fetched successfully | userId=26 | timeTaken=240ms
2026-07-21 00:51:58 [http-nio-8080-exec-6] INFO  c.e.D.controller.UserController - Profile fetched successfully for userId=26
2026-07-21 00:51:58 [http-nio-8080-exec-6] DEBUG c.e.D.controller.UserController - Fetched profile data: UserProfileResponseDTO(id=26, employeeName=Test User, employeeId=SMDS001, email=test.user@example.com, mobileNo=9876543210, joiningDesignation=null, currentDesignation=null, department=null, company=SMDS, identity=MR, pfType=WITH_PF, accountNo=null, bankName=null, currentAddress=Some address, permanentAddress=Some address, joiningCTC=600000.0, currentCTC=600000.0, dateOfBirth=1995-01-01, offerDate=2026-07-01, joiningDate=2026-07-15, panNo=ABCDE1234F, documents={APPOINTMENT_LETTER=DocumentResponseDTO(generated=false, data=null), INTERNSHIP_LETTER=DocumentResponseDTO(generated=false, data=null), EXPERIENCE_LETTER=DocumentResponseDTO(generated=false, data=null), FULL_AND_FINAL=DocumentResponseDTO(generated=false, data=null), CONFIRMATION_LETTER=DocumentResponseDTO(generated=false, data=null), INCREMENT_LETTER=DocumentResponseDTO(generated=false, data=null), RELIEVING_LETTER=DocumentResponseDTO(generated=false, data=null), SALARY_SLIP=DocumentResponseDTO(generated=false, data=null), COMPLETION_LETTER=DocumentResponseDTO(generated=false, data=null), OFFER_LETTER=DocumentResponseDTO(generated=false, data=null)})
2026-07-21 00:51:58 [http-nio-8080-exec-4] INFO  c.e.Docgen_Backend.config.JwtFilter - JWT validated successfully for userId=6a311365ec2c34f3d9e4f06e
2026-07-21 00:51:58 [http-nio-8080-exec-4] INFO  c.e.D.controller.UserController - GET /api/v2/users/26 - Fetch request received
2026-07-21 00:51:58 [http-nio-8080-exec-4] INFO  c.e.D.service.impl.UserServiceImpl - Fetching user profile for edit | userId=26
2026-07-21 00:51:58 [http-nio-8080-exec-4] DEBUG c.e.D.service.impl.UserServiceImpl - User found | userId=26 | employeeId=SMDS001
2026-07-21 00:51:58 [http-nio-8080-exec-4] INFO  c.e.D.service.impl.UserServiceImpl - User profile fetched successfully | userId=26 | timeTaken=241ms
2026-07-21 00:51:58 [http-nio-8080-exec-4] INFO  c.e.D.controller.UserController - Profile fetched successfully for userId=26
2026-07-21 00:51:58 [http-nio-8080-exec-4] DEBUG c.e.D.controller.UserController - Fetched profile data: UserProfileResponseDTO(id=26, employeeName=Test User, employeeId=SMDS001, email=test.user@example.com, mobileNo=9876543210, joiningDesignation=null, currentDesignation=null, department=null, company=SMDS, identity=MR, pfType=WITH_PF, accountNo=null, bankName=null, currentAddress=Some address, permanentAddress=Some address, joiningCTC=600000.0, currentCTC=600000.0, dateOfBirth=1995-01-01, offerDate=2026-07-01, joiningDate=2026-07-15, panNo=ABCDE1234F, documents={APPOINTMENT_LETTER=DocumentResponseDTO(generated=false, data=null), INTERNSHIP_LETTER=DocumentResponseDTO(generated=false, data=null), EXPERIENCE_LETTER=DocumentResponseDTO(generated=false, data=null), FULL_AND_FINAL=DocumentResponseDTO(generated=false, data=null), CONFIRMATION_LETTER=DocumentResponseDTO(generated=false, data=null), INCREMENT_LETTER=DocumentResponseDTO(generated=false, data=null), RELIEVING_LETTER=DocumentResponseDTO(generated=false, data=null), SALARY_SLIP=DocumentResponseDTO(generated=false, data=null), COMPLETION_LETTER=DocumentResponseDTO(generated=false, data=null), OFFER_LETTER=DocumentResponseDTO(generated=false, data=null)})
2026-07-21 00:51:59 [http-nio-8080-exec-7] INFO  c.e.D.controller.UserController - Fetched 8 users on page 0 of 3
2026-07-21 00:52:26 [http-nio-8080-exec-10] INFO  c.e.Docgen_Backend.config.JwtFilter - JWT validated successfully for userId=6a311365ec2c34f3d9e4f06e
2026-07-21 00:52:26 [http-nio-8080-exec-10] INFO  c.e.D.controller.UserController - PATCH /api/v2/users/26 - Update request received for employeeId=SMDS001
2026-07-21 00:52:26 [http-nio-8080-exec-10] DEBUG c.e.D.controller.UserController - Update payload: CreateProfileRequest(employeeName=Test User, email=test.user@example.com, mobileNo=9876543210, employeeId=SMDS001, joiningDesignation=Java Developer, currentDesignation=Senior Software Developer, department=Information Technology, currentAddress=Some address, permanentAddress=Some address, accountNo=5746446273, bankName=Bank of India, joiningCTC=600000.0, currentCTC=600000.0, dateOfBirth=1995-01-01, offerDate=2026-07-01, joiningDate=2026-07-15, panNo=ABCDE1234F, company=SMT, pfType=WITH_PF, identity=MR, documents=[], documentData={})
2026-07-21 00:52:26 [http-nio-8080-exec-10] INFO  c.e.D.service.impl.UserServiceImpl - Updating user profile | userId=26 | employeeId=SMDS001
2026-07-21 00:52:26 [http-nio-8080-exec-10] WARN  com.zaxxer.hikari.pool.PoolBase - HikariPool-1 - Failed to validate connection com.mysql.cj.jdbc.ConnectionImpl@2be72d28 (No operations allowed after connection closed.). Possibly consider using a shorter maxLifetime value.
2026-07-21 00:52:26 [http-nio-8080-exec-10] WARN  com.zaxxer.hikari.pool.PoolBase - HikariPool-1 - Failed to validate connection com.mysql.cj.jdbc.ConnectionImpl@1ae72965 (No operations allowed after connection closed.). Possibly consider using a shorter maxLifetime value.
2026-07-21 00:52:26 [http-nio-8080-exec-10] WARN  com.zaxxer.hikari.pool.PoolBase - HikariPool-1 - Failed to validate connection com.mysql.cj.jdbc.ConnectionImpl@3c93f796 (No operations allowed after connection closed.). Possibly consider using a shorter maxLifetime value.
2026-07-21 00:52:27 [http-nio-8080-exec-10] DEBUG c.e.D.service.impl.UserServiceImpl - Existing user fetched | userId=26 | oldEmployeeId=SMDS001
2026-07-21 00:52:27 [http-nio-8080-exec-10] ERROR c.e.D.service.impl.UserServiceImpl - Invalid company value | value=SMT
2026-07-21 00:52:27 [http-nio-8080-exec-10] ERROR c.e.D.service.impl.UserServiceImpl - Error while updating user profile | userId=26 | error=Invalid company value
java.lang.IllegalArgumentException: Invalid company value
	at com.example.Docgen_Backend.service.impl.UserServiceImpl.updateProfile(UserServiceImpl.java:717)
	at java.base/jdk.internal.reflect.DirectMethodHandleAccessor.invoke(DirectMethodHandleAccessor.java:103)
	at java.base/java.lang.reflect.Method.invoke(Method.java:580)
	at org.springframework.aop.support.AopUtils.invokeJoinpointUsingReflection(AopUtils.java:359)
	at org.springframework.aop.framework.CglibAopProxy$DynamicAdvisedInterceptor.intercept(CglibAopProxy.java:715)
	at com.example.Docgen_Backend.service.impl.UserServiceImpl$$SpringCGLIB$$0.updateProfile(<generated>)
	at com.example.Docgen_Backend.controller.UserController.updateProfile(UserController.java:142)
	at java.base/jdk.internal.reflect.DirectMethodHandleAccessor.invoke(DirectMethodHandleAccessor.java:103)
	at java.base/java.lang.reflect.Method.invoke(Method.java:580)
	at org.springframework.web.method.support.InvocableHandlerMethod.doInvoke(InvocableHandlerMethod.java:252)
	at org.springframework.web.method.support.InvocableHandlerMethod.invokeForRequest(InvocableHandlerMethod.java:184)
	at org.springframework.web.servlet.mvc.method.annotation.ServletInvocableHandlerMethod.invokeAndHandle(ServletInvocableHandlerMethod.java:117)
	at org.springframework.web.servlet.mvc.method.annotation.RequestMappingHandlerAdapter.invokeHandlerMethod(RequestMappingHandlerAdapter.java:934)
	at org.springframework.web.servlet.mvc.method.annotation.RequestMappingHandlerAdapter.handleInternal(RequestMappingHandlerAdapter.java:853)
	at org.springframework.web.servlet.mvc.method.AbstractHandlerMethodAdapter.handle(AbstractHandlerMethodAdapter.java:86)
	at org.springframework.web.servlet.DispatcherServlet.doDispatch(DispatcherServlet.java:963)
	at org.springframework.web.servlet.DispatcherServlet.doService(DispatcherServlet.java:866)
	at org.springframework.web.servlet.FrameworkServlet.processRequest(FrameworkServlet.java:1000)
	at org.springframework.web.servlet.FrameworkServlet.service(FrameworkServlet.java:877)
	at jakarta.servlet.http.HttpServlet.service(HttpServlet.java:710)
	at org.apache.catalina.core.ApplicationFilterChain.doFilter(ApplicationFilterChain.java:128)
	at org.apache.tomcat.websocket.server.WsFilter.doFilter(WsFilter.java:53)
	at org.apache.catalina.core.ApplicationFilterChain.doFilter(ApplicationFilterChain.java:107)
	at org.springframework.web.filter.OncePerRequestFilter.doFilter(OncePerRequestFilter.java:110)
	at org.apache.catalina.core.ApplicationFilterChain.doFilter(ApplicationFilterChain.java:107)
	at org.springframework.web.filter.CompositeFilter$VirtualFilterChain.doFilter(CompositeFilter.java:108)
	at org.springframework.security.web.FilterChainProxy.lambda$doFilterInternal$3(FilterChainProxy.java:235)
	at org.springframework.security.web.FilterChainProxy$VirtualFilterChain.doFilter(FilterChainProxy.java:376)
	at org.springframework.security.web.access.intercept.AuthorizationFilter.doFilter(AuthorizationFilter.java:101)
	at org.springframework.security.web.FilterChainProxy$VirtualFilterChain.doFilter(FilterChainProxy.java:385)
	at org.springframework.security.web.access.ExceptionTranslationFilter.doFilter(ExceptionTranslationFilter.java:126)
	at org.springframework.security.web.access.ExceptionTranslationFilter.doFilter(ExceptionTranslationFilter.java:120)
	at org.springframework.security.web.FilterChainProxy$VirtualFilterChain.doFilter(FilterChainProxy.java:385)
	at org.springframework.security.web.session.SessionManagementFilter.doFilter(SessionManagementFilter.java:132)
	at org.springframework.security.web.session.SessionManagementFilter.doFilter(SessionManagementFilter.java:86)
	at org.springframework.security.web.FilterChainProxy$VirtualFilterChain.doFilter(FilterChainProxy.java:385)
	at org.springframework.security.web.authentication.AnonymousAuthenticationFilter.doFilter(AnonymousAuthenticationFilter.java:100)
	at org.springframework.security.web.FilterChainProxy$VirtualFilterChain.doFilter(FilterChainProxy.java:385)
	at org.springframework.security.web.servletapi.SecurityContextHolderAwareRequestFilter.doFilter(SecurityContextHolderAwareRequestFilter.java:181)
	at org.springframework.security.web.FilterChainProxy$VirtualFilterChain.doFilter(FilterChainProxy.java:385)
	at org.springframework.security.web.savedrequest.RequestCacheAwareFilter.doFilter(RequestCacheAwareFilter.java:63)
	at org.springframework.security.web.FilterChainProxy$VirtualFilterChain.doFilter(FilterChainProxy.java:385)
	at com.example.Docgen_Backend.config.JwtFilter.doFilterInternal(JwtFilter.java:111)
	at org.springframework.web.filter.OncePerRequestFilter.doFilter(OncePerRequestFilter.java:116)
	at org.springframework.security.web.FilterChainProxy$VirtualFilterChain.doFilter(FilterChainProxy.java:385)
	at org.springframework.security.web.authentication.logout.LogoutFilter.doFilter(LogoutFilter.java:110)
	at org.springframework.security.web.authentication.logout.LogoutFilter.doFilter(LogoutFilter.java:96)
	at org.springframework.security.web.FilterChainProxy$VirtualFilterChain.doFilter(FilterChainProxy.java:385)
	at org.springframework.web.filter.CorsFilter.doFilterInternal(CorsFilter.java:91)
	at org.springframework.web.filter.OncePerRequestFilter.doFilter(OncePerRequestFilter.java:116)
	at org.springframework.security.web.FilterChainProxy$VirtualFilterChain.doFilter(FilterChainProxy.java:385)
	at org.springframework.security.web.header.HeaderWriterFilter.doHeadersAfter(HeaderWriterFilter.java:90)
	at org.springframework.security.web.header.HeaderWriterFilter.doFilterInternal(HeaderWriterFilter.java:75)
	at org.springframework.web.filter.OncePerRequestFilter.doFilter(OncePerRequestFilter.java:116)
	at org.springframework.security.web.FilterChainProxy$VirtualFilterChain.doFilter(FilterChainProxy.java:385)
	at org.springframework.security.web.context.SecurityContextHolderFilter.doFilter(SecurityContextHolderFilter.java:82)
	at org.springframework.security.web.context.SecurityContextHolderFilter.doFilter(SecurityContextHolderFilter.java:69)
	at org.springframework.security.web.FilterChainProxy$VirtualFilterChain.doFilter(FilterChainProxy.java:385)
	at org.springframework.security.web.context.request.async.WebAsyncManagerIntegrationFilter.doFilterInternal(WebAsyncManagerIntegrationFilter.java:62)
	at org.springframework.web.filter.OncePerRequestFilter.doFilter(OncePerRequestFilter.java:116)
	at org.springframework.security.web.FilterChainProxy$VirtualFilterChain.doFilter(FilterChainProxy.java:385)
	at org.springframework.security.web.session.DisableEncodeUrlFilter.doFilterInternal(DisableEncodeUrlFilter.java:42)
	at org.springframework.web.filter.OncePerRequestFilter.doFilter(OncePerRequestFilter.java:116)
	at org.springframework.security.web.FilterChainProxy$VirtualFilterChain.doFilter(FilterChainProxy.java:385)
	at org.springframework.security.web.FilterChainProxy.doFilterInternal(FilterChainProxy.java:237)
	at org.springframework.security.web.FilterChainProxy.doFilter(FilterChainProxy.java:195)
	at org.springframework.web.filter.CompositeFilter$VirtualFilterChain.doFilter(CompositeFilter.java:113)
	at org.springframework.web.filter.ServletRequestPathFilter.doFilter(ServletRequestPathFilter.java:52)
	at org.springframework.web.filter.CompositeFilter$VirtualFilterChain.doFilter(CompositeFilter.java:113)
	at org.springframework.web.filter.CompositeFilter.doFilter(CompositeFilter.java:74)
	at org.springframework.security.config.annotation.web.configuration.WebSecurityConfiguration$CompositeFilterChainProxy.doFilter(WebSecurityConfiguration.java:317)
	at org.springframework.web.filter.DelegatingFilterProxy.invokeDelegate(DelegatingFilterProxy.java:355)
	at org.springframework.web.filter.DelegatingFilterProxy.doFilter(DelegatingFilterProxy.java:272)
	at org.apache.catalina.core.ApplicationFilterChain.doFilter(ApplicationFilterChain.java:107)
	at org.springframework.web.filter.RequestContextFilter.doFilterInternal(RequestContextFilter.java:100)
	at org.springframework.web.filter.OncePerRequestFilter.doFilter(OncePerRequestFilter.java:116)
	at org.apache.catalina.core.ApplicationFilterChain.doFilter(ApplicationFilterChain.java:107)
	at org.springframework.web.filter.FormContentFilter.doFilterInternal(FormContentFilter.java:93)
	at org.springframework.web.filter.OncePerRequestFilter.doFilter(OncePerRequestFilter.java:116)
	at org.apache.catalina.core.ApplicationFilterChain.doFilter(ApplicationFilterChain.java:107)
	at org.springframework.web.filter.CharacterEncodingFilter.doFilterInternal(CharacterEncodingFilter.java:199)
	at org.springframework.web.filter.OncePerRequestFilter.doFilter(OncePerRequestFilter.java:116)
	at org.apache.catalina.core.ApplicationFilterChain.doFilter(ApplicationFilterChain.java:107)
	at org.apache.catalina.core.StandardWrapperValve.invoke(StandardWrapperValve.java:165)
	at org.apache.catalina.core.StandardContextValve.invoke(StandardContextValve.java:77)
	at org.apache.catalina.authenticator.AuthenticatorBase.invoke(AuthenticatorBase.java:492)
	at org.apache.catalina.core.StandardHostValve.invoke(StandardHostValve.java:113)
	at org.apache.catalina.valves.ErrorReportValve.invoke(ErrorReportValve.java:83)
	at org.apache.catalina.core.StandardEngineValve.invoke(StandardEngineValve.java:72)
	at org.apache.catalina.connector.CoyoteAdapter.service(CoyoteAdapter.java:341)
	at org.apache.coyote.http11.Http11Processor.service(Http11Processor.java:397)
	at org.apache.coyote.AbstractProcessorLight.process(AbstractProcessorLight.java:63)
	at org.apache.coyote.AbstractProtocol$ConnectionHandler.process(AbstractProtocol.java:903)
	at org.apache.tomcat.util.net.NioEndpoint$SocketProcessor.doRun(NioEndpoint.java:1801)
	at org.apache.tomcat.util.net.SocketProcessorBase.run(SocketProcessorBase.java:52)
	at org.apache.tomcat.util.threads.ThreadPoolExecutor.runWorker(ThreadPoolExecutor.java:946)
	at org.apache.tomcat.util.threads.ThreadPoolExecutor$Worker.run(ThreadPoolExecutor.java:480)
	at org.apache.tomcat.util.threads.TaskThread$WrappingRunnable.run(TaskThread.java:57)
	at java.base/java.lang.Thread.run(Thread.java:1583)
2026-07-21 00:52:27 [http-nio-8080-exec-10] ERROR c.e.D.e.GlobalExceptionHandler - Invalid input: Invalid company value
2026-07-21 00:52:27 [http-nio-8080-exec-10] WARN  o.s.w.s.m.m.a.ExceptionHandlerExceptionResolver - Resolved [java.lang.IllegalArgumentException: Invalid company value]
2026-07-21 00:53:08 [http-nio-8080-exec-5] INFO  c.e.Docgen_Backend.config.JwtFilter - JWT validated successfully for userId=6a311365ec2c34f3d9e4f06e
2026-07-21 00:53:08 [http-nio-8080-exec-5] INFO  c.e.D.controller.UserController - PATCH /api/v2/users/26 - Update request received for employeeId=SMDS001
2026-07-21 00:53:08 [http-nio-8080-exec-5] DEBUG c.e.D.controller.UserController - Update payload: CreateProfileRequest(employeeName=Test User, email=test.user@example.com, mobileNo=9876543210, employeeId=SMDS001, joiningDesignation=Java Developer, currentDesignation=Senior Software Developer, department=Information Technology, currentAddress=Some address, permanentAddress=Some address, accountNo=5746446273, bankName=Bank of India, joiningCTC=600000.0, currentCTC=600000.0, dateOfBirth=1995-01-01, offerDate=2026-07-01, joiningDate=2026-07-15, panNo=ABCDE1234F, company=SMT, pfType=WITH_PF, identity=MR, documents=[SALARY_SLIP], documentData={SALARY_SLIP={startMonth=2026-04, endMonth=2026-06, salaryWorkdays={2026-04=30, 2026-05=31, 2026-06=30}}})
2026-07-21 00:53:08 [http-nio-8080-exec-5] INFO  c.e.D.service.impl.UserServiceImpl - Updating user profile | userId=26 | employeeId=SMDS001
2026-07-21 00:53:08 [http-nio-8080-exec-5] WARN  com.zaxxer.hikari.pool.PoolBase - HikariPool-1 - Failed to validate connection com.mysql.cj.jdbc.ConnectionImpl@17cb9648 (No operations allowed after connection closed.). Possibly consider using a shorter maxLifetime value.
2026-07-21 00:53:08 [http-nio-8080-exec-5] WARN  com.zaxxer.hikari.pool.PoolBase - HikariPool-1 - Failed to validate connection com.mysql.cj.jdbc.ConnectionImpl@3a27ff2c (No operations allowed after connection closed.). Possibly consider using a shorter maxLifetime value.
2026-07-21 00:53:08 [http-nio-8080-exec-5] DEBUG c.e.D.service.impl.UserServiceImpl - Existing user fetched | userId=26 | oldEmployeeId=SMDS001
2026-07-21 00:53:08 [http-nio-8080-exec-5] ERROR c.e.D.service.impl.UserServiceImpl - Invalid company value | value=SMT
2026-07-21 00:53:08 [http-nio-8080-exec-5] ERROR c.e.D.service.impl.UserServiceImpl - Error while updating user profile | userId=26 | error=Invalid company value
java.lang.IllegalArgumentException: Invalid company value
	at com.example.Docgen_Backend.service.impl.UserServiceImpl.updateProfile(UserServiceImpl.java:717)
	at java.base/jdk.internal.reflect.DirectMethodHandleAccessor.invoke(DirectMethodHandleAccessor.java:103)
	at java.base/java.lang.reflect.Method.invoke(Method.java:580)
	at org.springframework.aop.support.AopUtils.invokeJoinpointUsingReflection(AopUtils.java:359)
	at org.springframework.aop.framework.CglibAopProxy$DynamicAdvisedInterceptor.intercept(CglibAopProxy.java:715)
	at com.example.Docgen_Backend.service.impl.UserServiceImpl$$SpringCGLIB$$0.updateProfile(<generated>)
	at com.example.Docgen_Backend.controller.UserController.updateProfile(UserController.java:142)
	at java.base/jdk.internal.reflect.DirectMethodHandleAccessor.invoke(DirectMethodHandleAccessor.java:103)
	at java.base/java.lang.reflect.Method.invoke(Method.java:580)
	at org.springframework.web.method.support.InvocableHandlerMethod.doInvoke(InvocableHandlerMethod.java:252)
	at org.springframework.web.method.support.InvocableHandlerMethod.invokeForRequest(InvocableHandlerMethod.java:184)
	at org.springframework.web.servlet.mvc.method.annotation.ServletInvocableHandlerMethod.invokeAndHandle(ServletInvocableHandlerMethod.java:117)
	at org.springframework.web.servlet.mvc.method.annotation.RequestMappingHandlerAdapter.invokeHandlerMethod(RequestMappingHandlerAdapter.java:934)
	at org.springframework.web.servlet.mvc.method.annotation.RequestMappingHandlerAdapter.handleInternal(RequestMappingHandlerAdapter.java:853)
	at org.springframework.web.servlet.mvc.method.AbstractHandlerMethodAdapter.handle(AbstractHandlerMethodAdapter.java:86)
	at org.springframework.web.servlet.DispatcherServlet.doDispatch(DispatcherServlet.java:963)
	at org.springframework.web.servlet.DispatcherServlet.doService(DispatcherServlet.java:866)
	at org.springframework.web.servlet.FrameworkServlet.processRequest(FrameworkServlet.java:1000)
	at org.springframework.web.servlet.FrameworkServlet.service(FrameworkServlet.java:877)
	at jakarta.servlet.http.HttpServlet.service(HttpServlet.java:710)
	at org.apache.catalina.core.ApplicationFilterChain.doFilter(ApplicationFilterChain.java:128)
	at org.apache.tomcat.websocket.server.WsFilter.doFilter(WsFilter.java:53)
	at org.apache.catalina.core.ApplicationFilterChain.doFilter(ApplicationFilterChain.java:107)
	at org.springframework.web.filter.OncePerRequestFilter.doFilter(OncePerRequestFilter.java:110)
	at org.apache.catalina.core.ApplicationFilterChain.doFilter(ApplicationFilterChain.java:107)
	at org.springframework.web.filter.CompositeFilter$VirtualFilterChain.doFilter(CompositeFilter.java:108)
	at org.springframework.security.web.FilterChainProxy.lambda$doFilterInternal$3(FilterChainProxy.java:235)
	at org.springframework.security.web.FilterChainProxy$VirtualFilterChain.doFilter(FilterChainProxy.java:376)
	at org.springframework.security.web.access.intercept.AuthorizationFilter.doFilter(AuthorizationFilter.java:101)
	at org.springframework.security.web.FilterChainProxy$VirtualFilterChain.doFilter(FilterChainProxy.java:385)
	at org.springframework.security.web.access.ExceptionTranslationFilter.doFilter(ExceptionTranslationFilter.java:126)
	at org.springframework.security.web.access.ExceptionTranslationFilter.doFilter(ExceptionTranslationFilter.java:120)
	at org.springframework.security.web.FilterChainProxy$VirtualFilterChain.doFilter(FilterChainProxy.java:385)
	at org.springframework.security.web.session.SessionManagementFilter.doFilter(SessionManagementFilter.java:132)
	at org.springframework.security.web.session.SessionManagementFilter.doFilter(SessionManagementFilter.java:86)
	at org.springframework.security.web.FilterChainProxy$VirtualFilterChain.doFilter(FilterChainProxy.java:385)
	at org.springframework.security.web.authentication.AnonymousAuthenticationFilter.doFilter(AnonymousAuthenticationFilter.java:100)
	at org.springframework.security.web.FilterChainProxy$VirtualFilterChain.doFilter(FilterChainProxy.java:385)
	at org.springframework.security.web.servletapi.SecurityContextHolderAwareRequestFilter.doFilter(SecurityContextHolderAwareRequestFilter.java:181)
	at org.springframework.security.web.FilterChainProxy$VirtualFilterChain.doFilter(FilterChainProxy.java:385)
	at org.springframework.security.web.savedrequest.RequestCacheAwareFilter.doFilter(RequestCacheAwareFilter.java:63)
	at org.springframework.security.web.FilterChainProxy$VirtualFilterChain.doFilter(FilterChainProxy.java:385)
	at com.example.Docgen_Backend.config.JwtFilter.doFilterInternal(JwtFilter.java:111)
	at org.springframework.web.filter.OncePerRequestFilter.doFilter(OncePerRequestFilter.java:116)
	at org.springframework.security.web.FilterChainProxy$VirtualFilterChain.doFilter(FilterChainProxy.java:385)
	at org.springframework.security.web.authentication.logout.LogoutFilter.doFilter(LogoutFilter.java:110)
	at org.springframework.security.web.authentication.logout.LogoutFilter.doFilter(LogoutFilter.java:96)
	at org.springframework.security.web.FilterChainProxy$VirtualFilterChain.doFilter(FilterChainProxy.java:385)
	at org.springframework.web.filter.CorsFilter.doFilterInternal(CorsFilter.java:91)
	at org.springframework.web.filter.OncePerRequestFilter.doFilter(OncePerRequestFilter.java:116)
	at org.springframework.security.web.FilterChainProxy$VirtualFilterChain.doFilter(FilterChainProxy.java:385)
	at org.springframework.security.web.header.HeaderWriterFilter.doHeadersAfter(HeaderWriterFilter.java:90)
	at org.springframework.security.web.header.HeaderWriterFilter.doFilterInternal(HeaderWriterFilter.java:75)
	at org.springframework.web.filter.OncePerRequestFilter.doFilter(OncePerRequestFilter.java:116)
	at org.springframework.security.web.FilterChainProxy$VirtualFilterChain.doFilter(FilterChainProxy.java:385)
	at org.springframework.security.web.context.SecurityContextHolderFilter.doFilter(SecurityContextHolderFilter.java:82)
	at org.springframework.security.web.context.SecurityContextHolderFilter.doFilter(SecurityContextHolderFilter.java:69)
	at org.springframework.security.web.FilterChainProxy$VirtualFilterChain.doFilter(FilterChainProxy.java:385)
	at org.springframework.security.web.context.request.async.WebAsyncManagerIntegrationFilter.doFilterInternal(WebAsyncManagerIntegrationFilter.java:62)
	at org.springframework.web.filter.OncePerRequestFilter.doFilter(OncePerRequestFilter.java:116)
	at org.springframework.security.web.FilterChainProxy$VirtualFilterChain.doFilter(FilterChainProxy.java:385)
	at org.springframework.security.web.session.DisableEncodeUrlFilter.doFilterInternal(DisableEncodeUrlFilter.java:42)
	at org.springframework.web.filter.OncePerRequestFilter.doFilter(OncePerRequestFilter.java:116)
	at org.springframework.security.web.FilterChainProxy$VirtualFilterChain.doFilter(FilterChainProxy.java:385)
	at org.springframework.security.web.FilterChainProxy.doFilterInternal(FilterChainProxy.java:237)
	at org.springframework.security.web.FilterChainProxy.doFilter(FilterChainProxy.java:195)
	at org.springframework.web.filter.CompositeFilter$VirtualFilterChain.doFilter(CompositeFilter.java:113)
	at org.springframework.web.filter.ServletRequestPathFilter.doFilter(ServletRequestPathFilter.java:52)
	at org.springframework.web.filter.CompositeFilter$VirtualFilterChain.doFilter(CompositeFilter.java:113)
	at org.springframework.web.filter.CompositeFilter.doFilter(CompositeFilter.java:74)
	at org.springframework.security.config.annotation.web.configuration.WebSecurityConfiguration$CompositeFilterChainProxy.doFilter(WebSecurityConfiguration.java:317)
	at org.springframework.web.filter.DelegatingFilterProxy.invokeDelegate(DelegatingFilterProxy.java:355)
	at org.springframework.web.filter.DelegatingFilterProxy.doFilter(DelegatingFilterProxy.java:272)
	at org.apache.catalina.core.ApplicationFilterChain.doFilter(ApplicationFilterChain.java:107)
	at org.springframework.web.filter.RequestContextFilter.doFilterInternal(RequestContextFilter.java:100)
	at org.springframework.web.filter.OncePerRequestFilter.doFilter(OncePerRequestFilter.java:116)
	at org.apache.catalina.core.ApplicationFilterChain.doFilter(ApplicationFilterChain.java:107)
	at org.springframework.web.filter.FormContentFilter.doFilterInternal(FormContentFilter.java:93)
	at org.springframework.web.filter.OncePerRequestFilter.doFilter(OncePerRequestFilter.java:116)
	at org.apache.catalina.core.ApplicationFilterChain.doFilter(ApplicationFilterChain.java:107)
	at org.springframework.web.filter.CharacterEncodingFilter.doFilterInternal(CharacterEncodingFilter.java:199)
	at org.springframework.web.filter.OncePerRequestFilter.doFilter(OncePerRequestFilter.java:116)
	at org.apache.catalina.core.ApplicationFilterChain.doFilter(ApplicationFilterChain.java:107)
	at org.apache.catalina.core.StandardWrapperValve.invoke(StandardWrapperValve.java:165)
	at org.apache.catalina.core.StandardContextValve.invoke(StandardContextValve.java:77)
	at org.apache.catalina.authenticator.AuthenticatorBase.invoke(AuthenticatorBase.java:492)
	at org.apache.catalina.core.StandardHostValve.invoke(StandardHostValve.java:113)
	at org.apache.catalina.valves.ErrorReportValve.invoke(ErrorReportValve.java:83)
	at org.apache.catalina.core.StandardEngineValve.invoke(StandardEngineValve.java:72)
	at org.apache.catalina.connector.CoyoteAdapter.service(CoyoteAdapter.java:341)
	at org.apache.coyote.http11.Http11Processor.service(Http11Processor.java:397)
	at org.apache.coyote.AbstractProcessorLight.process(AbstractProcessorLight.java:63)
	at org.apache.coyote.AbstractProtocol$ConnectionHandler.process(AbstractProtocol.java:903)
	at org.apache.tomcat.util.net.NioEndpoint$SocketProcessor.doRun(NioEndpoint.java:1801)
	at org.apache.tomcat.util.net.SocketProcessorBase.run(SocketProcessorBase.java:52)
	at org.apache.tomcat.util.threads.ThreadPoolExecutor.runWorker(ThreadPoolExecutor.java:946)
	at org.apache.tomcat.util.threads.ThreadPoolExecutor$Worker.run(ThreadPoolExecutor.java:480)
	at org.apache.tomcat.util.threads.TaskThread$WrappingRunnable.run(TaskThread.java:57)
	at java.base/java.lang.Thread.run(Thread.java:1583)
2026-07-21 00:53:08 [http-nio-8080-exec-5] ERROR c.e.D.e.GlobalExceptionHandler - Invalid input: Invalid company value
2026-07-21 00:53:08 [http-nio-8080-exec-5] WARN  o.s.w.s.m.m.a.ExceptionHandlerExceptionResolver - Resolved [java.lang.IllegalArgumentException: Invalid company value]
2026-07-21 00:54:49 [HikariPool-1:housekeeper] WARN  com.zaxxer.hikari.pool.PoolBase - HikariPool-1 - Failed to validate connection com.mysql.cj.jdbc.ConnectionImpl@641703bd (No operations allowed after connection closed.). Possibly consider using a shorter maxLifetime value.
2026-07-21 00:54:49 [HikariPool-1:housekeeper] WARN  com.zaxxer.hikari.pool.PoolBase - HikariPool-1 - Failed to validate connection com.mysql.cj.jdbc.ConnectionImpl@75d51595 (No operations allowed after connection closed.). Possibly consider using a shorter maxLifetime value.
2026-07-21 00:56:35 [HikariPool-1:housekeeper] WARN  com.zaxxer.hikari.pool.PoolBase - HikariPool-1 - Failed to validate connection com.mysql.cj.jdbc.ConnectionImpl@366146d6 (No operations allowed after connection closed.). Possibly consider using a shorter maxLifetime value.
2026-07-21 00:56:40 [http-nio-8080-exec-6] INFO  c.e.Docgen_Backend.config.JwtFilter - JWT validated successfully for userId=6a311365ec2c34f3d9e4f06e
2026-07-21 00:56:40 [http-nio-8080-exec-6] INFO  c.e.D.controller.UserController - PATCH /api/v2/users/26 - Update request received for employeeId=SMDS001
2026-07-21 00:56:40 [http-nio-8080-exec-6] DEBUG c.e.D.controller.UserController - Update payload: CreateProfileRequest(employeeName=Test User, email=test.user@example.com, mobileNo=9876543210, employeeId=SMDS001, joiningDesignation=Java Developer, currentDesignation=Senior Software Developer, department=Information Technology, currentAddress=Some address, permanentAddress=Some address, accountNo=5746446273, bankName=Bank of India, joiningCTC=600000.0, currentCTC=600000.0, dateOfBirth=1995-01-01, offerDate=2026-07-01, joiningDate=2026-07-15, panNo=ABCDE1234F, company=SMDS, pfType=WITH_PF, identity=MR, documents=[SALARY_SLIP], documentData={SALARY_SLIP={startMonth=2026-04, endMonth=2026-06, salaryWorkdays={2026-04=30, 2026-05=31, 2026-06=30}}})
2026-07-21 00:56:40 [http-nio-8080-exec-6] INFO  c.e.D.service.impl.UserServiceImpl - Updating user profile | userId=26 | employeeId=SMDS001
2026-07-21 00:56:40 [http-nio-8080-exec-6] WARN  com.zaxxer.hikari.pool.PoolBase - HikariPool-1 - Failed to validate connection com.mysql.cj.jdbc.ConnectionImpl@5be9b112 (No operations allowed after connection closed.). Possibly consider using a shorter maxLifetime value.
2026-07-21 00:56:41 [http-nio-8080-exec-6] DEBUG c.e.D.service.impl.UserServiceImpl - Existing user fetched | userId=26 | oldEmployeeId=SMDS001
2026-07-21 00:56:41 [http-nio-8080-exec-6] DEBUG c.e.D.service.impl.UserServiceImpl - Updating documents | userId=26
2026-07-21 00:56:41 [http-nio-8080-exec-6] INFO  c.e.D.service.impl.UserServiceImpl - User profile updated successfully | userId=26 | timeTaken=586ms
2026-07-21 00:56:41 [http-nio-8080-exec-6] INFO  c.e.D.controller.UserController - Profile updated successfully for userId=26, employeeId=SMDS001
2026-07-21 00:57:07 [SpringApplicationShutdownHook] INFO  o.s.boot.tomcat.GracefulShutdown - Commencing graceful shutdown. Waiting for active requests to complete
2026-07-21 00:57:07 [tomcat-shutdown] INFO  o.s.boot.tomcat.GracefulShutdown - Graceful shutdown complete
2026-07-21 00:57:07 [SpringApplicationShutdownHook] INFO  o.s.o.j.LocalContainerEntityManagerFactoryBean - Closing JPA EntityManagerFactory for persistence unit 'default'
2026-07-21 00:57:07 [SpringApplicationShutdownHook] INFO  com.zaxxer.hikari.HikariDataSource - HikariPool-1 - Shutdown initiated...
2026-07-21 00:57:07 [SpringApplicationShutdownHook] INFO  com.zaxxer.hikari.HikariDataSource - HikariPool-1 - Shutdown completed.
2026-07-21 11:35:15 [background-preinit] INFO  o.h.validator.internal.util.Version - HV000001: Hibernate Validator 9.0.1.Final
2026-07-21 11:35:15 [restartedMain] INFO  c.e.D.DocgenBackendApplication - Starting DocgenBackendApplication using Java 21.0.9 with PID 30064 (E:\DocGen New Front V2\Docgen-Backend\target\classes started by prath in E:\DocGen New Front V2\Docgen-Backend)
2026-07-21 11:35:15 [restartedMain] DEBUG c.e.D.DocgenBackendApplication - Running with Spring Boot v4.0.6, Spring v7.0.7
2026-07-21 11:35:15 [restartedMain] INFO  c.e.D.DocgenBackendApplication - No active profile set, falling back to 1 default profile: "default"
2026-07-21 11:35:15 [restartedMain] INFO  o.s.b.d.e.DevToolsPropertyDefaultsPostProcessor - Devtools property defaults active! Set 'spring.devtools.add-properties' to 'false' to disable
2026-07-21 11:35:15 [restartedMain] INFO  o.s.b.d.e.DevToolsPropertyDefaultsPostProcessor - For additional web related logging consider setting the 'logging.level.web' property to 'DEBUG'
2026-07-21 11:35:15 [restartedMain] INFO  o.s.d.r.c.RepositoryConfigurationDelegate - Bootstrapping Spring Data JPA repositories in DEFAULT mode.
2026-07-21 11:35:16 [restartedMain] INFO  o.s.d.r.c.RepositoryConfigurationDelegate - Finished Spring Data repository scanning in 53 ms. Found 3 JPA repository interfaces.
2026-07-21 11:35:16 [restartedMain] INFO  o.s.boot.tomcat.TomcatWebServer - Tomcat initialized with port 8080 (http)
2026-07-21 11:35:16 [restartedMain] INFO  o.a.coyote.http11.Http11NioProtocol - Initializing ProtocolHandler ["http-nio-8080"]
2026-07-21 11:35:16 [restartedMain] INFO  o.a.catalina.core.StandardService - Starting service [Tomcat]
2026-07-21 11:35:16 [restartedMain] INFO  o.a.catalina.core.StandardEngine - Starting Servlet engine: [Apache Tomcat/11.0.21]
2026-07-21 11:35:16 [restartedMain] INFO  o.s.b.w.c.s.WebApplicationContextInitializer - Root WebApplicationContext: initialization completed in 1275 ms
2026-07-21 11:35:16 [restartedMain] DEBUG c.e.Docgen_Backend.config.JwtFilter - Filter 'jwtFilter' configured for use
2026-07-21 11:35:16 [restartedMain] INFO  org.hibernate.orm.jpa - HHH008540: Processing PersistenceUnitInfo [name: default]
2026-07-21 11:35:16 [restartedMain] INFO  org.hibernate.orm.core - HHH000001: Hibernate ORM core version 7.2.12.Final
2026-07-21 11:35:17 [restartedMain] INFO  o.s.o.j.p.SpringPersistenceUnitInfo - No LoadTimeWeaver setup: ignoring JPA class transformer
2026-07-21 11:35:17 [restartedMain] INFO  com.zaxxer.hikari.HikariDataSource - HikariPool-1 - Starting...
2026-07-21 11:35:18 [restartedMain] INFO  com.zaxxer.hikari.pool.HikariPool - HikariPool-1 - Added connection com.mysql.cj.jdbc.ConnectionImpl@133272e
2026-07-21 11:35:18 [restartedMain] INFO  com.zaxxer.hikari.HikariDataSource - HikariPool-1 - Start completed.
2026-07-21 11:35:18 [restartedMain] WARN  org.hibernate.orm.jdbc - HHH100045: Could not obtain connection metadata: java.sql.SQLSyntaxErrorException: Unknown column 'RESERVED' in 'WHERE'
2026-07-21 11:35:18 [restartedMain] WARN  org.hibernate.orm.deprecation - HHH90000025: MySQLDialect does not need to be specified explicitly using 'hibernate.dialect' (remove the property setting and it will be selected by default)
2026-07-21 11:35:18 [restartedMain] INFO  o.hibernate.orm.connections.pooling - HHH10001005: Database info:
	Database JDBC URL [undefined/unknown]
	Database driver: undefined/unknown
	Database dialect: MySQLDialect
	Database version: 8.0
	Default catalog/schema: unknown/unknown
	Autocommit mode: undefined/unknown
	Isolation level: NONE [default NONE]
	JDBC fetch size: undefined/unknown
	Pool: DataSourceConnectionProvider
	Minimum pool size: undefined/unknown
	Maximum pool size: undefined/unknown
2026-07-21 11:35:20 [restartedMain] INFO  org.hibernate.orm.core - HHH000489: No JTA platform available (set 'hibernate.transaction.jta.platform' to enable JTA platform integration)
2026-07-21 11:35:31 [restartedMain] INFO  o.s.o.j.LocalContainerEntityManagerFactoryBean - Initialized JPA EntityManagerFactory for persistence unit 'default'
2026-07-21 11:35:31 [restartedMain] INFO  o.s.d.j.r.q.QueryEnhancerFactories - Hibernate is in classpath; If applicable, HQL parser will be used.
2026-07-21 11:35:31 [restartedMain] INFO  o.s.s.c.a.a.c.InitializeUserDetailsBeanManagerConfigurer$InitializeUserDetailsManagerConfigurer - Global AuthenticationManager configured with UserDetailsService bean with name customUserDetailsService
2026-07-21 11:35:31 [restartedMain] WARN  o.s.b.j.a.JpaBaseConfiguration$JpaWebConfiguration - spring.jpa.open-in-view is enabled by default. Therefore, database queries may be performed during view rendering. Explicitly configure spring.jpa.open-in-view to disable this warning
2026-07-21 11:35:31 [restartedMain] INFO  o.a.coyote.http11.Http11NioProtocol - Starting ProtocolHandler ["http-nio-8080"]
2026-07-21 11:35:31 [restartedMain] INFO  o.s.boot.tomcat.TomcatWebServer - Tomcat started on port 8080 (http) with context path '/'
2026-07-21 11:35:31 [restartedMain] INFO  c.e.D.DocgenBackendApplication - Started DocgenBackendApplication in 17.126 seconds (process running for 17.77)
2026-07-21 11:35:42 [http-nio-8080-exec-1] INFO  o.a.c.c.C.[Tomcat].[localhost].[/] - Initializing Spring DispatcherServlet 'dispatcherServlet'
2026-07-21 11:35:42 [http-nio-8080-exec-1] INFO  o.s.web.servlet.DispatcherServlet - Initializing Servlet 'dispatcherServlet'
2026-07-21 11:35:42 [http-nio-8080-exec-1] INFO  o.s.web.servlet.DispatcherServlet - Completed initialization in 2 ms
2026-07-21 11:35:42 [http-nio-8080-exec-2] WARN  c.e.Docgen_Backend.config.JwtFilter - Invalid JWT token
2026-07-21 11:35:42 [http-nio-8080-exec-5] WARN  c.e.Docgen_Backend.config.JwtFilter - Invalid JWT token
2026-07-21 11:36:12 [http-nio-8080-exec-7] INFO  c.e.Docgen_Backend.config.JwtFilter - JWT validated successfully for userId=6a311365ec2c34f3d9e4f06e
2026-07-21 11:36:12 [http-nio-8080-exec-7] INFO  c.e.D.controller.UserController - GET /api/v2/users - Fetch all users request received | page=0, size=8, sortBy=id, direction=desc
2026-07-21 11:36:12 [http-nio-8080-exec-7] WARN  com.zaxxer.hikari.pool.PoolBase - HikariPool-1 - Failed to validate connection com.mysql.cj.jdbc.ConnectionImpl@133272e (No operations allowed after connection closed.). Possibly consider using a shorter maxLifetime value.
2026-07-21 11:36:12 [http-nio-8080-exec-7] WARN  com.zaxxer.hikari.pool.PoolBase - HikariPool-1 - Failed to validate connection com.mysql.cj.jdbc.ConnectionImpl@5a4bcadc (No operations allowed after connection closed.). Possibly consider using a shorter maxLifetime value.
2026-07-21 11:36:12 [http-nio-8080-exec-7] WARN  com.zaxxer.hikari.pool.PoolBase - HikariPool-1 - Failed to validate connection com.mysql.cj.jdbc.ConnectionImpl@510c8f7b (No operations allowed after connection closed.). Possibly consider using a shorter maxLifetime value.
2026-07-21 11:36:16 [http-nio-8080-exec-7] INFO  c.e.D.controller.UserController - Fetched 8 users on page 0 of 3
2026-07-21 11:36:16 [http-nio-8080-exec-8] INFO  c.e.Docgen_Backend.config.JwtFilter - JWT validated successfully for userId=6a311365ec2c34f3d9e4f06e
2026-07-21 11:36:16 [http-nio-8080-exec-8] INFO  c.e.D.controller.UserController - GET /api/v2/users - Fetch all users request received | page=0, size=8, sortBy=id, direction=desc
2026-07-21 11:36:19 [http-nio-8080-exec-8] INFO  c.e.D.controller.UserController - Fetched 8 users on page 0 of 3
2026-07-21 11:38:00 [HikariPool-1:housekeeper] WARN  com.zaxxer.hikari.pool.PoolBase - HikariPool-1 - Failed to validate connection com.mysql.cj.jdbc.ConnectionImpl@4e9a6fb7 (No operations allowed after connection closed.). Possibly consider using a shorter maxLifetime value.
2026-07-21 11:38:02 [HikariPool-1:housekeeper] WARN  com.zaxxer.hikari.pool.PoolBase - HikariPool-1 - Failed to validate connection com.mysql.cj.jdbc.ConnectionImpl@7f1e4442 (No operations allowed after connection closed.). Possibly consider using a shorter maxLifetime value.
2026-07-21 11:38:06 [HikariPool-1:housekeeper] WARN  com.zaxxer.hikari.pool.PoolBase - HikariPool-1 - Failed to validate connection com.mysql.cj.jdbc.ConnectionImpl@334fa6f1 (No operations allowed after connection closed.). Possibly consider using a shorter maxLifetime value.
2026-07-21 11:39:39 [HikariPool-1:housekeeper] WARN  com.zaxxer.hikari.pool.PoolBase - HikariPool-1 - Failed to validate connection com.mysql.cj.jdbc.ConnectionImpl@2eb590f8 (No operations allowed after connection closed.). Possibly consider using a shorter maxLifetime value.
2026-07-21 11:39:47 [HikariPool-1:housekeeper] WARN  com.zaxxer.hikari.pool.PoolBase - HikariPool-1 - Failed to validate connection com.mysql.cj.jdbc.ConnectionImpl@667df745 (No operations allowed after connection closed.). Possibly consider using a shorter maxLifetime value.
2026-07-21 11:41:00 [http-nio-8080-exec-1] INFO  c.e.Docgen_Backend.config.JwtFilter - JWT validated successfully for userId=6a311365ec2c34f3d9e4f06e
2026-07-21 11:41:01 [http-nio-8080-exec-1] INFO  c.e.D.controller.UserController - POST /api/v2/users/create-profile - Request received for employeeId=SMDS069
2026-07-21 11:41:01 [http-nio-8080-exec-1] DEBUG c.e.D.controller.UserController - Full request payload: CreateProfileRequest(employeeName=Test User Two , email=prathamesh69bhavsar@gmail.com, mobileNo=8007454299, employeeId=SMDS069, joiningDesignation=Software Developer, currentDesignation=Senior Software Developer, department=IT, currentAddress=N-42,VD-1/3/1,Sawta Nager,Cidco,Trimurti Chowk, permanentAddress=Ameerpet, accountNo=41363768430, bankName=Bank of india, joiningCTC=600000.0, currentCTC=850004.0, dateOfBirth=2026-07-21, offerDate=2026-07-21, joiningDate=2026-07-21, panNo=DTBPG9845J, company=SMDS, pfType=WITH_PF, identity=MR, documents=[], documentData={})
2026-07-21 11:41:01 [http-nio-8080-exec-1] WARN  com.zaxxer.hikari.pool.PoolBase - HikariPool-1 - Failed to validate connection com.mysql.cj.jdbc.ConnectionImpl@aa402fd (No operations allowed after connection closed.). Possibly consider using a shorter maxLifetime value.
2026-07-21 11:41:01 [http-nio-8080-exec-1] WARN  com.zaxxer.hikari.pool.PoolBase - HikariPool-1 - Failed to validate connection com.mysql.cj.jdbc.ConnectionImpl@5c11ace3 (No operations allowed after connection closed.). Possibly consider using a shorter maxLifetime value.
2026-07-21 11:41:02 [http-nio-8080-exec-1] ERROR c.e.D.service.impl.UserServiceImpl - Error while creating profile | error=Email already exists
java.lang.IllegalArgumentException: Email already exists
	at com.example.Docgen_Backend.service.impl.UserServiceImpl.validateRequest(UserServiceImpl.java:104)
	at com.example.Docgen_Backend.service.impl.UserServiceImpl.createProfile(UserServiceImpl.java:37)
	at java.base/jdk.internal.reflect.DirectMethodHandleAccessor.invoke(DirectMethodHandleAccessor.java:103)
	at java.base/java.lang.reflect.Method.invoke(Method.java:580)
	at org.springframework.aop.support.AopUtils.invokeJoinpointUsingReflection(AopUtils.java:359)
	at org.springframework.aop.framework.ReflectiveMethodInvocation.invokeJoinpoint(ReflectiveMethodInvocation.java:190)
	at org.springframework.aop.framework.ReflectiveMethodInvocation.proceed(ReflectiveMethodInvocation.java:158)
	at org.springframework.transaction.interceptor.TransactionInterceptor$1.proceedWithInvocation(TransactionInterceptor.java:133)
	at org.springframework.transaction.interceptor.TransactionAspectSupport.invokeWithinTransaction(TransactionAspectSupport.java:371)
	at org.springframework.transaction.interceptor.TransactionInterceptor.invoke(TransactionInterceptor.java:130)
	at org.springframework.aop.framework.ReflectiveMethodInvocation.proceed(ReflectiveMethodInvocation.java:179)
	at org.springframework.aop.framework.CglibAopProxy$DynamicAdvisedInterceptor.intercept(CglibAopProxy.java:719)
	at com.example.Docgen_Backend.service.impl.UserServiceImpl$$SpringCGLIB$$0.createProfile(<generated>)
	at com.example.Docgen_Backend.controller.UserController.createProfile(UserController.java:35)
	at java.base/jdk.internal.reflect.DirectMethodHandleAccessor.invoke(DirectMethodHandleAccessor.java:103)
	at java.base/java.lang.reflect.Method.invoke(Method.java:580)
	at org.springframework.web.method.support.InvocableHandlerMethod.doInvoke(InvocableHandlerMethod.java:252)
	at org.springframework.web.method.support.InvocableHandlerMethod.invokeForRequest(InvocableHandlerMethod.java:184)
	at org.springframework.web.servlet.mvc.method.annotation.ServletInvocableHandlerMethod.invokeAndHandle(ServletInvocableHandlerMethod.java:117)
	at org.springframework.web.servlet.mvc.method.annotation.RequestMappingHandlerAdapter.invokeHandlerMethod(RequestMappingHandlerAdapter.java:934)
	at org.springframework.web.servlet.mvc.method.annotation.RequestMappingHandlerAdapter.handleInternal(RequestMappingHandlerAdapter.java:853)
	at org.springframework.web.servlet.mvc.method.AbstractHandlerMethodAdapter.handle(AbstractHandlerMethodAdapter.java:86)
	at org.springframework.web.servlet.DispatcherServlet.doDispatch(DispatcherServlet.java:963)
	at org.springframework.web.servlet.DispatcherServlet.doService(DispatcherServlet.java:866)
	at org.springframework.web.servlet.FrameworkServlet.processRequest(FrameworkServlet.java:1000)
	at org.springframework.web.servlet.FrameworkServlet.doPost(FrameworkServlet.java:903)
	at jakarta.servlet.http.HttpServlet.service(HttpServlet.java:649)
	at org.springframework.web.servlet.FrameworkServlet.service(FrameworkServlet.java:874)
	at jakarta.servlet.http.HttpServlet.service(HttpServlet.java:710)
	at org.apache.catalina.core.ApplicationFilterChain.doFilter(ApplicationFilterChain.java:128)
	at org.apache.tomcat.websocket.server.WsFilter.doFilter(WsFilter.java:53)
	at org.apache.catalina.core.ApplicationFilterChain.doFilter(ApplicationFilterChain.java:107)
	at org.springframework.web.filter.OncePerRequestFilter.doFilter(OncePerRequestFilter.java:110)
	at org.apache.catalina.core.ApplicationFilterChain.doFilter(ApplicationFilterChain.java:107)
	at org.springframework.web.filter.CompositeFilter$VirtualFilterChain.doFilter(CompositeFilter.java:108)
	at org.springframework.security.web.FilterChainProxy.lambda$doFilterInternal$3(FilterChainProxy.java:235)
	at org.springframework.security.web.FilterChainProxy$VirtualFilterChain.doFilter(FilterChainProxy.java:376)
	at org.springframework.security.web.access.intercept.AuthorizationFilter.doFilter(AuthorizationFilter.java:101)
	at org.springframework.security.web.FilterChainProxy$VirtualFilterChain.doFilter(FilterChainProxy.java:385)
	at org.springframework.security.web.access.ExceptionTranslationFilter.doFilter(ExceptionTranslationFilter.java:126)
	at org.springframework.security.web.access.ExceptionTranslationFilter.doFilter(ExceptionTranslationFilter.java:120)
	at org.springframework.security.web.FilterChainProxy$VirtualFilterChain.doFilter(FilterChainProxy.java:385)
	at org.springframework.security.web.session.SessionManagementFilter.doFilter(SessionManagementFilter.java:132)
	at org.springframework.security.web.session.SessionManagementFilter.doFilter(SessionManagementFilter.java:86)
	at org.springframework.security.web.FilterChainProxy$VirtualFilterChain.doFilter(FilterChainProxy.java:385)
	at org.springframework.security.web.authentication.AnonymousAuthenticationFilter.doFilter(AnonymousAuthenticationFilter.java:100)
	at org.springframework.security.web.FilterChainProxy$VirtualFilterChain.doFilter(FilterChainProxy.java:385)
	at org.springframework.security.web.servletapi.SecurityContextHolderAwareRequestFilter.doFilter(SecurityContextHolderAwareRequestFilter.java:181)
	at org.springframework.security.web.FilterChainProxy$VirtualFilterChain.doFilter(FilterChainProxy.java:385)
	at org.springframework.security.web.savedrequest.RequestCacheAwareFilter.doFilter(RequestCacheAwareFilter.java:63)
	at org.springframework.security.web.FilterChainProxy$VirtualFilterChain.doFilter(FilterChainProxy.java:385)
	at com.example.Docgen_Backend.config.JwtFilter.doFilterInternal(JwtFilter.java:111)
	at org.springframework.web.filter.OncePerRequestFilter.doFilter(OncePerRequestFilter.java:116)
	at org.springframework.security.web.FilterChainProxy$VirtualFilterChain.doFilter(FilterChainProxy.java:385)
	at org.springframework.security.web.authentication.logout.LogoutFilter.doFilter(LogoutFilter.java:110)
	at org.springframework.security.web.authentication.logout.LogoutFilter.doFilter(LogoutFilter.java:96)
	at org.springframework.security.web.FilterChainProxy$VirtualFilterChain.doFilter(FilterChainProxy.java:385)
	at org.springframework.web.filter.CorsFilter.doFilterInternal(CorsFilter.java:91)
	at org.springframework.web.filter.OncePerRequestFilter.doFilter(OncePerRequestFilter.java:116)
	at org.springframework.security.web.FilterChainProxy$VirtualFilterChain.doFilter(FilterChainProxy.java:385)
	at org.springframework.security.web.header.HeaderWriterFilter.doHeadersAfter(HeaderWriterFilter.java:90)
	at org.springframework.security.web.header.HeaderWriterFilter.doFilterInternal(HeaderWriterFilter.java:75)
	at org.springframework.web.filter.OncePerRequestFilter.doFilter(OncePerRequestFilter.java:116)
	at org.springframework.security.web.FilterChainProxy$VirtualFilterChain.doFilter(FilterChainProxy.java:385)
	at org.springframework.security.web.context.SecurityContextHolderFilter.doFilter(SecurityContextHolderFilter.java:82)
	at org.springframework.security.web.context.SecurityContextHolderFilter.doFilter(SecurityContextHolderFilter.java:69)
	at org.springframework.security.web.FilterChainProxy$VirtualFilterChain.doFilter(FilterChainProxy.java:385)
	at org.springframework.security.web.context.request.async.WebAsyncManagerIntegrationFilter.doFilterInternal(WebAsyncManagerIntegrationFilter.java:62)
	at org.springframework.web.filter.OncePerRequestFilter.doFilter(OncePerRequestFilter.java:116)
	at org.springframework.security.web.FilterChainProxy$VirtualFilterChain.doFilter(FilterChainProxy.java:385)
	at org.springframework.security.web.session.DisableEncodeUrlFilter.doFilterInternal(DisableEncodeUrlFilter.java:42)
	at org.springframework.web.filter.OncePerRequestFilter.doFilter(OncePerRequestFilter.java:116)
	at org.springframework.security.web.FilterChainProxy$VirtualFilterChain.doFilter(FilterChainProxy.java:385)
	at org.springframework.security.web.FilterChainProxy.doFilterInternal(FilterChainProxy.java:237)
	at org.springframework.security.web.FilterChainProxy.doFilter(FilterChainProxy.java:195)
	at org.springframework.web.filter.CompositeFilter$VirtualFilterChain.doFilter(CompositeFilter.java:113)
	at org.springframework.web.filter.ServletRequestPathFilter.doFilter(ServletRequestPathFilter.java:52)
	at org.springframework.web.filter.CompositeFilter$VirtualFilterChain.doFilter(CompositeFilter.java:113)
	at org.springframework.web.filter.CompositeFilter.doFilter(CompositeFilter.java:74)
	at org.springframework.security.config.annotation.web.configuration.WebSecurityConfiguration$CompositeFilterChainProxy.doFilter(WebSecurityConfiguration.java:317)
	at org.springframework.web.filter.DelegatingFilterProxy.invokeDelegate(DelegatingFilterProxy.java:355)
	at org.springframework.web.filter.DelegatingFilterProxy.doFilter(DelegatingFilterProxy.java:272)
	at org.apache.catalina.core.ApplicationFilterChain.doFilter(ApplicationFilterChain.java:107)
	at org.springframework.web.filter.RequestContextFilter.doFilterInternal(RequestContextFilter.java:100)
	at org.springframework.web.filter.OncePerRequestFilter.doFilter(OncePerRequestFilter.java:116)
	at org.apache.catalina.core.ApplicationFilterChain.doFilter(ApplicationFilterChain.java:107)
	at org.springframework.web.filter.FormContentFilter.doFilterInternal(FormContentFilter.java:93)
	at org.springframework.web.filter.OncePerRequestFilter.doFilter(OncePerRequestFilter.java:116)
	at org.apache.catalina.core.ApplicationFilterChain.doFilter(ApplicationFilterChain.java:107)
	at org.springframework.web.filter.CharacterEncodingFilter.doFilterInternal(CharacterEncodingFilter.java:199)
	at org.springframework.web.filter.OncePerRequestFilter.doFilter(OncePerRequestFilter.java:116)
	at org.apache.catalina.core.ApplicationFilterChain.doFilter(ApplicationFilterChain.java:107)
	at org.apache.catalina.core.StandardWrapperValve.invoke(StandardWrapperValve.java:165)
	at org.apache.catalina.core.StandardContextValve.invoke(StandardContextValve.java:77)
	at org.apache.catalina.authenticator.AuthenticatorBase.invoke(AuthenticatorBase.java:492)
	at org.apache.catalina.core.StandardHostValve.invoke(StandardHostValve.java:113)
	at org.apache.catalina.valves.ErrorReportValve.invoke(ErrorReportValve.java:83)
	at org.apache.catalina.core.StandardEngineValve.invoke(StandardEngineValve.java:72)
	at org.apache.catalina.connector.CoyoteAdapter.service(CoyoteAdapter.java:341)
	at org.apache.coyote.http11.Http11Processor.service(Http11Processor.java:397)
	at org.apache.coyote.AbstractProcessorLight.process(AbstractProcessorLight.java:63)
	at org.apache.coyote.AbstractProtocol$ConnectionHandler.process(AbstractProtocol.java:903)
	at org.apache.tomcat.util.net.NioEndpoint$SocketProcessor.doRun(NioEndpoint.java:1801)
	at org.apache.tomcat.util.net.SocketProcessorBase.run(SocketProcessorBase.java:52)
	at org.apache.tomcat.util.threads.ThreadPoolExecutor.runWorker(ThreadPoolExecutor.java:946)
	at org.apache.tomcat.util.threads.ThreadPoolExecutor$Worker.run(ThreadPoolExecutor.java:480)
	at org.apache.tomcat.util.threads.TaskThread$WrappingRunnable.run(TaskThread.java:57)
	at java.base/java.lang.Thread.run(Thread.java:1583)
2026-07-21 11:41:02 [http-nio-8080-exec-1] ERROR c.e.D.e.GlobalExceptionHandler - Invalid input: Email already exists
2026-07-21 11:41:02 [http-nio-8080-exec-1] WARN  o.s.w.s.m.m.a.ExceptionHandlerExceptionResolver - Resolved [java.lang.IllegalArgumentException: Email already exists]
2026-07-21 11:41:16 [http-nio-8080-exec-5] INFO  c.e.Docgen_Backend.config.JwtFilter - JWT validated successfully for userId=6a311365ec2c34f3d9e4f06e
2026-07-21 11:41:16 [http-nio-8080-exec-5] INFO  c.e.D.controller.UserController - POST /api/v2/users/create-profile - Request received for employeeId=SMDS069
2026-07-21 11:41:16 [http-nio-8080-exec-5] DEBUG c.e.D.controller.UserController - Full request payload: CreateProfileRequest(employeeName=Test User Two , email=prathamesh2002bhavsar@gmail.com, mobileNo=8007454299, employeeId=SMDS069, joiningDesignation=Software Developer, currentDesignation=Senior Software Developer, department=IT, currentAddress=N-42,VD-1/3/1,Sawta Nager,Cidco,Trimurti Chowk, permanentAddress=Ameerpet, accountNo=41363768430, bankName=Bank of india, joiningCTC=600000.0, currentCTC=850004.0, dateOfBirth=2026-07-21, offerDate=2026-07-21, joiningDate=2026-07-21, panNo=DTBPG9845J, company=SMDS, pfType=WITH_PF, identity=MR, documents=[], documentData={})
2026-07-21 11:41:16 [http-nio-8080-exec-5] INFO  c.e.D.service.impl.UserServiceImpl - Generated employeeId=SMDS002 for company=SMDS
2026-07-21 11:41:16 [http-nio-8080-exec-5] INFO  c.e.D.service.impl.UserServiceImpl - User profile created successfully for employeeId=SMDS002
2026-07-21 11:41:16 [http-nio-8080-exec-5] INFO  c.e.D.controller.UserController - Profile created successfully for employeeId=SMDS002
2026-07-21 11:41:30 [http-nio-8080-exec-7] INFO  c.e.Docgen_Backend.config.JwtFilter - JWT validated successfully for userId=6a311365ec2c34f3d9e4f06e
2026-07-21 11:41:30 [http-nio-8080-exec-7] INFO  c.e.D.controller.UserController - GET /api/v2/users - Fetch all users request received | page=0, size=8, sortBy=id, direction=desc
2026-07-21 11:41:32 [http-nio-8080-exec-7] INFO  c.e.D.controller.UserController - Fetched 8 users on page 0 of 3
2026-07-21 11:41:32 [http-nio-8080-exec-8] INFO  c.e.Docgen_Backend.config.JwtFilter - JWT validated successfully for userId=6a311365ec2c34f3d9e4f06e
2026-07-21 11:41:32 [http-nio-8080-exec-8] INFO  c.e.D.controller.UserController - GET /api/v2/users - Fetch all users request received | page=0, size=8, sortBy=id, direction=desc
2026-07-21 11:41:34 [http-nio-8080-exec-3] INFO  c.e.Docgen_Backend.config.JwtFilter - JWT validated successfully for userId=6a311365ec2c34f3d9e4f06e
2026-07-21 11:41:34 [http-nio-8080-exec-3] INFO  c.e.D.controller.UserController - GET /api/v2/users/27 - Fetch request received
2026-07-21 11:41:34 [http-nio-8080-exec-3] INFO  c.e.D.service.impl.UserServiceImpl - Fetching user profile for edit | userId=27
2026-07-21 11:41:34 [http-nio-8080-exec-3] WARN  com.zaxxer.hikari.pool.PoolBase - HikariPool-1 - Failed to validate connection com.mysql.cj.jdbc.ConnectionImpl@1f6fcaed (No operations allowed after connection closed.). Possibly consider using a shorter maxLifetime value.
2026-07-21 11:41:34 [http-nio-8080-exec-3] WARN  com.zaxxer.hikari.pool.PoolBase - HikariPool-1 - Failed to validate connection com.mysql.cj.jdbc.ConnectionImpl@17805c96 (No operations allowed after connection closed.). Possibly consider using a shorter maxLifetime value.
2026-07-21 11:41:34 [http-nio-8080-exec-3] DEBUG c.e.D.service.impl.UserServiceImpl - User found | userId=27 | employeeId=SMDS002
2026-07-21 11:41:34 [http-nio-8080-exec-3] INFO  c.e.D.service.impl.UserServiceImpl - User profile fetched successfully | userId=27 | timeTaken=317ms
2026-07-21 11:41:34 [http-nio-8080-exec-3] INFO  c.e.D.controller.UserController - Profile fetched successfully for userId=27
2026-07-21 11:41:34 [http-nio-8080-exec-3] DEBUG c.e.D.controller.UserController - Fetched profile data: UserProfileResponseDTO(id=27, employeeName=Test User Two , employeeId=SMDS002, email=prathamesh2002bhavsar@gmail.com, mobileNo=8007454299, joiningDesignation=Software Developer, currentDesignation=Senior Software Developer, department=IT, company=SMDS, identity=MR, pfType=WITH_PF, accountNo=41363768430, bankName=Bank of india, currentAddress=N-42,VD-1/3/1,Sawta Nager,Cidco,Trimurti Chowk, permanentAddress=Ameerpet, joiningCTC=600000.0, currentCTC=850004.0, dateOfBirth=2026-07-21, offerDate=2026-07-21, joiningDate=2026-07-21, panNo=DTBPG9845J, documents={APPOINTMENT_LETTER=DocumentResponseDTO(generated=false, data=null), INTERNSHIP_LETTER=DocumentResponseDTO(generated=false, data=null), EXPERIENCE_LETTER=DocumentResponseDTO(generated=false, data=null), FULL_AND_FINAL=DocumentResponseDTO(generated=false, data=null), CONFIRMATION_LETTER=DocumentResponseDTO(generated=false, data=null), INCREMENT_LETTER=DocumentResponseDTO(generated=false, data=null), RELIEVING_LETTER=DocumentResponseDTO(generated=false, data=null), SALARY_SLIP=DocumentResponseDTO(generated=false, data=null), COMPLETION_LETTER=DocumentResponseDTO(generated=false, data=null), OFFER_LETTER=DocumentResponseDTO(generated=false, data=null)})
2026-07-21 11:41:34 [http-nio-8080-exec-1] INFO  c.e.Docgen_Backend.config.JwtFilter - JWT validated successfully for userId=6a311365ec2c34f3d9e4f06e
2026-07-21 11:41:34 [http-nio-8080-exec-1] INFO  c.e.D.controller.UserController - GET /api/v2/users/27 - Fetch request received
2026-07-21 11:41:34 [http-nio-8080-exec-1] INFO  c.e.D.service.impl.UserServiceImpl - Fetching user profile for edit | userId=27
2026-07-21 11:41:34 [http-nio-8080-exec-1] DEBUG c.e.D.service.impl.UserServiceImpl - User found | userId=27 | employeeId=SMDS002
2026-07-21 11:41:34 [http-nio-8080-exec-1] INFO  c.e.D.service.impl.UserServiceImpl - User profile fetched successfully | userId=27 | timeTaken=171ms
2026-07-21 11:41:34 [http-nio-8080-exec-1] INFO  c.e.D.controller.UserController - Profile fetched successfully for userId=27
2026-07-21 11:41:34 [http-nio-8080-exec-1] DEBUG c.e.D.controller.UserController - Fetched profile data: UserProfileResponseDTO(id=27, employeeName=Test User Two , employeeId=SMDS002, email=prathamesh2002bhavsar@gmail.com, mobileNo=8007454299, joiningDesignation=Software Developer, currentDesignation=Senior Software Developer, department=IT, company=SMDS, identity=MR, pfType=WITH_PF, accountNo=41363768430, bankName=Bank of india, currentAddress=N-42,VD-1/3/1,Sawta Nager,Cidco,Trimurti Chowk, permanentAddress=Ameerpet, joiningCTC=600000.0, currentCTC=850004.0, dateOfBirth=2026-07-21, offerDate=2026-07-21, joiningDate=2026-07-21, panNo=DTBPG9845J, documents={APPOINTMENT_LETTER=DocumentResponseDTO(generated=false, data=null), INTERNSHIP_LETTER=DocumentResponseDTO(generated=false, data=null), EXPERIENCE_LETTER=DocumentResponseDTO(generated=false, data=null), FULL_AND_FINAL=DocumentResponseDTO(generated=false, data=null), CONFIRMATION_LETTER=DocumentResponseDTO(generated=false, data=null), INCREMENT_LETTER=DocumentResponseDTO(generated=false, data=null), RELIEVING_LETTER=DocumentResponseDTO(generated=false, data=null), SALARY_SLIP=DocumentResponseDTO(generated=false, data=null), COMPLETION_LETTER=DocumentResponseDTO(generated=false, data=null), OFFER_LETTER=DocumentResponseDTO(generated=false, data=null)})
2026-07-21 11:41:35 [http-nio-8080-exec-8] INFO  c.e.D.controller.UserController - Fetched 8 users on page 0 of 3
2026-07-21 11:42:15 [http-nio-8080-exec-5] INFO  c.e.Docgen_Backend.config.JwtFilter - JWT validated successfully for userId=6a311365ec2c34f3d9e4f06e
2026-07-21 11:42:15 [http-nio-8080-exec-5] INFO  c.e.D.controller.UserController - POST /api/v2/users/create-profile - Request received for employeeId=SMDS002
2026-07-21 11:42:15 [http-nio-8080-exec-5] DEBUG c.e.D.controller.UserController - Full request payload: CreateProfileRequest(employeeName=Test User Two , email=prathamesh2002bhavsar@gmail.com, mobileNo=8007454299, employeeId=SMDS002, joiningDesignation=Software Developer, currentDesignation=Senior Software Developer, department=IT, currentAddress=N-42,VD-1/3/1,Sawta Nager,Cidco,Trimurti Chowk, permanentAddress=Ameerpet, accountNo=41363768430, bankName=Bank of india, joiningCTC=600000.0, currentCTC=850004.0, dateOfBirth=2026-07-21, offerDate=2026-07-21, joiningDate=2026-07-21, panNo=DTBPG9845J, company=SMDS, pfType=WITH_PF, identity=MR, documents=[SALARY_SLIP, OFFER_LETTER], documentData={OFFER_LETTER={issueDate=2026-07-01, probationPeriod=3}, SALARY_SLIP={startMonth=2026-04, endMonth=2026-06, salaryWorkdays={2026-04=30, 2026-05=31, 2026-06=30}}})
2026-07-21 11:42:15 [http-nio-8080-exec-5] WARN  com.zaxxer.hikari.pool.PoolBase - HikariPool-1 - Failed to validate connection com.mysql.cj.jdbc.ConnectionImpl@190c0908 (No operations allowed after connection closed.). Possibly consider using a shorter maxLifetime value.
2026-07-21 11:42:15 [http-nio-8080-exec-5] WARN  com.zaxxer.hikari.pool.PoolBase - HikariPool-1 - Failed to validate connection com.mysql.cj.jdbc.ConnectionImpl@46ece63 (No operations allowed after connection closed.). Possibly consider using a shorter maxLifetime value.
2026-07-21 11:42:15 [http-nio-8080-exec-5] WARN  com.zaxxer.hikari.pool.PoolBase - HikariPool-1 - Failed to validate connection com.mysql.cj.jdbc.ConnectionImpl@7dd3c3af (No operations allowed after connection closed.). Possibly consider using a shorter maxLifetime value.
2026-07-21 11:42:15 [http-nio-8080-exec-5] WARN  com.zaxxer.hikari.pool.PoolBase - HikariPool-1 - Failed to validate connection com.mysql.cj.jdbc.ConnectionImpl@5e1b0b27 (No operations allowed after connection closed.). Possibly consider using a shorter maxLifetime value.
2026-07-21 11:42:15 [http-nio-8080-exec-5] ERROR c.e.D.service.impl.UserServiceImpl - Error while creating profile | error=Employee name already exists
java.lang.IllegalArgumentException: Employee name already exists
	at com.example.Docgen_Backend.service.impl.UserServiceImpl.validateRequest(UserServiceImpl.java:100)
	at com.example.Docgen_Backend.service.impl.UserServiceImpl.createProfile(UserServiceImpl.java:37)
	at java.base/jdk.internal.reflect.DirectMethodHandleAccessor.invoke(DirectMethodHandleAccessor.java:103)
	at java.base/java.lang.reflect.Method.invoke(Method.java:580)
	at org.springframework.aop.support.AopUtils.invokeJoinpointUsingReflection(AopUtils.java:359)
	at org.springframework.aop.framework.ReflectiveMethodInvocation.invokeJoinpoint(ReflectiveMethodInvocation.java:190)
	at org.springframework.aop.framework.ReflectiveMethodInvocation.proceed(ReflectiveMethodInvocation.java:158)
	at org.springframework.transaction.interceptor.TransactionInterceptor$1.proceedWithInvocation(TransactionInterceptor.java:133)
	at org.springframework.transaction.interceptor.TransactionAspectSupport.invokeWithinTransaction(TransactionAspectSupport.java:371)
	at org.springframework.transaction.interceptor.TransactionInterceptor.invoke(TransactionInterceptor.java:130)
	at org.springframework.aop.framework.ReflectiveMethodInvocation.proceed(ReflectiveMethodInvocation.java:179)
	at org.springframework.aop.framework.CglibAopProxy$DynamicAdvisedInterceptor.intercept(CglibAopProxy.java:719)
	at com.example.Docgen_Backend.service.impl.UserServiceImpl$$SpringCGLIB$$0.createProfile(<generated>)
	at com.example.Docgen_Backend.controller.UserController.createProfile(UserController.java:35)
	at java.base/jdk.internal.reflect.DirectMethodHandleAccessor.invoke(DirectMethodHandleAccessor.java:103)
	at java.base/java.lang.reflect.Method.invoke(Method.java:580)
	at org.springframework.web.method.support.InvocableHandlerMethod.doInvoke(InvocableHandlerMethod.java:252)
	at org.springframework.web.method.support.InvocableHandlerMethod.invokeForRequest(InvocableHandlerMethod.java:184)
	at org.springframework.web.servlet.mvc.method.annotation.ServletInvocableHandlerMethod.invokeAndHandle(ServletInvocableHandlerMethod.java:117)
	at org.springframework.web.servlet.mvc.method.annotation.RequestMappingHandlerAdapter.invokeHandlerMethod(RequestMappingHandlerAdapter.java:934)
	at org.springframework.web.servlet.mvc.method.annotation.RequestMappingHandlerAdapter.handleInternal(RequestMappingHandlerAdapter.java:853)
	at org.springframework.web.servlet.mvc.method.AbstractHandlerMethodAdapter.handle(AbstractHandlerMethodAdapter.java:86)
	at org.springframework.web.servlet.DispatcherServlet.doDispatch(DispatcherServlet.java:963)
	at org.springframework.web.servlet.DispatcherServlet.doService(DispatcherServlet.java:866)
	at org.springframework.web.servlet.FrameworkServlet.processRequest(FrameworkServlet.java:1000)
	at org.springframework.web.servlet.FrameworkServlet.doPost(FrameworkServlet.java:903)
	at jakarta.servlet.http.HttpServlet.service(HttpServlet.java:649)
	at org.springframework.web.servlet.FrameworkServlet.service(FrameworkServlet.java:874)
	at jakarta.servlet.http.HttpServlet.service(HttpServlet.java:710)
	at org.apache.catalina.core.ApplicationFilterChain.doFilter(ApplicationFilterChain.java:128)
	at org.apache.tomcat.websocket.server.WsFilter.doFilter(WsFilter.java:53)
	at org.apache.catalina.core.ApplicationFilterChain.doFilter(ApplicationFilterChain.java:107)
	at org.springframework.web.filter.OncePerRequestFilter.doFilter(OncePerRequestFilter.java:110)
	at org.apache.catalina.core.ApplicationFilterChain.doFilter(ApplicationFilterChain.java:107)
	at org.springframework.web.filter.CompositeFilter$VirtualFilterChain.doFilter(CompositeFilter.java:108)
	at org.springframework.security.web.FilterChainProxy.lambda$doFilterInternal$3(FilterChainProxy.java:235)
	at org.springframework.security.web.FilterChainProxy$VirtualFilterChain.doFilter(FilterChainProxy.java:376)
	at org.springframework.security.web.access.intercept.AuthorizationFilter.doFilter(AuthorizationFilter.java:101)
	at org.springframework.security.web.FilterChainProxy$VirtualFilterChain.doFilter(FilterChainProxy.java:385)
	at org.springframework.security.web.access.ExceptionTranslationFilter.doFilter(ExceptionTranslationFilter.java:126)
	at org.springframework.security.web.access.ExceptionTranslationFilter.doFilter(ExceptionTranslationFilter.java:120)
	at org.springframework.security.web.FilterChainProxy$VirtualFilterChain.doFilter(FilterChainProxy.java:385)
	at org.springframework.security.web.session.SessionManagementFilter.doFilter(SessionManagementFilter.java:132)
	at org.springframework.security.web.session.SessionManagementFilter.doFilter(SessionManagementFilter.java:86)
	at org.springframework.security.web.FilterChainProxy$VirtualFilterChain.doFilter(FilterChainProxy.java:385)
	at org.springframework.security.web.authentication.AnonymousAuthenticationFilter.doFilter(AnonymousAuthenticationFilter.java:100)
	at org.springframework.security.web.FilterChainProxy$VirtualFilterChain.doFilter(FilterChainProxy.java:385)
	at org.springframework.security.web.servletapi.SecurityContextHolderAwareRequestFilter.doFilter(SecurityContextHolderAwareRequestFilter.java:181)
	at org.springframework.security.web.FilterChainProxy$VirtualFilterChain.doFilter(FilterChainProxy.java:385)
	at org.springframework.security.web.savedrequest.RequestCacheAwareFilter.doFilter(RequestCacheAwareFilter.java:63)
	at org.springframework.security.web.FilterChainProxy$VirtualFilterChain.doFilter(FilterChainProxy.java:385)
	at com.example.Docgen_Backend.config.JwtFilter.doFilterInternal(JwtFilter.java:111)
	at org.springframework.web.filter.OncePerRequestFilter.doFilter(OncePerRequestFilter.java:116)
	at org.springframework.security.web.FilterChainProxy$VirtualFilterChain.doFilter(FilterChainProxy.java:385)
	at org.springframework.security.web.authentication.logout.LogoutFilter.doFilter(LogoutFilter.java:110)
	at org.springframework.security.web.authentication.logout.LogoutFilter.doFilter(LogoutFilter.java:96)
	at org.springframework.security.web.FilterChainProxy$VirtualFilterChain.doFilter(FilterChainProxy.java:385)
	at org.springframework.web.filter.CorsFilter.doFilterInternal(CorsFilter.java:91)
	at org.springframework.web.filter.OncePerRequestFilter.doFilter(OncePerRequestFilter.java:116)
	at org.springframework.security.web.FilterChainProxy$VirtualFilterChain.doFilter(FilterChainProxy.java:385)
	at org.springframework.security.web.header.HeaderWriterFilter.doHeadersAfter(HeaderWriterFilter.java:90)
	at org.springframework.security.web.header.HeaderWriterFilter.doFilterInternal(HeaderWriterFilter.java:75)
	at org.springframework.web.filter.OncePerRequestFilter.doFilter(OncePerRequestFilter.java:116)
	at org.springframework.security.web.FilterChainProxy$VirtualFilterChain.doFilter(FilterChainProxy.java:385)
	at org.springframework.security.web.context.SecurityContextHolderFilter.doFilter(SecurityContextHolderFilter.java:82)
	at org.springframework.security.web.context.SecurityContextHolderFilter.doFilter(SecurityContextHolderFilter.java:69)
	at org.springframework.security.web.FilterChainProxy$VirtualFilterChain.doFilter(FilterChainProxy.java:385)
	at org.springframework.security.web.context.request.async.WebAsyncManagerIntegrationFilter.doFilterInternal(WebAsyncManagerIntegrationFilter.java:62)
	at org.springframework.web.filter.OncePerRequestFilter.doFilter(OncePerRequestFilter.java:116)
	at org.springframework.security.web.FilterChainProxy$VirtualFilterChain.doFilter(FilterChainProxy.java:385)
	at org.springframework.security.web.session.DisableEncodeUrlFilter.doFilterInternal(DisableEncodeUrlFilter.java:42)
	at org.springframework.web.filter.OncePerRequestFilter.doFilter(OncePerRequestFilter.java:116)
	at org.springframework.security.web.FilterChainProxy$VirtualFilterChain.doFilter(FilterChainProxy.java:385)
	at org.springframework.security.web.FilterChainProxy.doFilterInternal(FilterChainProxy.java:237)
	at org.springframework.security.web.FilterChainProxy.doFilter(FilterChainProxy.java:195)
	at org.springframework.web.filter.CompositeFilter$VirtualFilterChain.doFilter(CompositeFilter.java:113)
	at org.springframework.web.filter.ServletRequestPathFilter.doFilter(ServletRequestPathFilter.java:52)
	at org.springframework.web.filter.CompositeFilter$VirtualFilterChain.doFilter(CompositeFilter.java:113)
	at org.springframework.web.filter.CompositeFilter.doFilter(CompositeFilter.java:74)
	at org.springframework.security.config.annotation.web.configuration.WebSecurityConfiguration$CompositeFilterChainProxy.doFilter(WebSecurityConfiguration.java:317)
	at org.springframework.web.filter.DelegatingFilterProxy.invokeDelegate(DelegatingFilterProxy.java:355)
	at org.springframework.web.filter.DelegatingFilterProxy.doFilter(DelegatingFilterProxy.java:272)
	at org.apache.catalina.core.ApplicationFilterChain.doFilter(ApplicationFilterChain.java:107)
	at org.springframework.web.filter.RequestContextFilter.doFilterInternal(RequestContextFilter.java:100)
	at org.springframework.web.filter.OncePerRequestFilter.doFilter(OncePerRequestFilter.java:116)
	at org.apache.catalina.core.ApplicationFilterChain.doFilter(ApplicationFilterChain.java:107)
	at org.springframework.web.filter.FormContentFilter.doFilterInternal(FormContentFilter.java:93)
	at org.springframework.web.filter.OncePerRequestFilter.doFilter(OncePerRequestFilter.java:116)
	at org.apache.catalina.core.ApplicationFilterChain.doFilter(ApplicationFilterChain.java:107)
	at org.springframework.web.filter.CharacterEncodingFilter.doFilterInternal(CharacterEncodingFilter.java:199)
	at org.springframework.web.filter.OncePerRequestFilter.doFilter(OncePerRequestFilter.java:116)
	at org.apache.catalina.core.ApplicationFilterChain.doFilter(ApplicationFilterChain.java:107)
	at org.apache.catalina.core.StandardWrapperValve.invoke(StandardWrapperValve.java:165)
	at org.apache.catalina.core.StandardContextValve.invoke(StandardContextValve.java:77)
	at org.apache.catalina.authenticator.AuthenticatorBase.invoke(AuthenticatorBase.java:492)
	at org.apache.catalina.core.StandardHostValve.invoke(StandardHostValve.java:113)
	at org.apache.catalina.valves.ErrorReportValve.invoke(ErrorReportValve.java:83)
	at org.apache.catalina.core.StandardEngineValve.invoke(StandardEngineValve.java:72)
	at org.apache.catalina.connector.CoyoteAdapter.service(CoyoteAdapter.java:341)
	at org.apache.coyote.http11.Http11Processor.service(Http11Processor.java:397)
	at org.apache.coyote.AbstractProcessorLight.process(AbstractProcessorLight.java:63)
	at org.apache.coyote.AbstractProtocol$ConnectionHandler.process(AbstractProtocol.java:903)
	at org.apache.tomcat.util.net.NioEndpoint$SocketProcessor.doRun(NioEndpoint.java:1801)
	at org.apache.tomcat.util.net.SocketProcessorBase.run(SocketProcessorBase.java:52)
	at org.apache.tomcat.util.threads.ThreadPoolExecutor.runWorker(ThreadPoolExecutor.java:946)
	at org.apache.tomcat.util.threads.ThreadPoolExecutor$Worker.run(ThreadPoolExecutor.java:480)
	at org.apache.tomcat.util.threads.TaskThread$WrappingRunnable.run(TaskThread.java:57)
	at java.base/java.lang.Thread.run(Thread.java:1583)
2026-07-21 11:42:15 [http-nio-8080-exec-5] ERROR c.e.D.e.GlobalExceptionHandler - Invalid input: Employee name already exists
2026-07-21 11:42:15 [http-nio-8080-exec-5] WARN  o.s.w.s.m.m.a.ExceptionHandlerExceptionResolver - Resolved [java.lang.IllegalArgumentException: Employee name already exists]
2026-07-21 11:42:29 [http-nio-8080-exec-7] INFO  c.e.Docgen_Backend.config.JwtFilter - JWT validated successfully for userId=6a311365ec2c34f3d9e4f06e
2026-07-21 11:42:29 [http-nio-8080-exec-7] INFO  c.e.D.controller.UserController - GET /api/v2/users - Fetch all users request received | page=0, size=8, sortBy=id, direction=desc
2026-07-21 11:42:35 [http-nio-8080-exec-7] INFO  c.e.D.controller.UserController - Fetched 8 users on page 0 of 3
2026-07-21 11:42:35 [http-nio-8080-exec-9] INFO  c.e.Docgen_Backend.config.JwtFilter - JWT validated successfully for userId=6a311365ec2c34f3d9e4f06e
2026-07-21 11:42:35 [http-nio-8080-exec-9] INFO  c.e.D.controller.UserController - GET /api/v2/users - Fetch all users request received | page=0, size=8, sortBy=id, direction=desc
2026-07-21 11:42:36 [http-nio-8080-exec-1] INFO  c.e.Docgen_Backend.config.JwtFilter - JWT validated successfully for userId=6a311365ec2c34f3d9e4f06e
2026-07-21 11:42:36 [http-nio-8080-exec-1] INFO  c.e.D.controller.UserController - GET /api/v2/users/27 - Fetch request received
2026-07-21 11:42:36 [http-nio-8080-exec-1] INFO  c.e.D.service.impl.UserServiceImpl - Fetching user profile for edit | userId=27
2026-07-21 11:42:36 [http-nio-8080-exec-1] WARN  com.zaxxer.hikari.pool.PoolBase - HikariPool-1 - Failed to validate connection com.mysql.cj.jdbc.ConnectionImpl@789ff531 (No operations allowed after connection closed.). Possibly consider using a shorter maxLifetime value.
2026-07-21 11:42:36 [http-nio-8080-exec-1] DEBUG c.e.D.service.impl.UserServiceImpl - User found | userId=27 | employeeId=SMDS002
2026-07-21 11:42:36 [http-nio-8080-exec-1] INFO  c.e.D.service.impl.UserServiceImpl - User profile fetched successfully | userId=27 | timeTaken=347ms
2026-07-21 11:42:36 [http-nio-8080-exec-1] INFO  c.e.D.controller.UserController - Profile fetched successfully for userId=27
2026-07-21 11:42:36 [http-nio-8080-exec-1] DEBUG c.e.D.controller.UserController - Fetched profile data: UserProfileResponseDTO(id=27, employeeName=Test User Two , employeeId=SMDS002, email=prathamesh2002bhavsar@gmail.com, mobileNo=8007454299, joiningDesignation=Software Developer, currentDesignation=Senior Software Developer, department=IT, company=SMDS, identity=MR, pfType=WITH_PF, accountNo=41363768430, bankName=Bank of india, currentAddress=N-42,VD-1/3/1,Sawta Nager,Cidco,Trimurti Chowk, permanentAddress=Ameerpet, joiningCTC=600000.0, currentCTC=850004.0, dateOfBirth=2026-07-21, offerDate=2026-07-21, joiningDate=2026-07-21, panNo=DTBPG9845J, documents={APPOINTMENT_LETTER=DocumentResponseDTO(generated=false, data=null), INTERNSHIP_LETTER=DocumentResponseDTO(generated=false, data=null), EXPERIENCE_LETTER=DocumentResponseDTO(generated=false, data=null), FULL_AND_FINAL=DocumentResponseDTO(generated=false, data=null), CONFIRMATION_LETTER=DocumentResponseDTO(generated=false, data=null), INCREMENT_LETTER=DocumentResponseDTO(generated=false, data=null), RELIEVING_LETTER=DocumentResponseDTO(generated=false, data=null), SALARY_SLIP=DocumentResponseDTO(generated=false, data=null), COMPLETION_LETTER=DocumentResponseDTO(generated=false, data=null), OFFER_LETTER=DocumentResponseDTO(generated=false, data=null)})
2026-07-21 11:42:36 [http-nio-8080-exec-8] INFO  c.e.Docgen_Backend.config.JwtFilter - JWT validated successfully for userId=6a311365ec2c34f3d9e4f06e
2026-07-21 11:42:36 [http-nio-8080-exec-8] INFO  c.e.D.controller.UserController - GET /api/v2/users/27 - Fetch request received
2026-07-21 11:42:36 [http-nio-8080-exec-8] INFO  c.e.D.service.impl.UserServiceImpl - Fetching user profile for edit | userId=27
2026-07-21 11:42:37 [http-nio-8080-exec-8] DEBUG c.e.D.service.impl.UserServiceImpl - User found | userId=27 | employeeId=SMDS002
2026-07-21 11:42:37 [http-nio-8080-exec-8] INFO  c.e.D.service.impl.UserServiceImpl - User profile fetched successfully | userId=27 | timeTaken=203ms
2026-07-21 11:42:37 [http-nio-8080-exec-8] INFO  c.e.D.controller.UserController - Profile fetched successfully for userId=27
2026-07-21 11:42:37 [http-nio-8080-exec-8] DEBUG c.e.D.controller.UserController - Fetched profile data: UserProfileResponseDTO(id=27, employeeName=Test User Two , employeeId=SMDS002, email=prathamesh2002bhavsar@gmail.com, mobileNo=8007454299, joiningDesignation=Software Developer, currentDesignation=Senior Software Developer, department=IT, company=SMDS, identity=MR, pfType=WITH_PF, accountNo=41363768430, bankName=Bank of india, currentAddress=N-42,VD-1/3/1,Sawta Nager,Cidco,Trimurti Chowk, permanentAddress=Ameerpet, joiningCTC=600000.0, currentCTC=850004.0, dateOfBirth=2026-07-21, offerDate=2026-07-21, joiningDate=2026-07-21, panNo=DTBPG9845J, documents={APPOINTMENT_LETTER=DocumentResponseDTO(generated=false, data=null), INTERNSHIP_LETTER=DocumentResponseDTO(generated=false, data=null), EXPERIENCE_LETTER=DocumentResponseDTO(generated=false, data=null), FULL_AND_FINAL=DocumentResponseDTO(generated=false, data=null), CONFIRMATION_LETTER=DocumentResponseDTO(generated=false, data=null), INCREMENT_LETTER=DocumentResponseDTO(generated=false, data=null), RELIEVING_LETTER=DocumentResponseDTO(generated=false, data=null), SALARY_SLIP=DocumentResponseDTO(generated=false, data=null), COMPLETION_LETTER=DocumentResponseDTO(generated=false, data=null), OFFER_LETTER=DocumentResponseDTO(generated=false, data=null)})
2026-07-21 11:42:37 [http-nio-8080-exec-9] INFO  c.e.D.controller.UserController - Fetched 8 users on page 0 of 3
2026-07-21 11:42:43 [http-nio-8080-exec-6] INFO  c.e.Docgen_Backend.config.JwtFilter - JWT validated successfully for userId=6a311365ec2c34f3d9e4f06e
2026-07-21 11:42:43 [http-nio-8080-exec-6] INFO  c.e.D.controller.UserController - GET /api/v2/users/27 - Fetch request received
2026-07-21 11:42:43 [http-nio-8080-exec-6] INFO  c.e.D.service.impl.UserServiceImpl - Fetching user profile for edit | userId=27
2026-07-21 11:42:44 [http-nio-8080-exec-6] DEBUG c.e.D.service.impl.UserServiceImpl - User found | userId=27 | employeeId=SMDS002
2026-07-21 11:42:44 [http-nio-8080-exec-6] INFO  c.e.D.service.impl.UserServiceImpl - User profile fetched successfully | userId=27 | timeTaken=258ms
2026-07-21 11:42:44 [http-nio-8080-exec-6] INFO  c.e.D.controller.UserController - Profile fetched successfully for userId=27
2026-07-21 11:42:44 [http-nio-8080-exec-6] DEBUG c.e.D.controller.UserController - Fetched profile data: UserProfileResponseDTO(id=27, employeeName=Test User Two , employeeId=SMDS002, email=prathamesh2002bhavsar@gmail.com, mobileNo=8007454299, joiningDesignation=Software Developer, currentDesignation=Senior Software Developer, department=IT, company=SMDS, identity=MR, pfType=WITH_PF, accountNo=41363768430, bankName=Bank of india, currentAddress=N-42,VD-1/3/1,Sawta Nager,Cidco,Trimurti Chowk, permanentAddress=Ameerpet, joiningCTC=600000.0, currentCTC=850004.0, dateOfBirth=2026-07-21, offerDate=2026-07-21, joiningDate=2026-07-21, panNo=DTBPG9845J, documents={APPOINTMENT_LETTER=DocumentResponseDTO(generated=false, data=null), INTERNSHIP_LETTER=DocumentResponseDTO(generated=false, data=null), EXPERIENCE_LETTER=DocumentResponseDTO(generated=false, data=null), FULL_AND_FINAL=DocumentResponseDTO(generated=false, data=null), CONFIRMATION_LETTER=DocumentResponseDTO(generated=false, data=null), INCREMENT_LETTER=DocumentResponseDTO(generated=false, data=null), RELIEVING_LETTER=DocumentResponseDTO(generated=false, data=null), SALARY_SLIP=DocumentResponseDTO(generated=false, data=null), COMPLETION_LETTER=DocumentResponseDTO(generated=false, data=null), OFFER_LETTER=DocumentResponseDTO(generated=false, data=null)})
2026-07-21 11:42:44 [http-nio-8080-exec-4] INFO  c.e.Docgen_Backend.config.JwtFilter - JWT validated successfully for userId=6a311365ec2c34f3d9e4f06e
2026-07-21 11:42:44 [http-nio-8080-exec-4] INFO  c.e.D.controller.UserController - GET /api/v2/users/27 - Fetch request received
2026-07-21 11:42:44 [http-nio-8080-exec-4] INFO  c.e.D.service.impl.UserServiceImpl - Fetching user profile for edit | userId=27
2026-07-21 11:42:44 [http-nio-8080-exec-4] DEBUG c.e.D.service.impl.UserServiceImpl - User found | userId=27 | employeeId=SMDS002
2026-07-21 11:42:44 [http-nio-8080-exec-4] INFO  c.e.D.service.impl.UserServiceImpl - User profile fetched successfully | userId=27 | timeTaken=218ms
2026-07-21 11:42:44 [http-nio-8080-exec-4] INFO  c.e.D.controller.UserController - Profile fetched successfully for userId=27
2026-07-21 11:42:44 [http-nio-8080-exec-4] DEBUG c.e.D.controller.UserController - Fetched profile data: UserProfileResponseDTO(id=27, employeeName=Test User Two , employeeId=SMDS002, email=prathamesh2002bhavsar@gmail.com, mobileNo=8007454299, joiningDesignation=Software Developer, currentDesignation=Senior Software Developer, department=IT, company=SMDS, identity=MR, pfType=WITH_PF, accountNo=41363768430, bankName=Bank of india, currentAddress=N-42,VD-1/3/1,Sawta Nager,Cidco,Trimurti Chowk, permanentAddress=Ameerpet, joiningCTC=600000.0, currentCTC=850004.0, dateOfBirth=2026-07-21, offerDate=2026-07-21, joiningDate=2026-07-21, panNo=DTBPG9845J, documents={APPOINTMENT_LETTER=DocumentResponseDTO(generated=false, data=null), INTERNSHIP_LETTER=DocumentResponseDTO(generated=false, data=null), EXPERIENCE_LETTER=DocumentResponseDTO(generated=false, data=null), FULL_AND_FINAL=DocumentResponseDTO(generated=false, data=null), CONFIRMATION_LETTER=DocumentResponseDTO(generated=false, data=null), INCREMENT_LETTER=DocumentResponseDTO(generated=false, data=null), RELIEVING_LETTER=DocumentResponseDTO(generated=false, data=null), SALARY_SLIP=DocumentResponseDTO(generated=false, data=null), COMPLETION_LETTER=DocumentResponseDTO(generated=false, data=null), OFFER_LETTER=DocumentResponseDTO(generated=false, data=null)})
2026-07-21 11:42:50 [http-nio-8080-exec-3] INFO  c.e.Docgen_Backend.config.JwtFilter - JWT validated successfully for userId=6a311365ec2c34f3d9e4f06e
2026-07-21 11:42:50 [http-nio-8080-exec-3] INFO  c.e.D.controller.UserController - GET /api/v2/users/27 - Fetch request received
2026-07-21 11:42:50 [http-nio-8080-exec-3] INFO  c.e.D.service.impl.UserServiceImpl - Fetching user profile for edit | userId=27
2026-07-21 11:42:56 [http-nio-8080-exec-3] DEBUG c.e.D.service.impl.UserServiceImpl - User found | userId=27 | employeeId=SMDS002
2026-07-21 11:42:56 [http-nio-8080-exec-3] INFO  c.e.D.service.impl.UserServiceImpl - User profile fetched successfully | userId=27 | timeTaken=5470ms
2026-07-21 11:42:56 [http-nio-8080-exec-3] INFO  c.e.D.controller.UserController - Profile fetched successfully for userId=27
2026-07-21 11:42:56 [http-nio-8080-exec-3] DEBUG c.e.D.controller.UserController - Fetched profile data: UserProfileResponseDTO(id=27, employeeName=Test User Two , employeeId=SMDS002, email=prathamesh2002bhavsar@gmail.com, mobileNo=8007454299, joiningDesignation=Software Developer, currentDesignation=Senior Software Developer, department=IT, company=SMDS, identity=MR, pfType=WITH_PF, accountNo=41363768430, bankName=Bank of india, currentAddress=N-42,VD-1/3/1,Sawta Nager,Cidco,Trimurti Chowk, permanentAddress=Ameerpet, joiningCTC=600000.0, currentCTC=850004.0, dateOfBirth=2026-07-21, offerDate=2026-07-21, joiningDate=2026-07-21, panNo=DTBPG9845J, documents={APPOINTMENT_LETTER=DocumentResponseDTO(generated=false, data=null), INTERNSHIP_LETTER=DocumentResponseDTO(generated=false, data=null), EXPERIENCE_LETTER=DocumentResponseDTO(generated=false, data=null), FULL_AND_FINAL=DocumentResponseDTO(generated=false, data=null), CONFIRMATION_LETTER=DocumentResponseDTO(generated=false, data=null), INCREMENT_LETTER=DocumentResponseDTO(generated=false, data=null), RELIEVING_LETTER=DocumentResponseDTO(generated=false, data=null), SALARY_SLIP=DocumentResponseDTO(generated=false, data=null), COMPLETION_LETTER=DocumentResponseDTO(generated=false, data=null), OFFER_LETTER=DocumentResponseDTO(generated=false, data=null)})
2026-07-21 11:42:56 [http-nio-8080-exec-1] INFO  c.e.Docgen_Backend.config.JwtFilter - JWT validated successfully for userId=6a311365ec2c34f3d9e4f06e
2026-07-21 11:42:56 [http-nio-8080-exec-1] INFO  c.e.D.controller.UserController - GET /api/v2/users/27 - Fetch request received
2026-07-21 11:42:56 [http-nio-8080-exec-1] INFO  c.e.D.service.impl.UserServiceImpl - Fetching user profile for edit | userId=27
2026-07-21 11:42:57 [http-nio-8080-exec-1] DEBUG c.e.D.service.impl.UserServiceImpl - User found | userId=27 | employeeId=SMDS002
2026-07-21 11:42:57 [http-nio-8080-exec-1] INFO  c.e.D.service.impl.UserServiceImpl - User profile fetched successfully | userId=27 | timeTaken=1074ms
2026-07-21 11:42:57 [http-nio-8080-exec-1] INFO  c.e.D.controller.UserController - Profile fetched successfully for userId=27
2026-07-21 11:42:57 [http-nio-8080-exec-1] DEBUG c.e.D.controller.UserController - Fetched profile data: UserProfileResponseDTO(id=27, employeeName=Test User Two , employeeId=SMDS002, email=prathamesh2002bhavsar@gmail.com, mobileNo=8007454299, joiningDesignation=Software Developer, currentDesignation=Senior Software Developer, department=IT, company=SMDS, identity=MR, pfType=WITH_PF, accountNo=41363768430, bankName=Bank of india, currentAddress=N-42,VD-1/3/1,Sawta Nager,Cidco,Trimurti Chowk, permanentAddress=Ameerpet, joiningCTC=600000.0, currentCTC=850004.0, dateOfBirth=2026-07-21, offerDate=2026-07-21, joiningDate=2026-07-21, panNo=DTBPG9845J, documents={APPOINTMENT_LETTER=DocumentResponseDTO(generated=false, data=null), INTERNSHIP_LETTER=DocumentResponseDTO(generated=false, data=null), EXPERIENCE_LETTER=DocumentResponseDTO(generated=false, data=null), FULL_AND_FINAL=DocumentResponseDTO(generated=false, data=null), CONFIRMATION_LETTER=DocumentResponseDTO(generated=false, data=null), INCREMENT_LETTER=DocumentResponseDTO(generated=false, data=null), RELIEVING_LETTER=DocumentResponseDTO(generated=false, data=null), SALARY_SLIP=DocumentResponseDTO(generated=false, data=null), COMPLETION_LETTER=DocumentResponseDTO(generated=false, data=null), OFFER_LETTER=DocumentResponseDTO(generated=false, data=null)})
2026-07-21 11:43:47 [http-nio-8080-exec-2] INFO  c.e.Docgen_Backend.config.JwtFilter - JWT validated successfully for userId=6a311365ec2c34f3d9e4f06e
2026-07-21 11:43:47 [http-nio-8080-exec-2] INFO  c.e.D.controller.UserController - PATCH /api/v2/users/27 - Update request received for employeeId=SMDS002
2026-07-21 11:43:47 [http-nio-8080-exec-2] DEBUG c.e.D.controller.UserController - Update payload: CreateProfileRequest(employeeName=Test User Two , email=prathamesh2002bhavsar@gmail.com, mobileNo=8007454299, employeeId=SMDS002, joiningDesignation=Software Developer, currentDesignation=Senior Software Developer, department=IT, currentAddress=N-42,VD-1/3/1,Sawta Nager,Cidco,Trimurti Chowk, permanentAddress=Ameerpet, accountNo=41363768430, bankName=Bank of india, joiningCTC=600000.0, currentCTC=850004.0, dateOfBirth=2026-07-21, offerDate=2026-07-21, joiningDate=2026-07-21, panNo=DTBPG9845J, company=SMDS, pfType=WITH_PF, identity=MR, documents=[SALARY_SLIP, OFFER_LETTER], documentData={OFFER_LETTER={issueDate=2026-07-01, probationPeriod=3}, SALARY_SLIP={startMonth=2026-01, endMonth=2026-06, salaryWorkdays={2026-01=31, 2026-02=28, 2026-03=31, 2026-04=30, 2026-05=31, 2026-06=30}}})
2026-07-21 11:43:47 [http-nio-8080-exec-2] INFO  c.e.D.service.impl.UserServiceImpl - Updating user profile | userId=27 | employeeId=SMDS002
2026-07-21 11:43:47 [http-nio-8080-exec-2] WARN  com.zaxxer.hikari.pool.PoolBase - HikariPool-1 - Failed to validate connection com.mysql.cj.jdbc.ConnectionImpl@575d030b (No operations allowed after connection closed.). Possibly consider using a shorter maxLifetime value.
2026-07-21 11:43:47 [http-nio-8080-exec-2] WARN  com.zaxxer.hikari.pool.PoolBase - HikariPool-1 - Failed to validate connection com.mysql.cj.jdbc.ConnectionImpl@5761aa03 (No operations allowed after connection closed.). Possibly consider using a shorter maxLifetime value.
2026-07-21 11:43:47 [http-nio-8080-exec-2] WARN  com.zaxxer.hikari.pool.PoolBase - HikariPool-1 - Failed to validate connection com.mysql.cj.jdbc.ConnectionImpl@29431dbf (No operations allowed after connection closed.). Possibly consider using a shorter maxLifetime value.
2026-07-21 11:43:47 [http-nio-8080-exec-2] WARN  com.zaxxer.hikari.pool.PoolBase - HikariPool-1 - Failed to validate connection com.mysql.cj.jdbc.ConnectionImpl@163916c7 (No operations allowed after connection closed.). Possibly consider using a shorter maxLifetime value.
2026-07-21 11:43:47 [http-nio-8080-exec-2] DEBUG c.e.D.service.impl.UserServiceImpl - Existing user fetched | userId=27 | oldEmployeeId=SMDS002
2026-07-21 11:43:47 [http-nio-8080-exec-2] DEBUG c.e.D.service.impl.UserServiceImpl - Updating documents | userId=27
2026-07-21 11:43:47 [http-nio-8080-exec-2] INFO  c.e.D.service.impl.UserServiceImpl - User profile updated successfully | userId=27 | timeTaken=421ms
2026-07-21 11:43:47 [http-nio-8080-exec-2] INFO  c.e.D.controller.UserController - Profile updated successfully for userId=27, employeeId=SMDS002
2026-07-21 11:45:24 [HikariPool-1:housekeeper] WARN  com.zaxxer.hikari.pool.PoolBase - HikariPool-1 - Failed to validate connection com.mysql.cj.jdbc.ConnectionImpl@2afbcaf4 (No operations allowed after connection closed.). Possibly consider using a shorter maxLifetime value.
2026-07-21 11:45:38 [HikariPool-1:housekeeper] WARN  com.zaxxer.hikari.pool.PoolBase - HikariPool-1 - Failed to validate connection com.mysql.cj.jdbc.ConnectionImpl@2ce7cc7c (No operations allowed after connection closed.). Possibly consider using a shorter maxLifetime value.
2026-07-21 11:45:39 [http-nio-8080-exec-7] INFO  c.e.Docgen_Backend.config.JwtFilter - JWT validated successfully for userId=6a311365ec2c34f3d9e4f06e
2026-07-21 11:45:39 [http-nio-8080-exec-7] INFO  c.e.D.controller.UserController - PATCH /api/v2/users/27 - Update request received for employeeId=SMDS002
2026-07-21 11:45:39 [http-nio-8080-exec-7] DEBUG c.e.D.controller.UserController - Update payload: CreateProfileRequest(employeeName=Test User Two , email=prathamesh2002bhavsar@gmail.com, mobileNo=8007454299, employeeId=SMDS002, joiningDesignation=Software Developer, currentDesignation=Senior Software Developer, department=IT, currentAddress=N-42,VD-1/3/1,Sawta Nager,Cidco,Trimurti Chowk, permanentAddress=Ameerpet, accountNo=41363768430, bankName=Bank of india, joiningCTC=600000.0, currentCTC=850004.0, dateOfBirth=2026-07-21, offerDate=2026-07-21, joiningDate=2026-07-21, panNo=DTBPG9845J, company=DSS, pfType=WITH_PF, identity=MR, documents=[SALARY_SLIP, OFFER_LETTER], documentData={OFFER_LETTER={issueDate=2026-07-01, probationPeriod=3}, SALARY_SLIP={startMonth=2026-01, endMonth=2026-06, salaryWorkdays={2026-01=31, 2026-02=28, 2026-03=31, 2026-04=30, 2026-05=31, 2026-06=30}}})
2026-07-21 11:45:39 [http-nio-8080-exec-7] INFO  c.e.D.service.impl.UserServiceImpl - Updating user profile | userId=27 | employeeId=SMDS002
2026-07-21 11:45:39 [http-nio-8080-exec-7] WARN  com.zaxxer.hikari.pool.PoolBase - HikariPool-1 - Failed to validate connection com.mysql.cj.jdbc.ConnectionImpl@6578648d (No operations allowed after connection closed.). Possibly consider using a shorter maxLifetime value.
2026-07-21 11:45:40 [http-nio-8080-exec-7] DEBUG c.e.D.service.impl.UserServiceImpl - Existing user fetched | userId=27 | oldEmployeeId=SMDS002
2026-07-21 11:45:40 [http-nio-8080-exec-7] DEBUG c.e.D.service.impl.UserServiceImpl - Updating documents | userId=27
2026-07-21 11:45:40 [http-nio-8080-exec-7] INFO  c.e.D.service.impl.UserServiceImpl - User profile updated successfully | userId=27 | timeTaken=369ms
2026-07-21 11:45:40 [http-nio-8080-exec-7] INFO  c.e.D.controller.UserController - Profile updated successfully for userId=27, employeeId=SMDS002
2026-07-21 11:46:32 [http-nio-8080-exec-1] INFO  c.e.Docgen_Backend.config.JwtFilter - JWT validated successfully for userId=6a311365ec2c34f3d9e4f06e
2026-07-21 11:46:32 [http-nio-8080-exec-1] INFO  c.e.D.controller.UserController - GET /api/v2/users - Fetch all users request received | page=0, size=8, sortBy=id, direction=desc
2026-07-21 11:46:32 [http-nio-8080-exec-1] WARN  com.zaxxer.hikari.pool.PoolBase - HikariPool-1 - Failed to validate connection com.mysql.cj.jdbc.ConnectionImpl@4ff6079c (No operations allowed after connection closed.). Possibly consider using a shorter maxLifetime value.
2026-07-21 11:46:32 [http-nio-8080-exec-1] WARN  com.zaxxer.hikari.pool.PoolBase - HikariPool-1 - Failed to validate connection com.mysql.cj.jdbc.ConnectionImpl@4ac245bb (No operations allowed after connection closed.). Possibly consider using a shorter maxLifetime value.
2026-07-21 11:46:32 [http-nio-8080-exec-1] WARN  com.zaxxer.hikari.pool.PoolBase - HikariPool-1 - Failed to validate connection com.mysql.cj.jdbc.ConnectionImpl@3fb7a912 (No operations allowed after connection closed.). Possibly consider using a shorter maxLifetime value.
2026-07-21 11:46:35 [http-nio-8080-exec-1] INFO  c.e.D.controller.UserController - Fetched 8 users on page 0 of 3
2026-07-21 11:46:35 [http-nio-8080-exec-8] INFO  c.e.Docgen_Backend.config.JwtFilter - JWT validated successfully for userId=6a311365ec2c34f3d9e4f06e
2026-07-21 11:46:35 [http-nio-8080-exec-8] INFO  c.e.D.controller.UserController - GET /api/v2/users - Fetch all users request received | page=0, size=8, sortBy=id, direction=desc
2026-07-21 11:46:41 [http-nio-8080-exec-5] INFO  c.e.Docgen_Backend.config.JwtFilter - JWT validated successfully for userId=6a311365ec2c34f3d9e4f06e
2026-07-21 11:46:41 [http-nio-8080-exec-5] INFO  c.e.D.controller.UserController - GET /api/v2/users/27 - Fetch request received
2026-07-21 11:46:41 [http-nio-8080-exec-5] INFO  c.e.D.service.impl.UserServiceImpl - Fetching user profile for edit | userId=27
2026-07-21 11:46:42 [http-nio-8080-exec-5] DEBUG c.e.D.service.impl.UserServiceImpl - User found | userId=27 | employeeId=SMDS002
2026-07-21 11:46:42 [http-nio-8080-exec-5] INFO  c.e.D.service.impl.UserServiceImpl - User profile fetched successfully | userId=27 | timeTaken=879ms
2026-07-21 11:46:42 [http-nio-8080-exec-5] INFO  c.e.D.controller.UserController - Profile fetched successfully for userId=27
2026-07-21 11:46:42 [http-nio-8080-exec-5] DEBUG c.e.D.controller.UserController - Fetched profile data: UserProfileResponseDTO(id=27, employeeName=Test User Two , employeeId=SMDS002, email=prathamesh2002bhavsar@gmail.com, mobileNo=8007454299, joiningDesignation=Software Developer, currentDesignation=Senior Software Developer, department=IT, company=DSS, identity=MR, pfType=WITH_PF, accountNo=41363768430, bankName=Bank of india, currentAddress=N-42,VD-1/3/1,Sawta Nager,Cidco,Trimurti Chowk, permanentAddress=Ameerpet, joiningCTC=600000.0, currentCTC=850004.0, dateOfBirth=2026-07-21, offerDate=2026-07-21, joiningDate=2026-07-21, panNo=DTBPG9845J, documents={APPOINTMENT_LETTER=DocumentResponseDTO(generated=false, data=null), INTERNSHIP_LETTER=DocumentResponseDTO(generated=false, data=null), EXPERIENCE_LETTER=DocumentResponseDTO(generated=false, data=null), FULL_AND_FINAL=DocumentResponseDTO(generated=false, data=null), CONFIRMATION_LETTER=DocumentResponseDTO(generated=false, data=null), INCREMENT_LETTER=DocumentResponseDTO(generated=false, data=null), RELIEVING_LETTER=DocumentResponseDTO(generated=false, data=null), SALARY_SLIP=DocumentResponseDTO(generated=true, data={startMonth=2026-01, endMonth=2026-06}), COMPLETION_LETTER=DocumentResponseDTO(generated=false, data=null), OFFER_LETTER=DocumentResponseDTO(generated=true, data={issueDate=2026-07-01, probationPeriod=3})})
2026-07-21 11:46:42 [http-nio-8080-exec-6] INFO  c.e.Docgen_Backend.config.JwtFilter - JWT validated successfully for userId=6a311365ec2c34f3d9e4f06e
2026-07-21 11:46:42 [http-nio-8080-exec-6] INFO  c.e.D.controller.UserController - GET /api/v2/users/27 - Fetch request received
2026-07-21 11:46:42 [http-nio-8080-exec-6] INFO  c.e.D.service.impl.UserServiceImpl - Fetching user profile for edit | userId=27
2026-07-21 11:46:42 [http-nio-8080-exec-8] INFO  c.e.D.controller.UserController - Fetched 8 users on page 0 of 3
2026-07-21 11:46:42 [http-nio-8080-exec-6] DEBUG c.e.D.service.impl.UserServiceImpl - User found | userId=27 | employeeId=SMDS002
2026-07-21 11:46:42 [http-nio-8080-exec-6] INFO  c.e.D.service.impl.UserServiceImpl - User profile fetched successfully | userId=27 | timeTaken=321ms
2026-07-21 11:46:42 [http-nio-8080-exec-6] INFO  c.e.D.controller.UserController - Profile fetched successfully for userId=27
2026-07-21 11:46:42 [http-nio-8080-exec-6] DEBUG c.e.D.controller.UserController - Fetched profile data: UserProfileResponseDTO(id=27, employeeName=Test User Two , employeeId=SMDS002, email=prathamesh2002bhavsar@gmail.com, mobileNo=8007454299, joiningDesignation=Software Developer, currentDesignation=Senior Software Developer, department=IT, company=DSS, identity=MR, pfType=WITH_PF, accountNo=41363768430, bankName=Bank of india, currentAddress=N-42,VD-1/3/1,Sawta Nager,Cidco,Trimurti Chowk, permanentAddress=Ameerpet, joiningCTC=600000.0, currentCTC=850004.0, dateOfBirth=2026-07-21, offerDate=2026-07-21, joiningDate=2026-07-21, panNo=DTBPG9845J, documents={APPOINTMENT_LETTER=DocumentResponseDTO(generated=false, data=null), INTERNSHIP_LETTER=DocumentResponseDTO(generated=false, data=null), EXPERIENCE_LETTER=DocumentResponseDTO(generated=false, data=null), FULL_AND_FINAL=DocumentResponseDTO(generated=false, data=null), CONFIRMATION_LETTER=DocumentResponseDTO(generated=false, data=null), INCREMENT_LETTER=DocumentResponseDTO(generated=false, data=null), RELIEVING_LETTER=DocumentResponseDTO(generated=false, data=null), SALARY_SLIP=DocumentResponseDTO(generated=true, data={startMonth=2026-01, endMonth=2026-06}), COMPLETION_LETTER=DocumentResponseDTO(generated=false, data=null), OFFER_LETTER=DocumentResponseDTO(generated=true, data={issueDate=2026-07-01, probationPeriod=3})})
2026-07-21 11:46:47 [http-nio-8080-exec-7] INFO  c.e.Docgen_Backend.config.JwtFilter - JWT validated successfully for userId=6a311365ec2c34f3d9e4f06e
2026-07-21 11:46:47 [http-nio-8080-exec-7] INFO  c.e.D.controller.UserController - PATCH /api/v2/users/27 - Update request received for employeeId=SMDS002
2026-07-21 11:46:47 [http-nio-8080-exec-7] DEBUG c.e.D.controller.UserController - Update payload: CreateProfileRequest(employeeName=Test User Two , email=prathamesh2002bhavsar@gmail.com, mobileNo=8007454299, employeeId=SMDS002, joiningDesignation=Software Developer, currentDesignation=Senior Software Developer, department=IT, currentAddress=N-42,VD-1/3/1,Sawta Nager,Cidco,Trimurti Chowk, permanentAddress=Ameerpet, accountNo=41363768430, bankName=Bank of india, joiningCTC=600000.0, currentCTC=850004.0, dateOfBirth=2026-07-21, offerDate=2026-07-21, joiningDate=2026-07-21, panNo=DTBPG9845J, company=SMDS, pfType=WITH_PF, identity=MR, documents=[SALARY_SLIP, OFFER_LETTER], documentData={OFFER_LETTER={issueDate=2026-07-01, probationPeriod=3}, SALARY_SLIP={startMonth=2026-01, endMonth=2026-06, salaryWorkdays={2026-01=31, 2026-02=28, 2026-03=31, 2026-04=30, 2026-05=31, 2026-06=30}}})
2026-07-21 11:46:47 [http-nio-8080-exec-7] INFO  c.e.D.service.impl.UserServiceImpl - Updating user profile | userId=27 | employeeId=SMDS002
2026-07-21 11:46:47 [http-nio-8080-exec-7] DEBUG c.e.D.service.impl.UserServiceImpl - Existing user fetched | userId=27 | oldEmployeeId=SMDS002
2026-07-21 11:46:47 [http-nio-8080-exec-7] DEBUG c.e.D.service.impl.UserServiceImpl - Updating documents | userId=27
2026-07-21 11:46:48 [http-nio-8080-exec-7] INFO  c.e.D.service.impl.UserServiceImpl - User profile updated successfully | userId=27 | timeTaken=404ms
2026-07-21 11:46:48 [http-nio-8080-exec-7] INFO  c.e.D.controller.UserController - Profile updated successfully for userId=27, employeeId=SMDS002
2026-07-21 11:46:59 [http-nio-8080-exec-1] INFO  c.e.Docgen_Backend.config.JwtFilter - JWT validated successfully for userId=6a311365ec2c34f3d9e4f06e
2026-07-21 11:46:59 [http-nio-8080-exec-1] INFO  c.e.D.controller.UserController - GET /api/v2/users - Fetch all users request received | page=0, size=8, sortBy=id, direction=desc
2026-07-21 11:47:02 [http-nio-8080-exec-1] INFO  c.e.D.controller.UserController - Fetched 8 users on page 0 of 3
2026-07-21 11:47:02 [http-nio-8080-exec-9] INFO  c.e.Docgen_Backend.config.JwtFilter - JWT validated successfully for userId=6a311365ec2c34f3d9e4f06e
2026-07-21 11:47:02 [http-nio-8080-exec-9] INFO  c.e.D.controller.UserController - GET /api/v2/users - Fetch all users request received | page=0, size=8, sortBy=id, direction=desc
2026-07-21 11:47:05 [http-nio-8080-exec-9] INFO  c.e.D.controller.UserController - Fetched 8 users on page 0 of 3
2026-07-21 11:48:22 [HikariPool-1:housekeeper] WARN  com.zaxxer.hikari.pool.PoolBase - HikariPool-1 - Failed to validate connection com.mysql.cj.jdbc.ConnectionImpl@2d6b2018 (No operations allowed after connection closed.). Possibly consider using a shorter maxLifetime value.
2026-07-21 11:48:26 [HikariPool-1:housekeeper] WARN  com.zaxxer.hikari.pool.PoolBase - HikariPool-1 - Failed to validate connection com.mysql.cj.jdbc.ConnectionImpl@543de63b (No operations allowed after connection closed.). Possibly consider using a shorter maxLifetime value.
2026-07-21 11:48:30 [HikariPool-1:housekeeper] WARN  com.zaxxer.hikari.pool.PoolBase - HikariPool-1 - Failed to validate connection com.mysql.cj.jdbc.ConnectionImpl@1225cf71 (No operations allowed after connection closed.). Possibly consider using a shorter maxLifetime value.
2026-07-21 11:50:22 [HikariPool-1:housekeeper] WARN  com.zaxxer.hikari.pool.PoolBase - HikariPool-1 - Failed to validate connection com.mysql.cj.jdbc.ConnectionImpl@66ba46cd (No operations allowed after connection closed.). Possibly consider using a shorter maxLifetime value.
2026-07-21 11:50:24 [HikariPool-1:housekeeper] WARN  com.zaxxer.hikari.pool.PoolBase - HikariPool-1 - Failed to validate connection com.mysql.cj.jdbc.ConnectionImpl@410fdfc0 (No operations allowed after connection closed.). Possibly consider using a shorter maxLifetime value.
2026-07-21 11:52:03 [HikariPool-1:housekeeper] WARN  com.zaxxer.hikari.pool.PoolBase - HikariPool-1 - Failed to validate connection com.mysql.cj.jdbc.ConnectionImpl@7d6dded7 (No operations allowed after connection closed.). Possibly consider using a shorter maxLifetime value.
2026-07-21 11:52:10 [HikariPool-1:housekeeper] WARN  com.zaxxer.hikari.pool.PoolBase - HikariPool-1 - Failed to validate connection com.mysql.cj.jdbc.ConnectionImpl@74c4a443 (No operations allowed after connection closed.). Possibly consider using a shorter maxLifetime value.
2026-07-21 11:53:25 [http-nio-8080-exec-4] INFO  c.e.Docgen_Backend.config.JwtFilter - JWT validated successfully for userId=6a311365ec2c34f3d9e4f06e
2026-07-21 11:53:25 [http-nio-8080-exec-4] INFO  c.e.D.controller.UserController - POST /api/v2/users/create-profile - Request received for employeeId=null
2026-07-21 11:53:25 [http-nio-8080-exec-4] DEBUG c.e.D.controller.UserController - Full request payload: CreateProfileRequest(employeeName=Test UserThree, email=prathamesh69bhavsar@gmail.com, mobileNo=8007454299, employeeId=null, joiningDesignation=Data Analyst, currentDesignation=Data Analyst, department=IT, currentAddress=N-42,VD-1/3/1,Sawta Nager,Cidco,Trimurti Chowk, permanentAddress=Pune, Maharashtra, accountNo=5746446273, bankName=Bank of India, joiningCTC=360000.0, currentCTC=700000.0, dateOfBirth=2026-07-21, offerDate=2026-07-21, joiningDate=2026-07-21, panNo=GFZPS5853Q, company=NSS, pfType=WITH_PF, identity=MR, documents=[OFFER_LETTER], documentData={OFFER_LETTER={issueDate=2002-12-12, probationPeriod=3}})
2026-07-21 11:53:25 [http-nio-8080-exec-4] WARN  com.zaxxer.hikari.pool.PoolBase - HikariPool-1 - Failed to validate connection com.mysql.cj.jdbc.ConnectionImpl@57e0a887 (No operations allowed after connection closed.). Possibly consider using a shorter maxLifetime value.
2026-07-21 11:53:25 [http-nio-8080-exec-4] WARN  com.zaxxer.hikari.pool.PoolBase - HikariPool-1 - Failed to validate connection com.mysql.cj.jdbc.ConnectionImpl@315f9cae (No operations allowed after connection closed.). Possibly consider using a shorter maxLifetime value.
2026-07-21 11:53:26 [http-nio-8080-exec-4] ERROR c.e.D.service.impl.UserServiceImpl - Error while creating profile | error=Email already exists
java.lang.IllegalArgumentException: Email already exists
	at com.example.Docgen_Backend.service.impl.UserServiceImpl.validateRequest(UserServiceImpl.java:104)
	at com.example.Docgen_Backend.service.impl.UserServiceImpl.createProfile(UserServiceImpl.java:37)
	at java.base/jdk.internal.reflect.DirectMethodHandleAccessor.invoke(DirectMethodHandleAccessor.java:103)
	at java.base/java.lang.reflect.Method.invoke(Method.java:580)
	at org.springframework.aop.support.AopUtils.invokeJoinpointUsingReflection(AopUtils.java:359)
	at org.springframework.aop.framework.ReflectiveMethodInvocation.invokeJoinpoint(ReflectiveMethodInvocation.java:190)
	at org.springframework.aop.framework.ReflectiveMethodInvocation.proceed(ReflectiveMethodInvocation.java:158)
	at org.springframework.transaction.interceptor.TransactionInterceptor$1.proceedWithInvocation(TransactionInterceptor.java:133)
	at org.springframework.transaction.interceptor.TransactionAspectSupport.invokeWithinTransaction(TransactionAspectSupport.java:371)
	at org.springframework.transaction.interceptor.TransactionInterceptor.invoke(TransactionInterceptor.java:130)
	at org.springframework.aop.framework.ReflectiveMethodInvocation.proceed(ReflectiveMethodInvocation.java:179)
	at org.springframework.aop.framework.CglibAopProxy$DynamicAdvisedInterceptor.intercept(CglibAopProxy.java:719)
	at com.example.Docgen_Backend.service.impl.UserServiceImpl$$SpringCGLIB$$0.createProfile(<generated>)
	at com.example.Docgen_Backend.controller.UserController.createProfile(UserController.java:35)
	at java.base/jdk.internal.reflect.DirectMethodHandleAccessor.invoke(DirectMethodHandleAccessor.java:103)
	at java.base/java.lang.reflect.Method.invoke(Method.java:580)
	at org.springframework.web.method.support.InvocableHandlerMethod.doInvoke(InvocableHandlerMethod.java:252)
	at org.springframework.web.method.support.InvocableHandlerMethod.invokeForRequest(InvocableHandlerMethod.java:184)
	at org.springframework.web.servlet.mvc.method.annotation.ServletInvocableHandlerMethod.invokeAndHandle(ServletInvocableHandlerMethod.java:117)
	at org.springframework.web.servlet.mvc.method.annotation.RequestMappingHandlerAdapter.invokeHandlerMethod(RequestMappingHandlerAdapter.java:934)
	at org.springframework.web.servlet.mvc.method.annotation.RequestMappingHandlerAdapter.handleInternal(RequestMappingHandlerAdapter.java:853)
	at org.springframework.web.servlet.mvc.method.AbstractHandlerMethodAdapter.handle(AbstractHandlerMethodAdapter.java:86)
	at org.springframework.web.servlet.DispatcherServlet.doDispatch(DispatcherServlet.java:963)
	at org.springframework.web.servlet.DispatcherServlet.doService(DispatcherServlet.java:866)
	at org.springframework.web.servlet.FrameworkServlet.processRequest(FrameworkServlet.java:1000)
	at org.springframework.web.servlet.FrameworkServlet.doPost(FrameworkServlet.java:903)
	at jakarta.servlet.http.HttpServlet.service(HttpServlet.java:649)
	at org.springframework.web.servlet.FrameworkServlet.service(FrameworkServlet.java:874)
	at jakarta.servlet.http.HttpServlet.service(HttpServlet.java:710)
	at org.apache.catalina.core.ApplicationFilterChain.doFilter(ApplicationFilterChain.java:128)
	at org.apache.tomcat.websocket.server.WsFilter.doFilter(WsFilter.java:53)
	at org.apache.catalina.core.ApplicationFilterChain.doFilter(ApplicationFilterChain.java:107)
	at org.springframework.web.filter.OncePerRequestFilter.doFilter(OncePerRequestFilter.java:110)
	at org.apache.catalina.core.ApplicationFilterChain.doFilter(ApplicationFilterChain.java:107)
	at org.springframework.web.filter.CompositeFilter$VirtualFilterChain.doFilter(CompositeFilter.java:108)
	at org.springframework.security.web.FilterChainProxy.lambda$doFilterInternal$3(FilterChainProxy.java:235)
	at org.springframework.security.web.FilterChainProxy$VirtualFilterChain.doFilter(FilterChainProxy.java:376)
	at org.springframework.security.web.access.intercept.AuthorizationFilter.doFilter(AuthorizationFilter.java:101)
	at org.springframework.security.web.FilterChainProxy$VirtualFilterChain.doFilter(FilterChainProxy.java:385)
	at org.springframework.security.web.access.ExceptionTranslationFilter.doFilter(ExceptionTranslationFilter.java:126)
	at org.springframework.security.web.access.ExceptionTranslationFilter.doFilter(ExceptionTranslationFilter.java:120)
	at org.springframework.security.web.FilterChainProxy$VirtualFilterChain.doFilter(FilterChainProxy.java:385)
	at org.springframework.security.web.session.SessionManagementFilter.doFilter(SessionManagementFilter.java:132)
	at org.springframework.security.web.session.SessionManagementFilter.doFilter(SessionManagementFilter.java:86)
	at org.springframework.security.web.FilterChainProxy$VirtualFilterChain.doFilter(FilterChainProxy.java:385)
	at org.springframework.security.web.authentication.AnonymousAuthenticationFilter.doFilter(AnonymousAuthenticationFilter.java:100)
	at org.springframework.security.web.FilterChainProxy$VirtualFilterChain.doFilter(FilterChainProxy.java:385)
	at org.springframework.security.web.servletapi.SecurityContextHolderAwareRequestFilter.doFilter(SecurityContextHolderAwareRequestFilter.java:181)
	at org.springframework.security.web.FilterChainProxy$VirtualFilterChain.doFilter(FilterChainProxy.java:385)
	at org.springframework.security.web.savedrequest.RequestCacheAwareFilter.doFilter(RequestCacheAwareFilter.java:63)
	at org.springframework.security.web.FilterChainProxy$VirtualFilterChain.doFilter(FilterChainProxy.java:385)
	at com.example.Docgen_Backend.config.JwtFilter.doFilterInternal(JwtFilter.java:111)
	at org.springframework.web.filter.OncePerRequestFilter.doFilter(OncePerRequestFilter.java:116)
	at org.springframework.security.web.FilterChainProxy$VirtualFilterChain.doFilter(FilterChainProxy.java:385)
	at org.springframework.security.web.authentication.logout.LogoutFilter.doFilter(LogoutFilter.java:110)
	at org.springframework.security.web.authentication.logout.LogoutFilter.doFilter(LogoutFilter.java:96)
	at org.springframework.security.web.FilterChainProxy$VirtualFilterChain.doFilter(FilterChainProxy.java:385)
	at org.springframework.web.filter.CorsFilter.doFilterInternal(CorsFilter.java:91)
	at org.springframework.web.filter.OncePerRequestFilter.doFilter(OncePerRequestFilter.java:116)
	at org.springframework.security.web.FilterChainProxy$VirtualFilterChain.doFilter(FilterChainProxy.java:385)
	at org.springframework.security.web.header.HeaderWriterFilter.doHeadersAfter(HeaderWriterFilter.java:90)
	at org.springframework.security.web.header.HeaderWriterFilter.doFilterInternal(HeaderWriterFilter.java:75)
	at org.springframework.web.filter.OncePerRequestFilter.doFilter(OncePerRequestFilter.java:116)
	at org.springframework.security.web.FilterChainProxy$VirtualFilterChain.doFilter(FilterChainProxy.java:385)
	at org.springframework.security.web.context.SecurityContextHolderFilter.doFilter(SecurityContextHolderFilter.java:82)
	at org.springframework.security.web.context.SecurityContextHolderFilter.doFilter(SecurityContextHolderFilter.java:69)
	at org.springframework.security.web.FilterChainProxy$VirtualFilterChain.doFilter(FilterChainProxy.java:385)
	at org.springframework.security.web.context.request.async.WebAsyncManagerIntegrationFilter.doFilterInternal(WebAsyncManagerIntegrationFilter.java:62)
	at org.springframework.web.filter.OncePerRequestFilter.doFilter(OncePerRequestFilter.java:116)
	at org.springframework.security.web.FilterChainProxy$VirtualFilterChain.doFilter(FilterChainProxy.java:385)
	at org.springframework.security.web.session.DisableEncodeUrlFilter.doFilterInternal(DisableEncodeUrlFilter.java:42)
	at org.springframework.web.filter.OncePerRequestFilter.doFilter(OncePerRequestFilter.java:116)
	at org.springframework.security.web.FilterChainProxy$VirtualFilterChain.doFilter(FilterChainProxy.java:385)
	at org.springframework.security.web.FilterChainProxy.doFilterInternal(FilterChainProxy.java:237)
	at org.springframework.security.web.FilterChainProxy.doFilter(FilterChainProxy.java:195)
	at org.springframework.web.filter.CompositeFilter$VirtualFilterChain.doFilter(CompositeFilter.java:113)
	at org.springframework.web.filter.ServletRequestPathFilter.doFilter(ServletRequestPathFilter.java:52)
	at org.springframework.web.filter.CompositeFilter$VirtualFilterChain.doFilter(CompositeFilter.java:113)
	at org.springframework.web.filter.CompositeFilter.doFilter(CompositeFilter.java:74)
	at org.springframework.security.config.annotation.web.configuration.WebSecurityConfiguration$CompositeFilterChainProxy.doFilter(WebSecurityConfiguration.java:317)
	at org.springframework.web.filter.DelegatingFilterProxy.invokeDelegate(DelegatingFilterProxy.java:355)
	at org.springframework.web.filter.DelegatingFilterProxy.doFilter(DelegatingFilterProxy.java:272)
	at org.apache.catalina.core.ApplicationFilterChain.doFilter(ApplicationFilterChain.java:107)
	at org.springframework.web.filter.RequestContextFilter.doFilterInternal(RequestContextFilter.java:100)
	at org.springframework.web.filter.OncePerRequestFilter.doFilter(OncePerRequestFilter.java:116)
	at org.apache.catalina.core.ApplicationFilterChain.doFilter(ApplicationFilterChain.java:107)
	at org.springframework.web.filter.FormContentFilter.doFilterInternal(FormContentFilter.java:93)
	at org.springframework.web.filter.OncePerRequestFilter.doFilter(OncePerRequestFilter.java:116)
	at org.apache.catalina.core.ApplicationFilterChain.doFilter(ApplicationFilterChain.java:107)
	at org.springframework.web.filter.CharacterEncodingFilter.doFilterInternal(CharacterEncodingFilter.java:199)
	at org.springframework.web.filter.OncePerRequestFilter.doFilter(OncePerRequestFilter.java:116)
	at org.apache.catalina.core.ApplicationFilterChain.doFilter(ApplicationFilterChain.java:107)
	at org.apache.catalina.core.StandardWrapperValve.invoke(StandardWrapperValve.java:165)
	at org.apache.catalina.core.StandardContextValve.invoke(StandardContextValve.java:77)
	at org.apache.catalina.authenticator.AuthenticatorBase.invoke(AuthenticatorBase.java:492)
	at org.apache.catalina.core.StandardHostValve.invoke(StandardHostValve.java:113)
	at org.apache.catalina.valves.ErrorReportValve.invoke(ErrorReportValve.java:83)
	at org.apache.catalina.core.StandardEngineValve.invoke(StandardEngineValve.java:72)
	at org.apache.catalina.connector.CoyoteAdapter.service(CoyoteAdapter.java:341)
	at org.apache.coyote.http11.Http11Processor.service(Http11Processor.java:397)
	at org.apache.coyote.AbstractProcessorLight.process(AbstractProcessorLight.java:63)
	at org.apache.coyote.AbstractProtocol$ConnectionHandler.process(AbstractProtocol.java:903)
	at org.apache.tomcat.util.net.NioEndpoint$SocketProcessor.doRun(NioEndpoint.java:1801)
	at org.apache.tomcat.util.net.SocketProcessorBase.run(SocketProcessorBase.java:52)
	at org.apache.tomcat.util.threads.ThreadPoolExecutor.runWorker(ThreadPoolExecutor.java:946)
	at org.apache.tomcat.util.threads.ThreadPoolExecutor$Worker.run(ThreadPoolExecutor.java:480)
	at org.apache.tomcat.util.threads.TaskThread$WrappingRunnable.run(TaskThread.java:57)
	at java.base/java.lang.Thread.run(Thread.java:1583)
2026-07-21 11:53:26 [http-nio-8080-exec-4] ERROR c.e.D.e.GlobalExceptionHandler - Invalid input: Email already exists
2026-07-21 11:53:26 [http-nio-8080-exec-4] WARN  o.s.w.s.m.m.a.ExceptionHandlerExceptionResolver - Resolved [java.lang.IllegalArgumentException: Email already exists]
2026-07-21 11:53:45 [http-nio-8080-exec-10] INFO  c.e.Docgen_Backend.config.JwtFilter - JWT validated successfully for userId=6a311365ec2c34f3d9e4f06e
2026-07-21 11:53:45 [http-nio-8080-exec-10] INFO  c.e.D.controller.UserController - POST /api/v2/users/create-profile - Request received for employeeId=null
2026-07-21 11:53:45 [http-nio-8080-exec-10] DEBUG c.e.D.controller.UserController - Full request payload: CreateProfileRequest(employeeName=Test UserThree, email=pratham69bhavsar@gmail.com, mobileNo=8007454299, employeeId=null, joiningDesignation=Data Analyst, currentDesignation=Data Analyst, department=IT, currentAddress=N-42,VD-1/3/1,Sawta Nager,Cidco,Trimurti Chowk, permanentAddress=Pune, Maharashtra, accountNo=5746446273, bankName=Bank of India, joiningCTC=360000.0, currentCTC=700000.0, dateOfBirth=2026-07-21, offerDate=2026-07-21, joiningDate=2026-07-21, panNo=GFZPS5853Q, company=NSS, pfType=WITH_PF, identity=MR, documents=[OFFER_LETTER], documentData={OFFER_LETTER={issueDate=2002-12-12, probationPeriod=3}})
2026-07-21 11:53:45 [http-nio-8080-exec-10] INFO  c.e.D.service.impl.UserServiceImpl - Generated employeeId=NSS001 for company=NSS
2026-07-21 11:53:45 [http-nio-8080-exec-10] INFO  c.e.D.service.impl.UserServiceImpl - User profile created successfully for employeeId=NSS001
2026-07-21 11:53:45 [http-nio-8080-exec-10] INFO  c.e.D.controller.UserController - Profile created successfully for employeeId=NSS001
2026-07-21 11:55:16 [HikariPool-1:housekeeper] WARN  com.zaxxer.hikari.pool.PoolBase - HikariPool-1 - Failed to validate connection com.mysql.cj.jdbc.ConnectionImpl@58826004 (No operations allowed after connection closed.). Possibly consider using a shorter maxLifetime value.
2026-07-21 11:55:25 [HikariPool-1:housekeeper] WARN  com.zaxxer.hikari.pool.PoolBase - HikariPool-1 - Failed to validate connection com.mysql.cj.jdbc.ConnectionImpl@6b9e549c (No operations allowed after connection closed.). Possibly consider using a shorter maxLifetime value.
2026-07-21 11:57:16 [HikariPool-1:housekeeper] WARN  com.zaxxer.hikari.pool.PoolBase - HikariPool-1 - Failed to validate connection com.mysql.cj.jdbc.ConnectionImpl@3f648d5e (No operations allowed after connection closed.). Possibly consider using a shorter maxLifetime value.
2026-07-21 11:57:17 [http-nio-8080-exec-2] INFO  c.e.Docgen_Backend.config.JwtFilter - JWT validated successfully for userId=6a311365ec2c34f3d9e4f06e
2026-07-21 11:57:17 [http-nio-8080-exec-2] INFO  c.e.D.controller.UserController - GET /api/v2/users - Fetch all users request received | page=0, size=8, sortBy=id, direction=desc
2026-07-21 11:57:17 [http-nio-8080-exec-2] WARN  com.zaxxer.hikari.pool.PoolBase - HikariPool-1 - Failed to validate connection com.mysql.cj.jdbc.ConnectionImpl@38e0cb69 (No operations allowed after connection closed.). Possibly consider using a shorter maxLifetime value.
2026-07-21 11:57:19 [http-nio-8080-exec-2] INFO  c.e.D.controller.UserController - Fetched 8 users on page 0 of 3
2026-07-21 11:57:19 [http-nio-8080-exec-2] INFO  c.e.Docgen_Backend.config.JwtFilter - JWT validated successfully for userId=6a311365ec2c34f3d9e4f06e
2026-07-21 11:57:19 [http-nio-8080-exec-2] INFO  c.e.D.controller.UserController - GET /api/v2/users - Fetch all users request received | page=0, size=8, sortBy=id, direction=desc
2026-07-21 11:57:21 [http-nio-8080-exec-2] INFO  c.e.D.controller.UserController - Fetched 8 users on page 0 of 3
2026-07-21 11:58:02 [http-nio-8080-exec-4] INFO  c.e.Docgen_Backend.config.JwtFilter - JWT validated successfully for userId=6a311365ec2c34f3d9e4f06e
2026-07-21 11:58:02 [http-nio-8080-exec-4] INFO  c.e.D.controller.UserController - GET /api/v2/users/28 - Fetch request received
2026-07-21 11:58:02 [http-nio-8080-exec-4] INFO  c.e.D.service.impl.UserServiceImpl - Fetching user profile for edit | userId=28
2026-07-21 11:58:02 [http-nio-8080-exec-4] WARN  com.zaxxer.hikari.pool.PoolBase - HikariPool-1 - Failed to validate connection com.mysql.cj.jdbc.ConnectionImpl@4de93bf9 (No operations allowed after connection closed.). Possibly consider using a shorter maxLifetime value.
2026-07-21 11:58:02 [http-nio-8080-exec-4] WARN  com.zaxxer.hikari.pool.PoolBase - HikariPool-1 - Failed to validate connection com.mysql.cj.jdbc.ConnectionImpl@39bde0d1 (No operations allowed after connection closed.). Possibly consider using a shorter maxLifetime value.
2026-07-21 11:58:02 [http-nio-8080-exec-4] WARN  com.zaxxer.hikari.pool.PoolBase - HikariPool-1 - Failed to validate connection com.mysql.cj.jdbc.ConnectionImpl@27381887 (No operations allowed after connection closed.). Possibly consider using a shorter maxLifetime value.
2026-07-21 11:58:03 [http-nio-8080-exec-4] DEBUG c.e.D.service.impl.UserServiceImpl - User found | userId=28 | employeeId=NSS001
2026-07-21 11:58:03 [http-nio-8080-exec-4] INFO  c.e.D.service.impl.UserServiceImpl - User profile fetched successfully | userId=28 | timeTaken=519ms
2026-07-21 11:58:03 [http-nio-8080-exec-4] INFO  c.e.D.controller.UserController - Profile fetched successfully for userId=28
2026-07-21 11:58:03 [http-nio-8080-exec-4] DEBUG c.e.D.controller.UserController - Fetched profile data: UserProfileResponseDTO(id=28, employeeName=Test UserThree, employeeId=NSS001, email=pratham69bhavsar@gmail.com, mobileNo=8007454299, joiningDesignation=Data Analyst, currentDesignation=Data Analyst, department=IT, company=NSS, identity=MR, pfType=WITH_PF, accountNo=5746446273, bankName=Bank of India, currentAddress=N-42,VD-1/3/1,Sawta Nager,Cidco,Trimurti Chowk, permanentAddress=Pune, Maharashtra, joiningCTC=360000.0, currentCTC=700000.0, dateOfBirth=2026-07-21, offerDate=2026-07-21, joiningDate=2026-07-21, panNo=GFZPS5853Q, documents={APPOINTMENT_LETTER=DocumentResponseDTO(generated=false, data=null), INTERNSHIP_LETTER=DocumentResponseDTO(generated=false, data=null), EXPERIENCE_LETTER=DocumentResponseDTO(generated=false, data=null), FULL_AND_FINAL=DocumentResponseDTO(generated=false, data=null), CONFIRMATION_LETTER=DocumentResponseDTO(generated=false, data=null), INCREMENT_LETTER=DocumentResponseDTO(generated=false, data=null), RELIEVING_LETTER=DocumentResponseDTO(generated=false, data=null), SALARY_SLIP=DocumentResponseDTO(generated=false, data=null), COMPLETION_LETTER=DocumentResponseDTO(generated=false, data=null), OFFER_LETTER=DocumentResponseDTO(generated=true, data={issueDate=2002-12-12, probationPeriod=3})})
2026-07-21 11:58:03 [http-nio-8080-exec-4] INFO  c.e.Docgen_Backend.config.JwtFilter - JWT validated successfully for userId=6a311365ec2c34f3d9e4f06e
2026-07-21 11:58:03 [http-nio-8080-exec-4] INFO  c.e.D.controller.UserController - GET /api/v2/users/28 - Fetch request received
2026-07-21 11:58:03 [http-nio-8080-exec-4] INFO  c.e.D.service.impl.UserServiceImpl - Fetching user profile for edit | userId=28
2026-07-21 11:58:03 [http-nio-8080-exec-4] DEBUG c.e.D.service.impl.UserServiceImpl - User found | userId=28 | employeeId=NSS001
2026-07-21 11:58:03 [http-nio-8080-exec-4] INFO  c.e.D.service.impl.UserServiceImpl - User profile fetched successfully | userId=28 | timeTaken=267ms
2026-07-21 11:58:03 [http-nio-8080-exec-4] INFO  c.e.D.controller.UserController - Profile fetched successfully for userId=28
2026-07-21 11:58:03 [http-nio-8080-exec-4] DEBUG c.e.D.controller.UserController - Fetched profile data: UserProfileResponseDTO(id=28, employeeName=Test UserThree, employeeId=NSS001, email=pratham69bhavsar@gmail.com, mobileNo=8007454299, joiningDesignation=Data Analyst, currentDesignation=Data Analyst, department=IT, company=NSS, identity=MR, pfType=WITH_PF, accountNo=5746446273, bankName=Bank of India, currentAddress=N-42,VD-1/3/1,Sawta Nager,Cidco,Trimurti Chowk, permanentAddress=Pune, Maharashtra, joiningCTC=360000.0, currentCTC=700000.0, dateOfBirth=2026-07-21, offerDate=2026-07-21, joiningDate=2026-07-21, panNo=GFZPS5853Q, documents={APPOINTMENT_LETTER=DocumentResponseDTO(generated=false, data=null), INTERNSHIP_LETTER=DocumentResponseDTO(generated=false, data=null), EXPERIENCE_LETTER=DocumentResponseDTO(generated=false, data=null), FULL_AND_FINAL=DocumentResponseDTO(generated=false, data=null), CONFIRMATION_LETTER=DocumentResponseDTO(generated=false, data=null), INCREMENT_LETTER=DocumentResponseDTO(generated=false, data=null), RELIEVING_LETTER=DocumentResponseDTO(generated=false, data=null), SALARY_SLIP=DocumentResponseDTO(generated=false, data=null), COMPLETION_LETTER=DocumentResponseDTO(generated=false, data=null), OFFER_LETTER=DocumentResponseDTO(generated=true, data={issueDate=2002-12-12, probationPeriod=3})})
2026-07-21 11:58:48 [http-nio-8080-exec-1] INFO  c.e.Docgen_Backend.config.JwtFilter - JWT validated successfully for userId=6a311365ec2c34f3d9e4f06e
2026-07-21 11:58:48 [http-nio-8080-exec-1] INFO  c.e.D.controller.UserController - GET /api/v2/users - Fetch all users request received | page=0, size=8, sortBy=id, direction=desc
2026-07-21 11:58:48 [http-nio-8080-exec-1] WARN  com.zaxxer.hikari.pool.PoolBase - HikariPool-1 - Failed to validate connection com.mysql.cj.jdbc.ConnectionImpl@1351f6f (No operations allowed after connection closed.). Possibly consider using a shorter maxLifetime value.
2026-07-21 11:58:48 [http-nio-8080-exec-1] WARN  com.zaxxer.hikari.pool.PoolBase - HikariPool-1 - Failed to validate connection com.mysql.cj.jdbc.ConnectionImpl@32031ac (No operations allowed after connection closed.). Possibly consider using a shorter maxLifetime value.
2026-07-21 11:58:48 [http-nio-8080-exec-1] WARN  com.zaxxer.hikari.pool.PoolBase - HikariPool-1 - Failed to validate connection com.mysql.cj.jdbc.ConnectionImpl@60318990 (No operations allowed after connection closed.). Possibly consider using a shorter maxLifetime value.
2026-07-21 11:58:50 [http-nio-8080-exec-1] INFO  c.e.D.controller.UserController - Fetched 8 users on page 0 of 3
2026-07-21 11:58:51 [http-nio-8080-exec-9] INFO  c.e.Docgen_Backend.config.JwtFilter - JWT validated successfully for userId=6a311365ec2c34f3d9e4f06e
2026-07-21 11:58:51 [http-nio-8080-exec-9] INFO  c.e.D.controller.UserController - GET /api/v2/users - Fetch all users request received | page=0, size=8, sortBy=id, direction=desc
2026-07-21 11:58:52 [http-nio-8080-exec-9] INFO  c.e.D.controller.UserController - Fetched 8 users on page 0 of 3
2026-07-21 12:00:32 [HikariPool-1:housekeeper] WARN  com.zaxxer.hikari.pool.PoolBase - HikariPool-1 - Failed to validate connection com.mysql.cj.jdbc.ConnectionImpl@54d5542b (No operations allowed after connection closed.). Possibly consider using a shorter maxLifetime value.
2026-07-21 12:00:35 [HikariPool-1:housekeeper] WARN  com.zaxxer.hikari.pool.PoolBase - HikariPool-1 - Failed to validate connection com.mysql.cj.jdbc.ConnectionImpl@51ff3c79 (No operations allowed after connection closed.). Possibly consider using a shorter maxLifetime value.
2026-07-21 12:00:44 [HikariPool-1:housekeeper] WARN  com.zaxxer.hikari.pool.PoolBase - HikariPool-1 - Failed to validate connection com.mysql.cj.jdbc.ConnectionImpl@2aeff640 (No operations allowed after connection closed.). Possibly consider using a shorter maxLifetime value.
2026-07-21 12:02:17 [HikariPool-1:housekeeper] WARN  com.zaxxer.hikari.pool.PoolBase - HikariPool-1 - Failed to validate connection com.mysql.cj.jdbc.ConnectionImpl@4c27a54f (No operations allowed after connection closed.). Possibly consider using a shorter maxLifetime value.
2026-07-21 12:02:32 [HikariPool-1:housekeeper] WARN  com.zaxxer.hikari.pool.PoolBase - HikariPool-1 - Failed to validate connection com.mysql.cj.jdbc.ConnectionImpl@319bf362 (No operations allowed after connection closed.). Possibly consider using a shorter maxLifetime value.
2026-07-21 12:03:54 [HikariPool-1:housekeeper] WARN  com.zaxxer.hikari.pool.PoolBase - HikariPool-1 - Failed to validate connection com.mysql.cj.jdbc.ConnectionImpl@38235b89 (No operations allowed after connection closed.). Possibly consider using a shorter maxLifetime value.
2026-07-21 12:04:26 [HikariPool-1:housekeeper] WARN  com.zaxxer.hikari.pool.PoolBase - HikariPool-1 - Failed to validate connection com.mysql.cj.jdbc.ConnectionImpl@288272e3 (No operations allowed after connection closed.). Possibly consider using a shorter maxLifetime value.
2026-07-21 12:05:33 [HikariPool-1:housekeeper] WARN  com.zaxxer.hikari.pool.PoolBase - HikariPool-1 - Failed to validate connection com.mysql.cj.jdbc.ConnectionImpl@3fa4c4f4 (No operations allowed after connection closed.). Possibly consider using a shorter maxLifetime value.
2026-07-21 12:06:16 [HikariPool-1:housekeeper] WARN  com.zaxxer.hikari.pool.PoolBase - HikariPool-1 - Failed to validate connection com.mysql.cj.jdbc.ConnectionImpl@2689ffe3 (No operations allowed after connection closed.). Possibly consider using a shorter maxLifetime value.
2026-07-21 12:07:32 [HikariPool-1:housekeeper] WARN  com.zaxxer.hikari.pool.PoolBase - HikariPool-1 - Failed to validate connection com.mysql.cj.jdbc.ConnectionImpl@6b60861f (No operations allowed after connection closed.). Possibly consider using a shorter maxLifetime value.
2026-07-21 12:07:58 [HikariPool-1:housekeeper] WARN  com.zaxxer.hikari.pool.PoolBase - HikariPool-1 - Failed to validate connection com.mysql.cj.jdbc.ConnectionImpl@23675995 (No operations allowed after connection closed.). Possibly consider using a shorter maxLifetime value.
2026-07-21 12:08:36 [http-nio-8080-exec-8] INFO  c.e.Docgen_Backend.config.JwtFilter - JWT validated successfully for userId=6a311365ec2c34f3d9e4f06e
2026-07-21 12:08:36 [http-nio-8080-exec-8] INFO  c.e.D.controller.UserController - POST /api/v2/users/create-profile - Request received for employeeId=null
2026-07-21 12:08:36 [http-nio-8080-exec-8] DEBUG c.e.D.controller.UserController - Full request payload: CreateProfileRequest(employeeName=Somesh Amol Ingole, email=someshingole244@gmail.com, mobileNo=8830362115, employeeId=null, joiningDesignation=ETL Automation Tester, currentDesignation=ETL Automation Tester, department=IT, currentAddress=Bhaji Bazar, Near Someshwar Mandir Chowk, Amravati, Maharashtra, permanentAddress=Bhaji Bazar, Near Someshwar Mandir Chowk, Amravati, Maharashtra, accountNo=922010034172335, bankName=Axis Bank, joiningCTC=1350000.0, currentCTC=1350000.0, dateOfBirth=1995-04-24, offerDate=2025-04-25, joiningDate=2025-05-05, panNo=ANHPI7836C, company=NCSS, pfType=WITH_PF, identity=MR, documents=[SALARY_SLIP, OFFER_LETTER, EXPERIENCE_LETTER, RELIEVING_LETTER], documentData={OFFER_LETTER={issueDate=2025-04-25, probationPeriod=3}, EXPERIENCE_LETTER={relievingDate=2026-07-15, issueDate=2026-07-15}, RELIEVING_LETTER={relievingDate=2026-07-15, issueDate=2026-07-15}, SALARY_SLIP={startMonth=2026-04, endMonth=2026-06, salaryWorkdays={2026-04=30, 2026-05=31, 2026-06=30}}})
2026-07-21 12:08:36 [http-nio-8080-exec-8] WARN  com.zaxxer.hikari.pool.PoolBase - HikariPool-1 - Failed to validate connection com.mysql.cj.jdbc.ConnectionImpl@670223d0 (No operations allowed after connection closed.). Possibly consider using a shorter maxLifetime value.
2026-07-21 12:08:36 [http-nio-8080-exec-8] WARN  com.zaxxer.hikari.pool.PoolBase - HikariPool-1 - Failed to validate connection com.mysql.cj.jdbc.ConnectionImpl@4743ea1a (No operations allowed after connection closed.). Possibly consider using a shorter maxLifetime value.
2026-07-21 12:08:36 [http-nio-8080-exec-8] INFO  c.e.D.service.impl.UserServiceImpl - Generated employeeId=NCSS001 for company=NCSS
2026-07-21 12:08:36 [http-nio-8080-exec-8] INFO  c.e.D.service.impl.UserServiceImpl - User profile created successfully for employeeId=NCSS001
2026-07-21 12:08:36 [http-nio-8080-exec-8] INFO  c.e.D.controller.UserController - Profile created successfully for employeeId=NCSS001
2026-07-21 12:10:15 [HikariPool-1:housekeeper] WARN  com.zaxxer.hikari.pool.PoolBase - HikariPool-1 - Failed to validate connection com.mysql.cj.jdbc.ConnectionImpl@6dfd887f (No operations allowed after connection closed.). Possibly consider using a shorter maxLifetime value.
2026-07-21 12:10:16 [HikariPool-1:housekeeper] WARN  com.zaxxer.hikari.pool.PoolBase - HikariPool-1 - Failed to validate connection com.mysql.cj.jdbc.ConnectionImpl@783504fb (No operations allowed after connection closed.). Possibly consider using a shorter maxLifetime value.
2026-07-21 12:10:22 [HikariPool-1:housekeeper] WARN  com.zaxxer.hikari.pool.PoolBase - HikariPool-1 - Failed to validate connection com.mysql.cj.jdbc.ConnectionImpl@6fd26d2d (No operations allowed after connection closed.). Possibly consider using a shorter maxLifetime value.
2026-07-21 12:12:06 [HikariPool-1:housekeeper] WARN  com.zaxxer.hikari.pool.PoolBase - HikariPool-1 - Failed to validate connection com.mysql.cj.jdbc.ConnectionImpl@35a48b80 (No operations allowed after connection closed.). Possibly consider using a shorter maxLifetime value.
2026-07-21 12:12:11 [HikariPool-1:housekeeper] WARN  com.zaxxer.hikari.pool.PoolBase - HikariPool-1 - Failed to validate connection com.mysql.cj.jdbc.ConnectionImpl@1921e197 (No operations allowed after connection closed.). Possibly consider using a shorter maxLifetime value.
2026-07-21 12:12:29 [http-nio-8080-exec-3] INFO  c.e.Docgen_Backend.config.JwtFilter - JWT validated successfully for userId=6a311365ec2c34f3d9e4f06e
2026-07-21 12:12:29 [http-nio-8080-exec-3] INFO  c.e.D.controller.UserController - GET /api/v2/users - Fetch all users request received | page=0, size=8, sortBy=id, direction=desc
2026-07-21 12:12:29 [http-nio-8080-exec-3] WARN  com.zaxxer.hikari.pool.PoolBase - HikariPool-1 - Failed to validate connection com.mysql.cj.jdbc.ConnectionImpl@40208443 (No operations allowed after connection closed.). Possibly consider using a shorter maxLifetime value.
2026-07-21 12:12:31 [http-nio-8080-exec-3] INFO  c.e.D.controller.UserController - Fetched 8 users on page 0 of 3
2026-07-21 12:12:32 [http-nio-8080-exec-1] INFO  c.e.Docgen_Backend.config.JwtFilter - JWT validated successfully for userId=6a311365ec2c34f3d9e4f06e
2026-07-21 12:12:32 [http-nio-8080-exec-1] INFO  c.e.D.controller.UserController - GET /api/v2/users - Fetch all users request received | page=0, size=8, sortBy=id, direction=desc
2026-07-21 12:12:34 [http-nio-8080-exec-2] INFO  c.e.Docgen_Backend.config.JwtFilter - JWT validated successfully for userId=6a311365ec2c34f3d9e4f06e
2026-07-21 12:12:34 [http-nio-8080-exec-2] INFO  c.e.D.controller.UserController - GET /api/v2/users/29 - Fetch request received
2026-07-21 12:12:34 [http-nio-8080-exec-2] INFO  c.e.D.service.impl.UserServiceImpl - Fetching user profile for edit | userId=29
2026-07-21 12:12:34 [http-nio-8080-exec-1] INFO  c.e.D.controller.UserController - Fetched 8 users on page 0 of 3
2026-07-21 12:12:34 [http-nio-8080-exec-2] DEBUG c.e.D.service.impl.UserServiceImpl - User found | userId=29 | employeeId=NCSS0135
2026-07-21 12:12:34 [http-nio-8080-exec-2] INFO  c.e.D.service.impl.UserServiceImpl - User profile fetched successfully | userId=29 | timeTaken=467ms
2026-07-21 12:12:34 [http-nio-8080-exec-2] INFO  c.e.D.controller.UserController - Profile fetched successfully for userId=29
2026-07-21 12:12:34 [http-nio-8080-exec-2] DEBUG c.e.D.controller.UserController - Fetched profile data: UserProfileResponseDTO(id=29, employeeName=Somesh Amol Ingole, employeeId=NCSS0135, email=someshingole244@gmail.com, mobileNo=8830362115, joiningDesignation=ETL Automation Tester, currentDesignation=ETL Automation Tester, department=IT, company=NCSS, identity=MR, pfType=WITH_PF, accountNo=922010034172335, bankName=Axis Bank, currentAddress=Bhaji Bazar, Near Someshwar Mandir Chowk, Amravati, Maharashtra, permanentAddress=Bhaji Bazar, Near Someshwar Mandir Chowk, Amravati, Maharashtra, joiningCTC=1350000.0, currentCTC=1350000.0, dateOfBirth=1995-04-24, offerDate=2025-04-25, joiningDate=2025-05-05, panNo=ANHPI7836C, documents={APPOINTMENT_LETTER=DocumentResponseDTO(generated=false, data=null), INTERNSHIP_LETTER=DocumentResponseDTO(generated=false, data=null), EXPERIENCE_LETTER=DocumentResponseDTO(generated=true, data={issueDate=2026-07-15, relievingDate=2026-07-15}), FULL_AND_FINAL=DocumentResponseDTO(generated=false, data=null), CONFIRMATION_LETTER=DocumentResponseDTO(generated=false, data=null), INCREMENT_LETTER=DocumentResponseDTO(generated=false, data=null), RELIEVING_LETTER=DocumentResponseDTO(generated=true, data={issueDate=2026-07-15, relievingDate=2026-07-15}), SALARY_SLIP=DocumentResponseDTO(generated=true, data={startMonth=2026-04, endMonth=2026-06}), COMPLETION_LETTER=DocumentResponseDTO(generated=false, data=null), OFFER_LETTER=DocumentResponseDTO(generated=true, data={issueDate=2025-04-25, probationPeriod=3})})
2026-07-21 12:12:34 [http-nio-8080-exec-6] INFO  c.e.Docgen_Backend.config.JwtFilter - JWT validated successfully for userId=6a311365ec2c34f3d9e4f06e
2026-07-21 12:12:34 [http-nio-8080-exec-6] INFO  c.e.D.controller.UserController - GET /api/v2/users/29 - Fetch request received
2026-07-21 12:12:34 [http-nio-8080-exec-6] INFO  c.e.D.service.impl.UserServiceImpl - Fetching user profile for edit | userId=29
2026-07-21 12:12:35 [http-nio-8080-exec-6] DEBUG c.e.D.service.impl.UserServiceImpl - User found | userId=29 | employeeId=NCSS0135
2026-07-21 12:12:35 [http-nio-8080-exec-6] INFO  c.e.D.service.impl.UserServiceImpl - User profile fetched successfully | userId=29 | timeTaken=576ms
2026-07-21 12:12:35 [http-nio-8080-exec-6] INFO  c.e.D.controller.UserController - Profile fetched successfully for userId=29
2026-07-21 12:12:35 [http-nio-8080-exec-6] DEBUG c.e.D.controller.UserController - Fetched profile data: UserProfileResponseDTO(id=29, employeeName=Somesh Amol Ingole, employeeId=NCSS0135, email=someshingole244@gmail.com, mobileNo=8830362115, joiningDesignation=ETL Automation Tester, currentDesignation=ETL Automation Tester, department=IT, company=NCSS, identity=MR, pfType=WITH_PF, accountNo=922010034172335, bankName=Axis Bank, currentAddress=Bhaji Bazar, Near Someshwar Mandir Chowk, Amravati, Maharashtra, permanentAddress=Bhaji Bazar, Near Someshwar Mandir Chowk, Amravati, Maharashtra, joiningCTC=1350000.0, currentCTC=1350000.0, dateOfBirth=1995-04-24, offerDate=2025-04-25, joiningDate=2025-05-05, panNo=ANHPI7836C, documents={APPOINTMENT_LETTER=DocumentResponseDTO(generated=false, data=null), INTERNSHIP_LETTER=DocumentResponseDTO(generated=false, data=null), EXPERIENCE_LETTER=DocumentResponseDTO(generated=true, data={issueDate=2026-07-15, relievingDate=2026-07-15}), FULL_AND_FINAL=DocumentResponseDTO(generated=false, data=null), CONFIRMATION_LETTER=DocumentResponseDTO(generated=false, data=null), INCREMENT_LETTER=DocumentResponseDTO(generated=false, data=null), RELIEVING_LETTER=DocumentResponseDTO(generated=true, data={issueDate=2026-07-15, relievingDate=2026-07-15}), SALARY_SLIP=DocumentResponseDTO(generated=true, data={startMonth=2026-04, endMonth=2026-06}), COMPLETION_LETTER=DocumentResponseDTO(generated=false, data=null), OFFER_LETTER=DocumentResponseDTO(generated=true, data={issueDate=2025-04-25, probationPeriod=3})})
2026-07-21 12:12:40 [http-nio-8080-exec-7] INFO  c.e.Docgen_Backend.config.JwtFilter - JWT validated successfully for userId=6a311365ec2c34f3d9e4f06e
2026-07-21 12:12:40 [http-nio-8080-exec-7] INFO  c.e.D.controller.UserController - PATCH /api/v2/users/29 - Update request received for employeeId=NCSS0135
2026-07-21 12:12:40 [http-nio-8080-exec-7] DEBUG c.e.D.controller.UserController - Update payload: CreateProfileRequest(employeeName=Somesh Amol Ingole, email=someshingole244@gmail.com, mobileNo=8830362115, employeeId=NCSS0135, joiningDesignation=ETL Automation Tester, currentDesignation=ETL Automation Tester, department=IT, currentAddress=Bhaji Bazar, Near Someshwar Mandir Chowk, Amravati, Maharashtra, permanentAddress=Bhaji Bazar, Near Someshwar Mandir Chowk, Amravati, Maharashtra, accountNo=922010034172335, bankName=Axis Bank, joiningCTC=1350000.0, currentCTC=1350000.0, dateOfBirth=1995-04-24, offerDate=2025-04-25, joiningDate=2025-05-05, panNo=ANHPI7836C, company=NCSS, pfType=WITH_PF, identity=MR, documents=[EXPERIENCE_LETTER, RELIEVING_LETTER, SALARY_SLIP, OFFER_LETTER], documentData={OFFER_LETTER={issueDate=2025-04-25, probationPeriod=3}, EXPERIENCE_LETTER={relievingDate=2026-07-15, issueDate=2026-07-15}, RELIEVING_LETTER={relievingDate=2026-07-15, issueDate=2026-07-15}, SALARY_SLIP={startMonth=2026-04, endMonth=2026-06, salaryWorkdays={2026-04=30, 2026-05=31, 2026-06=30}}})
2026-07-21 12:12:40 [http-nio-8080-exec-7] INFO  c.e.D.service.impl.UserServiceImpl - Updating user profile | userId=29 | employeeId=NCSS0135
2026-07-21 12:12:41 [http-nio-8080-exec-7] DEBUG c.e.D.service.impl.UserServiceImpl - Existing user fetched | userId=29 | oldEmployeeId=NCSS0135
2026-07-21 12:12:41 [http-nio-8080-exec-7] DEBUG c.e.D.service.impl.UserServiceImpl - Updating documents | userId=29
2026-07-21 12:12:41 [http-nio-8080-exec-7] INFO  c.e.D.service.impl.UserServiceImpl - User profile updated successfully | userId=29 | timeTaken=660ms
2026-07-21 12:12:41 [http-nio-8080-exec-7] INFO  c.e.D.controller.UserController - Profile updated successfully for userId=29, employeeId=NCSS0135
2026-07-21 12:14:02 [HikariPool-1:housekeeper] WARN  com.zaxxer.hikari.pool.PoolBase - HikariPool-1 - Failed to validate connection com.mysql.cj.jdbc.ConnectionImpl@b507749 (No operations allowed after connection closed.). Possibly consider using a shorter maxLifetime value.
2026-07-21 12:14:09 [HikariPool-1:housekeeper] WARN  com.zaxxer.hikari.pool.PoolBase - HikariPool-1 - Failed to validate connection com.mysql.cj.jdbc.ConnectionImpl@4a423caa (No operations allowed after connection closed.). Possibly consider using a shorter maxLifetime value.
2026-07-21 12:14:17 [HikariPool-1:housekeeper] WARN  com.zaxxer.hikari.pool.PoolBase - HikariPool-1 - Failed to validate connection com.mysql.cj.jdbc.ConnectionImpl@1073ddac (No operations allowed after connection closed.). Possibly consider using a shorter maxLifetime value.
2026-07-21 12:15:56 [http-nio-8080-exec-5] INFO  c.e.Docgen_Backend.config.JwtFilter - JWT validated successfully for userId=6a311365ec2c34f3d9e4f06e
2026-07-21 12:15:56 [http-nio-8080-exec-5] INFO  c.e.D.controller.UserController - PATCH /api/v2/users/29 - Update request received for employeeId=NCSS0135
2026-07-21 12:15:56 [http-nio-8080-exec-5] DEBUG c.e.D.controller.UserController - Update payload: CreateProfileRequest(employeeName=Somesh Amol Ingole, email=someshingole244@gmail.com, mobileNo=8830362115, employeeId=NCSS0135, joiningDesignation=ETL Automation Tester, currentDesignation=ETL Automation Tester, department=IT, currentAddress=Bhaji Bazar, Near Someshwar Mandir Chowk, Amravati, Maharashtra, permanentAddress=Bhaji Bazar, Near Someshwar Mandir Chowk, Amravati, Maharashtra, accountNo=922010034172335, bankName=Axis Bank, joiningCTC=1350008.0, currentCTC=1350008.0, dateOfBirth=1995-04-24, offerDate=2025-04-25, joiningDate=2025-05-05, panNo=ANHPI7836C, company=NCSS, pfType=WITH_PF, identity=MR, documents=[EXPERIENCE_LETTER, RELIEVING_LETTER, SALARY_SLIP, OFFER_LETTER], documentData={OFFER_LETTER={issueDate=2025-04-25, probationPeriod=3}, EXPERIENCE_LETTER={relievingDate=2026-07-15, issueDate=2026-07-15}, RELIEVING_LETTER={relievingDate=2026-07-15, issueDate=2026-07-15}, SALARY_SLIP={startMonth=2026-04, endMonth=2026-06, salaryWorkdays={2026-04=30, 2026-05=31, 2026-06=30}}})
2026-07-21 12:15:56 [http-nio-8080-exec-5] INFO  c.e.D.service.impl.UserServiceImpl - Updating user profile | userId=29 | employeeId=NCSS0135
2026-07-21 12:15:56 [http-nio-8080-exec-5] WARN  com.zaxxer.hikari.pool.PoolBase - HikariPool-1 - Failed to validate connection com.mysql.cj.jdbc.ConnectionImpl@251928e (No operations allowed after connection closed.). Possibly consider using a shorter maxLifetime value.
2026-07-21 12:15:56 [http-nio-8080-exec-5] WARN  com.zaxxer.hikari.pool.PoolBase - HikariPool-1 - Failed to validate connection com.mysql.cj.jdbc.ConnectionImpl@7e7fba1a (No operations allowed after connection closed.). Possibly consider using a shorter maxLifetime value.
2026-07-21 12:15:57 [http-nio-8080-exec-5] DEBUG c.e.D.service.impl.UserServiceImpl - Existing user fetched | userId=29 | oldEmployeeId=NCSS0135
2026-07-21 12:15:57 [http-nio-8080-exec-5] DEBUG c.e.D.service.impl.UserServiceImpl - Updating documents | userId=29
2026-07-21 12:15:57 [http-nio-8080-exec-5] INFO  c.e.D.service.impl.UserServiceImpl - User profile updated successfully | userId=29 | timeTaken=623ms
2026-07-21 12:15:57 [http-nio-8080-exec-5] INFO  c.e.D.controller.UserController - Profile updated successfully for userId=29, employeeId=NCSS0135
2026-07-21 12:17:42 [HikariPool-1:housekeeper] WARN  com.zaxxer.hikari.pool.PoolBase - HikariPool-1 - Failed to validate connection com.mysql.cj.jdbc.ConnectionImpl@5dfff9d4 (No operations allowed after connection closed.). Possibly consider using a shorter maxLifetime value.
2026-07-21 12:17:43 [HikariPool-1:housekeeper] WARN  com.zaxxer.hikari.pool.PoolBase - HikariPool-1 - Failed to validate connection com.mysql.cj.jdbc.ConnectionImpl@4330cc5d (No operations allowed after connection closed.). Possibly consider using a shorter maxLifetime value.
2026-07-21 12:17:43 [HikariPool-1:housekeeper] WARN  com.zaxxer.hikari.pool.PoolBase - HikariPool-1 - Failed to validate connection com.mysql.cj.jdbc.ConnectionImpl@5cba735b (No operations allowed after connection closed.). Possibly consider using a shorter maxLifetime value.
2026-07-21 12:19:23 [HikariPool-1:housekeeper] WARN  com.zaxxer.hikari.pool.PoolBase - HikariPool-1 - Failed to validate connection com.mysql.cj.jdbc.ConnectionImpl@7ea91041 (No operations allowed after connection closed.). Possibly consider using a shorter maxLifetime value.
2026-07-21 12:19:39 [HikariPool-1:housekeeper] WARN  com.zaxxer.hikari.pool.PoolBase - HikariPool-1 - Failed to validate connection com.mysql.cj.jdbc.ConnectionImpl@71635ead (No operations allowed after connection closed.). Possibly consider using a shorter maxLifetime value.
2026-07-21 12:21:10 [HikariPool-1:housekeeper] WARN  com.zaxxer.hikari.pool.PoolBase - HikariPool-1 - Failed to validate connection com.mysql.cj.jdbc.ConnectionImpl@48d1f7f1 (No operations allowed after connection closed.). Possibly consider using a shorter maxLifetime value.
2026-07-21 12:21:37 [HikariPool-1:housekeeper] WARN  com.zaxxer.hikari.pool.PoolBase - HikariPool-1 - Failed to validate connection com.mysql.cj.jdbc.ConnectionImpl@363f3d6c (No operations allowed after connection closed.). Possibly consider using a shorter maxLifetime value.
2026-07-21 12:23:05 [HikariPool-1:housekeeper] WARN  com.zaxxer.hikari.pool.PoolBase - HikariPool-1 - Failed to validate connection com.mysql.cj.jdbc.ConnectionImpl@6919fbc1 (No operations allowed after connection closed.). Possibly consider using a shorter maxLifetime value.
2026-07-21 12:23:35 [HikariPool-1:housekeeper] WARN  com.zaxxer.hikari.pool.PoolBase - HikariPool-1 - Failed to validate connection com.mysql.cj.jdbc.ConnectionImpl@6f3be5f6 (No operations allowed after connection closed.). Possibly consider using a shorter maxLifetime value.
2026-07-21 12:24:57 [HikariPool-1:housekeeper] WARN  com.zaxxer.hikari.pool.PoolBase - HikariPool-1 - Failed to validate connection com.mysql.cj.jdbc.ConnectionImpl@603faf46 (No operations allowed after connection closed.). Possibly consider using a shorter maxLifetime value.
2026-07-21 12:25:13 [HikariPool-1:housekeeper] WARN  com.zaxxer.hikari.pool.PoolBase - HikariPool-1 - Failed to validate connection com.mysql.cj.jdbc.ConnectionImpl@735efcbe (No operations allowed after connection closed.). Possibly consider using a shorter maxLifetime value.
2026-07-21 12:26:45 [HikariPool-1:housekeeper] WARN  com.zaxxer.hikari.pool.PoolBase - HikariPool-1 - Failed to validate connection com.mysql.cj.jdbc.ConnectionImpl@5c7798fd (No operations allowed after connection closed.). Possibly consider using a shorter maxLifetime value.
2026-07-21 12:27:02 [HikariPool-1:housekeeper] WARN  com.zaxxer.hikari.pool.PoolBase - HikariPool-1 - Failed to validate connection com.mysql.cj.jdbc.ConnectionImpl@4e8f4940 (No operations allowed after connection closed.). Possibly consider using a shorter maxLifetime value.
2026-07-21 12:28:39 [HikariPool-1:housekeeper] WARN  com.zaxxer.hikari.pool.PoolBase - HikariPool-1 - Failed to validate connection com.mysql.cj.jdbc.ConnectionImpl@151b33f6 (No operations allowed after connection closed.). Possibly consider using a shorter maxLifetime value.
2026-07-21 12:28:53 [HikariPool-1:housekeeper] WARN  com.zaxxer.hikari.pool.PoolBase - HikariPool-1 - Failed to validate connection com.mysql.cj.jdbc.ConnectionImpl@6c2afc24 (No operations allowed after connection closed.). Possibly consider using a shorter maxLifetime value.
2026-07-21 12:30:30 [HikariPool-1:housekeeper] WARN  com.zaxxer.hikari.pool.PoolBase - HikariPool-1 - Failed to validate connection com.mysql.cj.jdbc.ConnectionImpl@aedb62f (No operations allowed after connection closed.). Possibly consider using a shorter maxLifetime value.
2026-07-21 12:30:30 [HikariPool-1:housekeeper] WARN  com.zaxxer.hikari.pool.PoolBase - HikariPool-1 - Failed to validate connection com.mysql.cj.jdbc.ConnectionImpl@321cf84a (No operations allowed after connection closed.). Possibly consider using a shorter maxLifetime value.
2026-07-21 12:32:10 [HikariPool-1:housekeeper] WARN  com.zaxxer.hikari.pool.PoolBase - HikariPool-1 - Failed to validate connection com.mysql.cj.jdbc.ConnectionImpl@599e4ede (No operations allowed after connection closed.). Possibly consider using a shorter maxLifetime value.
2026-07-21 12:32:29 [HikariPool-1:housekeeper] WARN  com.zaxxer.hikari.pool.PoolBase - HikariPool-1 - Failed to validate connection com.mysql.cj.jdbc.ConnectionImpl@50d3de51 (No operations allowed after connection closed.). Possibly consider using a shorter maxLifetime value.
2026-07-21 12:33:52 [http-nio-8080-exec-8] INFO  c.e.Docgen_Backend.config.JwtFilter - JWT validated successfully for userId=6a311365ec2c34f3d9e4f06e
2026-07-21 12:33:52 [http-nio-8080-exec-8] INFO  c.e.D.controller.UserController - GET /api/v2/users - Fetch all users request received | page=0, size=8, sortBy=id, direction=desc
2026-07-21 12:33:52 [http-nio-8080-exec-8] WARN  com.zaxxer.hikari.pool.PoolBase - HikariPool-1 - Failed to validate connection com.mysql.cj.jdbc.ConnectionImpl@4b4c371e (No operations allowed after connection closed.). Possibly consider using a shorter maxLifetime value.
2026-07-21 12:33:52 [http-nio-8080-exec-8] WARN  com.zaxxer.hikari.pool.PoolBase - HikariPool-1 - Failed to validate connection com.mysql.cj.jdbc.ConnectionImpl@6a47c094 (No operations allowed after connection closed.). Possibly consider using a shorter maxLifetime value.
2026-07-21 12:33:54 [http-nio-8080-exec-8] INFO  c.e.D.controller.UserController - Fetched 8 users on page 0 of 3
2026-07-21 12:33:54 [http-nio-8080-exec-7] INFO  c.e.Docgen_Backend.config.JwtFilter - JWT validated successfully for userId=6a311365ec2c34f3d9e4f06e
2026-07-21 12:33:54 [http-nio-8080-exec-7] INFO  c.e.D.controller.UserController - GET /api/v2/users - Fetch all users request received | page=0, size=8, sortBy=id, direction=desc
2026-07-21 12:33:56 [http-nio-8080-exec-7] INFO  c.e.D.controller.UserController - Fetched 8 users on page 0 of 3
2026-07-21 12:35:31 [HikariPool-1:housekeeper] WARN  com.zaxxer.hikari.pool.PoolBase - HikariPool-1 - Failed to validate connection com.mysql.cj.jdbc.ConnectionImpl@2e9bf462 (No operations allowed after connection closed.). Possibly consider using a shorter maxLifetime value.
2026-07-21 12:35:31 [HikariPool-1:housekeeper] WARN  com.zaxxer.hikari.pool.PoolBase - HikariPool-1 - Failed to validate connection com.mysql.cj.jdbc.ConnectionImpl@70f9abcf (No operations allowed after connection closed.). Possibly consider using a shorter maxLifetime value.
2026-07-21 12:35:46 [HikariPool-1:housekeeper] WARN  com.zaxxer.hikari.pool.PoolBase - HikariPool-1 - Failed to validate connection com.mysql.cj.jdbc.ConnectionImpl@30749283 (No operations allowed after connection closed.). Possibly consider using a shorter maxLifetime value.
2026-07-21 12:37:13 [HikariPool-1:housekeeper] WARN  com.zaxxer.hikari.pool.PoolBase - HikariPool-1 - Failed to validate connection com.mysql.cj.jdbc.ConnectionImpl@49fb053d (No operations allowed after connection closed.). Possibly consider using a shorter maxLifetime value.
2026-07-21 12:37:27 [HikariPool-1:housekeeper] WARN  com.zaxxer.hikari.pool.PoolBase - HikariPool-1 - Failed to validate connection com.mysql.cj.jdbc.ConnectionImpl@60950c8b (No operations allowed after connection closed.). Possibly consider using a shorter maxLifetime value.
2026-07-21 12:39:09 [HikariPool-1:housekeeper] WARN  com.zaxxer.hikari.pool.PoolBase - HikariPool-1 - Failed to validate connection com.mysql.cj.jdbc.ConnectionImpl@5a804b3a (No operations allowed after connection closed.). Possibly consider using a shorter maxLifetime value.
2026-07-21 12:39:21 [HikariPool-1:housekeeper] WARN  com.zaxxer.hikari.pool.PoolBase - HikariPool-1 - Failed to validate connection com.mysql.cj.jdbc.ConnectionImpl@6de7d898 (No operations allowed after connection closed.). Possibly consider using a shorter maxLifetime value.
2026-07-21 12:40:53 [HikariPool-1:housekeeper] WARN  com.zaxxer.hikari.pool.PoolBase - HikariPool-1 - Failed to validate connection com.mysql.cj.jdbc.ConnectionImpl@659952c9 (No operations allowed after connection closed.). Possibly consider using a shorter maxLifetime value.
2026-07-21 12:41:04 [HikariPool-1:housekeeper] WARN  com.zaxxer.hikari.pool.PoolBase - HikariPool-1 - Failed to validate connection com.mysql.cj.jdbc.ConnectionImpl@60aefb74 (No operations allowed after connection closed.). Possibly consider using a shorter maxLifetime value.
2026-07-21 12:42:46 [HikariPool-1:housekeeper] WARN  com.zaxxer.hikari.pool.PoolBase - HikariPool-1 - Failed to validate connection com.mysql.cj.jdbc.ConnectionImpl@32551888 (No operations allowed after connection closed.). Possibly consider using a shorter maxLifetime value.
2026-07-21 12:42:49 [HikariPool-1:housekeeper] WARN  com.zaxxer.hikari.pool.PoolBase - HikariPool-1 - Failed to validate connection com.mysql.cj.jdbc.ConnectionImpl@6098fa23 (No operations allowed after connection closed.). Possibly consider using a shorter maxLifetime value.
2026-07-21 12:44:30 [HikariPool-1:housekeeper] WARN  com.zaxxer.hikari.pool.PoolBase - HikariPool-1 - Failed to validate connection com.mysql.cj.jdbc.ConnectionImpl@55af52f3 (No operations allowed after connection closed.). Possibly consider using a shorter maxLifetime value.
2026-07-21 12:44:46 [HikariPool-1:housekeeper] WARN  com.zaxxer.hikari.pool.PoolBase - HikariPool-1 - Failed to validate connection com.mysql.cj.jdbc.ConnectionImpl@6e286743 (No operations allowed after connection closed.). Possibly consider using a shorter maxLifetime value.
2026-07-21 12:44:47 [SpringApplicationShutdownHook] INFO  o.s.boot.tomcat.GracefulShutdown - Commencing graceful shutdown. Waiting for active requests to complete
2026-07-21 12:44:47 [tomcat-shutdown] INFO  o.s.boot.tomcat.GracefulShutdown - Graceful shutdown complete
2026-07-21 12:44:47 [SpringApplicationShutdownHook] INFO  o.s.o.j.LocalContainerEntityManagerFactoryBean - Closing JPA EntityManagerFactory for persistence unit 'default'
2026-07-21 12:44:47 [SpringApplicationShutdownHook] INFO  com.zaxxer.hikari.HikariDataSource - HikariPool-1 - Shutdown initiated...
2026-07-21 12:44:47 [SpringApplicationShutdownHook] INFO  com.zaxxer.hikari.HikariDataSource - HikariPool-1 - Shutdown completed.
2026-07-21 14:03:31 [background-preinit] INFO  o.h.validator.internal.util.Version - HV000001: Hibernate Validator 9.0.1.Final
2026-07-21 14:03:31 [restartedMain] INFO  c.e.D.DocgenBackendApplication - Starting DocgenBackendApplication using Java 21.0.9 with PID 25416 (E:\DocGen New Front V2\Docgen-Backend\target\classes started by prath in E:\DocGen New Front V2\Docgen-Backend)
2026-07-21 14:03:31 [restartedMain] DEBUG c.e.D.DocgenBackendApplication - Running with Spring Boot v4.0.6, Spring v7.0.7
2026-07-21 14:03:31 [restartedMain] INFO  c.e.D.DocgenBackendApplication - No active profile set, falling back to 1 default profile: "default"
2026-07-21 14:03:31 [restartedMain] INFO  o.s.b.d.e.DevToolsPropertyDefaultsPostProcessor - Devtools property defaults active! Set 'spring.devtools.add-properties' to 'false' to disable
2026-07-21 14:03:31 [restartedMain] INFO  o.s.b.d.e.DevToolsPropertyDefaultsPostProcessor - For additional web related logging consider setting the 'logging.level.web' property to 'DEBUG'
2026-07-21 14:03:32 [restartedMain] INFO  o.s.d.r.c.RepositoryConfigurationDelegate - Bootstrapping Spring Data JPA repositories in DEFAULT mode.
2026-07-21 14:03:32 [restartedMain] INFO  o.s.d.r.c.RepositoryConfigurationDelegate - Finished Spring Data repository scanning in 79 ms. Found 3 JPA repository interfaces.
2026-07-21 14:03:33 [restartedMain] INFO  o.s.boot.tomcat.TomcatWebServer - Tomcat initialized with port 8080 (http)
2026-07-21 14:03:33 [restartedMain] INFO  o.a.coyote.http11.Http11NioProtocol - Initializing ProtocolHandler ["http-nio-8080"]
2026-07-21 14:03:33 [restartedMain] INFO  o.a.catalina.core.StandardService - Starting service [Tomcat]
2026-07-21 14:03:33 [restartedMain] INFO  o.a.catalina.core.StandardEngine - Starting Servlet engine: [Apache Tomcat/11.0.21]
2026-07-21 14:03:33 [restartedMain] INFO  o.s.b.w.c.s.WebApplicationContextInitializer - Root WebApplicationContext: initialization completed in 2345 ms
2026-07-21 14:03:33 [restartedMain] DEBUG c.e.Docgen_Backend.config.JwtFilter - Filter 'jwtFilter' configured for use
2026-07-21 14:03:34 [restartedMain] INFO  org.hibernate.orm.jpa - HHH008540: Processing PersistenceUnitInfo [name: default]
2026-07-21 14:03:34 [restartedMain] INFO  org.hibernate.orm.core - HHH000001: Hibernate ORM core version 7.2.12.Final
2026-07-21 14:03:34 [restartedMain] INFO  o.s.o.j.p.SpringPersistenceUnitInfo - No LoadTimeWeaver setup: ignoring JPA class transformer
2026-07-21 14:03:34 [restartedMain] INFO  com.zaxxer.hikari.HikariDataSource - HikariPool-1 - Starting...
2026-07-21 14:03:36 [restartedMain] INFO  com.zaxxer.hikari.pool.HikariPool - HikariPool-1 - Added connection com.mysql.cj.jdbc.ConnectionImpl@133272e
2026-07-21 14:03:36 [restartedMain] INFO  com.zaxxer.hikari.HikariDataSource - HikariPool-1 - Start completed.
2026-07-21 14:03:36 [restartedMain] WARN  org.hibernate.orm.jdbc - HHH100045: Could not obtain connection metadata: java.sql.SQLSyntaxErrorException: Unknown column 'RESERVED' in 'WHERE'
2026-07-21 14:03:36 [restartedMain] WARN  org.hibernate.orm.deprecation - HHH90000025: MySQLDialect does not need to be specified explicitly using 'hibernate.dialect' (remove the property setting and it will be selected by default)
2026-07-21 14:03:36 [restartedMain] INFO  o.hibernate.orm.connections.pooling - HHH10001005: Database info:
	Database JDBC URL [undefined/unknown]
	Database driver: undefined/unknown
	Database dialect: MySQLDialect
	Database version: 8.0
	Default catalog/schema: unknown/unknown
	Autocommit mode: undefined/unknown
	Isolation level: NONE [default NONE]
	JDBC fetch size: undefined/unknown
	Pool: DataSourceConnectionProvider
	Minimum pool size: undefined/unknown
	Maximum pool size: undefined/unknown
2026-07-21 14:03:39 [restartedMain] INFO  org.hibernate.orm.core - HHH000489: No JTA platform available (set 'hibernate.transaction.jta.platform' to enable JTA platform integration)
2026-07-21 14:03:47 [restartedMain] INFO  o.s.o.j.LocalContainerEntityManagerFactoryBean - Initialized JPA EntityManagerFactory for persistence unit 'default'
2026-07-21 14:03:47 [restartedMain] INFO  o.s.d.j.r.q.QueryEnhancerFactories - Hibernate is in classpath; If applicable, HQL parser will be used.
2026-07-21 14:03:47 [restartedMain] INFO  o.s.s.c.a.a.c.InitializeUserDetailsBeanManagerConfigurer$InitializeUserDetailsManagerConfigurer - Global AuthenticationManager configured with UserDetailsService bean with name customUserDetailsService
2026-07-21 14:03:47 [restartedMain] WARN  o.s.b.j.a.JpaBaseConfiguration$JpaWebConfiguration - spring.jpa.open-in-view is enabled by default. Therefore, database queries may be performed during view rendering. Explicitly configure spring.jpa.open-in-view to disable this warning
2026-07-21 14:03:48 [restartedMain] INFO  o.a.coyote.http11.Http11NioProtocol - Starting ProtocolHandler ["http-nio-8080"]
2026-07-21 14:03:48 [restartedMain] INFO  o.s.boot.tomcat.TomcatWebServer - Tomcat started on port 8080 (http) with context path '/'
2026-07-21 14:03:48 [restartedMain] INFO  c.e.D.DocgenBackendApplication - Started DocgenBackendApplication in 18.484 seconds (process running for 19.696)
2026-07-21 14:04:00 [http-nio-8080-exec-2] INFO  o.a.c.c.C.[Tomcat].[localhost].[/] - Initializing Spring DispatcherServlet 'dispatcherServlet'
2026-07-21 14:04:00 [http-nio-8080-exec-2] INFO  o.s.web.servlet.DispatcherServlet - Initializing Servlet 'dispatcherServlet'
2026-07-21 14:04:00 [http-nio-8080-exec-2] INFO  o.s.web.servlet.DispatcherServlet - Completed initialization in 4 ms
2026-07-21 14:04:01 [http-nio-8080-exec-3] INFO  c.e.Docgen_Backend.config.JwtFilter - JWT validated successfully for userId=6a311365ec2c34f3d9e4f06e
2026-07-21 14:04:01 [http-nio-8080-exec-3] INFO  c.e.D.controller.UserController - GET /api/v2/users - Fetch all users request received | page=0, size=8, sortBy=id, direction=desc
2026-07-21 14:04:06 [http-nio-8080-exec-3] INFO  c.e.D.controller.UserController - Fetched 8 users on page 0 of 3
2026-07-21 14:04:06 [http-nio-8080-exec-4] INFO  c.e.Docgen_Backend.config.JwtFilter - JWT validated successfully for userId=6a311365ec2c34f3d9e4f06e
2026-07-21 14:04:06 [http-nio-8080-exec-4] INFO  c.e.D.controller.UserController - GET /api/v2/users - Fetch all users request received | page=0, size=8, sortBy=id, direction=desc
2026-07-21 14:04:08 [http-nio-8080-exec-4] INFO  c.e.D.controller.UserController - Fetched 8 users on page 0 of 3
2026-07-21 14:04:18 [http-nio-8080-exec-7] INFO  c.e.Docgen_Backend.config.JwtFilter - JWT validated successfully for userId=6a311365ec2c34f3d9e4f06e
2026-07-21 14:04:18 [http-nio-8080-exec-7] INFO  c.e.D.controller.UserController - GET /api/v2/users/29 - Fetch request received
2026-07-21 14:04:18 [http-nio-8080-exec-7] INFO  c.e.D.service.impl.UserServiceImpl - Fetching user profile for edit | userId=29
2026-07-21 14:04:18 [http-nio-8080-exec-7] DEBUG c.e.D.service.impl.UserServiceImpl - User found | userId=29 | employeeId=NCSS0135
2026-07-21 14:04:18 [http-nio-8080-exec-7] INFO  c.e.D.service.impl.UserServiceImpl - User profile fetched successfully | userId=29 | timeTaken=622ms
2026-07-21 14:04:18 [http-nio-8080-exec-7] INFO  c.e.D.controller.UserController - Profile fetched successfully for userId=29
2026-07-21 14:04:18 [http-nio-8080-exec-7] DEBUG c.e.D.controller.UserController - Fetched profile data: UserProfileResponseDTO(id=29, employeeName=Somesh Amol Ingole, employeeId=NCSS0135, email=someshingole244@gmail.com, mobileNo=8830362115, joiningDesignation=ETL Automation Tester, currentDesignation=ETL Automation Tester, department=IT, company=NCSS, identity=MR, pfType=WITH_PF, accountNo=922010034172335, bankName=Axis Bank, currentAddress=Bhaji Bazar, Near Someshwar Mandir Chowk, Amravati, Maharashtra, permanentAddress=Bhaji Bazar, Near Someshwar Mandir Chowk, Amravati, Maharashtra, joiningCTC=1350008.0, currentCTC=1350008.0, dateOfBirth=1995-04-24, offerDate=2025-04-25, joiningDate=2025-05-05, panNo=ANHPI7836C, documents={APPOINTMENT_LETTER=DocumentResponseDTO(generated=false, data=null), INTERNSHIP_LETTER=DocumentResponseDTO(generated=false, data=null), EXPERIENCE_LETTER=DocumentResponseDTO(generated=true, data={issueDate=2026-07-15, relievingDate=2026-07-15}), FULL_AND_FINAL=DocumentResponseDTO(generated=false, data=null), CONFIRMATION_LETTER=DocumentResponseDTO(generated=false, data=null), INCREMENT_LETTER=DocumentResponseDTO(generated=false, data=null), RELIEVING_LETTER=DocumentResponseDTO(generated=true, data={issueDate=2026-07-15, relievingDate=2026-07-15}), SALARY_SLIP=DocumentResponseDTO(generated=true, data={startMonth=2026-04, endMonth=2026-06}), COMPLETION_LETTER=DocumentResponseDTO(generated=false, data=null), OFFER_LETTER=DocumentResponseDTO(generated=true, data={issueDate=2025-04-25, probationPeriod=3})})
2026-07-21 14:04:18 [http-nio-8080-exec-8] INFO  c.e.Docgen_Backend.config.JwtFilter - JWT validated successfully for userId=6a311365ec2c34f3d9e4f06e
2026-07-21 14:04:18 [http-nio-8080-exec-8] INFO  c.e.D.controller.UserController - GET /api/v2/users/29 - Fetch request received
2026-07-21 14:04:18 [http-nio-8080-exec-8] INFO  c.e.D.service.impl.UserServiceImpl - Fetching user profile for edit | userId=29
2026-07-21 14:04:19 [http-nio-8080-exec-8] DEBUG c.e.D.service.impl.UserServiceImpl - User found | userId=29 | employeeId=NCSS0135
2026-07-21 14:04:19 [http-nio-8080-exec-8] INFO  c.e.D.service.impl.UserServiceImpl - User profile fetched successfully | userId=29 | timeTaken=361ms
2026-07-21 14:04:19 [http-nio-8080-exec-8] INFO  c.e.D.controller.UserController - Profile fetched successfully for userId=29
2026-07-21 14:04:19 [http-nio-8080-exec-8] DEBUG c.e.D.controller.UserController - Fetched profile data: UserProfileResponseDTO(id=29, employeeName=Somesh Amol Ingole, employeeId=NCSS0135, email=someshingole244@gmail.com, mobileNo=8830362115, joiningDesignation=ETL Automation Tester, currentDesignation=ETL Automation Tester, department=IT, company=NCSS, identity=MR, pfType=WITH_PF, accountNo=922010034172335, bankName=Axis Bank, currentAddress=Bhaji Bazar, Near Someshwar Mandir Chowk, Amravati, Maharashtra, permanentAddress=Bhaji Bazar, Near Someshwar Mandir Chowk, Amravati, Maharashtra, joiningCTC=1350008.0, currentCTC=1350008.0, dateOfBirth=1995-04-24, offerDate=2025-04-25, joiningDate=2025-05-05, panNo=ANHPI7836C, documents={APPOINTMENT_LETTER=DocumentResponseDTO(generated=false, data=null), INTERNSHIP_LETTER=DocumentResponseDTO(generated=false, data=null), EXPERIENCE_LETTER=DocumentResponseDTO(generated=true, data={issueDate=2026-07-15, relievingDate=2026-07-15}), FULL_AND_FINAL=DocumentResponseDTO(generated=false, data=null), CONFIRMATION_LETTER=DocumentResponseDTO(generated=false, data=null), INCREMENT_LETTER=DocumentResponseDTO(generated=false, data=null), RELIEVING_LETTER=DocumentResponseDTO(generated=true, data={issueDate=2026-07-15, relievingDate=2026-07-15}), SALARY_SLIP=DocumentResponseDTO(generated=true, data={startMonth=2026-04, endMonth=2026-06}), COMPLETION_LETTER=DocumentResponseDTO(generated=false, data=null), OFFER_LETTER=DocumentResponseDTO(generated=true, data={issueDate=2025-04-25, probationPeriod=3})})
2026-07-21 14:05:19 [HikariPool-1:housekeeper] WARN  com.zaxxer.hikari.pool.PoolBase - HikariPool-1 - Failed to validate connection com.mysql.cj.jdbc.ConnectionImpl@710d6153 (No operations allowed after connection closed.). Possibly consider using a shorter maxLifetime value.
2026-07-21 14:05:22 [HikariPool-1:housekeeper] WARN  com.zaxxer.hikari.pool.PoolBase - HikariPool-1 - Failed to validate connection com.mysql.cj.jdbc.ConnectionImpl@133272e (No operations allowed after connection closed.). Possibly consider using a shorter maxLifetime value.
2026-07-21 14:05:35 [HikariPool-1:housekeeper] WARN  com.zaxxer.hikari.pool.PoolBase - HikariPool-1 - Failed to validate connection com.mysql.cj.jdbc.ConnectionImpl@66f82097 (No operations allowed after connection closed.). Possibly consider using a shorter maxLifetime value.
2026-07-21 14:06:42 [http-nio-8080-exec-1] INFO  c.e.Docgen_Backend.config.JwtFilter - JWT validated successfully for userId=6a311365ec2c34f3d9e4f06e
2026-07-21 14:06:42 [http-nio-8080-exec-1] INFO  c.e.D.controller.UserController - PATCH /api/v2/users/29 - Update request received for employeeId=NCSS0135
2026-07-21 14:06:42 [http-nio-8080-exec-1] DEBUG c.e.D.controller.UserController - Update payload: CreateProfileRequest(employeeName=Somesh Amol Ingole, email=someshingole244@gmail.com, mobileNo=8830362115, employeeId=NCSS0135, joiningDesignation=ETL Automation Tester, currentDesignation=ETL Automation Tester, department=IT, currentAddress=Bhaji Bazar, Near Someshwar Mandir Chowk, Amravati, Maharashtra, permanentAddress=Bhaji Bazar, Near Someshwar Mandir Chowk, Amravati, Maharashtra, accountNo=922010034172335, bankName=Axis Bank, joiningCTC=1350008.0, currentCTC=1350008.0, dateOfBirth=1995-04-24, offerDate=2025-04-25, joiningDate=2025-05-05, panNo=ANHPI7836C, company=NCSS, pfType=WITH_PF, identity=MR, documents=[EXPERIENCE_LETTER, RELIEVING_LETTER, SALARY_SLIP, OFFER_LETTER, APPOINTMENT_LETTER], documentData={OFFER_LETTER={issueDate=2025-04-25, probationPeriod=3}, APPOINTMENT_LETTER={issueDate=2025-05-05, probationPeriod=15}, EXPERIENCE_LETTER={relievingDate=2026-07-15, issueDate=2026-07-15}, RELIEVING_LETTER={relievingDate=2026-07-15, issueDate=2026-07-15}, SALARY_SLIP={startMonth=2026-04, endMonth=2026-06, salaryWorkdays={2026-04=30, 2026-05=31, 2026-06=30}}})
2026-07-21 14:06:42 [http-nio-8080-exec-1] INFO  c.e.D.service.impl.UserServiceImpl - Updating user profile | userId=29 | employeeId=NCSS0135
2026-07-21 14:06:42 [http-nio-8080-exec-1] WARN  com.zaxxer.hikari.pool.PoolBase - HikariPool-1 - Failed to validate connection com.mysql.cj.jdbc.ConnectionImpl@48c47f1a (No operations allowed after connection closed.). Possibly consider using a shorter maxLifetime value.
2026-07-21 14:06:42 [http-nio-8080-exec-1] WARN  com.zaxxer.hikari.pool.PoolBase - HikariPool-1 - Failed to validate connection com.mysql.cj.jdbc.ConnectionImpl@21d1fb8c (No operations allowed after connection closed.). Possibly consider using a shorter maxLifetime value.
2026-07-21 14:06:42 [http-nio-8080-exec-1] DEBUG c.e.D.service.impl.UserServiceImpl - Existing user fetched | userId=29 | oldEmployeeId=NCSS0135
2026-07-21 14:06:42 [http-nio-8080-exec-1] DEBUG c.e.D.service.impl.UserServiceImpl - Updating documents | userId=29
2026-07-21 14:06:43 [http-nio-8080-exec-1] INFO  c.e.D.service.impl.UserServiceImpl - User profile updated successfully | userId=29 | timeTaken=849ms
2026-07-21 14:06:43 [http-nio-8080-exec-1] INFO  c.e.D.controller.UserController - Profile updated successfully for userId=29, employeeId=NCSS0135
2026-07-21 14:08:27 [HikariPool-1:housekeeper] WARN  com.zaxxer.hikari.pool.PoolBase - HikariPool-1 - Failed to validate connection com.mysql.cj.jdbc.ConnectionImpl@2a824c4c (No operations allowed after connection closed.). Possibly consider using a shorter maxLifetime value.
2026-07-21 14:08:34 [HikariPool-1:housekeeper] WARN  com.zaxxer.hikari.pool.PoolBase - HikariPool-1 - Failed to validate connection com.mysql.cj.jdbc.ConnectionImpl@4fbc1916 (No operations allowed after connection closed.). Possibly consider using a shorter maxLifetime value.
2026-07-21 14:08:40 [HikariPool-1:housekeeper] WARN  com.zaxxer.hikari.pool.PoolBase - HikariPool-1 - Failed to validate connection com.mysql.cj.jdbc.ConnectionImpl@25c4ef02 (No operations allowed after connection closed.). Possibly consider using a shorter maxLifetime value.
2026-07-21 14:10:23 [HikariPool-1:housekeeper] WARN  com.zaxxer.hikari.pool.PoolBase - HikariPool-1 - Failed to validate connection com.mysql.cj.jdbc.ConnectionImpl@592b8716 (No operations allowed after connection closed.). Possibly consider using a shorter maxLifetime value.
2026-07-21 14:10:27 [HikariPool-1:housekeeper] WARN  com.zaxxer.hikari.pool.PoolBase - HikariPool-1 - Failed to validate connection com.mysql.cj.jdbc.ConnectionImpl@2773e91e (No operations allowed after connection closed.). Possibly consider using a shorter maxLifetime value.
2026-07-21 14:12:16 [HikariPool-1:housekeeper] WARN  com.zaxxer.hikari.pool.PoolBase - HikariPool-1 - Failed to validate connection com.mysql.cj.jdbc.ConnectionImpl@535452fb (No operations allowed after connection closed.). Possibly consider using a shorter maxLifetime value.
2026-07-21 14:12:17 [HikariPool-1:housekeeper] WARN  com.zaxxer.hikari.pool.PoolBase - HikariPool-1 - Failed to validate connection com.mysql.cj.jdbc.ConnectionImpl@1e3527dc (No operations allowed after connection closed.). Possibly consider using a shorter maxLifetime value.
2026-07-21 14:13:57 [HikariPool-1:housekeeper] WARN  com.zaxxer.hikari.pool.PoolBase - HikariPool-1 - Failed to validate connection com.mysql.cj.jdbc.ConnectionImpl@26b6061d (No operations allowed after connection closed.). Possibly consider using a shorter maxLifetime value.
2026-07-21 14:14:02 [HikariPool-1:housekeeper] WARN  com.zaxxer.hikari.pool.PoolBase - HikariPool-1 - Failed to validate connection com.mysql.cj.jdbc.ConnectionImpl@12e68a06 (No operations allowed after connection closed.). Possibly consider using a shorter maxLifetime value.
2026-07-21 14:15:45 [HikariPool-1:housekeeper] WARN  com.zaxxer.hikari.pool.PoolBase - HikariPool-1 - Failed to validate connection com.mysql.cj.jdbc.ConnectionImpl@33ca3819 (No operations allowed after connection closed.). Possibly consider using a shorter maxLifetime value.
2026-07-21 14:15:48 [HikariPool-1:housekeeper] WARN  com.zaxxer.hikari.pool.PoolBase - HikariPool-1 - Failed to validate connection com.mysql.cj.jdbc.ConnectionImpl@17794032 (No operations allowed after connection closed.). Possibly consider using a shorter maxLifetime value.
2026-07-21 14:17:36 [HikariPool-1:housekeeper] WARN  com.zaxxer.hikari.pool.PoolBase - HikariPool-1 - Failed to validate connection com.mysql.cj.jdbc.ConnectionImpl@7591b834 (No operations allowed after connection closed.). Possibly consider using a shorter maxLifetime value.
2026-07-21 14:17:44 [HikariPool-1:housekeeper] WARN  com.zaxxer.hikari.pool.PoolBase - HikariPool-1 - Failed to validate connection com.mysql.cj.jdbc.ConnectionImpl@538401fe (No operations allowed after connection closed.). Possibly consider using a shorter maxLifetime value.
2026-07-21 14:19:26 [HikariPool-1:housekeeper] WARN  com.zaxxer.hikari.pool.PoolBase - HikariPool-1 - Failed to validate connection com.mysql.cj.jdbc.ConnectionImpl@7609fa84 (No operations allowed after connection closed.). Possibly consider using a shorter maxLifetime value.
2026-07-21 14:19:40 [HikariPool-1:housekeeper] WARN  com.zaxxer.hikari.pool.PoolBase - HikariPool-1 - Failed to validate connection com.mysql.cj.jdbc.ConnectionImpl@7228fbc (No operations allowed after connection closed.). Possibly consider using a shorter maxLifetime value.
2026-07-21 14:21:21 [HikariPool-1:housekeeper] WARN  com.zaxxer.hikari.pool.PoolBase - HikariPool-1 - Failed to validate connection com.mysql.cj.jdbc.ConnectionImpl@3dff613a (No operations allowed after connection closed.). Possibly consider using a shorter maxLifetime value.
2026-07-21 14:21:39 [HikariPool-1:housekeeper] WARN  com.zaxxer.hikari.pool.PoolBase - HikariPool-1 - Failed to validate connection com.mysql.cj.jdbc.ConnectionImpl@d13fd0e (No operations allowed after connection closed.). Possibly consider using a shorter maxLifetime value.
2026-07-21 14:23:18 [HikariPool-1:housekeeper] WARN  com.zaxxer.hikari.pool.PoolBase - HikariPool-1 - Failed to validate connection com.mysql.cj.jdbc.ConnectionImpl@14505352 (No operations allowed after connection closed.). Possibly consider using a shorter maxLifetime value.
2026-07-21 14:23:23 [HikariPool-1:housekeeper] WARN  com.zaxxer.hikari.pool.PoolBase - HikariPool-1 - Failed to validate connection com.mysql.cj.jdbc.ConnectionImpl@6676e8b0 (No operations allowed after connection closed.). Possibly consider using a shorter maxLifetime value.
2026-07-21 14:25:06 [HikariPool-1:housekeeper] WARN  com.zaxxer.hikari.pool.PoolBase - HikariPool-1 - Failed to validate connection com.mysql.cj.jdbc.ConnectionImpl@22ec494a (No operations allowed after connection closed.). Possibly consider using a shorter maxLifetime value.
2026-07-21 14:25:21 [HikariPool-1:housekeeper] WARN  com.zaxxer.hikari.pool.PoolBase - HikariPool-1 - Failed to validate connection com.mysql.cj.jdbc.ConnectionImpl@7b9c89b0 (No operations allowed after connection closed.). Possibly consider using a shorter maxLifetime value.
2026-07-21 14:25:51 [http-nio-8080-exec-6] INFO  c.e.Docgen_Backend.config.JwtFilter - JWT validated successfully for userId=6a311365ec2c34f3d9e4f06e
2026-07-21 14:25:51 [http-nio-8080-exec-6] INFO  c.e.D.controller.UserController - POST /api/v2/users/create-profile - Request received for employeeId=null
2026-07-21 14:25:51 [http-nio-8080-exec-6] DEBUG c.e.D.controller.UserController - Full request payload: CreateProfileRequest(employeeName=Sameer Pramod Doifode, email=prathamesh69bhavsar@gmail.com, mobileNo=8999983227, employeeId=null, joiningDesignation=Associate, currentDesignation=Associate, department=IT, currentAddress=C-103, Bhansali Campus, Vadgaon Bk, Pune 411041, permanentAddress=C-103, Bhansali Campus, Vadgaon Bk, Pune 411041, accountNo=38326617207, bankName=Bank of India , joiningCTC=340020.0, currentCTC=340020.0, dateOfBirth=2001-05-02, offerDate=2023-07-31, joiningDate=2023-08-07, panNo=ETCPD5377Q, company=RPBS, pfType=WITHOUT_PF, identity=MR, documents=[SALARY_SLIP, OFFER_LETTER, EXPERIENCE_LETTER, RELIEVING_LETTER], documentData={OFFER_LETTER={issueDate=2023-07-31, probationPeriod=15}, EXPERIENCE_LETTER={relievingDate=2024-07-24, issueDate=2024-07-24}, RELIEVING_LETTER={relievingDate=2024-07-24, issueDate=2024-07-24}, SALARY_SLIP={startMonth=2026-04, endMonth=2026-06, salaryWorkdays={2026-04=30, 2026-05=31, 2026-06=30}}})
2026-07-21 14:25:51 [http-nio-8080-exec-6] WARN  com.zaxxer.hikari.pool.PoolBase - HikariPool-1 - Failed to validate connection com.mysql.cj.jdbc.ConnectionImpl@3876f46d (No operations allowed after connection closed.). Possibly consider using a shorter maxLifetime value.
2026-07-21 14:25:51 [http-nio-8080-exec-6] WARN  com.zaxxer.hikari.pool.PoolBase - HikariPool-1 - Failed to validate connection com.mysql.cj.jdbc.ConnectionImpl@3b1fd351 (No operations allowed after connection closed.). Possibly consider using a shorter maxLifetime value.
2026-07-21 14:25:52 [http-nio-8080-exec-6] ERROR c.e.D.service.impl.UserServiceImpl - Error while creating profile | error=Email already exists
java.lang.IllegalArgumentException: Email already exists
	at com.example.Docgen_Backend.service.impl.UserServiceImpl.validateRequest(UserServiceImpl.java:104)
	at com.example.Docgen_Backend.service.impl.UserServiceImpl.createProfile(UserServiceImpl.java:37)
	at java.base/jdk.internal.reflect.DirectMethodHandleAccessor.invoke(DirectMethodHandleAccessor.java:103)
	at java.base/java.lang.reflect.Method.invoke(Method.java:580)
	at org.springframework.aop.support.AopUtils.invokeJoinpointUsingReflection(AopUtils.java:359)
	at org.springframework.aop.framework.ReflectiveMethodInvocation.invokeJoinpoint(ReflectiveMethodInvocation.java:190)
	at org.springframework.aop.framework.ReflectiveMethodInvocation.proceed(ReflectiveMethodInvocation.java:158)
	at org.springframework.transaction.interceptor.TransactionInterceptor$1.proceedWithInvocation(TransactionInterceptor.java:133)
	at org.springframework.transaction.interceptor.TransactionAspectSupport.invokeWithinTransaction(TransactionAspectSupport.java:371)
	at org.springframework.transaction.interceptor.TransactionInterceptor.invoke(TransactionInterceptor.java:130)
	at org.springframework.aop.framework.ReflectiveMethodInvocation.proceed(ReflectiveMethodInvocation.java:179)
	at org.springframework.aop.framework.CglibAopProxy$DynamicAdvisedInterceptor.intercept(CglibAopProxy.java:719)
	at com.example.Docgen_Backend.service.impl.UserServiceImpl$$SpringCGLIB$$0.createProfile(<generated>)
	at com.example.Docgen_Backend.controller.UserController.createProfile(UserController.java:35)
	at java.base/jdk.internal.reflect.DirectMethodHandleAccessor.invoke(DirectMethodHandleAccessor.java:103)
	at java.base/java.lang.reflect.Method.invoke(Method.java:580)
	at org.springframework.web.method.support.InvocableHandlerMethod.doInvoke(InvocableHandlerMethod.java:252)
	at org.springframework.web.method.support.InvocableHandlerMethod.invokeForRequest(InvocableHandlerMethod.java:184)
	at org.springframework.web.servlet.mvc.method.annotation.ServletInvocableHandlerMethod.invokeAndHandle(ServletInvocableHandlerMethod.java:117)
	at org.springframework.web.servlet.mvc.method.annotation.RequestMappingHandlerAdapter.invokeHandlerMethod(RequestMappingHandlerAdapter.java:934)
	at org.springframework.web.servlet.mvc.method.annotation.RequestMappingHandlerAdapter.handleInternal(RequestMappingHandlerAdapter.java:853)
	at org.springframework.web.servlet.mvc.method.AbstractHandlerMethodAdapter.handle(AbstractHandlerMethodAdapter.java:86)
	at org.springframework.web.servlet.DispatcherServlet.doDispatch(DispatcherServlet.java:963)
	at org.springframework.web.servlet.DispatcherServlet.doService(DispatcherServlet.java:866)
	at org.springframework.web.servlet.FrameworkServlet.processRequest(FrameworkServlet.java:1000)
	at org.springframework.web.servlet.FrameworkServlet.doPost(FrameworkServlet.java:903)
	at jakarta.servlet.http.HttpServlet.service(HttpServlet.java:649)
	at org.springframework.web.servlet.FrameworkServlet.service(FrameworkServlet.java:874)
	at jakarta.servlet.http.HttpServlet.service(HttpServlet.java:710)
	at org.apache.catalina.core.ApplicationFilterChain.doFilter(ApplicationFilterChain.java:128)
	at org.apache.tomcat.websocket.server.WsFilter.doFilter(WsFilter.java:53)
	at org.apache.catalina.core.ApplicationFilterChain.doFilter(ApplicationFilterChain.java:107)
	at org.springframework.web.filter.OncePerRequestFilter.doFilter(OncePerRequestFilter.java:110)
	at org.apache.catalina.core.ApplicationFilterChain.doFilter(ApplicationFilterChain.java:107)
	at org.springframework.web.filter.CompositeFilter$VirtualFilterChain.doFilter(CompositeFilter.java:108)
	at org.springframework.security.web.FilterChainProxy.lambda$doFilterInternal$3(FilterChainProxy.java:235)
	at org.springframework.security.web.FilterChainProxy$VirtualFilterChain.doFilter(FilterChainProxy.java:376)
	at org.springframework.security.web.access.intercept.AuthorizationFilter.doFilter(AuthorizationFilter.java:101)
	at org.springframework.security.web.FilterChainProxy$VirtualFilterChain.doFilter(FilterChainProxy.java:385)
	at org.springframework.security.web.access.ExceptionTranslationFilter.doFilter(ExceptionTranslationFilter.java:126)
	at org.springframework.security.web.access.ExceptionTranslationFilter.doFilter(ExceptionTranslationFilter.java:120)
	at org.springframework.security.web.FilterChainProxy$VirtualFilterChain.doFilter(FilterChainProxy.java:385)
	at org.springframework.security.web.session.SessionManagementFilter.doFilter(SessionManagementFilter.java:132)
	at org.springframework.security.web.session.SessionManagementFilter.doFilter(SessionManagementFilter.java:86)
	at org.springframework.security.web.FilterChainProxy$VirtualFilterChain.doFilter(FilterChainProxy.java:385)
	at org.springframework.security.web.authentication.AnonymousAuthenticationFilter.doFilter(AnonymousAuthenticationFilter.java:100)
	at org.springframework.security.web.FilterChainProxy$VirtualFilterChain.doFilter(FilterChainProxy.java:385)
	at org.springframework.security.web.servletapi.SecurityContextHolderAwareRequestFilter.doFilter(SecurityContextHolderAwareRequestFilter.java:181)
	at org.springframework.security.web.FilterChainProxy$VirtualFilterChain.doFilter(FilterChainProxy.java:385)
	at org.springframework.security.web.savedrequest.RequestCacheAwareFilter.doFilter(RequestCacheAwareFilter.java:63)
	at org.springframework.security.web.FilterChainProxy$VirtualFilterChain.doFilter(FilterChainProxy.java:385)
	at com.example.Docgen_Backend.config.JwtFilter.doFilterInternal(JwtFilter.java:111)
	at org.springframework.web.filter.OncePerRequestFilter.doFilter(OncePerRequestFilter.java:116)
	at org.springframework.security.web.FilterChainProxy$VirtualFilterChain.doFilter(FilterChainProxy.java:385)
	at org.springframework.security.web.authentication.logout.LogoutFilter.doFilter(LogoutFilter.java:110)
	at org.springframework.security.web.authentication.logout.LogoutFilter.doFilter(LogoutFilter.java:96)
	at org.springframework.security.web.FilterChainProxy$VirtualFilterChain.doFilter(FilterChainProxy.java:385)
	at org.springframework.web.filter.CorsFilter.doFilterInternal(CorsFilter.java:91)
	at org.springframework.web.filter.OncePerRequestFilter.doFilter(OncePerRequestFilter.java:116)
	at org.springframework.security.web.FilterChainProxy$VirtualFilterChain.doFilter(FilterChainProxy.java:385)
	at org.springframework.security.web.header.HeaderWriterFilter.doHeadersAfter(HeaderWriterFilter.java:90)
	at org.springframework.security.web.header.HeaderWriterFilter.doFilterInternal(HeaderWriterFilter.java:75)
	at org.springframework.web.filter.OncePerRequestFilter.doFilter(OncePerRequestFilter.java:116)
	at org.springframework.security.web.FilterChainProxy$VirtualFilterChain.doFilter(FilterChainProxy.java:385)
	at org.springframework.security.web.context.SecurityContextHolderFilter.doFilter(SecurityContextHolderFilter.java:82)
	at org.springframework.security.web.context.SecurityContextHolderFilter.doFilter(SecurityContextHolderFilter.java:69)
	at org.springframework.security.web.FilterChainProxy$VirtualFilterChain.doFilter(FilterChainProxy.java:385)
	at org.springframework.security.web.context.request.async.WebAsyncManagerIntegrationFilter.doFilterInternal(WebAsyncManagerIntegrationFilter.java:62)
	at org.springframework.web.filter.OncePerRequestFilter.doFilter(OncePerRequestFilter.java:116)
	at org.springframework.security.web.FilterChainProxy$VirtualFilterChain.doFilter(FilterChainProxy.java:385)
	at org.springframework.security.web.session.DisableEncodeUrlFilter.doFilterInternal(DisableEncodeUrlFilter.java:42)
	at org.springframework.web.filter.OncePerRequestFilter.doFilter(OncePerRequestFilter.java:116)
	at org.springframework.security.web.FilterChainProxy$VirtualFilterChain.doFilter(FilterChainProxy.java:385)
	at org.springframework.security.web.FilterChainProxy.doFilterInternal(FilterChainProxy.java:237)
	at org.springframework.security.web.FilterChainProxy.doFilter(FilterChainProxy.java:195)
	at org.springframework.web.filter.CompositeFilter$VirtualFilterChain.doFilter(CompositeFilter.java:113)
	at org.springframework.web.filter.ServletRequestPathFilter.doFilter(ServletRequestPathFilter.java:52)
	at org.springframework.web.filter.CompositeFilter$VirtualFilterChain.doFilter(CompositeFilter.java:113)
	at org.springframework.web.filter.CompositeFilter.doFilter(CompositeFilter.java:74)
	at org.springframework.security.config.annotation.web.configuration.WebSecurityConfiguration$CompositeFilterChainProxy.doFilter(WebSecurityConfiguration.java:317)
	at org.springframework.web.filter.DelegatingFilterProxy.invokeDelegate(DelegatingFilterProxy.java:355)
	at org.springframework.web.filter.DelegatingFilterProxy.doFilter(DelegatingFilterProxy.java:272)
	at org.apache.catalina.core.ApplicationFilterChain.doFilter(ApplicationFilterChain.java:107)
	at org.springframework.web.filter.RequestContextFilter.doFilterInternal(RequestContextFilter.java:100)
	at org.springframework.web.filter.OncePerRequestFilter.doFilter(OncePerRequestFilter.java:116)
	at org.apache.catalina.core.ApplicationFilterChain.doFilter(ApplicationFilterChain.java:107)
	at org.springframework.web.filter.FormContentFilter.doFilterInternal(FormContentFilter.java:93)
	at org.springframework.web.filter.OncePerRequestFilter.doFilter(OncePerRequestFilter.java:116)
	at org.apache.catalina.core.ApplicationFilterChain.doFilter(ApplicationFilterChain.java:107)
	at org.springframework.web.filter.CharacterEncodingFilter.doFilterInternal(CharacterEncodingFilter.java:199)
	at org.springframework.web.filter.OncePerRequestFilter.doFilter(OncePerRequestFilter.java:116)
	at org.apache.catalina.core.ApplicationFilterChain.doFilter(ApplicationFilterChain.java:107)
	at org.apache.catalina.core.StandardWrapperValve.invoke(StandardWrapperValve.java:165)
	at org.apache.catalina.core.StandardContextValve.invoke(StandardContextValve.java:77)
	at org.apache.catalina.authenticator.AuthenticatorBase.invoke(AuthenticatorBase.java:492)
	at org.apache.catalina.core.StandardHostValve.invoke(StandardHostValve.java:113)
	at org.apache.catalina.valves.ErrorReportValve.invoke(ErrorReportValve.java:83)
	at org.apache.catalina.core.StandardEngineValve.invoke(StandardEngineValve.java:72)
	at org.apache.catalina.connector.CoyoteAdapter.service(CoyoteAdapter.java:341)
	at org.apache.coyote.http11.Http11Processor.service(Http11Processor.java:397)
	at org.apache.coyote.AbstractProcessorLight.process(AbstractProcessorLight.java:63)
	at org.apache.coyote.AbstractProtocol$ConnectionHandler.process(AbstractProtocol.java:903)
	at org.apache.tomcat.util.net.NioEndpoint$SocketProcessor.doRun(NioEndpoint.java:1801)
	at org.apache.tomcat.util.net.SocketProcessorBase.run(SocketProcessorBase.java:52)
	at org.apache.tomcat.util.threads.ThreadPoolExecutor.runWorker(ThreadPoolExecutor.java:946)
	at org.apache.tomcat.util.threads.ThreadPoolExecutor$Worker.run(ThreadPoolExecutor.java:480)
	at org.apache.tomcat.util.threads.TaskThread$WrappingRunnable.run(TaskThread.java:57)
	at java.base/java.lang.Thread.run(Thread.java:1583)
2026-07-21 14:25:52 [http-nio-8080-exec-6] ERROR c.e.D.e.GlobalExceptionHandler - Invalid input: Email already exists
2026-07-21 14:25:52 [http-nio-8080-exec-6] WARN  o.s.w.s.m.m.a.ExceptionHandlerExceptionResolver - Resolved [java.lang.IllegalArgumentException: Email already exists]
2026-07-21 14:26:53 [http-nio-8080-exec-7] INFO  c.e.Docgen_Backend.config.JwtFilter - JWT validated successfully for userId=6a311365ec2c34f3d9e4f06e
2026-07-21 14:26:53 [http-nio-8080-exec-7] ERROR c.e.D.e.GlobalExceptionHandler - Unexpected error occurred
org.springframework.web.method.annotation.MethodArgumentTypeMismatchException: Method parameter 'id': Failed to convert value of type 'java.lang.String' to required type 'java.lang.Long'; For input string: "undefined"
	at org.springframework.web.method.annotation.AbstractNamedValueMethodArgumentResolver.convertIfNecessary(AbstractNamedValueMethodArgumentResolver.java:295)
	at org.springframework.web.method.annotation.AbstractNamedValueMethodArgumentResolver.resolveArgument(AbstractNamedValueMethodArgumentResolver.java:134)
	at org.springframework.web.method.support.HandlerMethodArgumentResolverComposite.resolveArgument(HandlerMethodArgumentResolverComposite.java:122)
	at org.springframework.web.method.support.InvocableHandlerMethod.getMethodArgumentValues(InvocableHandlerMethod.java:224)
	at org.springframework.web.method.support.InvocableHandlerMethod.invokeForRequest(InvocableHandlerMethod.java:174)
	at org.springframework.web.servlet.mvc.method.annotation.ServletInvocableHandlerMethod.invokeAndHandle(ServletInvocableHandlerMethod.java:117)
	at org.springframework.web.servlet.mvc.method.annotation.RequestMappingHandlerAdapter.invokeHandlerMethod(RequestMappingHandlerAdapter.java:934)
	at org.springframework.web.servlet.mvc.method.annotation.RequestMappingHandlerAdapter.handleInternal(RequestMappingHandlerAdapter.java:853)
	at org.springframework.web.servlet.mvc.method.AbstractHandlerMethodAdapter.handle(AbstractHandlerMethodAdapter.java:86)
	at org.springframework.web.servlet.DispatcherServlet.doDispatch(DispatcherServlet.java:963)
	at org.springframework.web.servlet.DispatcherServlet.doService(DispatcherServlet.java:866)
	at org.springframework.web.servlet.FrameworkServlet.processRequest(FrameworkServlet.java:1000)
	at org.springframework.web.servlet.FrameworkServlet.service(FrameworkServlet.java:877)
	at jakarta.servlet.http.HttpServlet.service(HttpServlet.java:710)
	at org.apache.catalina.core.ApplicationFilterChain.doFilter(ApplicationFilterChain.java:128)
	at org.apache.tomcat.websocket.server.WsFilter.doFilter(WsFilter.java:53)
	at org.apache.catalina.core.ApplicationFilterChain.doFilter(ApplicationFilterChain.java:107)
	at org.springframework.web.filter.OncePerRequestFilter.doFilter(OncePerRequestFilter.java:110)
	at org.apache.catalina.core.ApplicationFilterChain.doFilter(ApplicationFilterChain.java:107)
	at org.springframework.web.filter.CompositeFilter$VirtualFilterChain.doFilter(CompositeFilter.java:108)
	at org.springframework.security.web.FilterChainProxy.lambda$doFilterInternal$3(FilterChainProxy.java:235)
	at org.springframework.security.web.FilterChainProxy$VirtualFilterChain.doFilter(FilterChainProxy.java:376)
	at org.springframework.security.web.access.intercept.AuthorizationFilter.doFilter(AuthorizationFilter.java:101)
	at org.springframework.security.web.FilterChainProxy$VirtualFilterChain.doFilter(FilterChainProxy.java:385)
	at org.springframework.security.web.access.ExceptionTranslationFilter.doFilter(ExceptionTranslationFilter.java:126)
	at org.springframework.security.web.access.ExceptionTranslationFilter.doFilter(ExceptionTranslationFilter.java:120)
	at org.springframework.security.web.FilterChainProxy$VirtualFilterChain.doFilter(FilterChainProxy.java:385)
	at org.springframework.security.web.session.SessionManagementFilter.doFilter(SessionManagementFilter.java:132)
	at org.springframework.security.web.session.SessionManagementFilter.doFilter(SessionManagementFilter.java:86)
	at org.springframework.security.web.FilterChainProxy$VirtualFilterChain.doFilter(FilterChainProxy.java:385)
	at org.springframework.security.web.authentication.AnonymousAuthenticationFilter.doFilter(AnonymousAuthenticationFilter.java:100)
	at org.springframework.security.web.FilterChainProxy$VirtualFilterChain.doFilter(FilterChainProxy.java:385)
	at org.springframework.security.web.servletapi.SecurityContextHolderAwareRequestFilter.doFilter(SecurityContextHolderAwareRequestFilter.java:181)
	at org.springframework.security.web.FilterChainProxy$VirtualFilterChain.doFilter(FilterChainProxy.java:385)
	at org.springframework.security.web.savedrequest.RequestCacheAwareFilter.doFilter(RequestCacheAwareFilter.java:63)
	at org.springframework.security.web.FilterChainProxy$VirtualFilterChain.doFilter(FilterChainProxy.java:385)
	at com.example.Docgen_Backend.config.JwtFilter.doFilterInternal(JwtFilter.java:111)
	at org.springframework.web.filter.OncePerRequestFilter.doFilter(OncePerRequestFilter.java:116)
	at org.springframework.security.web.FilterChainProxy$VirtualFilterChain.doFilter(FilterChainProxy.java:385)
	at org.springframework.security.web.authentication.logout.LogoutFilter.doFilter(LogoutFilter.java:110)
	at org.springframework.security.web.authentication.logout.LogoutFilter.doFilter(LogoutFilter.java:96)
	at org.springframework.security.web.FilterChainProxy$VirtualFilterChain.doFilter(FilterChainProxy.java:385)
	at org.springframework.web.filter.CorsFilter.doFilterInternal(CorsFilter.java:91)
	at org.springframework.web.filter.OncePerRequestFilter.doFilter(OncePerRequestFilter.java:116)
	at org.springframework.security.web.FilterChainProxy$VirtualFilterChain.doFilter(FilterChainProxy.java:385)
	at org.springframework.security.web.header.HeaderWriterFilter.doHeadersAfter(HeaderWriterFilter.java:90)
	at org.springframework.security.web.header.HeaderWriterFilter.doFilterInternal(HeaderWriterFilter.java:75)
	at org.springframework.web.filter.OncePerRequestFilter.doFilter(OncePerRequestFilter.java:116)
	at org.springframework.security.web.FilterChainProxy$VirtualFilterChain.doFilter(FilterChainProxy.java:385)
	at org.springframework.security.web.context.SecurityContextHolderFilter.doFilter(SecurityContextHolderFilter.java:82)
	at org.springframework.security.web.context.SecurityContextHolderFilter.doFilter(SecurityContextHolderFilter.java:69)
	at org.springframework.security.web.FilterChainProxy$VirtualFilterChain.doFilter(FilterChainProxy.java:385)
	at org.springframework.security.web.context.request.async.WebAsyncManagerIntegrationFilter.doFilterInternal(WebAsyncManagerIntegrationFilter.java:62)
	at org.springframework.web.filter.OncePerRequestFilter.doFilter(OncePerRequestFilter.java:116)
	at org.springframework.security.web.FilterChainProxy$VirtualFilterChain.doFilter(FilterChainProxy.java:385)
	at org.springframework.security.web.session.DisableEncodeUrlFilter.doFilterInternal(DisableEncodeUrlFilter.java:42)
	at org.springframework.web.filter.OncePerRequestFilter.doFilter(OncePerRequestFilter.java:116)
	at org.springframework.security.web.FilterChainProxy$VirtualFilterChain.doFilter(FilterChainProxy.java:385)
	at org.springframework.security.web.FilterChainProxy.doFilterInternal(FilterChainProxy.java:237)
	at org.springframework.security.web.FilterChainProxy.doFilter(FilterChainProxy.java:195)
	at org.springframework.web.filter.CompositeFilter$VirtualFilterChain.doFilter(CompositeFilter.java:113)
	at org.springframework.web.filter.ServletRequestPathFilter.doFilter(ServletRequestPathFilter.java:52)
	at org.springframework.web.filter.CompositeFilter$VirtualFilterChain.doFilter(CompositeFilter.java:113)
	at org.springframework.web.filter.CompositeFilter.doFilter(CompositeFilter.java:74)
	at org.springframework.security.config.annotation.web.configuration.WebSecurityConfiguration$CompositeFilterChainProxy.doFilter(WebSecurityConfiguration.java:317)
	at org.springframework.web.filter.DelegatingFilterProxy.invokeDelegate(DelegatingFilterProxy.java:355)
	at org.springframework.web.filter.DelegatingFilterProxy.doFilter(DelegatingFilterProxy.java:272)
	at org.apache.catalina.core.ApplicationFilterChain.doFilter(ApplicationFilterChain.java:107)
	at org.springframework.web.filter.RequestContextFilter.doFilterInternal(RequestContextFilter.java:100)
	at org.springframework.web.filter.OncePerRequestFilter.doFilter(OncePerRequestFilter.java:116)
	at org.apache.catalina.core.ApplicationFilterChain.doFilter(ApplicationFilterChain.java:107)
	at org.springframework.web.filter.FormContentFilter.doFilterInternal(FormContentFilter.java:93)
	at org.springframework.web.filter.OncePerRequestFilter.doFilter(OncePerRequestFilter.java:116)
	at org.apache.catalina.core.ApplicationFilterChain.doFilter(ApplicationFilterChain.java:107)
	at org.springframework.web.filter.CharacterEncodingFilter.doFilterInternal(CharacterEncodingFilter.java:199)
	at org.springframework.web.filter.OncePerRequestFilter.doFilter(OncePerRequestFilter.java:116)
	at org.apache.catalina.core.ApplicationFilterChain.doFilter(ApplicationFilterChain.java:107)
	at org.apache.catalina.core.StandardWrapperValve.invoke(StandardWrapperValve.java:165)
	at org.apache.catalina.core.StandardContextValve.invoke(StandardContextValve.java:77)
	at org.apache.catalina.authenticator.AuthenticatorBase.invoke(AuthenticatorBase.java:492)
	at org.apache.catalina.core.StandardHostValve.invoke(StandardHostValve.java:113)
	at org.apache.catalina.valves.ErrorReportValve.invoke(ErrorReportValve.java:83)
	at org.apache.catalina.core.StandardEngineValve.invoke(StandardEngineValve.java:72)
	at org.apache.catalina.connector.CoyoteAdapter.service(CoyoteAdapter.java:341)
	at org.apache.coyote.http11.Http11Processor.service(Http11Processor.java:397)
	at org.apache.coyote.AbstractProcessorLight.process(AbstractProcessorLight.java:63)
	at org.apache.coyote.AbstractProtocol$ConnectionHandler.process(AbstractProtocol.java:903)
	at org.apache.tomcat.util.net.NioEndpoint$SocketProcessor.doRun(NioEndpoint.java:1801)
	at org.apache.tomcat.util.net.SocketProcessorBase.run(SocketProcessorBase.java:52)
	at org.apache.tomcat.util.threads.ThreadPoolExecutor.runWorker(ThreadPoolExecutor.java:946)
	at org.apache.tomcat.util.threads.ThreadPoolExecutor$Worker.run(ThreadPoolExecutor.java:480)
	at org.apache.tomcat.util.threads.TaskThread$WrappingRunnable.run(TaskThread.java:57)
	at java.base/java.lang.Thread.run(Thread.java:1583)
Caused by: java.lang.NumberFormatException: For input string: "undefined"
	at java.base/java.lang.NumberFormatException.forInputString(NumberFormatException.java:67)
	at java.base/java.lang.Long.parseLong(Long.java:709)
	at java.base/java.lang.Long.valueOf(Long.java:1157)
	at org.springframework.util.NumberUtils.parseNumber(NumberUtils.java:204)
	at org.springframework.beans.propertyeditors.CustomNumberEditor.setAsText(CustomNumberEditor.java:115)
	at org.springframework.beans.TypeConverterDelegate.doConvertTextValue(TypeConverterDelegate.java:434)
	at org.springframework.beans.TypeConverterDelegate.doConvertValue(TypeConverterDelegate.java:407)
	at org.springframework.beans.TypeConverterDelegate.convertIfNecessary(TypeConverterDelegate.java:158)
	at org.springframework.beans.TypeConverterSupport.convertIfNecessary(TypeConverterSupport.java:75)
	at org.springframework.beans.TypeConverterSupport.convertIfNecessary(TypeConverterSupport.java:51)
	at org.springframework.validation.DataBinder.convertIfNecessary(DataBinder.java:843)
	at org.springframework.web.method.annotation.AbstractNamedValueMethodArgumentResolver.convertIfNecessary(AbstractNamedValueMethodArgumentResolver.java:287)
	... 92 common frames omitted
2026-07-21 14:26:53 [http-nio-8080-exec-7] WARN  o.s.w.s.m.m.a.ExceptionHandlerExceptionResolver - Resolved [org.springframework.web.method.annotation.MethodArgumentTypeMismatchException: Method parameter 'id': Failed to convert value of type 'java.lang.String' to required type 'java.lang.Long'; For input string: "undefined"]
2026-07-21 14:27:28 [HikariPool-1:housekeeper] WARN  com.zaxxer.hikari.pool.PoolBase - HikariPool-1 - Failed to validate connection com.mysql.cj.jdbc.ConnectionImpl@d4e0c56 (No operations allowed after connection closed.). Possibly consider using a shorter maxLifetime value.
2026-07-21 14:27:44 [HikariPool-1:housekeeper] WARN  com.zaxxer.hikari.pool.PoolBase - HikariPool-1 - Failed to validate connection com.mysql.cj.jdbc.ConnectionImpl@4e1b67b4 (No operations allowed after connection closed.). Possibly consider using a shorter maxLifetime value.
2026-07-21 14:27:47 [HikariPool-1:housekeeper] WARN  com.zaxxer.hikari.pool.PoolBase - HikariPool-1 - Failed to validate connection com.mysql.cj.jdbc.ConnectionImpl@3b3fb1da (No operations allowed after connection closed.). Possibly consider using a shorter maxLifetime value.
2026-07-21 14:45:10 [background-preinit] INFO  o.h.validator.internal.util.Version - HV000001: Hibernate Validator 9.0.1.Final
2026-07-21 14:45:10 [restartedMain] INFO  c.e.D.DocgenBackendApplication - Starting DocgenBackendApplication using Java 21.0.9 with PID 30100 (E:\DocGen New Front V2\Docgen-Backend\target\classes started by prath in E:\DocGen New Front V2\Docgen-Backend)
2026-07-21 14:45:10 [restartedMain] DEBUG c.e.D.DocgenBackendApplication - Running with Spring Boot v4.0.6, Spring v7.0.7
2026-07-21 14:45:10 [restartedMain] INFO  c.e.D.DocgenBackendApplication - No active profile set, falling back to 1 default profile: "default"
2026-07-21 14:45:10 [restartedMain] INFO  o.s.b.d.e.DevToolsPropertyDefaultsPostProcessor - Devtools property defaults active! Set 'spring.devtools.add-properties' to 'false' to disable
2026-07-21 14:45:10 [restartedMain] INFO  o.s.b.d.e.DevToolsPropertyDefaultsPostProcessor - For additional web related logging consider setting the 'logging.level.web' property to 'DEBUG'
2026-07-21 14:45:11 [restartedMain] INFO  o.s.d.r.c.RepositoryConfigurationDelegate - Bootstrapping Spring Data JPA repositories in DEFAULT mode.
2026-07-21 14:45:11 [restartedMain] INFO  o.s.d.r.c.RepositoryConfigurationDelegate - Finished Spring Data repository scanning in 78 ms. Found 3 JPA repository interfaces.
2026-07-21 14:45:12 [restartedMain] INFO  o.s.boot.tomcat.TomcatWebServer - Tomcat initialized with port 8080 (http)
2026-07-21 14:45:12 [restartedMain] INFO  o.a.coyote.http11.Http11NioProtocol - Initializing ProtocolHandler ["http-nio-8080"]
2026-07-21 14:45:12 [restartedMain] INFO  o.a.catalina.core.StandardService - Starting service [Tomcat]
2026-07-21 14:45:12 [restartedMain] INFO  o.a.catalina.core.StandardEngine - Starting Servlet engine: [Apache Tomcat/11.0.21]
2026-07-21 14:45:12 [restartedMain] INFO  o.s.b.w.c.s.WebApplicationContextInitializer - Root WebApplicationContext: initialization completed in 2028 ms
2026-07-21 14:45:12 [restartedMain] DEBUG c.e.Docgen_Backend.config.JwtFilter - Filter 'jwtFilter' configured for use
2026-07-21 14:45:12 [restartedMain] INFO  org.hibernate.orm.jpa - HHH008540: Processing PersistenceUnitInfo [name: default]
2026-07-21 14:45:12 [restartedMain] INFO  org.hibernate.orm.core - HHH000001: Hibernate ORM core version 7.2.12.Final
2026-07-21 14:45:13 [restartedMain] INFO  o.s.o.j.p.SpringPersistenceUnitInfo - No LoadTimeWeaver setup: ignoring JPA class transformer
2026-07-21 14:45:13 [restartedMain] INFO  com.zaxxer.hikari.HikariDataSource - HikariPool-1 - Starting...
2026-07-21 14:45:14 [restartedMain] INFO  com.zaxxer.hikari.pool.HikariPool - HikariPool-1 - Added connection com.mysql.cj.jdbc.ConnectionImpl@133272e
2026-07-21 14:45:14 [restartedMain] INFO  com.zaxxer.hikari.HikariDataSource - HikariPool-1 - Start completed.
2026-07-21 14:45:15 [restartedMain] WARN  org.hibernate.orm.jdbc - HHH100045: Could not obtain connection metadata: java.sql.SQLSyntaxErrorException: Unknown column 'RESERVED' in 'WHERE'
2026-07-21 14:45:15 [restartedMain] WARN  org.hibernate.orm.deprecation - HHH90000025: MySQLDialect does not need to be specified explicitly using 'hibernate.dialect' (remove the property setting and it will be selected by default)
2026-07-21 14:45:15 [restartedMain] INFO  o.hibernate.orm.connections.pooling - HHH10001005: Database info:
	Database JDBC URL [undefined/unknown]
	Database driver: undefined/unknown
	Database dialect: MySQLDialect
	Database version: 8.0
	Default catalog/schema: unknown/unknown
	Autocommit mode: undefined/unknown
	Isolation level: NONE [default NONE]
	JDBC fetch size: undefined/unknown
	Pool: DataSourceConnectionProvider
	Minimum pool size: undefined/unknown
	Maximum pool size: undefined/unknown
2026-07-21 14:45:16 [restartedMain] INFO  org.hibernate.orm.core - HHH000489: No JTA platform available (set 'hibernate.transaction.jta.platform' to enable JTA platform integration)
2026-07-21 14:45:28 [restartedMain] INFO  o.s.o.j.LocalContainerEntityManagerFactoryBean - Initialized JPA EntityManagerFactory for persistence unit 'default'
2026-07-21 14:45:28 [restartedMain] INFO  o.s.d.j.r.q.QueryEnhancerFactories - Hibernate is in classpath; If applicable, HQL parser will be used.
2026-07-21 14:45:29 [restartedMain] INFO  o.s.s.c.a.a.c.InitializeUserDetailsBeanManagerConfigurer$InitializeUserDetailsManagerConfigurer - Global AuthenticationManager configured with UserDetailsService bean with name customUserDetailsService
2026-07-21 14:45:29 [restartedMain] WARN  o.s.b.j.a.JpaBaseConfiguration$JpaWebConfiguration - spring.jpa.open-in-view is enabled by default. Therefore, database queries may be performed during view rendering. Explicitly configure spring.jpa.open-in-view to disable this warning
2026-07-21 14:45:29 [restartedMain] INFO  o.a.coyote.http11.Http11NioProtocol - Starting ProtocolHandler ["http-nio-8080"]
2026-07-21 14:45:29 [restartedMain] INFO  o.s.boot.tomcat.TomcatWebServer - Tomcat started on port 8080 (http) with context path '/'
2026-07-21 14:45:29 [restartedMain] INFO  c.e.D.DocgenBackendApplication - Started DocgenBackendApplication in 20.028 seconds (process running for 20.853)
2026-07-21 14:47:01 [HikariPool-1:housekeeper] WARN  com.zaxxer.hikari.pool.PoolBase - HikariPool-1 - Failed to validate connection com.mysql.cj.jdbc.ConnectionImpl@133272e (No operations allowed after connection closed.). Possibly consider using a shorter maxLifetime value.
2026-07-21 14:47:01 [HikariPool-1:housekeeper] WARN  com.zaxxer.hikari.pool.PoolBase - HikariPool-1 - Failed to validate connection com.mysql.cj.jdbc.ConnectionImpl@22bcaa8d (No operations allowed after connection closed.). Possibly consider using a shorter maxLifetime value.
2026-07-21 14:47:12 [HikariPool-1:housekeeper] WARN  com.zaxxer.hikari.pool.PoolBase - HikariPool-1 - Failed to validate connection com.mysql.cj.jdbc.ConnectionImpl@12c101ed (No operations allowed after connection closed.). Possibly consider using a shorter maxLifetime value.
2026-07-21 14:48:07 [http-nio-8080-exec-1] INFO  o.a.c.c.C.[Tomcat].[localhost].[/] - Initializing Spring DispatcherServlet 'dispatcherServlet'
2026-07-21 14:48:07 [http-nio-8080-exec-1] INFO  o.s.web.servlet.DispatcherServlet - Initializing Servlet 'dispatcherServlet'
2026-07-21 14:48:07 [http-nio-8080-exec-1] INFO  o.s.web.servlet.DispatcherServlet - Completed initialization in 77 ms
2026-07-21 14:48:08 [http-nio-8080-exec-2] INFO  c.e.Docgen_Backend.config.JwtFilter - JWT validated successfully for userId=6a311365ec2c34f3d9e4f06e
2026-07-21 14:48:08 [http-nio-8080-exec-2] ERROR c.e.D.e.GlobalExceptionHandler - Unexpected error occurred
org.springframework.web.method.annotation.MethodArgumentTypeMismatchException: Method parameter 'id': Failed to convert value of type 'java.lang.String' to required type 'java.lang.Long'; For input string: "undefined"
	at org.springframework.web.method.annotation.AbstractNamedValueMethodArgumentResolver.convertIfNecessary(AbstractNamedValueMethodArgumentResolver.java:295)
	at org.springframework.web.method.annotation.AbstractNamedValueMethodArgumentResolver.resolveArgument(AbstractNamedValueMethodArgumentResolver.java:134)
	at org.springframework.web.method.support.HandlerMethodArgumentResolverComposite.resolveArgument(HandlerMethodArgumentResolverComposite.java:122)
	at org.springframework.web.method.support.InvocableHandlerMethod.getMethodArgumentValues(InvocableHandlerMethod.java:224)
	at org.springframework.web.method.support.InvocableHandlerMethod.invokeForRequest(InvocableHandlerMethod.java:174)
	at org.springframework.web.servlet.mvc.method.annotation.ServletInvocableHandlerMethod.invokeAndHandle(ServletInvocableHandlerMethod.java:117)
	at org.springframework.web.servlet.mvc.method.annotation.RequestMappingHandlerAdapter.invokeHandlerMethod(RequestMappingHandlerAdapter.java:934)
	at org.springframework.web.servlet.mvc.method.annotation.RequestMappingHandlerAdapter.handleInternal(RequestMappingHandlerAdapter.java:853)
	at org.springframework.web.servlet.mvc.method.AbstractHandlerMethodAdapter.handle(AbstractHandlerMethodAdapter.java:86)
	at org.springframework.web.servlet.DispatcherServlet.doDispatch(DispatcherServlet.java:963)
	at org.springframework.web.servlet.DispatcherServlet.doService(DispatcherServlet.java:866)
	at org.springframework.web.servlet.FrameworkServlet.processRequest(FrameworkServlet.java:1000)
	at org.springframework.web.servlet.FrameworkServlet.service(FrameworkServlet.java:877)
	at jakarta.servlet.http.HttpServlet.service(HttpServlet.java:710)
	at org.apache.catalina.core.ApplicationFilterChain.doFilter(ApplicationFilterChain.java:128)
	at org.apache.tomcat.websocket.server.WsFilter.doFilter(WsFilter.java:53)
	at org.apache.catalina.core.ApplicationFilterChain.doFilter(ApplicationFilterChain.java:107)
	at org.springframework.web.filter.OncePerRequestFilter.doFilter(OncePerRequestFilter.java:110)
	at org.apache.catalina.core.ApplicationFilterChain.doFilter(ApplicationFilterChain.java:107)
	at org.springframework.web.filter.CompositeFilter$VirtualFilterChain.doFilter(CompositeFilter.java:108)
	at org.springframework.security.web.FilterChainProxy.lambda$doFilterInternal$3(FilterChainProxy.java:235)
	at org.springframework.security.web.FilterChainProxy$VirtualFilterChain.doFilter(FilterChainProxy.java:376)
	at org.springframework.security.web.access.intercept.AuthorizationFilter.doFilter(AuthorizationFilter.java:101)
	at org.springframework.security.web.FilterChainProxy$VirtualFilterChain.doFilter(FilterChainProxy.java:385)
	at org.springframework.security.web.access.ExceptionTranslationFilter.doFilter(ExceptionTranslationFilter.java:126)
	at org.springframework.security.web.access.ExceptionTranslationFilter.doFilter(ExceptionTranslationFilter.java:120)
	at org.springframework.security.web.FilterChainProxy$VirtualFilterChain.doFilter(FilterChainProxy.java:385)
	at org.springframework.security.web.session.SessionManagementFilter.doFilter(SessionManagementFilter.java:132)
	at org.springframework.security.web.session.SessionManagementFilter.doFilter(SessionManagementFilter.java:86)
	at org.springframework.security.web.FilterChainProxy$VirtualFilterChain.doFilter(FilterChainProxy.java:385)
	at org.springframework.security.web.authentication.AnonymousAuthenticationFilter.doFilter(AnonymousAuthenticationFilter.java:100)
	at org.springframework.security.web.FilterChainProxy$VirtualFilterChain.doFilter(FilterChainProxy.java:385)
	at org.springframework.security.web.servletapi.SecurityContextHolderAwareRequestFilter.doFilter(SecurityContextHolderAwareRequestFilter.java:181)
	at org.springframework.security.web.FilterChainProxy$VirtualFilterChain.doFilter(FilterChainProxy.java:385)
	at org.springframework.security.web.savedrequest.RequestCacheAwareFilter.doFilter(RequestCacheAwareFilter.java:63)
	at org.springframework.security.web.FilterChainProxy$VirtualFilterChain.doFilter(FilterChainProxy.java:385)
	at com.example.Docgen_Backend.config.JwtFilter.doFilterInternal(JwtFilter.java:111)
	at org.springframework.web.filter.OncePerRequestFilter.doFilter(OncePerRequestFilter.java:116)
	at org.springframework.security.web.FilterChainProxy$VirtualFilterChain.doFilter(FilterChainProxy.java:385)
	at org.springframework.security.web.authentication.logout.LogoutFilter.doFilter(LogoutFilter.java:110)
	at org.springframework.security.web.authentication.logout.LogoutFilter.doFilter(LogoutFilter.java:96)
	at org.springframework.security.web.FilterChainProxy$VirtualFilterChain.doFilter(FilterChainProxy.java:385)
	at org.springframework.web.filter.CorsFilter.doFilterInternal(CorsFilter.java:91)
	at org.springframework.web.filter.OncePerRequestFilter.doFilter(OncePerRequestFilter.java:116)
	at org.springframework.security.web.FilterChainProxy$VirtualFilterChain.doFilter(FilterChainProxy.java:385)
	at org.springframework.security.web.header.HeaderWriterFilter.doHeadersAfter(HeaderWriterFilter.java:90)
	at org.springframework.security.web.header.HeaderWriterFilter.doFilterInternal(HeaderWriterFilter.java:75)
	at org.springframework.web.filter.OncePerRequestFilter.doFilter(OncePerRequestFilter.java:116)
	at org.springframework.security.web.FilterChainProxy$VirtualFilterChain.doFilter(FilterChainProxy.java:385)
	at org.springframework.security.web.context.SecurityContextHolderFilter.doFilter(SecurityContextHolderFilter.java:82)
	at org.springframework.security.web.context.SecurityContextHolderFilter.doFilter(SecurityContextHolderFilter.java:69)
	at org.springframework.security.web.FilterChainProxy$VirtualFilterChain.doFilter(FilterChainProxy.java:385)
	at org.springframework.security.web.context.request.async.WebAsyncManagerIntegrationFilter.doFilterInternal(WebAsyncManagerIntegrationFilter.java:62)
	at org.springframework.web.filter.OncePerRequestFilter.doFilter(OncePerRequestFilter.java:116)
	at org.springframework.security.web.FilterChainProxy$VirtualFilterChain.doFilter(FilterChainProxy.java:385)
	at org.springframework.security.web.session.DisableEncodeUrlFilter.doFilterInternal(DisableEncodeUrlFilter.java:42)
	at org.springframework.web.filter.OncePerRequestFilter.doFilter(OncePerRequestFilter.java:116)
	at org.springframework.security.web.FilterChainProxy$VirtualFilterChain.doFilter(FilterChainProxy.java:385)
	at org.springframework.security.web.FilterChainProxy.doFilterInternal(FilterChainProxy.java:237)
	at org.springframework.security.web.FilterChainProxy.doFilter(FilterChainProxy.java:195)
	at org.springframework.web.filter.CompositeFilter$VirtualFilterChain.doFilter(CompositeFilter.java:113)
	at org.springframework.web.filter.ServletRequestPathFilter.doFilter(ServletRequestPathFilter.java:52)
	at org.springframework.web.filter.CompositeFilter$VirtualFilterChain.doFilter(CompositeFilter.java:113)
	at org.springframework.web.filter.CompositeFilter.doFilter(CompositeFilter.java:74)
	at org.springframework.security.config.annotation.web.configuration.WebSecurityConfiguration$CompositeFilterChainProxy.doFilter(WebSecurityConfiguration.java:317)
	at org.springframework.web.filter.DelegatingFilterProxy.invokeDelegate(DelegatingFilterProxy.java:355)
	at org.springframework.web.filter.DelegatingFilterProxy.doFilter(DelegatingFilterProxy.java:272)
	at org.apache.catalina.core.ApplicationFilterChain.doFilter(ApplicationFilterChain.java:107)
	at org.springframework.web.filter.RequestContextFilter.doFilterInternal(RequestContextFilter.java:100)
	at org.springframework.web.filter.OncePerRequestFilter.doFilter(OncePerRequestFilter.java:116)
	at org.apache.catalina.core.ApplicationFilterChain.doFilter(ApplicationFilterChain.java:107)
	at org.springframework.web.filter.FormContentFilter.doFilterInternal(FormContentFilter.java:93)
	at org.springframework.web.filter.OncePerRequestFilter.doFilter(OncePerRequestFilter.java:116)
	at org.apache.catalina.core.ApplicationFilterChain.doFilter(ApplicationFilterChain.java:107)
	at org.springframework.web.filter.CharacterEncodingFilter.doFilterInternal(CharacterEncodingFilter.java:199)
	at org.springframework.web.filter.OncePerRequestFilter.doFilter(OncePerRequestFilter.java:116)
	at org.apache.catalina.core.ApplicationFilterChain.doFilter(ApplicationFilterChain.java:107)
	at org.apache.catalina.core.StandardWrapperValve.invoke(StandardWrapperValve.java:165)
	at org.apache.catalina.core.StandardContextValve.invoke(StandardContextValve.java:77)
	at org.apache.catalina.authenticator.AuthenticatorBase.invoke(AuthenticatorBase.java:492)
	at org.apache.catalina.core.StandardHostValve.invoke(StandardHostValve.java:113)
	at org.apache.catalina.valves.ErrorReportValve.invoke(ErrorReportValve.java:83)
	at org.apache.catalina.core.StandardEngineValve.invoke(StandardEngineValve.java:72)
	at org.apache.catalina.connector.CoyoteAdapter.service(CoyoteAdapter.java:341)
	at org.apache.coyote.http11.Http11Processor.service(Http11Processor.java:397)
	at org.apache.coyote.AbstractProcessorLight.process(AbstractProcessorLight.java:63)
	at org.apache.coyote.AbstractProtocol$ConnectionHandler.process(AbstractProtocol.java:903)
	at org.apache.tomcat.util.net.NioEndpoint$SocketProcessor.doRun(NioEndpoint.java:1801)
	at org.apache.tomcat.util.net.SocketProcessorBase.run(SocketProcessorBase.java:52)
	at org.apache.tomcat.util.threads.ThreadPoolExecutor.runWorker(ThreadPoolExecutor.java:946)
	at org.apache.tomcat.util.threads.ThreadPoolExecutor$Worker.run(ThreadPoolExecutor.java:480)
	at org.apache.tomcat.util.threads.TaskThread$WrappingRunnable.run(TaskThread.java:57)
	at java.base/java.lang.Thread.run(Thread.java:1583)
Caused by: java.lang.NumberFormatException: For input string: "undefined"
	at java.base/java.lang.NumberFormatException.forInputString(NumberFormatException.java:67)
	at java.base/java.lang.Long.parseLong(Long.java:709)
	at java.base/java.lang.Long.valueOf(Long.java:1157)
	at org.springframework.util.NumberUtils.parseNumber(NumberUtils.java:204)
	at org.springframework.beans.propertyeditors.CustomNumberEditor.setAsText(CustomNumberEditor.java:115)
	at org.springframework.beans.TypeConverterDelegate.doConvertTextValue(TypeConverterDelegate.java:434)
	at org.springframework.beans.TypeConverterDelegate.doConvertValue(TypeConverterDelegate.java:407)
	at org.springframework.beans.TypeConverterDelegate.convertIfNecessary(TypeConverterDelegate.java:158)
	at org.springframework.beans.TypeConverterSupport.convertIfNecessary(TypeConverterSupport.java:75)
	at org.springframework.beans.TypeConverterSupport.convertIfNecessary(TypeConverterSupport.java:51)
	at org.springframework.validation.DataBinder.convertIfNecessary(DataBinder.java:843)
	at org.springframework.web.method.annotation.AbstractNamedValueMethodArgumentResolver.convertIfNecessary(AbstractNamedValueMethodArgumentResolver.java:287)
	... 92 common frames omitted
2026-07-21 14:48:08 [http-nio-8080-exec-2] WARN  o.s.w.s.m.m.a.ExceptionHandlerExceptionResolver - Resolved [org.springframework.web.method.annotation.MethodArgumentTypeMismatchException: Method parameter 'id': Failed to convert value of type 'java.lang.String' to required type 'java.lang.Long'; For input string: "undefined"]
2026-07-21 14:48:45 [HikariPool-1:housekeeper] WARN  com.zaxxer.hikari.pool.PoolBase - HikariPool-1 - Failed to validate connection com.mysql.cj.jdbc.ConnectionImpl@4eb5195 (No operations allowed after connection closed.). Possibly consider using a shorter maxLifetime value.
2026-07-21 14:48:50 [HikariPool-1:housekeeper] WARN  com.zaxxer.hikari.pool.PoolBase - HikariPool-1 - Failed to validate connection com.mysql.cj.jdbc.ConnectionImpl@5910d4ab (No operations allowed after connection closed.). Possibly consider using a shorter maxLifetime value.
2026-07-21 14:49:19 [http-nio-8080-exec-5] INFO  c.e.Docgen_Backend.config.JwtFilter - JWT validated successfully for userId=6a311365ec2c34f3d9e4f06e
2026-07-21 14:49:20 [http-nio-8080-exec-5] INFO  c.e.D.controller.UserController - GET /api/v2/users - Fetch all users request received | page=0, size=8, sortBy=id, direction=desc
2026-07-21 14:49:20 [http-nio-8080-exec-5] WARN  com.zaxxer.hikari.pool.PoolBase - HikariPool-1 - Failed to validate connection com.mysql.cj.jdbc.ConnectionImpl@ab0f5b6 (No operations allowed after connection closed.). Possibly consider using a shorter maxLifetime value.
2026-07-21 14:49:20 [http-nio-8080-exec-5] WARN  com.zaxxer.hikari.pool.PoolBase - HikariPool-1 - Failed to validate connection com.mysql.cj.jdbc.ConnectionImpl@2810c064 (No operations allowed after connection closed.). Possibly consider using a shorter maxLifetime value.
2026-07-21 14:49:23 [http-nio-8080-exec-5] INFO  c.e.D.controller.UserController - Fetched 8 users on page 0 of 3
2026-07-21 14:49:24 [http-nio-8080-exec-6] INFO  c.e.Docgen_Backend.config.JwtFilter - JWT validated successfully for userId=6a311365ec2c34f3d9e4f06e
2026-07-21 14:49:24 [http-nio-8080-exec-6] INFO  c.e.D.controller.UserController - GET /api/v2/users - Fetch all users request received | page=0, size=8, sortBy=id, direction=desc
2026-07-21 14:49:26 [http-nio-8080-exec-6] INFO  c.e.D.controller.UserController - Fetched 8 users on page 0 of 3
2026-07-21 14:51:01 [HikariPool-1:housekeeper] WARN  com.zaxxer.hikari.pool.PoolBase - HikariPool-1 - Failed to validate connection com.mysql.cj.jdbc.ConnectionImpl@646c20d9 (No operations allowed after connection closed.). Possibly consider using a shorter maxLifetime value.
2026-07-21 14:51:09 [HikariPool-1:housekeeper] WARN  com.zaxxer.hikari.pool.PoolBase - HikariPool-1 - Failed to validate connection com.mysql.cj.jdbc.ConnectionImpl@5bf848f5 (No operations allowed after connection closed.). Possibly consider using a shorter maxLifetime value.
2026-07-21 14:51:15 [HikariPool-1:housekeeper] WARN  com.zaxxer.hikari.pool.PoolBase - HikariPool-1 - Failed to validate connection com.mysql.cj.jdbc.ConnectionImpl@499a031b (No operations allowed after connection closed.). Possibly consider using a shorter maxLifetime value.
2026-07-21 14:52:45 [HikariPool-1:housekeeper] WARN  com.zaxxer.hikari.pool.PoolBase - HikariPool-1 - Failed to validate connection com.mysql.cj.jdbc.ConnectionImpl@47b327ce (No operations allowed after connection closed.). Possibly consider using a shorter maxLifetime value.
2026-07-21 14:53:09 [HikariPool-1:housekeeper] WARN  com.zaxxer.hikari.pool.PoolBase - HikariPool-1 - Failed to validate connection com.mysql.cj.jdbc.ConnectionImpl@3ef8fa18 (No operations allowed after connection closed.). Possibly consider using a shorter maxLifetime value.
2026-07-21 14:54:27 [HikariPool-1:housekeeper] WARN  com.zaxxer.hikari.pool.PoolBase - HikariPool-1 - Failed to validate connection com.mysql.cj.jdbc.ConnectionImpl@15d3088c (No operations allowed after connection closed.). Possibly consider using a shorter maxLifetime value.
2026-07-21 14:55:08 [HikariPool-1:housekeeper] WARN  com.zaxxer.hikari.pool.PoolBase - HikariPool-1 - Failed to validate connection com.mysql.cj.jdbc.ConnectionImpl@56e2c0c1 (No operations allowed after connection closed.). Possibly consider using a shorter maxLifetime value.
2026-07-21 14:55:12 [http-nio-8080-exec-10] INFO  c.e.Docgen_Backend.config.JwtFilter - JWT validated successfully for userId=6a311365ec2c34f3d9e4f06e
2026-07-21 14:55:12 [http-nio-8080-exec-10] INFO  c.e.D.controller.UserController - POST /api/v2/users/create-profile - Request received for employeeId=null
2026-07-21 14:55:12 [http-nio-8080-exec-10] DEBUG c.e.D.controller.UserController - Full request payload: CreateProfileRequest(employeeName=Sameer Pramod Doifode, email=samdoiphode08@gmail.com, mobileNo=8999983227, employeeId=null, joiningDesignation=Accounts Payable Associate, currentDesignation=Accounts Payable Associate, department=IT, currentAddress=C-103, Bhansali Campus, Vadgaon Bk, Pune - 411041, permanentAddress= Near Water Tank, Court Colony, Mothi Umari Akola, 444005, accountNo=38326617207, bankName=State Bank of India, joiningCTC=340000.0, currentCTC=340000.0, dateOfBirth=2001-05-02, offerDate=2023-07-31, joiningDate=2023-08-07, panNo=ETCPD5377Q, company=RPBS, pfType=WITHOUT_PF, identity=MR, documents=[OFFER_LETTER, SALARY_SLIP, RELIEVING_LETTER, EXPERIENCE_LETTER], documentData={OFFER_LETTER={issueDate=2023-07-31, probationPeriod=3}, EXPERIENCE_LETTER={relievingDate=2024-07-24, issueDate=2024-07-24}, RELIEVING_LETTER={relievingDate=2024-07-24, issueDate=2024-07-24}, SALARY_SLIP={startMonth=2026-04, endMonth=2026-06, salaryWorkdays={2026-04=30, 2026-05=31, 2026-06=30}}})
2026-07-21 14:55:12 [http-nio-8080-exec-10] WARN  com.zaxxer.hikari.pool.PoolBase - HikariPool-1 - Failed to validate connection com.mysql.cj.jdbc.ConnectionImpl@706555ab (No operations allowed after connection closed.). Possibly consider using a shorter maxLifetime value.
2026-07-21 14:55:12 [http-nio-8080-exec-10] INFO  c.e.D.service.impl.UserServiceImpl - Generated employeeId=RPBS001 for company=RPBS
2026-07-21 14:55:13 [http-nio-8080-exec-10] INFO  c.e.D.service.impl.UserServiceImpl - User profile created successfully for employeeId=RPBS001
2026-07-21 14:55:13 [http-nio-8080-exec-10] INFO  c.e.D.controller.UserController - Profile created successfully for employeeId=RPBS001
2026-07-21 14:56:57 [HikariPool-1:housekeeper] WARN  com.zaxxer.hikari.pool.PoolBase - HikariPool-1 - Failed to validate connection com.mysql.cj.jdbc.ConnectionImpl@166e9e11 (No operations allowed after connection closed.). Possibly consider using a shorter maxLifetime value.
2026-07-21 14:56:57 [HikariPool-1:housekeeper] WARN  com.zaxxer.hikari.pool.PoolBase - HikariPool-1 - Failed to validate connection com.mysql.cj.jdbc.ConnectionImpl@6770d045 (No operations allowed after connection closed.). Possibly consider using a shorter maxLifetime value.
2026-07-21 14:57:07 [HikariPool-1:housekeeper] WARN  com.zaxxer.hikari.pool.PoolBase - HikariPool-1 - Failed to validate connection com.mysql.cj.jdbc.ConnectionImpl@5f28161a (No operations allowed after connection closed.). Possibly consider using a shorter maxLifetime value.
2026-07-21 14:57:31 [http-nio-8080-exec-4] INFO  c.e.Docgen_Backend.config.JwtFilter - JWT validated successfully for userId=6a311365ec2c34f3d9e4f06e
2026-07-21 14:57:31 [http-nio-8080-exec-4] INFO  c.e.D.controller.UserController - GET /api/v2/users - Fetch all users request received | page=0, size=8, sortBy=id, direction=desc
2026-07-21 14:57:31 [http-nio-8080-exec-4] WARN  com.zaxxer.hikari.pool.PoolBase - HikariPool-1 - Failed to validate connection com.mysql.cj.jdbc.ConnectionImpl@220848b5 (No operations allowed after connection closed.). Possibly consider using a shorter maxLifetime value.
2026-07-21 14:57:31 [http-nio-8080-exec-4] WARN  com.zaxxer.hikari.pool.PoolBase - HikariPool-1 - Failed to validate connection com.mysql.cj.jdbc.ConnectionImpl@410e0770 (No operations allowed after connection closed.). Possibly consider using a shorter maxLifetime value.
2026-07-21 14:57:33 [http-nio-8080-exec-4] INFO  c.e.D.controller.UserController - Fetched 8 users on page 0 of 3
2026-07-21 14:57:34 [http-nio-8080-exec-4] INFO  c.e.Docgen_Backend.config.JwtFilter - JWT validated successfully for userId=6a311365ec2c34f3d9e4f06e
2026-07-21 14:57:34 [http-nio-8080-exec-4] INFO  c.e.D.controller.UserController - GET /api/v2/users - Fetch all users request received | page=0, size=8, sortBy=id, direction=desc
2026-07-21 14:57:35 [http-nio-8080-exec-8] INFO  c.e.Docgen_Backend.config.JwtFilter - JWT validated successfully for userId=6a311365ec2c34f3d9e4f06e
2026-07-21 14:57:35 [http-nio-8080-exec-8] INFO  c.e.D.controller.UserController - GET /api/v2/users/30 - Fetch request received
2026-07-21 14:57:35 [http-nio-8080-exec-8] INFO  c.e.D.service.impl.UserServiceImpl - Fetching user profile for edit | userId=30
2026-07-21 14:57:36 [http-nio-8080-exec-8] DEBUG c.e.D.service.impl.UserServiceImpl - User found | userId=30 | employeeId=RPBS824
2026-07-21 14:57:36 [http-nio-8080-exec-8] INFO  c.e.D.service.impl.UserServiceImpl - User profile fetched successfully | userId=30 | timeTaken=537ms
2026-07-21 14:57:36 [http-nio-8080-exec-8] INFO  c.e.D.controller.UserController - Profile fetched successfully for userId=30
2026-07-21 14:57:36 [http-nio-8080-exec-8] DEBUG c.e.D.controller.UserController - Fetched profile data: UserProfileResponseDTO(id=30, employeeName=Sameer Pramod Doifode, employeeId=RPBS824, email=samdoiphode08@gmail.com, mobileNo=8999983227, joiningDesignation=Accounts Payable Associate, currentDesignation=Accounts Payable Associate, department=IT, company=RPBS, identity=MR, pfType=WITHOUT_PF, accountNo=38326617207, bankName=State Bank of India, currentAddress=C-103, Bhansali Campus, Vadgaon Bk, Pune - 411041, permanentAddress= Near Water Tank, Court Colony, Mothi Umari Akola, 444005, joiningCTC=340000.0, currentCTC=340000.0, dateOfBirth=2001-05-02, offerDate=2023-07-31, joiningDate=2023-08-07, panNo=ETCPD5377Q, documents={APPOINTMENT_LETTER=DocumentResponseDTO(generated=false, data=null), INTERNSHIP_LETTER=DocumentResponseDTO(generated=false, data=null), EXPERIENCE_LETTER=DocumentResponseDTO(generated=true, data={issueDate=2024-07-24, relievingDate=2024-07-24}), FULL_AND_FINAL=DocumentResponseDTO(generated=false, data=null), CONFIRMATION_LETTER=DocumentResponseDTO(generated=false, data=null), INCREMENT_LETTER=DocumentResponseDTO(generated=false, data=null), RELIEVING_LETTER=DocumentResponseDTO(generated=true, data={issueDate=2024-07-24, relievingDate=2024-07-24}), SALARY_SLIP=DocumentResponseDTO(generated=true, data={startMonth=2026-04, endMonth=2026-06}), COMPLETION_LETTER=DocumentResponseDTO(generated=false, data=null), OFFER_LETTER=DocumentResponseDTO(generated=true, data={issueDate=2023-07-31, probationPeriod=3})})
2026-07-21 14:57:36 [http-nio-8080-exec-9] INFO  c.e.Docgen_Backend.config.JwtFilter - JWT validated successfully for userId=6a311365ec2c34f3d9e4f06e
2026-07-21 14:57:36 [http-nio-8080-exec-9] INFO  c.e.D.controller.UserController - GET /api/v2/users/30 - Fetch request received
2026-07-21 14:57:36 [http-nio-8080-exec-9] INFO  c.e.D.service.impl.UserServiceImpl - Fetching user profile for edit | userId=30
2026-07-21 14:57:36 [http-nio-8080-exec-9] DEBUG c.e.D.service.impl.UserServiceImpl - User found | userId=30 | employeeId=RPBS824
2026-07-21 14:57:36 [http-nio-8080-exec-9] INFO  c.e.D.service.impl.UserServiceImpl - User profile fetched successfully | userId=30 | timeTaken=379ms
2026-07-21 14:57:36 [http-nio-8080-exec-9] INFO  c.e.D.controller.UserController - Profile fetched successfully for userId=30
2026-07-21 14:57:36 [http-nio-8080-exec-9] DEBUG c.e.D.controller.UserController - Fetched profile data: UserProfileResponseDTO(id=30, employeeName=Sameer Pramod Doifode, employeeId=RPBS824, email=samdoiphode08@gmail.com, mobileNo=8999983227, joiningDesignation=Accounts Payable Associate, currentDesignation=Accounts Payable Associate, department=IT, company=RPBS, identity=MR, pfType=WITHOUT_PF, accountNo=38326617207, bankName=State Bank of India, currentAddress=C-103, Bhansali Campus, Vadgaon Bk, Pune - 411041, permanentAddress= Near Water Tank, Court Colony, Mothi Umari Akola, 444005, joiningCTC=340000.0, currentCTC=340000.0, dateOfBirth=2001-05-02, offerDate=2023-07-31, joiningDate=2023-08-07, panNo=ETCPD5377Q, documents={APPOINTMENT_LETTER=DocumentResponseDTO(generated=false, data=null), INTERNSHIP_LETTER=DocumentResponseDTO(generated=false, data=null), EXPERIENCE_LETTER=DocumentResponseDTO(generated=true, data={issueDate=2024-07-24, relievingDate=2024-07-24}), FULL_AND_FINAL=DocumentResponseDTO(generated=false, data=null), CONFIRMATION_LETTER=DocumentResponseDTO(generated=false, data=null), INCREMENT_LETTER=DocumentResponseDTO(generated=false, data=null), RELIEVING_LETTER=DocumentResponseDTO(generated=true, data={issueDate=2024-07-24, relievingDate=2024-07-24}), SALARY_SLIP=DocumentResponseDTO(generated=true, data={startMonth=2026-04, endMonth=2026-06}), COMPLETION_LETTER=DocumentResponseDTO(generated=false, data=null), OFFER_LETTER=DocumentResponseDTO(generated=true, data={issueDate=2023-07-31, probationPeriod=3})})
2026-07-21 14:57:36 [http-nio-8080-exec-4] INFO  c.e.D.controller.UserController - Fetched 8 users on page 0 of 3
2026-07-21 14:58:42 [http-nio-8080-exec-5] INFO  c.e.Docgen_Backend.config.JwtFilter - JWT validated successfully for userId=6a311365ec2c34f3d9e4f06e
2026-07-21 14:58:43 [http-nio-8080-exec-5] INFO  c.e.D.controller.UserController - PATCH /api/v2/users/30 - Update request received for employeeId=RPBS824
2026-07-21 14:58:43 [http-nio-8080-exec-5] DEBUG c.e.D.controller.UserController - Update payload: CreateProfileRequest(employeeName=Sameer Pramod Doifode, email=samdoiphode08@gmail.com, mobileNo=8999983227, employeeId=RPBS824, joiningDesignation=Accounts Payable Associate, currentDesignation=Accounts Payable Associate, department=IT, currentAddress=C-103, Bhansali Campus, Vadgaon Bk, Pune - 411041, permanentAddress= Near Water Tank, Court Colony, Mothi Umari Akola, 444005, accountNo=38326617207, bankName=State Bank of India, joiningCTC=340000.0, currentCTC=340000.0, dateOfBirth=2001-05-02, offerDate=2023-07-31, joiningDate=2023-08-07, panNo=ETCPD5377Q, company=RPBS, pfType=WITHOUT_PF, identity=MR, documents=[EXPERIENCE_LETTER, RELIEVING_LETTER, SALARY_SLIP, OFFER_LETTER], documentData={OFFER_LETTER={issueDate=2023-07-31, probationPeriod=3}, EXPERIENCE_LETTER={relievingDate=2024-07-24, issueDate=2024-07-24}, RELIEVING_LETTER={relievingDate=2024-07-24, issueDate=2024-07-24}, SALARY_SLIP={startMonth=2026-04, endMonth=2026-06, salaryWorkdays={2026-04=30, 2026-05=31, 2026-06=30}}})
2026-07-21 14:58:43 [http-nio-8080-exec-5] INFO  c.e.D.service.impl.UserServiceImpl - Updating user profile | userId=30 | employeeId=RPBS824
2026-07-21 14:58:43 [http-nio-8080-exec-5] WARN  com.zaxxer.hikari.pool.PoolBase - HikariPool-1 - Failed to validate connection com.mysql.cj.jdbc.ConnectionImpl@141849c (No operations allowed after connection closed.). Possibly consider using a shorter maxLifetime value.
2026-07-21 14:58:43 [http-nio-8080-exec-5] WARN  com.zaxxer.hikari.pool.PoolBase - HikariPool-1 - Failed to validate connection com.mysql.cj.jdbc.ConnectionImpl@50d3a53d (No operations allowed after connection closed.). Possibly consider using a shorter maxLifetime value.
2026-07-21 14:58:43 [http-nio-8080-exec-5] WARN  com.zaxxer.hikari.pool.PoolBase - HikariPool-1 - Failed to validate connection com.mysql.cj.jdbc.ConnectionImpl@cc566a3 (No operations allowed after connection closed.). Possibly consider using a shorter maxLifetime value.
2026-07-21 14:58:45 [http-nio-8080-exec-5] DEBUG c.e.D.service.impl.UserServiceImpl - Existing user fetched | userId=30 | oldEmployeeId=RPBS824
2026-07-21 14:58:45 [http-nio-8080-exec-5] DEBUG c.e.D.service.impl.UserServiceImpl - Updating documents | userId=30
2026-07-21 14:58:45 [http-nio-8080-exec-5] INFO  c.e.D.service.impl.UserServiceImpl - User profile updated successfully | userId=30 | timeTaken=2502ms
2026-07-21 14:58:45 [http-nio-8080-exec-5] INFO  c.e.D.controller.UserController - Profile updated successfully for userId=30, employeeId=RPBS824
2026-07-21 14:59:37 [http-nio-8080-exec-7] INFO  c.e.Docgen_Backend.config.JwtFilter - JWT validated successfully for userId=6a311365ec2c34f3d9e4f06e
2026-07-21 14:59:37 [http-nio-8080-exec-7] INFO  c.e.D.controller.UserController - PATCH /api/v2/users/30 - Update request received for employeeId=RPBS824
2026-07-21 14:59:37 [http-nio-8080-exec-7] DEBUG c.e.D.controller.UserController - Update payload: CreateProfileRequest(employeeName=Sameer Pramod Doifode, email=samdoiphode08@gmail.com, mobileNo=8999983227, employeeId=RPBS824, joiningDesignation=Accounts Payable Associate, currentDesignation=Accounts Payable Associate, department=IT, currentAddress=C-103, Bhansali Campus, Vadgaon Bk, Pune - 411041, permanentAddress= Near Water Tank, Court Colony, Mothi Umari Akola, 444005, accountNo=38326617207, bankName=State Bank of India, joiningCTC=340020.0, currentCTC=340020.0, dateOfBirth=2001-05-02, offerDate=2023-07-31, joiningDate=2023-08-07, panNo=ETCPD5377Q, company=RPBS, pfType=WITHOUT_PF, identity=MR, documents=[EXPERIENCE_LETTER, RELIEVING_LETTER, SALARY_SLIP, OFFER_LETTER], documentData={OFFER_LETTER={issueDate=2023-07-31, probationPeriod=3}, EXPERIENCE_LETTER={relievingDate=2024-07-24, issueDate=2024-07-24}, RELIEVING_LETTER={relievingDate=2024-07-24, issueDate=2024-07-24}, SALARY_SLIP={startMonth=2026-04, endMonth=2026-06, salaryWorkdays={2026-04=30, 2026-05=31, 2026-06=30}}})
2026-07-21 14:59:37 [http-nio-8080-exec-7] INFO  c.e.D.service.impl.UserServiceImpl - Updating user profile | userId=30 | employeeId=RPBS824
2026-07-21 14:59:37 [http-nio-8080-exec-7] WARN  com.zaxxer.hikari.pool.PoolBase - HikariPool-1 - Failed to validate connection com.mysql.cj.jdbc.ConnectionImpl@89bbd6e (No operations allowed after connection closed.). Possibly consider using a shorter maxLifetime value.
2026-07-21 14:59:37 [http-nio-8080-exec-7] WARN  com.zaxxer.hikari.pool.PoolBase - HikariPool-1 - Failed to validate connection com.mysql.cj.jdbc.ConnectionImpl@204e0bf2 (No operations allowed after connection closed.). Possibly consider using a shorter maxLifetime value.
2026-07-21 14:59:37 [http-nio-8080-exec-7] WARN  com.zaxxer.hikari.pool.PoolBase - HikariPool-1 - Failed to validate connection com.mysql.cj.jdbc.ConnectionImpl@26a0c9d6 (No operations allowed after connection closed.). Possibly consider using a shorter maxLifetime value.
2026-07-21 14:59:39 [http-nio-8080-exec-7] DEBUG c.e.D.service.impl.UserServiceImpl - Existing user fetched | userId=30 | oldEmployeeId=RPBS824
2026-07-21 14:59:39 [http-nio-8080-exec-7] DEBUG c.e.D.service.impl.UserServiceImpl - Updating documents | userId=30
2026-07-21 14:59:39 [http-nio-8080-exec-7] INFO  c.e.D.service.impl.UserServiceImpl - User profile updated successfully | userId=30 | timeTaken=2057ms
2026-07-21 14:59:39 [http-nio-8080-exec-7] INFO  c.e.D.controller.UserController - Profile updated successfully for userId=30, employeeId=RPBS824
2026-07-21 15:01:23 [http-nio-8080-exec-4] INFO  c.e.Docgen_Backend.config.JwtFilter - JWT validated successfully for userId=6a311365ec2c34f3d9e4f06e
2026-07-21 15:01:23 [http-nio-8080-exec-4] INFO  c.e.D.controller.UserController - PATCH /api/v2/users/30 - Update request received for employeeId=RPBS824
2026-07-21 15:01:23 [http-nio-8080-exec-4] DEBUG c.e.D.controller.UserController - Update payload: CreateProfileRequest(employeeName=Sameer Pramod Doifode, email=samdoiphode08@gmail.com, mobileNo=8999983227, employeeId=RPBS824, joiningDesignation=Accounts Payable Associate, currentDesignation=Accounts Payable Associate, department=IT, currentAddress=C-103, Bhansali Campus, Vadgaon Bk, Pune - 411041, permanentAddress= Near Water Tank, Court Colony, Mothi Umari Akola, 444005, accountNo=38326617207, bankName=State Bank of India, joiningCTC=340020.0, currentCTC=340020.0, dateOfBirth=2001-05-02, offerDate=2023-07-31, joiningDate=2023-08-07, panNo=ETCPD5377Q, company=RPBS, pfType=WITHOUT_PF, identity=MR, documents=[EXPERIENCE_LETTER, RELIEVING_LETTER, SALARY_SLIP, OFFER_LETTER], documentData={OFFER_LETTER={issueDate=2023-07-31, probationPeriod=3}, EXPERIENCE_LETTER={relievingDate=2024-07-24, issueDate=2024-07-24}, RELIEVING_LETTER={relievingDate=2024-07-24, issueDate=2024-07-24}, SALARY_SLIP={startMonth=2026-04, endMonth=2026-06, salaryWorkdays={2026-04=30, 2026-05=31, 2026-06=30}}})
2026-07-21 15:01:23 [http-nio-8080-exec-4] INFO  c.e.D.service.impl.UserServiceImpl - Updating user profile | userId=30 | employeeId=RPBS824
2026-07-21 15:01:23 [http-nio-8080-exec-4] WARN  com.zaxxer.hikari.pool.PoolBase - HikariPool-1 - Failed to validate connection com.mysql.cj.jdbc.ConnectionImpl@6fa7471b (No operations allowed after connection closed.). Possibly consider using a shorter maxLifetime value.
2026-07-21 15:01:23 [http-nio-8080-exec-4] WARN  com.zaxxer.hikari.pool.PoolBase - HikariPool-1 - Failed to validate connection com.mysql.cj.jdbc.ConnectionImpl@6acd334b (No operations allowed after connection closed.). Possibly consider using a shorter maxLifetime value.
2026-07-21 15:01:23 [http-nio-8080-exec-4] WARN  com.zaxxer.hikari.pool.PoolBase - HikariPool-1 - Failed to validate connection com.mysql.cj.jdbc.ConnectionImpl@35d43d79 (No operations allowed after connection closed.). Possibly consider using a shorter maxLifetime value.
2026-07-21 15:01:23 [http-nio-8080-exec-4] DEBUG c.e.D.service.impl.UserServiceImpl - Existing user fetched | userId=30 | oldEmployeeId=RPBS824
2026-07-21 15:01:23 [http-nio-8080-exec-4] DEBUG c.e.D.service.impl.UserServiceImpl - Updating documents | userId=30
2026-07-21 15:01:24 [http-nio-8080-exec-4] INFO  c.e.D.service.impl.UserServiceImpl - User profile updated successfully | userId=30 | timeTaken=826ms
2026-07-21 15:01:24 [http-nio-8080-exec-4] INFO  c.e.D.controller.UserController - Profile updated successfully for userId=30, employeeId=RPBS824
2026-07-21 15:01:47 [http-nio-8080-exec-1] INFO  c.e.Docgen_Backend.config.JwtFilter - JWT validated successfully for userId=6a311365ec2c34f3d9e4f06e
2026-07-21 15:01:47 [http-nio-8080-exec-1] INFO  c.e.D.controller.UserController - PATCH /api/v2/users/30 - Update request received for employeeId=RPBS824
2026-07-21 15:01:47 [http-nio-8080-exec-1] DEBUG c.e.D.controller.UserController - Update payload: CreateProfileRequest(employeeName=Sameer Pramod Doifode, email=samdoiphode08@gmail.com, mobileNo=8999983227, employeeId=RPBS824, joiningDesignation=Accounts Payable Associate, currentDesignation=Accounts Payable Associate, department=IT, currentAddress=C-103, Bhansali Campus, Vadgaon Bk, Pune - 411041, permanentAddress= Near Water Tank, Court Colony, Mothi Umari Akola, 444005, accountNo=38326617207, bankName=State Bank of India, joiningCTC=340020.0, currentCTC=340020.0, dateOfBirth=2001-05-02, offerDate=2023-07-31, joiningDate=2023-08-07, panNo=ETCPD5377Q, company=RPBS, pfType=WITHOUT_PF, identity=MR, documents=[EXPERIENCE_LETTER, RELIEVING_LETTER, SALARY_SLIP, OFFER_LETTER], documentData={OFFER_LETTER={issueDate=2023-07-31, probationPeriod=3}, EXPERIENCE_LETTER={relievingDate=2024-07-24, issueDate=2024-07-24}, RELIEVING_LETTER={relievingDate=2024-07-24, issueDate=2024-07-24}, SALARY_SLIP={startMonth=2026-04, endMonth=2026-06, salaryWorkdays={2026-04=30, 2026-05=31, 2026-06=30}}})
2026-07-21 15:01:47 [http-nio-8080-exec-1] INFO  c.e.D.service.impl.UserServiceImpl - Updating user profile | userId=30 | employeeId=RPBS824
2026-07-21 15:01:47 [http-nio-8080-exec-1] WARN  com.zaxxer.hikari.pool.PoolBase - HikariPool-1 - Failed to validate connection com.mysql.cj.jdbc.ConnectionImpl@700df88a (No operations allowed after connection closed.). Possibly consider using a shorter maxLifetime value.
2026-07-21 15:01:47 [http-nio-8080-exec-1] WARN  com.zaxxer.hikari.pool.PoolBase - HikariPool-1 - Failed to validate connection com.mysql.cj.jdbc.ConnectionImpl@46dc6d14 (No operations allowed after connection closed.). Possibly consider using a shorter maxLifetime value.
2026-07-21 15:01:47 [http-nio-8080-exec-1] WARN  com.zaxxer.hikari.pool.PoolBase - HikariPool-1 - Failed to validate connection com.mysql.cj.jdbc.ConnectionImpl@636e2877 (No operations allowed after connection closed.). Possibly consider using a shorter maxLifetime value.
2026-07-21 15:01:48 [http-nio-8080-exec-1] DEBUG c.e.D.service.impl.UserServiceImpl - Existing user fetched | userId=30 | oldEmployeeId=RPBS824
2026-07-21 15:01:48 [http-nio-8080-exec-1] DEBUG c.e.D.service.impl.UserServiceImpl - Updating documents | userId=30
2026-07-21 15:01:48 [http-nio-8080-exec-1] INFO  c.e.D.service.impl.UserServiceImpl - User profile updated successfully | userId=30 | timeTaken=546ms
2026-07-21 15:01:48 [http-nio-8080-exec-1] INFO  c.e.D.controller.UserController - Profile updated successfully for userId=30, employeeId=RPBS824
2026-07-21 15:03:35 [HikariPool-1:housekeeper] WARN  com.zaxxer.hikari.pool.PoolBase - HikariPool-1 - Failed to validate connection com.mysql.cj.jdbc.ConnectionImpl@3d455bac (No operations allowed after connection closed.). Possibly consider using a shorter maxLifetime value.
2026-07-21 15:03:35 [HikariPool-1:housekeeper] WARN  com.zaxxer.hikari.pool.PoolBase - HikariPool-1 - Failed to validate connection com.mysql.cj.jdbc.ConnectionImpl@435103ff (No operations allowed after connection closed.). Possibly consider using a shorter maxLifetime value.
2026-07-21 15:03:46 [HikariPool-1:housekeeper] WARN  com.zaxxer.hikari.pool.PoolBase - HikariPool-1 - Failed to validate connection com.mysql.cj.jdbc.ConnectionImpl@5ab32538 (No operations allowed after connection closed.). Possibly consider using a shorter maxLifetime value.
2026-07-21 15:05:17 [HikariPool-1:housekeeper] WARN  com.zaxxer.hikari.pool.PoolBase - HikariPool-1 - Failed to validate connection com.mysql.cj.jdbc.ConnectionImpl@23b17979 (No operations allowed after connection closed.). Possibly consider using a shorter maxLifetime value.
2026-07-21 15:05:43 [HikariPool-1:housekeeper] WARN  com.zaxxer.hikari.pool.PoolBase - HikariPool-1 - Failed to validate connection com.mysql.cj.jdbc.ConnectionImpl@2bedaad0 (No operations allowed after connection closed.). Possibly consider using a shorter maxLifetime value.
2026-07-21 15:06:55 [HikariPool-1:housekeeper] WARN  com.zaxxer.hikari.pool.PoolBase - HikariPool-1 - Failed to validate connection com.mysql.cj.jdbc.ConnectionImpl@2ac5e28b (No operations allowed after connection closed.). Possibly consider using a shorter maxLifetime value.
2026-07-21 15:07:30 [HikariPool-1:housekeeper] WARN  com.zaxxer.hikari.pool.PoolBase - HikariPool-1 - Failed to validate connection com.mysql.cj.jdbc.ConnectionImpl@22829e2d (No operations allowed after connection closed.). Possibly consider using a shorter maxLifetime value.
2026-07-21 15:08:42 [HikariPool-1:housekeeper] WARN  com.zaxxer.hikari.pool.PoolBase - HikariPool-1 - Failed to validate connection com.mysql.cj.jdbc.ConnectionImpl@1cb21c50 (No operations allowed after connection closed.). Possibly consider using a shorter maxLifetime value.
2026-07-21 15:09:16 [HikariPool-1:housekeeper] WARN  com.zaxxer.hikari.pool.PoolBase - HikariPool-1 - Failed to validate connection com.mysql.cj.jdbc.ConnectionImpl@360e2c0f (No operations allowed after connection closed.). Possibly consider using a shorter maxLifetime value.
2026-07-21 15:10:23 [HikariPool-1:housekeeper] WARN  com.zaxxer.hikari.pool.PoolBase - HikariPool-1 - Failed to validate connection com.mysql.cj.jdbc.ConnectionImpl@10bcbddf (No operations allowed after connection closed.). Possibly consider using a shorter maxLifetime value.
2026-07-21 15:11:05 [HikariPool-1:housekeeper] WARN  com.zaxxer.hikari.pool.PoolBase - HikariPool-1 - Failed to validate connection com.mysql.cj.jdbc.ConnectionImpl@acdc833 (No operations allowed after connection closed.). Possibly consider using a shorter maxLifetime value.
2026-07-21 15:12:02 [HikariPool-1:housekeeper] WARN  com.zaxxer.hikari.pool.PoolBase - HikariPool-1 - Failed to validate connection com.mysql.cj.jdbc.ConnectionImpl@6001a2c1 (No operations allowed after connection closed.). Possibly consider using a shorter maxLifetime value.
2026-07-21 15:13:02 [HikariPool-1:housekeeper] WARN  com.zaxxer.hikari.pool.PoolBase - HikariPool-1 - Failed to validate connection com.mysql.cj.jdbc.ConnectionImpl@6eb912e7 (No operations allowed after connection closed.). Possibly consider using a shorter maxLifetime value.
2026-07-21 15:13:47 [HikariPool-1:housekeeper] WARN  com.zaxxer.hikari.pool.PoolBase - HikariPool-1 - Failed to validate connection com.mysql.cj.jdbc.ConnectionImpl@23fafdbb (No operations allowed after connection closed.). Possibly consider using a shorter maxLifetime value.
2026-07-21 15:15:00 [HikariPool-1:housekeeper] WARN  com.zaxxer.hikari.pool.PoolBase - HikariPool-1 - Failed to validate connection com.mysql.cj.jdbc.ConnectionImpl@1d97912 (No operations allowed after connection closed.). Possibly consider using a shorter maxLifetime value.
2026-07-21 15:15:45 [HikariPool-1:housekeeper] WARN  com.zaxxer.hikari.pool.PoolBase - HikariPool-1 - Failed to validate connection com.mysql.cj.jdbc.ConnectionImpl@39bec355 (No operations allowed after connection closed.). Possibly consider using a shorter maxLifetime value.
2026-07-21 15:16:50 [HikariPool-1:housekeeper] WARN  com.zaxxer.hikari.pool.PoolBase - HikariPool-1 - Failed to validate connection com.mysql.cj.jdbc.ConnectionImpl@5f51e75c (No operations allowed after connection closed.). Possibly consider using a shorter maxLifetime value.
2026-07-21 15:17:44 [HikariPool-1:housekeeper] WARN  com.zaxxer.hikari.pool.PoolBase - HikariPool-1 - Failed to validate connection com.mysql.cj.jdbc.ConnectionImpl@3206daad (No operations allowed after connection closed.). Possibly consider using a shorter maxLifetime value.
2026-07-21 15:18:06 [http-nio-8080-exec-6] INFO  c.e.Docgen_Backend.config.JwtFilter - JWT validated successfully for userId=6a311365ec2c34f3d9e4f06e
2026-07-21 15:18:07 [http-nio-8080-exec-6] INFO  c.e.D.controller.UserController - GET /api/v2/users - Fetch all users request received | page=0, size=8, sortBy=id, direction=desc
2026-07-21 15:18:07 [http-nio-8080-exec-6] WARN  com.zaxxer.hikari.pool.PoolBase - HikariPool-1 - Failed to validate connection com.mysql.cj.jdbc.ConnectionImpl@232b4724 (No operations allowed after connection closed.). Possibly consider using a shorter maxLifetime value.
2026-07-21 15:18:07 [http-nio-8080-exec-6] WARN  com.zaxxer.hikari.pool.PoolBase - HikariPool-1 - Failed to validate connection com.mysql.cj.jdbc.ConnectionImpl@4db796f (No operations allowed after connection closed.). Possibly consider using a shorter maxLifetime value.
2026-07-21 15:18:11 [http-nio-8080-exec-6] INFO  c.e.D.controller.UserController - Fetched 8 users on page 0 of 3
2026-07-21 15:18:11 [http-nio-8080-exec-7] INFO  c.e.Docgen_Backend.config.JwtFilter - JWT validated successfully for userId=6a311365ec2c34f3d9e4f06e
2026-07-21 15:18:11 [http-nio-8080-exec-7] INFO  c.e.D.controller.UserController - GET /api/v2/users - Fetch all users request received | page=0, size=8, sortBy=id, direction=desc
2026-07-21 15:18:14 [http-nio-8080-exec-7] INFO  c.e.D.controller.UserController - Fetched 8 users on page 0 of 3
2026-07-21 15:19:55 [HikariPool-1:housekeeper] WARN  com.zaxxer.hikari.pool.PoolBase - HikariPool-1 - Failed to validate connection com.mysql.cj.jdbc.ConnectionImpl@271a7169 (No operations allowed after connection closed.). Possibly consider using a shorter maxLifetime value.
2026-07-21 15:19:59 [HikariPool-1:housekeeper] WARN  com.zaxxer.hikari.pool.PoolBase - HikariPool-1 - Failed to validate connection com.mysql.cj.jdbc.ConnectionImpl@36e44417 (No operations allowed after connection closed.). Possibly consider using a shorter maxLifetime value.
2026-07-21 15:20:05 [HikariPool-1:housekeeper] WARN  com.zaxxer.hikari.pool.PoolBase - HikariPool-1 - Failed to validate connection com.mysql.cj.jdbc.ConnectionImpl@49a4de3e (No operations allowed after connection closed.). Possibly consider using a shorter maxLifetime value.
2026-07-21 15:21:51 [HikariPool-1:housekeeper] WARN  com.zaxxer.hikari.pool.PoolBase - HikariPool-1 - Failed to validate connection com.mysql.cj.jdbc.ConnectionImpl@16c3126f (No operations allowed after connection closed.). Possibly consider using a shorter maxLifetime value.
2026-07-21 15:22:02 [HikariPool-1:housekeeper] WARN  com.zaxxer.hikari.pool.PoolBase - HikariPool-1 - Failed to validate connection com.mysql.cj.jdbc.ConnectionImpl@6da9431e (No operations allowed after connection closed.). Possibly consider using a shorter maxLifetime value.
2026-07-21 15:23:35 [HikariPool-1:housekeeper] WARN  com.zaxxer.hikari.pool.PoolBase - HikariPool-1 - Failed to validate connection com.mysql.cj.jdbc.ConnectionImpl@557afb3f (No operations allowed after connection closed.). Possibly consider using a shorter maxLifetime value.
2026-07-21 15:23:44 [HikariPool-1:housekeeper] WARN  com.zaxxer.hikari.pool.PoolBase - HikariPool-1 - Failed to validate connection com.mysql.cj.jdbc.ConnectionImpl@69a6e37f (No operations allowed after connection closed.). Possibly consider using a shorter maxLifetime value.
2026-07-21 15:25:17 [HikariPool-1:housekeeper] WARN  com.zaxxer.hikari.pool.PoolBase - HikariPool-1 - Failed to validate connection com.mysql.cj.jdbc.ConnectionImpl@168c0086 (No operations allowed after connection closed.). Possibly consider using a shorter maxLifetime value.
2026-07-21 15:25:22 [HikariPool-1:housekeeper] WARN  com.zaxxer.hikari.pool.PoolBase - HikariPool-1 - Failed to validate connection com.mysql.cj.jdbc.ConnectionImpl@1d68709 (No operations allowed after connection closed.). Possibly consider using a shorter maxLifetime value.
2026-07-21 15:27:01 [HikariPool-1:housekeeper] WARN  com.zaxxer.hikari.pool.PoolBase - HikariPool-1 - Failed to validate connection com.mysql.cj.jdbc.ConnectionImpl@781371d6 (No operations allowed after connection closed.). Possibly consider using a shorter maxLifetime value.
2026-07-21 15:27:12 [HikariPool-1:housekeeper] WARN  com.zaxxer.hikari.pool.PoolBase - HikariPool-1 - Failed to validate connection com.mysql.cj.jdbc.ConnectionImpl@78fa44c6 (No operations allowed after connection closed.). Possibly consider using a shorter maxLifetime value.
2026-07-21 15:28:48 [HikariPool-1:housekeeper] WARN  com.zaxxer.hikari.pool.PoolBase - HikariPool-1 - Failed to validate connection com.mysql.cj.jdbc.ConnectionImpl@2e5f2fbc (No operations allowed after connection closed.). Possibly consider using a shorter maxLifetime value.
2026-07-21 15:29:07 [HikariPool-1:housekeeper] WARN  com.zaxxer.hikari.pool.PoolBase - HikariPool-1 - Failed to validate connection com.mysql.cj.jdbc.ConnectionImpl@641703bd (No operations allowed after connection closed.). Possibly consider using a shorter maxLifetime value.
2026-07-21 15:30:35 [HikariPool-1:housekeeper] WARN  com.zaxxer.hikari.pool.PoolBase - HikariPool-1 - Failed to validate connection com.mysql.cj.jdbc.ConnectionImpl@75d51595 (No operations allowed after connection closed.). Possibly consider using a shorter maxLifetime value.
2026-07-21 15:30:53 [HikariPool-1:housekeeper] WARN  com.zaxxer.hikari.pool.PoolBase - HikariPool-1 - Failed to validate connection com.mysql.cj.jdbc.ConnectionImpl@6a37b14c (No operations allowed after connection closed.). Possibly consider using a shorter maxLifetime value.
2026-07-21 15:32:21 [HikariPool-1:housekeeper] WARN  com.zaxxer.hikari.pool.PoolBase - HikariPool-1 - Failed to validate connection com.mysql.cj.jdbc.ConnectionImpl@1273d886 (No operations allowed after connection closed.). Possibly consider using a shorter maxLifetime value.
2026-07-21 15:32:31 [HikariPool-1:housekeeper] WARN  com.zaxxer.hikari.pool.PoolBase - HikariPool-1 - Failed to validate connection com.mysql.cj.jdbc.ConnectionImpl@797202a6 (No operations allowed after connection closed.). Possibly consider using a shorter maxLifetime value.
2026-07-21 15:33:58 [HikariPool-1:housekeeper] WARN  com.zaxxer.hikari.pool.PoolBase - HikariPool-1 - Failed to validate connection com.mysql.cj.jdbc.ConnectionImpl@2438bd8 (No operations allowed after connection closed.). Possibly consider using a shorter maxLifetime value.
2026-07-21 15:34:15 [HikariPool-1:housekeeper] WARN  com.zaxxer.hikari.pool.PoolBase - HikariPool-1 - Failed to validate connection com.mysql.cj.jdbc.ConnectionImpl@6e72f2a (No operations allowed after connection closed.). Possibly consider using a shorter maxLifetime value.
2026-07-21 15:35:43 [HikariPool-1:housekeeper] WARN  com.zaxxer.hikari.pool.PoolBase - HikariPool-1 - Failed to validate connection com.mysql.cj.jdbc.ConnectionImpl@50ff2e4e (No operations allowed after connection closed.). Possibly consider using a shorter maxLifetime value.
2026-07-21 15:36:01 [http-nio-8080-exec-1] INFO  c.e.Docgen_Backend.config.JwtFilter - JWT validated successfully for userId=6a311365ec2c34f3d9e4f06e
2026-07-21 15:36:01 [http-nio-8080-exec-1] INFO  c.e.D.controller.UserController - GET /api/v2/users/23 - Fetch request received
2026-07-21 15:36:01 [http-nio-8080-exec-1] INFO  c.e.D.service.impl.UserServiceImpl - Fetching user profile for edit | userId=23
2026-07-21 15:36:02 [http-nio-8080-exec-1] WARN  com.zaxxer.hikari.pool.PoolBase - HikariPool-1 - Failed to validate connection com.mysql.cj.jdbc.ConnectionImpl@57329ea4 (No operations allowed after connection closed.). Possibly consider using a shorter maxLifetime value.
2026-07-21 15:36:02 [http-nio-8080-exec-1] DEBUG c.e.D.service.impl.UserServiceImpl - User found | userId=23 | employeeId=JDIT0829
2026-07-21 15:36:02 [http-nio-8080-exec-1] INFO  c.e.D.service.impl.UserServiceImpl - User profile fetched successfully | userId=23 | timeTaken=376ms
2026-07-21 15:36:02 [http-nio-8080-exec-1] INFO  c.e.D.controller.UserController - Profile fetched successfully for userId=23
2026-07-21 15:36:02 [http-nio-8080-exec-1] DEBUG c.e.D.controller.UserController - Fetched profile data: UserProfileResponseDTO(id=23, employeeName=Praveen Prakash Patil, employeeId=JDIT0829, email=anilj@gmail.com, mobileNo=9746080009, joiningDesignation=Data Engineer, currentDesignation=Data Engineer, department=Information Technology, company=JDIT, identity=MR, pfType=WITH_PF, accountNo=50100183068876, bankName=Bank of india, currentAddress=Trilok PG, E9, Hinjewadi Phase 2, Pune, 411057, permanentAddress=Patil Nivas, Near Zilla Parishad School, Ghoti Khurd, Sangli, Maharashtra , 415311, joiningCTC=1300008.0, currentCTC=5000.0, dateOfBirth=1992-05-29, offerDate=2026-07-20, joiningDate=2026-08-10, panNo=CUTPP5219D, documents={APPOINTMENT_LETTER=DocumentResponseDTO(generated=false, data=null), INTERNSHIP_LETTER=DocumentResponseDTO(generated=false, data=null), EXPERIENCE_LETTER=DocumentResponseDTO(generated=false, data=null), FULL_AND_FINAL=DocumentResponseDTO(generated=false, data=null), CONFIRMATION_LETTER=DocumentResponseDTO(generated=false, data=null), INCREMENT_LETTER=DocumentResponseDTO(generated=false, data=null), RELIEVING_LETTER=DocumentResponseDTO(generated=false, data=null), SALARY_SLIP=DocumentResponseDTO(generated=false, data=null), COMPLETION_LETTER=DocumentResponseDTO(generated=false, data=null), OFFER_LETTER=DocumentResponseDTO(generated=true, data={issueDate=2026-07-20, probationPeriod=7})})
2026-07-21 15:36:02 [http-nio-8080-exec-3] INFO  c.e.Docgen_Backend.config.JwtFilter - JWT validated successfully for userId=6a311365ec2c34f3d9e4f06e
2026-07-21 15:36:02 [http-nio-8080-exec-3] INFO  c.e.D.controller.UserController - GET /api/v2/users/23 - Fetch request received
2026-07-21 15:36:02 [http-nio-8080-exec-3] INFO  c.e.D.service.impl.UserServiceImpl - Fetching user profile for edit | userId=23
2026-07-21 15:36:02 [http-nio-8080-exec-3] DEBUG c.e.D.service.impl.UserServiceImpl - User found | userId=23 | employeeId=JDIT0829
2026-07-21 15:36:02 [http-nio-8080-exec-3] INFO  c.e.D.service.impl.UserServiceImpl - User profile fetched successfully | userId=23 | timeTaken=435ms
2026-07-21 15:36:02 [http-nio-8080-exec-3] INFO  c.e.D.controller.UserController - Profile fetched successfully for userId=23
2026-07-21 15:36:02 [http-nio-8080-exec-3] DEBUG c.e.D.controller.UserController - Fetched profile data: UserProfileResponseDTO(id=23, employeeName=Praveen Prakash Patil, employeeId=JDIT0829, email=anilj@gmail.com, mobileNo=9746080009, joiningDesignation=Data Engineer, currentDesignation=Data Engineer, department=Information Technology, company=JDIT, identity=MR, pfType=WITH_PF, accountNo=50100183068876, bankName=Bank of india, currentAddress=Trilok PG, E9, Hinjewadi Phase 2, Pune, 411057, permanentAddress=Patil Nivas, Near Zilla Parishad School, Ghoti Khurd, Sangli, Maharashtra , 415311, joiningCTC=1300008.0, currentCTC=5000.0, dateOfBirth=1992-05-29, offerDate=2026-07-20, joiningDate=2026-08-10, panNo=CUTPP5219D, documents={APPOINTMENT_LETTER=DocumentResponseDTO(generated=false, data=null), INTERNSHIP_LETTER=DocumentResponseDTO(generated=false, data=null), EXPERIENCE_LETTER=DocumentResponseDTO(generated=false, data=null), FULL_AND_FINAL=DocumentResponseDTO(generated=false, data=null), CONFIRMATION_LETTER=DocumentResponseDTO(generated=false, data=null), INCREMENT_LETTER=DocumentResponseDTO(generated=false, data=null), RELIEVING_LETTER=DocumentResponseDTO(generated=false, data=null), SALARY_SLIP=DocumentResponseDTO(generated=false, data=null), COMPLETION_LETTER=DocumentResponseDTO(generated=false, data=null), OFFER_LETTER=DocumentResponseDTO(generated=true, data={issueDate=2026-07-20, probationPeriod=7})})
2026-07-21 15:36:50 [http-nio-8080-exec-5] INFO  c.e.Docgen_Backend.config.JwtFilter - JWT validated successfully for userId=6a311365ec2c34f3d9e4f06e
2026-07-21 15:36:50 [http-nio-8080-exec-5] INFO  c.e.D.controller.UserController - PATCH /api/v2/users/23 - Update request received for employeeId=JDIT0829
2026-07-21 15:36:50 [http-nio-8080-exec-5] DEBUG c.e.D.controller.UserController - Update payload: CreateProfileRequest(employeeName=Praveen Prakash Patil, email=anilj@gmail.com, mobileNo=9746080009, employeeId=JDIT0829, joiningDesignation=Data Engineer, currentDesignation=Data Engineer, department=Information Technology, currentAddress=Trilok PG, E9, Hinjewadi Phase 2, Pune, 411057, permanentAddress=Patil Nivas, Near Zilla Parishad School, Ghoti Khurd, Sangli, Maharashtra , 415311, accountNo=50100183068876, bankName=Bank of india, joiningCTC=1300008.0, currentCTC=1800000.0, dateOfBirth=1992-05-29, offerDate=2026-07-20, joiningDate=2026-08-10, panNo=CUTPP5219D, company=JDIT, pfType=WITH_PF, identity=MR, documents=[OFFER_LETTER], documentData={OFFER_LETTER={issueDate=2026-07-20, probationPeriod=7}})
2026-07-21 15:36:50 [http-nio-8080-exec-5] INFO  c.e.D.service.impl.UserServiceImpl - Updating user profile | userId=23 | employeeId=JDIT0829
2026-07-21 15:36:50 [http-nio-8080-exec-5] WARN  com.zaxxer.hikari.pool.PoolBase - HikariPool-1 - Failed to validate connection com.mysql.cj.jdbc.ConnectionImpl@6076fa45 (No operations allowed after connection closed.). Possibly consider using a shorter maxLifetime value.
2026-07-21 15:36:50 [http-nio-8080-exec-5] WARN  com.zaxxer.hikari.pool.PoolBase - HikariPool-1 - Failed to validate connection com.mysql.cj.jdbc.ConnectionImpl@3d7fa578 (No operations allowed after connection closed.). Possibly consider using a shorter maxLifetime value.
2026-07-21 15:36:50 [http-nio-8080-exec-5] WARN  com.zaxxer.hikari.pool.PoolBase - HikariPool-1 - Failed to validate connection com.mysql.cj.jdbc.ConnectionImpl@da55304 (No operations allowed after connection closed.). Possibly consider using a shorter maxLifetime value.
2026-07-21 15:36:50 [http-nio-8080-exec-5] DEBUG c.e.D.service.impl.UserServiceImpl - Existing user fetched | userId=23 | oldEmployeeId=JDIT0829
2026-07-21 15:36:50 [http-nio-8080-exec-5] DEBUG c.e.D.service.impl.UserServiceImpl - Updating documents | userId=23
2026-07-21 15:36:51 [http-nio-8080-exec-5] INFO  c.e.D.service.impl.UserServiceImpl - User profile updated successfully | userId=23 | timeTaken=476ms
2026-07-21 15:36:51 [http-nio-8080-exec-5] INFO  c.e.D.controller.UserController - Profile updated successfully for userId=23, employeeId=JDIT0829
2026-07-21 15:37:08 [http-nio-8080-exec-8] INFO  c.e.Docgen_Backend.config.JwtFilter - JWT validated successfully for userId=6a311365ec2c34f3d9e4f06e
2026-07-21 15:37:08 [http-nio-8080-exec-8] INFO  c.e.D.controller.UserController - PATCH /api/v2/users/23 - Update request received for employeeId=JDIT0829
2026-07-21 15:37:08 [http-nio-8080-exec-8] DEBUG c.e.D.controller.UserController - Update payload: CreateProfileRequest(employeeName=Praveen Prakash Patil, email=anilj@gmail.com, mobileNo=9746080009, employeeId=JDIT0829, joiningDesignation=Data Engineer, currentDesignation=Data Engineer, department=Information Technology, currentAddress=Trilok PG, E9, Hinjewadi Phase 2, Pune, 411057, permanentAddress=Patil Nivas, Near Zilla Parishad School, Ghoti Khurd, Sangli, Maharashtra , 415311, accountNo=50100183068876, bankName=Bank of india, joiningCTC=1800000.0, currentCTC=1800000.0, dateOfBirth=1992-05-29, offerDate=2026-07-20, joiningDate=2026-08-10, panNo=CUTPP5219D, company=JDIT, pfType=WITH_PF, identity=MR, documents=[OFFER_LETTER], documentData={OFFER_LETTER={issueDate=2026-07-20, probationPeriod=7}})
2026-07-21 15:37:08 [http-nio-8080-exec-8] INFO  c.e.D.service.impl.UserServiceImpl - Updating user profile | userId=23 | employeeId=JDIT0829
2026-07-21 15:37:09 [http-nio-8080-exec-8] DEBUG c.e.D.service.impl.UserServiceImpl - Existing user fetched | userId=23 | oldEmployeeId=JDIT0829
2026-07-21 15:37:09 [http-nio-8080-exec-8] DEBUG c.e.D.service.impl.UserServiceImpl - Updating documents | userId=23
2026-07-21 15:37:09 [http-nio-8080-exec-8] INFO  c.e.D.service.impl.UserServiceImpl - User profile updated successfully | userId=23 | timeTaken=563ms
2026-07-21 15:37:09 [http-nio-8080-exec-8] INFO  c.e.D.controller.UserController - Profile updated successfully for userId=23, employeeId=JDIT0829
2026-07-21 15:38:27 [HikariPool-1:housekeeper] WARN  com.zaxxer.hikari.pool.PoolBase - HikariPool-1 - Failed to validate connection com.mysql.cj.jdbc.ConnectionImpl@4b29f739 (No operations allowed after connection closed.). Possibly consider using a shorter maxLifetime value.
2026-07-21 15:38:32 [HikariPool-1:housekeeper] WARN  com.zaxxer.hikari.pool.PoolBase - HikariPool-1 - Failed to validate connection com.mysql.cj.jdbc.ConnectionImpl@4f54a461 (No operations allowed after connection closed.). Possibly consider using a shorter maxLifetime value.
2026-07-21 15:38:48 [HikariPool-1:housekeeper] WARN  com.zaxxer.hikari.pool.PoolBase - HikariPool-1 - Failed to validate connection com.mysql.cj.jdbc.ConnectionImpl@7fbbb265 (No operations allowed after connection closed.). Possibly consider using a shorter maxLifetime value.
2026-07-21 15:40:14 [HikariPool-1:housekeeper] WARN  com.zaxxer.hikari.pool.PoolBase - HikariPool-1 - Failed to validate connection com.mysql.cj.jdbc.ConnectionImpl@706edb2d (No operations allowed after connection closed.). Possibly consider using a shorter maxLifetime value.
2026-07-21 15:40:37 [HikariPool-1:housekeeper] WARN  com.zaxxer.hikari.pool.PoolBase - HikariPool-1 - Failed to validate connection com.mysql.cj.jdbc.ConnectionImpl@5158f401 (No operations allowed after connection closed.). Possibly consider using a shorter maxLifetime value.
2026-07-21 15:42:10 [HikariPool-1:housekeeper] WARN  com.zaxxer.hikari.pool.PoolBase - HikariPool-1 - Failed to validate connection com.mysql.cj.jdbc.ConnectionImpl@55857d8f (No operations allowed after connection closed.). Possibly consider using a shorter maxLifetime value.
2026-07-21 15:42:23 [HikariPool-1:housekeeper] WARN  com.zaxxer.hikari.pool.PoolBase - HikariPool-1 - Failed to validate connection com.mysql.cj.jdbc.ConnectionImpl@221c9b30 (No operations allowed after connection closed.). Possibly consider using a shorter maxLifetime value.
2026-07-21 15:42:36 [http-nio-8080-exec-1] INFO  c.e.Docgen_Backend.config.JwtFilter - JWT validated successfully for userId=6a311365ec2c34f3d9e4f06e
2026-07-21 15:42:36 [http-nio-8080-exec-1] INFO  c.e.D.controller.UserController - GET /api/v2/users - Fetch all users request received | page=0, size=8, sortBy=id, direction=desc
2026-07-21 15:42:36 [http-nio-8080-exec-1] WARN  com.zaxxer.hikari.pool.PoolBase - HikariPool-1 - Failed to validate connection com.mysql.cj.jdbc.ConnectionImpl@4cd5cd1e (No operations allowed after connection closed.). Possibly consider using a shorter maxLifetime value.
2026-07-21 15:42:38 [http-nio-8080-exec-1] INFO  c.e.D.controller.UserController - Fetched 8 users on page 0 of 3
2026-07-21 15:42:38 [http-nio-8080-exec-3] INFO  c.e.Docgen_Backend.config.JwtFilter - JWT validated successfully for userId=6a311365ec2c34f3d9e4f06e
2026-07-21 15:42:38 [http-nio-8080-exec-3] INFO  c.e.D.controller.UserController - GET /api/v2/users - Fetch all users request received | page=0, size=8, sortBy=id, direction=desc
2026-07-21 15:42:41 [http-nio-8080-exec-3] INFO  c.e.D.controller.UserController - Fetched 8 users on page 0 of 3
2026-07-21 15:43:18 [http-nio-8080-exec-5] INFO  c.e.Docgen_Backend.config.JwtFilter - JWT validated successfully for userId=6a311365ec2c34f3d9e4f06e
2026-07-21 15:43:18 [http-nio-8080-exec-5] INFO  c.e.D.controller.UserController - GET /api/v2/users - Fetch all users request received | page=1, size=8, sortBy=id, direction=desc
2026-07-21 15:43:18 [http-nio-8080-exec-5] WARN  com.zaxxer.hikari.pool.PoolBase - HikariPool-1 - Failed to validate connection com.mysql.cj.jdbc.ConnectionImpl@66758057 (No operations allowed after connection closed.). Possibly consider using a shorter maxLifetime value.
2026-07-21 15:43:18 [http-nio-8080-exec-5] WARN  com.zaxxer.hikari.pool.PoolBase - HikariPool-1 - Failed to validate connection com.mysql.cj.jdbc.ConnectionImpl@252ece7a (No operations allowed after connection closed.). Possibly consider using a shorter maxLifetime value.
2026-07-21 15:43:18 [http-nio-8080-exec-5] WARN  com.zaxxer.hikari.pool.PoolBase - HikariPool-1 - Failed to validate connection com.mysql.cj.jdbc.ConnectionImpl@3cc20bf7 (No operations allowed after connection closed.). Possibly consider using a shorter maxLifetime value.
2026-07-21 15:43:20 [http-nio-8080-exec-5] INFO  c.e.D.controller.UserController - Fetched 8 users on page 1 of 3
2026-07-21 15:43:22 [http-nio-8080-exec-7] INFO  c.e.Docgen_Backend.config.JwtFilter - JWT validated successfully for userId=6a311365ec2c34f3d9e4f06e
2026-07-21 15:43:22 [http-nio-8080-exec-7] INFO  c.e.D.controller.UserController - GET /api/v2/users - Fetch all users request received | page=2, size=8, sortBy=id, direction=desc
2026-07-21 15:43:25 [http-nio-8080-exec-7] INFO  c.e.D.controller.UserController - Fetched 5 users on page 2 of 3
2026-07-21 15:44:38 [http-nio-8080-exec-1] INFO  c.e.Docgen_Backend.config.JwtFilter - JWT validated successfully for userId=6a311365ec2c34f3d9e4f06e
2026-07-21 15:44:38 [http-nio-8080-exec-1] INFO  c.e.D.controller.UserController - GET /api/v2/users - Fetch all users request received | page=0, size=8, sortBy=id, direction=desc
2026-07-21 15:44:38 [http-nio-8080-exec-1] WARN  com.zaxxer.hikari.pool.PoolBase - HikariPool-1 - Failed to validate connection com.mysql.cj.jdbc.ConnectionImpl@196ce1fa (No operations allowed after connection closed.). Possibly consider using a shorter maxLifetime value.
2026-07-21 15:44:38 [http-nio-8080-exec-1] WARN  com.zaxxer.hikari.pool.PoolBase - HikariPool-1 - Failed to validate connection com.mysql.cj.jdbc.ConnectionImpl@24d19223 (No operations allowed after connection closed.). Possibly consider using a shorter maxLifetime value.
2026-07-21 15:44:38 [http-nio-8080-exec-1] WARN  com.zaxxer.hikari.pool.PoolBase - HikariPool-1 - Failed to validate connection com.mysql.cj.jdbc.ConnectionImpl@5c187f2a (No operations allowed after connection closed.). Possibly consider using a shorter maxLifetime value.
2026-07-21 15:44:40 [http-nio-8080-exec-1] INFO  c.e.D.controller.UserController - Fetched 8 users on page 0 of 3
2026-07-21 15:44:40 [http-nio-8080-exec-3] INFO  c.e.Docgen_Backend.config.JwtFilter - JWT validated successfully for userId=6a311365ec2c34f3d9e4f06e
2026-07-21 15:44:40 [http-nio-8080-exec-3] INFO  c.e.D.controller.UserController - GET /api/v2/users - Fetch all users request received | page=0, size=8, sortBy=id, direction=desc
2026-07-21 15:44:43 [http-nio-8080-exec-3] INFO  c.e.D.controller.UserController - Fetched 8 users on page 0 of 3
2026-07-21 15:45:13 [http-nio-8080-exec-6] INFO  c.e.Docgen_Backend.config.JwtFilter - JWT validated successfully for userId=6a311365ec2c34f3d9e4f06e
2026-07-21 15:45:13 [http-nio-8080-exec-6] INFO  c.e.D.controller.UserController - GET /api/v2/users/25 - Fetch request received
2026-07-21 15:45:13 [http-nio-8080-exec-6] INFO  c.e.D.service.impl.UserServiceImpl - Fetching user profile for edit | userId=25
2026-07-21 15:45:13 [http-nio-8080-exec-6] WARN  com.zaxxer.hikari.pool.PoolBase - HikariPool-1 - Failed to validate connection com.mysql.cj.jdbc.ConnectionImpl@2ab369d9 (No operations allowed after connection closed.). Possibly consider using a shorter maxLifetime value.
2026-07-21 15:45:13 [http-nio-8080-exec-6] WARN  com.zaxxer.hikari.pool.PoolBase - HikariPool-1 - Failed to validate connection com.mysql.cj.jdbc.ConnectionImpl@4d83b5b8 (No operations allowed after connection closed.). Possibly consider using a shorter maxLifetime value.
2026-07-21 15:45:13 [http-nio-8080-exec-6] WARN  com.zaxxer.hikari.pool.PoolBase - HikariPool-1 - Failed to validate connection com.mysql.cj.jdbc.ConnectionImpl@179cc657 (No operations allowed after connection closed.). Possibly consider using a shorter maxLifetime value.
2026-07-21 15:45:13 [http-nio-8080-exec-6] DEBUG c.e.D.service.impl.UserServiceImpl - User found | userId=25 | employeeId=SMDS0291
2026-07-21 15:45:13 [http-nio-8080-exec-6] INFO  c.e.D.service.impl.UserServiceImpl - User profile fetched successfully | userId=25 | timeTaken=644ms
2026-07-21 15:45:13 [http-nio-8080-exec-6] INFO  c.e.D.controller.UserController - Profile fetched successfully for userId=25
2026-07-21 15:45:13 [http-nio-8080-exec-6] DEBUG c.e.D.controller.UserController - Fetched profile data: UserProfileResponseDTO(id=25, employeeName=Prerana Dilip Bhandare, employeeId=SMDS0291, email=preranabhandare2004@gmail.com, mobileNo=9011070063, joiningDesignation=QA Engineer, currentDesignation=QA Engineer, department=IT, company=SMDS, identity=MISS, pfType=WITHOUT_PF, accountNo=3389381863, bankName=Bank of india, currentAddress= kharadi,pune, permanentAddress=Umarkhed, dist Yavatmal pin code:445206, joiningCTC=260000.0, currentCTC=380000.0, dateOfBirth=2004-01-03, offerDate=2024-07-01, joiningDate=2024-07-14, panNo=GDSPB2462L, documents={APPOINTMENT_LETTER=DocumentResponseDTO(generated=false, data=null), INTERNSHIP_LETTER=DocumentResponseDTO(generated=false, data=null), EXPERIENCE_LETTER=DocumentResponseDTO(generated=true, data={issueDate=2026-07-10, relievingDate=2026-07-10}), FULL_AND_FINAL=DocumentResponseDTO(generated=false, data=null), CONFIRMATION_LETTER=DocumentResponseDTO(generated=false, data=null), INCREMENT_LETTER=DocumentResponseDTO(generated=true, data={issueDate=2026-04-01}), RELIEVING_LETTER=DocumentResponseDTO(generated=true, data={issueDate=2026-07-10, relievingDate=2026-07-10}), SALARY_SLIP=DocumentResponseDTO(generated=true, data={startMonth=2026-04, endMonth=2026-06}), COMPLETION_LETTER=DocumentResponseDTO(generated=false, data=null), OFFER_LETTER=DocumentResponseDTO(generated=false, data=null)})
2026-07-21 15:45:13 [http-nio-8080-exec-7] INFO  c.e.Docgen_Backend.config.JwtFilter - JWT validated successfully for userId=6a311365ec2c34f3d9e4f06e
2026-07-21 15:45:13 [http-nio-8080-exec-7] INFO  c.e.D.controller.UserController - GET /api/v2/users/25 - Fetch request received
2026-07-21 15:45:13 [http-nio-8080-exec-7] INFO  c.e.D.service.impl.UserServiceImpl - Fetching user profile for edit | userId=25
2026-07-21 15:45:14 [http-nio-8080-exec-7] DEBUG c.e.D.service.impl.UserServiceImpl - User found | userId=25 | employeeId=SMDS0291
2026-07-21 15:45:14 [http-nio-8080-exec-7] INFO  c.e.D.service.impl.UserServiceImpl - User profile fetched successfully | userId=25 | timeTaken=411ms
2026-07-21 15:45:14 [http-nio-8080-exec-7] INFO  c.e.D.controller.UserController - Profile fetched successfully for userId=25
2026-07-21 15:45:14 [http-nio-8080-exec-7] DEBUG c.e.D.controller.UserController - Fetched profile data: UserProfileResponseDTO(id=25, employeeName=Prerana Dilip Bhandare, employeeId=SMDS0291, email=preranabhandare2004@gmail.com, mobileNo=9011070063, joiningDesignation=QA Engineer, currentDesignation=QA Engineer, department=IT, company=SMDS, identity=MISS, pfType=WITHOUT_PF, accountNo=3389381863, bankName=Bank of india, currentAddress= kharadi,pune, permanentAddress=Umarkhed, dist Yavatmal pin code:445206, joiningCTC=260000.0, currentCTC=380000.0, dateOfBirth=2004-01-03, offerDate=2024-07-01, joiningDate=2024-07-14, panNo=GDSPB2462L, documents={APPOINTMENT_LETTER=DocumentResponseDTO(generated=false, data=null), INTERNSHIP_LETTER=DocumentResponseDTO(generated=false, data=null), EXPERIENCE_LETTER=DocumentResponseDTO(generated=true, data={issueDate=2026-07-10, relievingDate=2026-07-10}), FULL_AND_FINAL=DocumentResponseDTO(generated=false, data=null), CONFIRMATION_LETTER=DocumentResponseDTO(generated=false, data=null), INCREMENT_LETTER=DocumentResponseDTO(generated=true, data={issueDate=2026-04-01}), RELIEVING_LETTER=DocumentResponseDTO(generated=true, data={issueDate=2026-07-10, relievingDate=2026-07-10}), SALARY_SLIP=DocumentResponseDTO(generated=true, data={startMonth=2026-04, endMonth=2026-06}), COMPLETION_LETTER=DocumentResponseDTO(generated=false, data=null), OFFER_LETTER=DocumentResponseDTO(generated=false, data=null)})
2026-07-21 15:46:30 [http-nio-8080-exec-10] INFO  c.e.Docgen_Backend.config.JwtFilter - JWT validated successfully for userId=6a311365ec2c34f3d9e4f06e
2026-07-21 15:46:30 [http-nio-8080-exec-10] INFO  c.e.D.controller.UserController - PATCH /api/v2/users/25 - Update request received for employeeId=SMDS0291
2026-07-21 15:46:30 [http-nio-8080-exec-10] DEBUG c.e.D.controller.UserController - Update payload: CreateProfileRequest(employeeName=Prerana Dilip Bhandare, email=preranabhandare2004@gmail.com, mobileNo=9011070063, employeeId=SMDS0291, joiningDesignation=QA Engineer, currentDesignation=QA Engineer, department=IT, currentAddress= kharadi,pune, permanentAddress=Umarkhed, dist Yavatmal pin code:445206, accountNo=33893831863, bankName=Bank of india, joiningCTC=260000.0, currentCTC=380000.0, dateOfBirth=2004-01-03, offerDate=2024-07-01, joiningDate=2024-07-14, panNo=GDSPB2462L, company=SMDS, pfType=WITHOUT_PF, identity=MISS, documents=[EXPERIENCE_LETTER, INCREMENT_LETTER, RELIEVING_LETTER, SALARY_SLIP], documentData={INCREMENT_LETTER={issueDate=2026-04-01}, EXPERIENCE_LETTER={relievingDate=2026-07-10, issueDate=2026-07-10}, RELIEVING_LETTER={relievingDate=2026-07-10, issueDate=2026-07-10}, SALARY_SLIP={startMonth=2026-04, endMonth=2026-06, salaryWorkdays={2026-04=30, 2026-05=31, 2026-06=30}}})
2026-07-21 15:46:30 [http-nio-8080-exec-10] INFO  c.e.D.service.impl.UserServiceImpl - Updating user profile | userId=25 | employeeId=SMDS0291
2026-07-21 15:46:30 [http-nio-8080-exec-10] WARN  com.zaxxer.hikari.pool.PoolBase - HikariPool-1 - Failed to validate connection com.mysql.cj.jdbc.ConnectionImpl@361cce5d (No operations allowed after connection closed.). Possibly consider using a shorter maxLifetime value.
2026-07-21 15:46:30 [http-nio-8080-exec-10] WARN  com.zaxxer.hikari.pool.PoolBase - HikariPool-1 - Failed to validate connection com.mysql.cj.jdbc.ConnectionImpl@3665aeec (No operations allowed after connection closed.). Possibly consider using a shorter maxLifetime value.
2026-07-21 15:46:30 [http-nio-8080-exec-10] WARN  com.zaxxer.hikari.pool.PoolBase - HikariPool-1 - Failed to validate connection com.mysql.cj.jdbc.ConnectionImpl@3f1a77c4 (No operations allowed after connection closed.). Possibly consider using a shorter maxLifetime value.
2026-07-21 15:46:31 [http-nio-8080-exec-10] DEBUG c.e.D.service.impl.UserServiceImpl - Existing user fetched | userId=25 | oldEmployeeId=SMDS0291
2026-07-21 15:46:31 [http-nio-8080-exec-10] DEBUG c.e.D.service.impl.UserServiceImpl - Updating documents | userId=25
2026-07-21 15:46:31 [http-nio-8080-exec-10] INFO  c.e.D.service.impl.UserServiceImpl - User profile updated successfully | userId=25 | timeTaken=606ms
2026-07-21 15:46:31 [http-nio-8080-exec-10] INFO  c.e.D.controller.UserController - Profile updated successfully for userId=25, employeeId=SMDS0291
2026-07-21 15:47:39 [http-nio-8080-exec-5] INFO  c.e.Docgen_Backend.config.JwtFilter - JWT validated successfully for userId=6a311365ec2c34f3d9e4f06e
2026-07-21 15:47:39 [http-nio-8080-exec-5] INFO  c.e.D.controller.UserController - PATCH /api/v2/users/25 - Update request received for employeeId=SMDS0291
2026-07-21 15:47:39 [http-nio-8080-exec-5] DEBUG c.e.D.controller.UserController - Update payload: CreateProfileRequest(employeeName=Prerana Dilip Bhandare, email=preranabhandare2004@gmail.com, mobileNo=9011070063, employeeId=SMDS0291, joiningDesignation=QA Engineer, currentDesignation=QA Engineer, department=IT, currentAddress= kharadi,pune, permanentAddress=Umarkhed, dist Yavatmal pin code:445206, accountNo=33893831863, bankName=Bank of india, joiningCTC=260000.0, currentCTC=380000.0, dateOfBirth=2004-01-03, offerDate=2024-07-01, joiningDate=2024-07-14, panNo=GDSPB2462L, company=SMDS, pfType=WITHOUT_PF, identity=MISS, documents=[EXPERIENCE_LETTER, INCREMENT_LETTER, RELIEVING_LETTER, SALARY_SLIP], documentData={INCREMENT_LETTER={issueDate=2026-04-01}, EXPERIENCE_LETTER={relievingDate=2026-07-10, issueDate=2026-07-10}, RELIEVING_LETTER={relievingDate=2026-07-10, issueDate=2026-07-10}, SALARY_SLIP={startMonth=2026-01, endMonth=2026-06, salaryWorkdays={2026-01=31, 2026-02=28, 2026-03=31, 2026-04=30, 2026-05=31, 2026-06=30}}})
2026-07-21 15:47:39 [http-nio-8080-exec-5] INFO  c.e.D.service.impl.UserServiceImpl - Updating user profile | userId=25 | employeeId=SMDS0291
2026-07-21 15:47:39 [http-nio-8080-exec-5] WARN  com.zaxxer.hikari.pool.PoolBase - HikariPool-1 - Failed to validate connection com.mysql.cj.jdbc.ConnectionImpl@c9187d1 (No operations allowed after connection closed.). Possibly consider using a shorter maxLifetime value.
2026-07-21 15:47:39 [http-nio-8080-exec-5] WARN  com.zaxxer.hikari.pool.PoolBase - HikariPool-1 - Failed to validate connection com.mysql.cj.jdbc.ConnectionImpl@3b6d31ee (No operations allowed after connection closed.). Possibly consider using a shorter maxLifetime value.
2026-07-21 15:47:39 [http-nio-8080-exec-5] WARN  com.zaxxer.hikari.pool.PoolBase - HikariPool-1 - Failed to validate connection com.mysql.cj.jdbc.ConnectionImpl@5f5e7ed (No operations allowed after connection closed.). Possibly consider using a shorter maxLifetime value.
2026-07-21 15:47:41 [http-nio-8080-exec-5] DEBUG c.e.D.service.impl.UserServiceImpl - Existing user fetched | userId=25 | oldEmployeeId=SMDS0291
2026-07-21 15:47:41 [http-nio-8080-exec-5] DEBUG c.e.D.service.impl.UserServiceImpl - Updating documents | userId=25
2026-07-21 15:47:41 [http-nio-8080-exec-5] INFO  c.e.D.service.impl.UserServiceImpl - User profile updated successfully | userId=25 | timeTaken=2231ms
2026-07-21 15:47:41 [http-nio-8080-exec-5] INFO  c.e.D.controller.UserController - Profile updated successfully for userId=25, employeeId=SMDS0291
2026-07-21 15:49:34 [HikariPool-1:housekeeper] WARN  com.zaxxer.hikari.pool.PoolBase - HikariPool-1 - Failed to validate connection com.mysql.cj.jdbc.ConnectionImpl@c4c3155 (No operations allowed after connection closed.). Possibly consider using a shorter maxLifetime value.
2026-07-21 15:49:35 [HikariPool-1:housekeeper] WARN  com.zaxxer.hikari.pool.PoolBase - HikariPool-1 - Failed to validate connection com.mysql.cj.jdbc.ConnectionImpl@71fe9f2 (No operations allowed after connection closed.). Possibly consider using a shorter maxLifetime value.
2026-07-21 15:49:36 [HikariPool-1:housekeeper] WARN  com.zaxxer.hikari.pool.PoolBase - HikariPool-1 - Failed to validate connection com.mysql.cj.jdbc.ConnectionImpl@f2b20f9 (No operations allowed after connection closed.). Possibly consider using a shorter maxLifetime value.
2026-07-21 15:51:23 [HikariPool-1:housekeeper] WARN  com.zaxxer.hikari.pool.PoolBase - HikariPool-1 - Failed to validate connection com.mysql.cj.jdbc.ConnectionImpl@62006ed0 (No operations allowed after connection closed.). Possibly consider using a shorter maxLifetime value.
2026-07-21 15:51:33 [HikariPool-1:housekeeper] WARN  com.zaxxer.hikari.pool.PoolBase - HikariPool-1 - Failed to validate connection com.mysql.cj.jdbc.ConnectionImpl@2fa5bf5b (No operations allowed after connection closed.). Possibly consider using a shorter maxLifetime value.
2026-07-21 15:53:08 [HikariPool-1:housekeeper] WARN  com.zaxxer.hikari.pool.PoolBase - HikariPool-1 - Failed to validate connection com.mysql.cj.jdbc.ConnectionImpl@1848f9ab (No operations allowed after connection closed.). Possibly consider using a shorter maxLifetime value.
2026-07-21 15:53:21 [HikariPool-1:housekeeper] WARN  com.zaxxer.hikari.pool.PoolBase - HikariPool-1 - Failed to validate connection com.mysql.cj.jdbc.ConnectionImpl@21423e48 (No operations allowed after connection closed.). Possibly consider using a shorter maxLifetime value.
2026-07-21 15:54:53 [HikariPool-1:housekeeper] WARN  com.zaxxer.hikari.pool.PoolBase - HikariPool-1 - Failed to validate connection com.mysql.cj.jdbc.ConnectionImpl@7cb03e27 (No operations allowed after connection closed.). Possibly consider using a shorter maxLifetime value.
2026-07-21 15:55:16 [HikariPool-1:housekeeper] WARN  com.zaxxer.hikari.pool.PoolBase - HikariPool-1 - Failed to validate connection com.mysql.cj.jdbc.ConnectionImpl@1764ded6 (No operations allowed after connection closed.). Possibly consider using a shorter maxLifetime value.
2026-07-21 15:56:38 [HikariPool-1:housekeeper] WARN  com.zaxxer.hikari.pool.PoolBase - HikariPool-1 - Failed to validate connection com.mysql.cj.jdbc.ConnectionImpl@19b39144 (No operations allowed after connection closed.). Possibly consider using a shorter maxLifetime value.
2026-07-21 15:57:10 [HikariPool-1:housekeeper] WARN  com.zaxxer.hikari.pool.PoolBase - HikariPool-1 - Failed to validate connection com.mysql.cj.jdbc.ConnectionImpl@2f53dd7c (No operations allowed after connection closed.). Possibly consider using a shorter maxLifetime value.
2026-07-21 15:57:19 [http-nio-8080-exec-8] INFO  c.e.Docgen_Backend.config.JwtFilter - JWT validated successfully for userId=6a311365ec2c34f3d9e4f06e
2026-07-21 15:57:19 [http-nio-8080-exec-8] INFO  c.e.D.controller.UserController - GET /api/v2/users - Fetch all users request received | page=0, size=8, sortBy=id, direction=desc
2026-07-21 15:57:19 [http-nio-8080-exec-8] WARN  com.zaxxer.hikari.pool.PoolBase - HikariPool-1 - Failed to validate connection com.mysql.cj.jdbc.ConnectionImpl@3f335fab (No operations allowed after connection closed.). Possibly consider using a shorter maxLifetime value.
2026-07-21 15:57:21 [http-nio-8080-exec-8] INFO  c.e.D.controller.UserController - Fetched 8 users on page 0 of 3
2026-07-21 15:57:22 [http-nio-8080-exec-9] INFO  c.e.Docgen_Backend.config.JwtFilter - JWT validated successfully for userId=6a311365ec2c34f3d9e4f06e
2026-07-21 15:57:22 [http-nio-8080-exec-9] INFO  c.e.D.controller.UserController - GET /api/v2/users - Fetch all users request received | page=0, size=8, sortBy=id, direction=desc
2026-07-21 15:57:24 [http-nio-8080-exec-9] INFO  c.e.D.controller.UserController - Fetched 8 users on page 0 of 3
2026-07-21 15:57:39 [http-nio-8080-exec-1] INFO  c.e.Docgen_Backend.config.JwtFilter - JWT validated successfully for userId=6a311365ec2c34f3d9e4f06e
2026-07-21 15:57:39 [http-nio-8080-exec-1] INFO  c.e.D.controller.UserController - GET /api/v2/users/30 - Fetch request received
2026-07-21 15:57:39 [http-nio-8080-exec-1] INFO  c.e.D.service.impl.UserServiceImpl - Fetching user profile for edit | userId=30
2026-07-21 15:57:43 [http-nio-8080-exec-1] DEBUG c.e.D.service.impl.UserServiceImpl - User found | userId=30 | employeeId=RPBS824
2026-07-21 15:57:43 [http-nio-8080-exec-1] INFO  c.e.D.service.impl.UserServiceImpl - User profile fetched successfully | userId=30 | timeTaken=3531ms
2026-07-21 15:57:43 [http-nio-8080-exec-1] INFO  c.e.D.controller.UserController - Profile fetched successfully for userId=30
2026-07-21 15:57:43 [http-nio-8080-exec-1] DEBUG c.e.D.controller.UserController - Fetched profile data: UserProfileResponseDTO(id=30, employeeName=Sameer Pramod Doifode, employeeId=RPBS824, email=samdoiphode08@gmail.com, mobileNo=8999983227, joiningDesignation=Accounts Payable Associate, currentDesignation=Accounts Payable Associate, department=IT, company=RPBS, identity=MR, pfType=WITHOUT_PF, accountNo=38326617207, bankName=State Bank of India, currentAddress=C-103, Bhansali Campus, Vadgaon Bk, Pune - 411041, permanentAddress= Near Water Tank, Court Colony, Mothi Umari Akola, 444005, joiningCTC=340020.0, currentCTC=340020.0, dateOfBirth=2001-05-02, offerDate=2023-07-31, joiningDate=2023-08-07, panNo=ETCPD5377Q, documents={APPOINTMENT_LETTER=DocumentResponseDTO(generated=false, data=null), INTERNSHIP_LETTER=DocumentResponseDTO(generated=false, data=null), EXPERIENCE_LETTER=DocumentResponseDTO(generated=true, data={issueDate=2024-07-24, relievingDate=2024-07-24}), FULL_AND_FINAL=DocumentResponseDTO(generated=false, data=null), CONFIRMATION_LETTER=DocumentResponseDTO(generated=false, data=null), INCREMENT_LETTER=DocumentResponseDTO(generated=false, data=null), RELIEVING_LETTER=DocumentResponseDTO(generated=true, data={issueDate=2024-07-24, relievingDate=2024-07-24}), SALARY_SLIP=DocumentResponseDTO(generated=true, data={startMonth=2026-04, endMonth=2026-06}), COMPLETION_LETTER=DocumentResponseDTO(generated=false, data=null), OFFER_LETTER=DocumentResponseDTO(generated=true, data={issueDate=2023-07-31, probationPeriod=3})})
2026-07-21 15:57:43 [http-nio-8080-exec-3] INFO  c.e.Docgen_Backend.config.JwtFilter - JWT validated successfully for userId=6a311365ec2c34f3d9e4f06e
2026-07-21 15:57:43 [http-nio-8080-exec-3] INFO  c.e.D.controller.UserController - GET /api/v2/users/30 - Fetch request received
2026-07-21 15:57:43 [http-nio-8080-exec-3] INFO  c.e.D.service.impl.UserServiceImpl - Fetching user profile for edit | userId=30
2026-07-21 15:57:43 [http-nio-8080-exec-3] DEBUG c.e.D.service.impl.UserServiceImpl - User found | userId=30 | employeeId=RPBS824
2026-07-21 15:57:43 [http-nio-8080-exec-3] INFO  c.e.D.service.impl.UserServiceImpl - User profile fetched successfully | userId=30 | timeTaken=278ms
2026-07-21 15:57:43 [http-nio-8080-exec-3] INFO  c.e.D.controller.UserController - Profile fetched successfully for userId=30
2026-07-21 15:57:43 [http-nio-8080-exec-3] DEBUG c.e.D.controller.UserController - Fetched profile data: UserProfileResponseDTO(id=30, employeeName=Sameer Pramod Doifode, employeeId=RPBS824, email=samdoiphode08@gmail.com, mobileNo=8999983227, joiningDesignation=Accounts Payable Associate, currentDesignation=Accounts Payable Associate, department=IT, company=RPBS, identity=MR, pfType=WITHOUT_PF, accountNo=38326617207, bankName=State Bank of India, currentAddress=C-103, Bhansali Campus, Vadgaon Bk, Pune - 411041, permanentAddress= Near Water Tank, Court Colony, Mothi Umari Akola, 444005, joiningCTC=340020.0, currentCTC=340020.0, dateOfBirth=2001-05-02, offerDate=2023-07-31, joiningDate=2023-08-07, panNo=ETCPD5377Q, documents={APPOINTMENT_LETTER=DocumentResponseDTO(generated=false, data=null), INTERNSHIP_LETTER=DocumentResponseDTO(generated=false, data=null), EXPERIENCE_LETTER=DocumentResponseDTO(generated=true, data={issueDate=2024-07-24, relievingDate=2024-07-24}), FULL_AND_FINAL=DocumentResponseDTO(generated=false, data=null), CONFIRMATION_LETTER=DocumentResponseDTO(generated=false, data=null), INCREMENT_LETTER=DocumentResponseDTO(generated=false, data=null), RELIEVING_LETTER=DocumentResponseDTO(generated=true, data={issueDate=2024-07-24, relievingDate=2024-07-24}), SALARY_SLIP=DocumentResponseDTO(generated=true, data={startMonth=2026-04, endMonth=2026-06}), COMPLETION_LETTER=DocumentResponseDTO(generated=false, data=null), OFFER_LETTER=DocumentResponseDTO(generated=true, data={issueDate=2023-07-31, probationPeriod=3})})
2026-07-21 15:58:31 [http-nio-8080-exec-2] INFO  c.e.Docgen_Backend.config.JwtFilter - JWT validated successfully for userId=6a311365ec2c34f3d9e4f06e
2026-07-21 15:58:31 [http-nio-8080-exec-2] INFO  c.e.D.controller.UserController - PATCH /api/v2/users/30 - Update request received for employeeId=RPBS824
2026-07-21 15:58:31 [http-nio-8080-exec-2] DEBUG c.e.D.controller.UserController - Update payload: CreateProfileRequest(employeeName=Sameer Pramod Doifode, email=samdoiphode08@gmail.com, mobileNo=8999983227, employeeId=RPBS824, joiningDesignation=Accounts Payable Associate, currentDesignation=Accounts Payable Associate, department=IT, currentAddress=C-103, Bhansali Campus, Vadgaon Bk, Pune - 411041, permanentAddress= Near Water Tank, Court Colony, Mothi Umari Akola, 444005, accountNo=38326617207, bankName=State Bank of India, joiningCTC=340020.0, currentCTC=340020.0, dateOfBirth=2001-05-02, offerDate=2023-07-31, joiningDate=2023-08-07, panNo=ETCPD5377Q, company=RPBS, pfType=WITHOUT_PF, identity=MR, documents=[EXPERIENCE_LETTER, RELIEVING_LETTER, SALARY_SLIP, OFFER_LETTER], documentData={OFFER_LETTER={issueDate=2023-07-31, probationPeriod=3}, EXPERIENCE_LETTER={relievingDate=2024-07-24, issueDate=2024-07-24}, RELIEVING_LETTER={relievingDate=2024-07-24, issueDate=2024-07-24}, SALARY_SLIP={startMonth=2024-04, endMonth=2024-06, salaryWorkdays={2024-04=30, 2024-05=31, 2024-06=30}}})
2026-07-21 15:58:31 [http-nio-8080-exec-2] INFO  c.e.D.service.impl.UserServiceImpl - Updating user profile | userId=30 | employeeId=RPBS824
2026-07-21 15:58:31 [http-nio-8080-exec-2] WARN  com.zaxxer.hikari.pool.PoolBase - HikariPool-1 - Failed to validate connection com.mysql.cj.jdbc.ConnectionImpl@3a1e24dd (No operations allowed after connection closed.). Possibly consider using a shorter maxLifetime value.
2026-07-21 15:58:31 [http-nio-8080-exec-2] WARN  com.zaxxer.hikari.pool.PoolBase - HikariPool-1 - Failed to validate connection com.mysql.cj.jdbc.ConnectionImpl@7f5e5b4d (No operations allowed after connection closed.). Possibly consider using a shorter maxLifetime value.
2026-07-21 15:58:31 [http-nio-8080-exec-2] WARN  com.zaxxer.hikari.pool.PoolBase - HikariPool-1 - Failed to validate connection com.mysql.cj.jdbc.ConnectionImpl@2b3b6fb5 (No operations allowed after connection closed.). Possibly consider using a shorter maxLifetime value.
2026-07-21 15:58:32 [http-nio-8080-exec-2] DEBUG c.e.D.service.impl.UserServiceImpl - Existing user fetched | userId=30 | oldEmployeeId=RPBS824
2026-07-21 15:58:32 [http-nio-8080-exec-2] DEBUG c.e.D.service.impl.UserServiceImpl - Updating documents | userId=30
2026-07-21 15:58:32 [http-nio-8080-exec-2] INFO  c.e.D.service.impl.UserServiceImpl - User profile updated successfully | userId=30 | timeTaken=1172ms
2026-07-21 15:58:32 [http-nio-8080-exec-2] INFO  c.e.D.controller.UserController - Profile updated successfully for userId=30, employeeId=RPBS824
2026-07-21 16:00:08 [http-nio-8080-exec-4] INFO  c.e.Docgen_Backend.config.JwtFilter - JWT validated successfully for userId=6a311365ec2c34f3d9e4f06e
2026-07-21 16:00:08 [http-nio-8080-exec-4] INFO  c.e.D.controller.UserController - GET /api/v2/users - Fetch all users request received | page=0, size=8, sortBy=id, direction=desc
2026-07-21 16:00:08 [http-nio-8080-exec-4] WARN  com.zaxxer.hikari.pool.PoolBase - HikariPool-1 - Failed to validate connection com.mysql.cj.jdbc.ConnectionImpl@b218a7a (No operations allowed after connection closed.). Possibly consider using a shorter maxLifetime value.
2026-07-21 16:00:08 [http-nio-8080-exec-4] WARN  com.zaxxer.hikari.pool.PoolBase - HikariPool-1 - Failed to validate connection com.mysql.cj.jdbc.ConnectionImpl@1b662e51 (No operations allowed after connection closed.). Possibly consider using a shorter maxLifetime value.
2026-07-21 16:00:08 [http-nio-8080-exec-4] WARN  com.zaxxer.hikari.pool.PoolBase - HikariPool-1 - Failed to validate connection com.mysql.cj.jdbc.ConnectionImpl@4584b971 (No operations allowed after connection closed.). Possibly consider using a shorter maxLifetime value.
2026-07-21 16:00:11 [http-nio-8080-exec-4] INFO  c.e.D.controller.UserController - Fetched 8 users on page 0 of 3
2026-07-21 16:00:12 [http-nio-8080-exec-10] INFO  c.e.Docgen_Backend.config.JwtFilter - JWT validated successfully for userId=6a311365ec2c34f3d9e4f06e
2026-07-21 16:00:12 [http-nio-8080-exec-10] INFO  c.e.D.controller.UserController - GET /api/v2/users - Fetch all users request received | page=0, size=8, sortBy=id, direction=desc
2026-07-21 16:00:15 [http-nio-8080-exec-10] INFO  c.e.D.controller.UserController - Fetched 8 users on page 0 of 3
2026-07-21 16:00:17 [http-nio-8080-exec-3] INFO  c.e.Docgen_Backend.config.JwtFilter - JWT validated successfully for userId=6a311365ec2c34f3d9e4f06e
2026-07-21 16:00:17 [http-nio-8080-exec-3] INFO  c.e.D.controller.UserController - GET /api/v2/users - Fetch all users request received | page=1, size=8, sortBy=id, direction=desc
2026-07-21 16:00:19 [http-nio-8080-exec-3] INFO  c.e.D.controller.UserController - Fetched 8 users on page 1 of 3
2026-07-21 16:00:26 [http-nio-8080-exec-7] INFO  c.e.Docgen_Backend.config.JwtFilter - JWT validated successfully for userId=6a311365ec2c34f3d9e4f06e
2026-07-21 16:00:26 [http-nio-8080-exec-7] INFO  c.e.D.controller.UserController - GET /api/v2/users/20 - Fetch request received
2026-07-21 16:00:26 [http-nio-8080-exec-7] INFO  c.e.D.service.impl.UserServiceImpl - Fetching user profile for edit | userId=20
2026-07-21 16:00:27 [http-nio-8080-exec-7] DEBUG c.e.D.service.impl.UserServiceImpl - User found | userId=20 | employeeId=CTS0371
2026-07-21 16:00:27 [http-nio-8080-exec-7] INFO  c.e.D.service.impl.UserServiceImpl - User profile fetched successfully | userId=20 | timeTaken=445ms
2026-07-21 16:00:27 [http-nio-8080-exec-7] INFO  c.e.D.controller.UserController - Profile fetched successfully for userId=20
2026-07-21 16:00:27 [http-nio-8080-exec-7] DEBUG c.e.D.controller.UserController - Fetched profile data: UserProfileResponseDTO(id=20, employeeName=Sakshi Sunilrao Yeole, employeeId=CTS0371, email=ssy290489@gmail.com, mobileNo=9579080633, joiningDesignation=Data Analyst, currentDesignation=Data Analyst, department=Information Technology, company=CTS, identity=MRS, pfType=WITH_PF, accountNo=2601235318269640, bankName=AU SMALL FINANCE BANK, currentAddress=W/o Ankush Belpande, D-603, Santosh Dreams, Ravet, Pune – 412101, permanentAddress=W/o Ankush Belpande, D-603, Santosh Dreams, Ravet, Pune – 412101, joiningCTC=850008.0, currentCTC=850008.0, dateOfBirth=1995-10-05, offerDate=2025-10-09, joiningDate=2025-11-10, panNo=ASAPY2454L, documents={APPOINTMENT_LETTER=DocumentResponseDTO(generated=false, data=null), INTERNSHIP_LETTER=DocumentResponseDTO(generated=false, data=null), EXPERIENCE_LETTER=DocumentResponseDTO(generated=true, data={issueDate=2026-07-10, relievingDate=2026-07-10}), FULL_AND_FINAL=DocumentResponseDTO(generated=false, data=null), CONFIRMATION_LETTER=DocumentResponseDTO(generated=false, data=null), INCREMENT_LETTER=DocumentResponseDTO(generated=true, data={issueDate=2026-04-01}), RELIEVING_LETTER=DocumentResponseDTO(generated=true, data={issueDate=2026-07-10, relievingDate=2026-07-10}), SALARY_SLIP=DocumentResponseDTO(generated=true, data={startMonth=2026-04, endMonth=2026-06}), COMPLETION_LETTER=DocumentResponseDTO(generated=false, data=null), OFFER_LETTER=DocumentResponseDTO(generated=true, data={issueDate=2025-10-09, probationPeriod=3})})
2026-07-21 16:00:27 [http-nio-8080-exec-6] INFO  c.e.Docgen_Backend.config.JwtFilter - JWT validated successfully for userId=6a311365ec2c34f3d9e4f06e
2026-07-21 16:00:27 [http-nio-8080-exec-6] INFO  c.e.D.controller.UserController - GET /api/v2/users/20 - Fetch request received
2026-07-21 16:00:27 [http-nio-8080-exec-6] INFO  c.e.D.service.impl.UserServiceImpl - Fetching user profile for edit | userId=20
2026-07-21 16:00:27 [http-nio-8080-exec-6] DEBUG c.e.D.service.impl.UserServiceImpl - User found | userId=20 | employeeId=CTS0371
2026-07-21 16:00:27 [http-nio-8080-exec-6] INFO  c.e.D.service.impl.UserServiceImpl - User profile fetched successfully | userId=20 | timeTaken=375ms
2026-07-21 16:00:27 [http-nio-8080-exec-6] INFO  c.e.D.controller.UserController - Profile fetched successfully for userId=20
2026-07-21 16:00:27 [http-nio-8080-exec-6] DEBUG c.e.D.controller.UserController - Fetched profile data: UserProfileResponseDTO(id=20, employeeName=Sakshi Sunilrao Yeole, employeeId=CTS0371, email=ssy290489@gmail.com, mobileNo=9579080633, joiningDesignation=Data Analyst, currentDesignation=Data Analyst, department=Information Technology, company=CTS, identity=MRS, pfType=WITH_PF, accountNo=2601235318269640, bankName=AU SMALL FINANCE BANK, currentAddress=W/o Ankush Belpande, D-603, Santosh Dreams, Ravet, Pune – 412101, permanentAddress=W/o Ankush Belpande, D-603, Santosh Dreams, Ravet, Pune – 412101, joiningCTC=850008.0, currentCTC=850008.0, dateOfBirth=1995-10-05, offerDate=2025-10-09, joiningDate=2025-11-10, panNo=ASAPY2454L, documents={APPOINTMENT_LETTER=DocumentResponseDTO(generated=false, data=null), INTERNSHIP_LETTER=DocumentResponseDTO(generated=false, data=null), EXPERIENCE_LETTER=DocumentResponseDTO(generated=true, data={issueDate=2026-07-10, relievingDate=2026-07-10}), FULL_AND_FINAL=DocumentResponseDTO(generated=false, data=null), CONFIRMATION_LETTER=DocumentResponseDTO(generated=false, data=null), INCREMENT_LETTER=DocumentResponseDTO(generated=true, data={issueDate=2026-04-01}), RELIEVING_LETTER=DocumentResponseDTO(generated=true, data={issueDate=2026-07-10, relievingDate=2026-07-10}), SALARY_SLIP=DocumentResponseDTO(generated=true, data={startMonth=2026-04, endMonth=2026-06}), COMPLETION_LETTER=DocumentResponseDTO(generated=false, data=null), OFFER_LETTER=DocumentResponseDTO(generated=true, data={issueDate=2025-10-09, probationPeriod=3})})
2026-07-21 16:00:35 [http-nio-8080-exec-8] INFO  c.e.Docgen_Backend.config.JwtFilter - JWT validated successfully for userId=6a311365ec2c34f3d9e4f06e
2026-07-21 16:00:35 [http-nio-8080-exec-8] INFO  c.e.D.controller.UserController - PATCH /api/v2/users/20 - Update request received for employeeId=CTS0371
2026-07-21 16:00:35 [http-nio-8080-exec-8] DEBUG c.e.D.controller.UserController - Update payload: CreateProfileRequest(employeeName=Sakshi Sunilrao Yeole, email=ssy290489@gmail.com, mobileNo=9579080633, employeeId=CTS0371, joiningDesignation=Data Analyst, currentDesignation=Data Analyst, department=Information Technology, currentAddress=W/o Ankush Belpande, D-603, Santosh Dreams, Ravet, Pune – 412101, permanentAddress=W/o Ankush Belpande, D-603, Santosh Dreams, Ravet, Pune – 412101, accountNo=2601235318269640, bankName=AU SMALL FINANCE BANK, joiningCTC=850008.0, currentCTC=850008.0, dateOfBirth=1995-10-05, offerDate=2025-10-09, joiningDate=2025-11-10, panNo=ASAPY2454L, company=CTS, pfType=WITH_PF, identity=MRS, documents=[EXPERIENCE_LETTER, INCREMENT_LETTER, RELIEVING_LETTER, SALARY_SLIP, OFFER_LETTER], documentData={OFFER_LETTER={issueDate=2025-10-09, probationPeriod=3}, INCREMENT_LETTER={issueDate=2026-04-01}, EXPERIENCE_LETTER={relievingDate=2026-07-10, issueDate=2026-07-10}, RELIEVING_LETTER={relievingDate=2026-07-10, issueDate=2026-07-10}, SALARY_SLIP={startMonth=2026-04, endMonth=2026-06, salaryWorkdays={2026-04=30, 2026-05=31, 2026-06=30}}})
2026-07-21 16:00:35 [http-nio-8080-exec-8] INFO  c.e.D.service.impl.UserServiceImpl - Updating user profile | userId=20 | employeeId=CTS0371
2026-07-21 16:00:35 [http-nio-8080-exec-8] DEBUG c.e.D.service.impl.UserServiceImpl - Existing user fetched | userId=20 | oldEmployeeId=CTS0371
2026-07-21 16:00:35 [http-nio-8080-exec-8] DEBUG c.e.D.service.impl.UserServiceImpl - Updating documents | userId=20
2026-07-21 16:00:35 [http-nio-8080-exec-8] INFO  c.e.D.service.impl.UserServiceImpl - User profile updated successfully | userId=20 | timeTaken=371ms
2026-07-21 16:00:35 [http-nio-8080-exec-8] INFO  c.e.D.controller.UserController - Profile updated successfully for userId=20, employeeId=CTS0371
2026-07-21 16:01:48 [HikariPool-1:housekeeper] WARN  com.zaxxer.hikari.pool.PoolBase - HikariPool-1 - Failed to validate connection com.mysql.cj.jdbc.ConnectionImpl@30ad74cf (No operations allowed after connection closed.). Possibly consider using a shorter maxLifetime value.
2026-07-21 16:01:51 [HikariPool-1:housekeeper] WARN  com.zaxxer.hikari.pool.PoolBase - HikariPool-1 - Failed to validate connection com.mysql.cj.jdbc.ConnectionImpl@1e5b7019 (No operations allowed after connection closed.). Possibly consider using a shorter maxLifetime value.
2026-07-21 16:02:04 [HikariPool-1:housekeeper] WARN  com.zaxxer.hikari.pool.PoolBase - HikariPool-1 - Failed to validate connection com.mysql.cj.jdbc.ConnectionImpl@24a49ce0 (No operations allowed after connection closed.). Possibly consider using a shorter maxLifetime value.
2026-07-21 16:03:31 [HikariPool-1:housekeeper] WARN  com.zaxxer.hikari.pool.PoolBase - HikariPool-1 - Failed to validate connection com.mysql.cj.jdbc.ConnectionImpl@479b279b (No operations allowed after connection closed.). Possibly consider using a shorter maxLifetime value.
2026-07-21 16:03:44 [HikariPool-1:housekeeper] WARN  com.zaxxer.hikari.pool.PoolBase - HikariPool-1 - Failed to validate connection com.mysql.cj.jdbc.ConnectionImpl@24693f5 (No operations allowed after connection closed.). Possibly consider using a shorter maxLifetime value.
2026-07-21 16:04:44 [http-nio-8080-exec-3] INFO  c.e.Docgen_Backend.config.JwtFilter - JWT validated successfully for userId=6a311365ec2c34f3d9e4f06e
2026-07-21 16:04:44 [http-nio-8080-exec-3] INFO  c.e.D.controller.UserController - PATCH /api/v2/users/20 - Update request received for employeeId=CTS0371
2026-07-21 16:04:44 [http-nio-8080-exec-3] DEBUG c.e.D.controller.UserController - Update payload: CreateProfileRequest(employeeName=Sakshi Sunilrao Yeole, email=ssy290489@gmail.com, mobileNo=9579080633, employeeId=CTS0371, joiningDesignation=Data Analyst, currentDesignation=Data Analyst, department=Information Technology, currentAddress=W/o Ankush Belpande, D-603, Santosh Dreams, Ravet, Pune – 412101, permanentAddress=W/o Ankush Belpande, D-603, Santosh Dreams, Ravet, Pune – 412101, accountNo=2601235318269640, bankName=AU SMALL FINANCE BANK, joiningCTC=850008.0, currentCTC=850008.0, dateOfBirth=1995-10-05, offerDate=2025-10-09, joiningDate=2025-11-10, panNo=ASAPY2454L, company=DSS, pfType=WITH_PF, identity=MRS, documents=[EXPERIENCE_LETTER, INCREMENT_LETTER, RELIEVING_LETTER, SALARY_SLIP, OFFER_LETTER], documentData={OFFER_LETTER={issueDate=2025-10-09, probationPeriod=3}, INCREMENT_LETTER={issueDate=2026-04-01}, EXPERIENCE_LETTER={relievingDate=2026-07-10, issueDate=2026-07-10}, RELIEVING_LETTER={relievingDate=2026-07-10, issueDate=2026-07-10}, SALARY_SLIP={startMonth=2026-04, endMonth=2026-06, salaryWorkdays={2026-04=30, 2026-05=31, 2026-06=30}}})
2026-07-21 16:04:44 [http-nio-8080-exec-3] INFO  c.e.D.service.impl.UserServiceImpl - Updating user profile | userId=20 | employeeId=CTS0371
2026-07-21 16:04:44 [http-nio-8080-exec-3] WARN  com.zaxxer.hikari.pool.PoolBase - HikariPool-1 - Failed to validate connection com.mysql.cj.jdbc.ConnectionImpl@21b12d33 (No operations allowed after connection closed.). Possibly consider using a shorter maxLifetime value.
2026-07-21 16:04:44 [http-nio-8080-exec-3] WARN  com.zaxxer.hikari.pool.PoolBase - HikariPool-1 - Failed to validate connection com.mysql.cj.jdbc.ConnectionImpl@e77a4c8 (No operations allowed after connection closed.). Possibly consider using a shorter maxLifetime value.
2026-07-21 16:04:44 [http-nio-8080-exec-3] DEBUG c.e.D.service.impl.UserServiceImpl - Existing user fetched | userId=20 | oldEmployeeId=CTS0371
2026-07-21 16:04:44 [http-nio-8080-exec-3] DEBUG c.e.D.service.impl.UserServiceImpl - Updating documents | userId=20
2026-07-21 16:04:44 [http-nio-8080-exec-3] INFO  c.e.D.service.impl.UserServiceImpl - User profile updated successfully | userId=20 | timeTaken=616ms
2026-07-21 16:04:44 [http-nio-8080-exec-3] INFO  c.e.D.controller.UserController - Profile updated successfully for userId=20, employeeId=CTS0371
2026-07-21 16:06:22 [HikariPool-1:housekeeper] WARN  com.zaxxer.hikari.pool.PoolBase - HikariPool-1 - Failed to validate connection com.mysql.cj.jdbc.ConnectionImpl@472dfe7b (No operations allowed after connection closed.). Possibly consider using a shorter maxLifetime value.
2026-07-21 16:06:32 [HikariPool-1:housekeeper] WARN  com.zaxxer.hikari.pool.PoolBase - HikariPool-1 - Failed to validate connection com.mysql.cj.jdbc.ConnectionImpl@5909fe61 (No operations allowed after connection closed.). Possibly consider using a shorter maxLifetime value.
2026-07-21 16:06:40 [HikariPool-1:housekeeper] WARN  com.zaxxer.hikari.pool.PoolBase - HikariPool-1 - Failed to validate connection com.mysql.cj.jdbc.ConnectionImpl@dfe2154 (No operations allowed after connection closed.). Possibly consider using a shorter maxLifetime value.
2026-07-21 16:08:17 [HikariPool-1:housekeeper] WARN  com.zaxxer.hikari.pool.PoolBase - HikariPool-1 - Failed to validate connection com.mysql.cj.jdbc.ConnectionImpl@44a1436f (No operations allowed after connection closed.). Possibly consider using a shorter maxLifetime value.
2026-07-21 16:08:22 [HikariPool-1:housekeeper] WARN  com.zaxxer.hikari.pool.PoolBase - HikariPool-1 - Failed to validate connection com.mysql.cj.jdbc.ConnectionImpl@5bafc2ef (No operations allowed after connection closed.). Possibly consider using a shorter maxLifetime value.
2026-07-21 16:10:04 [HikariPool-1:housekeeper] WARN  com.zaxxer.hikari.pool.PoolBase - HikariPool-1 - Failed to validate connection com.mysql.cj.jdbc.ConnectionImpl@63f774e6 (No operations allowed after connection closed.). Possibly consider using a shorter maxLifetime value.
2026-07-21 16:10:16 [HikariPool-1:housekeeper] WARN  com.zaxxer.hikari.pool.PoolBase - HikariPool-1 - Failed to validate connection com.mysql.cj.jdbc.ConnectionImpl@37a096e1 (No operations allowed after connection closed.). Possibly consider using a shorter maxLifetime value.
2026-07-21 16:11:56 [HikariPool-1:housekeeper] WARN  com.zaxxer.hikari.pool.PoolBase - HikariPool-1 - Failed to validate connection com.mysql.cj.jdbc.ConnectionImpl@4ab594b5 (No operations allowed after connection closed.). Possibly consider using a shorter maxLifetime value.
2026-07-21 16:12:04 [HikariPool-1:housekeeper] WARN  com.zaxxer.hikari.pool.PoolBase - HikariPool-1 - Failed to validate connection com.mysql.cj.jdbc.ConnectionImpl@4b6ecfd0 (No operations allowed after connection closed.). Possibly consider using a shorter maxLifetime value.
2026-07-21 16:13:42 [HikariPool-1:housekeeper] WARN  com.zaxxer.hikari.pool.PoolBase - HikariPool-1 - Failed to validate connection com.mysql.cj.jdbc.ConnectionImpl@53495141 (No operations allowed after connection closed.). Possibly consider using a shorter maxLifetime value.
2026-07-21 16:13:42 [HikariPool-1:housekeeper] WARN  com.zaxxer.hikari.pool.PoolBase - HikariPool-1 - Failed to validate connection com.mysql.cj.jdbc.ConnectionImpl@44497544 (No operations allowed after connection closed.). Possibly consider using a shorter maxLifetime value.
2026-07-21 16:15:22 [HikariPool-1:housekeeper] WARN  com.zaxxer.hikari.pool.PoolBase - HikariPool-1 - Failed to validate connection com.mysql.cj.jdbc.ConnectionImpl@a639aa1 (No operations allowed after connection closed.). Possibly consider using a shorter maxLifetime value.
2026-07-21 16:15:26 [http-nio-8080-exec-6] INFO  c.e.Docgen_Backend.config.JwtFilter - JWT validated successfully for userId=6a311365ec2c34f3d9e4f06e
2026-07-21 16:15:26 [http-nio-8080-exec-6] INFO  c.e.D.controller.UserController - GET /api/v2/users - Fetch all users request received | page=0, size=8, sortBy=id, direction=desc
2026-07-21 16:15:26 [http-nio-8080-exec-6] WARN  com.zaxxer.hikari.pool.PoolBase - HikariPool-1 - Failed to validate connection com.mysql.cj.jdbc.ConnectionImpl@5b44362b (No operations allowed after connection closed.). Possibly consider using a shorter maxLifetime value.
2026-07-21 16:15:32 [http-nio-8080-exec-6] INFO  c.e.D.controller.UserController - Fetched 8 users on page 0 of 3
2026-07-21 16:15:32 [http-nio-8080-exec-9] INFO  c.e.Docgen_Backend.config.JwtFilter - JWT validated successfully for userId=6a311365ec2c34f3d9e4f06e
2026-07-21 16:15:32 [http-nio-8080-exec-9] INFO  c.e.D.controller.UserController - GET /api/v2/users - Fetch all users request received | page=0, size=8, sortBy=id, direction=desc
2026-07-21 16:15:34 [http-nio-8080-exec-9] INFO  c.e.D.controller.UserController - Fetched 8 users on page 0 of 3
2026-07-21 16:15:47 [http-nio-8080-exec-10] INFO  c.e.Docgen_Backend.config.JwtFilter - JWT validated successfully for userId=6a311365ec2c34f3d9e4f06e
2026-07-21 16:15:47 [http-nio-8080-exec-10] INFO  c.e.D.controller.UserController - GET /api/v2/users/30 - Fetch request received
2026-07-21 16:15:47 [http-nio-8080-exec-10] INFO  c.e.D.service.impl.UserServiceImpl - Fetching user profile for edit | userId=30
2026-07-21 16:15:47 [http-nio-8080-exec-10] DEBUG c.e.D.service.impl.UserServiceImpl - User found | userId=30 | employeeId=RPBS824
2026-07-21 16:15:47 [http-nio-8080-exec-10] INFO  c.e.D.service.impl.UserServiceImpl - User profile fetched successfully | userId=30 | timeTaken=428ms
2026-07-21 16:15:47 [http-nio-8080-exec-10] INFO  c.e.D.controller.UserController - Profile fetched successfully for userId=30
2026-07-21 16:15:47 [http-nio-8080-exec-10] DEBUG c.e.D.controller.UserController - Fetched profile data: UserProfileResponseDTO(id=30, employeeName=Sameer Pramod Doifode, employeeId=RPBS824, email=samdoiphode08@gmail.com, mobileNo=8999983227, joiningDesignation=Accounts Payable Associate, currentDesignation=Accounts Payable Associate, department=IT, company=RPBS, identity=MR, pfType=WITHOUT_PF, accountNo=38326617207, bankName=State Bank of India, currentAddress=C-103, Bhansali Campus, Vadgaon Bk, Pune - 411041, permanentAddress= Near Water Tank, Court Colony, Mothi Umari Akola, 444005, joiningCTC=340020.0, currentCTC=340020.0, dateOfBirth=2001-05-02, offerDate=2023-07-31, joiningDate=2023-08-07, panNo=ETCPD5377Q, documents={APPOINTMENT_LETTER=DocumentResponseDTO(generated=false, data=null), INTERNSHIP_LETTER=DocumentResponseDTO(generated=false, data=null), EXPERIENCE_LETTER=DocumentResponseDTO(generated=true, data={issueDate=2024-07-24, relievingDate=2024-07-24}), FULL_AND_FINAL=DocumentResponseDTO(generated=false, data=null), CONFIRMATION_LETTER=DocumentResponseDTO(generated=false, data=null), INCREMENT_LETTER=DocumentResponseDTO(generated=false, data=null), RELIEVING_LETTER=DocumentResponseDTO(generated=true, data={issueDate=2024-07-24, relievingDate=2024-07-24}), SALARY_SLIP=DocumentResponseDTO(generated=true, data={startMonth=2024-04, endMonth=2024-06}), COMPLETION_LETTER=DocumentResponseDTO(generated=false, data=null), OFFER_LETTER=DocumentResponseDTO(generated=true, data={issueDate=2023-07-31, probationPeriod=3})})
2026-07-21 16:15:47 [http-nio-8080-exec-1] INFO  c.e.Docgen_Backend.config.JwtFilter - JWT validated successfully for userId=6a311365ec2c34f3d9e4f06e
2026-07-21 16:15:47 [http-nio-8080-exec-1] INFO  c.e.D.controller.UserController - GET /api/v2/users/30 - Fetch request received
2026-07-21 16:15:47 [http-nio-8080-exec-1] INFO  c.e.D.service.impl.UserServiceImpl - Fetching user profile for edit | userId=30
2026-07-21 16:15:48 [http-nio-8080-exec-1] DEBUG c.e.D.service.impl.UserServiceImpl - User found | userId=30 | employeeId=RPBS824
2026-07-21 16:15:48 [http-nio-8080-exec-1] INFO  c.e.D.service.impl.UserServiceImpl - User profile fetched successfully | userId=30 | timeTaken=323ms
2026-07-21 16:15:48 [http-nio-8080-exec-1] INFO  c.e.D.controller.UserController - Profile fetched successfully for userId=30
2026-07-21 16:15:48 [http-nio-8080-exec-1] DEBUG c.e.D.controller.UserController - Fetched profile data: UserProfileResponseDTO(id=30, employeeName=Sameer Pramod Doifode, employeeId=RPBS824, email=samdoiphode08@gmail.com, mobileNo=8999983227, joiningDesignation=Accounts Payable Associate, currentDesignation=Accounts Payable Associate, department=IT, company=RPBS, identity=MR, pfType=WITHOUT_PF, accountNo=38326617207, bankName=State Bank of India, currentAddress=C-103, Bhansali Campus, Vadgaon Bk, Pune - 411041, permanentAddress= Near Water Tank, Court Colony, Mothi Umari Akola, 444005, joiningCTC=340020.0, currentCTC=340020.0, dateOfBirth=2001-05-02, offerDate=2023-07-31, joiningDate=2023-08-07, panNo=ETCPD5377Q, documents={APPOINTMENT_LETTER=DocumentResponseDTO(generated=false, data=null), INTERNSHIP_LETTER=DocumentResponseDTO(generated=false, data=null), EXPERIENCE_LETTER=DocumentResponseDTO(generated=true, data={issueDate=2024-07-24, relievingDate=2024-07-24}), FULL_AND_FINAL=DocumentResponseDTO(generated=false, data=null), CONFIRMATION_LETTER=DocumentResponseDTO(generated=false, data=null), INCREMENT_LETTER=DocumentResponseDTO(generated=false, data=null), RELIEVING_LETTER=DocumentResponseDTO(generated=true, data={issueDate=2024-07-24, relievingDate=2024-07-24}), SALARY_SLIP=DocumentResponseDTO(generated=true, data={startMonth=2024-04, endMonth=2024-06}), COMPLETION_LETTER=DocumentResponseDTO(generated=false, data=null), OFFER_LETTER=DocumentResponseDTO(generated=true, data={issueDate=2023-07-31, probationPeriod=3})})
2026-07-21 16:15:59 [http-nio-8080-exec-2] INFO  c.e.Docgen_Backend.config.JwtFilter - JWT validated successfully for userId=6a311365ec2c34f3d9e4f06e
2026-07-21 16:15:59 [http-nio-8080-exec-2] INFO  c.e.D.controller.UserController - PATCH /api/v2/users/30 - Update request received for employeeId=RPBS824
2026-07-21 16:15:59 [http-nio-8080-exec-2] DEBUG c.e.D.controller.UserController - Update payload: CreateProfileRequest(employeeName=Sameer Pramod Doifode, email=samdoiphode08@gmail.com, mobileNo=8999983227, employeeId=RPBS824, joiningDesignation=Accounts Payable Associate, currentDesignation=Accounts Payable Associate, department=Finance & Accounting, currentAddress=C-103, Bhansali Campus, Vadgaon Bk, Pune - 411041, permanentAddress= Near Water Tank, Court Colony, Mothi Umari Akola, 444005, accountNo=38326617207, bankName=State Bank of India, joiningCTC=340020.0, currentCTC=340020.0, dateOfBirth=2001-05-02, offerDate=2023-07-31, joiningDate=2023-08-07, panNo=ETCPD5377Q, company=RPBS, pfType=WITHOUT_PF, identity=MR, documents=[EXPERIENCE_LETTER, RELIEVING_LETTER, SALARY_SLIP, OFFER_LETTER], documentData={OFFER_LETTER={issueDate=2023-07-31, probationPeriod=3}, EXPERIENCE_LETTER={relievingDate=2024-07-24, issueDate=2024-07-24}, RELIEVING_LETTER={relievingDate=2024-07-24, issueDate=2024-07-24}, SALARY_SLIP={startMonth=2024-04, endMonth=2024-06, salaryWorkdays={2024-04=30, 2024-05=31, 2024-06=30}}})
2026-07-21 16:15:59 [http-nio-8080-exec-2] INFO  c.e.D.service.impl.UserServiceImpl - Updating user profile | userId=30 | employeeId=RPBS824
2026-07-21 16:15:59 [http-nio-8080-exec-2] DEBUG c.e.D.service.impl.UserServiceImpl - Existing user fetched | userId=30 | oldEmployeeId=RPBS824
2026-07-21 16:15:59 [http-nio-8080-exec-2] DEBUG c.e.D.service.impl.UserServiceImpl - Updating documents | userId=30
2026-07-21 16:15:59 [http-nio-8080-exec-2] INFO  c.e.D.service.impl.UserServiceImpl - User profile updated successfully | userId=30 | timeTaken=442ms
2026-07-21 16:15:59 [http-nio-8080-exec-2] INFO  c.e.D.controller.UserController - Profile updated successfully for userId=30, employeeId=RPBS824
2026-07-21 16:17:08 [HikariPool-1:housekeeper] WARN  com.zaxxer.hikari.pool.PoolBase - HikariPool-1 - Failed to validate connection com.mysql.cj.jdbc.ConnectionImpl@4baad5e8 (No operations allowed after connection closed.). Possibly consider using a shorter maxLifetime value.
2026-07-21 16:17:09 [HikariPool-1:housekeeper] WARN  com.zaxxer.hikari.pool.PoolBase - HikariPool-1 - Failed to validate connection com.mysql.cj.jdbc.ConnectionImpl@52664637 (No operations allowed after connection closed.). Possibly consider using a shorter maxLifetime value.
2026-07-21 16:17:20 [HikariPool-1:housekeeper] WARN  com.zaxxer.hikari.pool.PoolBase - HikariPool-1 - Failed to validate connection com.mysql.cj.jdbc.ConnectionImpl@90bc337 (No operations allowed after connection closed.). Possibly consider using a shorter maxLifetime value.
2026-07-21 16:19:04 [HikariPool-1:housekeeper] WARN  com.zaxxer.hikari.pool.PoolBase - HikariPool-1 - Failed to validate connection com.mysql.cj.jdbc.ConnectionImpl@63f6c86f (No operations allowed after connection closed.). Possibly consider using a shorter maxLifetime value.
2026-07-21 16:19:15 [HikariPool-1:housekeeper] WARN  com.zaxxer.hikari.pool.PoolBase - HikariPool-1 - Failed to validate connection com.mysql.cj.jdbc.ConnectionImpl@548404ec (No operations allowed after connection closed.). Possibly consider using a shorter maxLifetime value.
2026-07-21 16:20:48 [HikariPool-1:housekeeper] WARN  com.zaxxer.hikari.pool.PoolBase - HikariPool-1 - Failed to validate connection com.mysql.cj.jdbc.ConnectionImpl@fea0a93 (No operations allowed after connection closed.). Possibly consider using a shorter maxLifetime value.
2026-07-21 16:21:00 [HikariPool-1:housekeeper] WARN  com.zaxxer.hikari.pool.PoolBase - HikariPool-1 - Failed to validate connection com.mysql.cj.jdbc.ConnectionImpl@739ace7a (No operations allowed after connection closed.). Possibly consider using a shorter maxLifetime value.
2026-07-21 16:22:33 [http-nio-8080-exec-9] INFO  c.e.Docgen_Backend.config.JwtFilter - JWT validated successfully for userId=6a311365ec2c34f3d9e4f06e
2026-07-21 16:22:33 [http-nio-8080-exec-9] INFO  c.e.D.controller.UserController - PATCH /api/v2/users/30 - Update request received for employeeId=RPBS824
2026-07-21 16:22:33 [http-nio-8080-exec-9] DEBUG c.e.D.controller.UserController - Update payload: CreateProfileRequest(employeeName=Sameer Pramod Doifode, email=samdoiphode08@gmail.com, mobileNo=8999983227, employeeId=RPBS824, joiningDesignation=Accounts Payable Associate, currentDesignation=Accounts Payable Associate, department= Accounting, currentAddress=C-103, Bhansali Campus, Vadgaon Bk, Pune - 411041, permanentAddress= Near Water Tank, Court Colony, Mothi Umari Akola, 444005, accountNo=38326617207, bankName=State Bank of India, joiningCTC=340020.0, currentCTC=340020.0, dateOfBirth=2001-05-02, offerDate=2023-07-31, joiningDate=2023-08-07, panNo=ETCPD5377Q, company=RPBS, pfType=WITHOUT_PF, identity=MR, documents=[EXPERIENCE_LETTER, RELIEVING_LETTER, SALARY_SLIP, OFFER_LETTER], documentData={OFFER_LETTER={issueDate=2023-07-31, probationPeriod=3}, EXPERIENCE_LETTER={relievingDate=2024-07-24, issueDate=2024-07-24}, RELIEVING_LETTER={relievingDate=2024-07-24, issueDate=2024-07-24}, SALARY_SLIP={startMonth=2024-04, endMonth=2024-06, salaryWorkdays={2024-04=30, 2024-05=31, 2024-06=30}}})
2026-07-21 16:22:33 [http-nio-8080-exec-9] INFO  c.e.D.service.impl.UserServiceImpl - Updating user profile | userId=30 | employeeId=RPBS824
2026-07-21 16:22:33 [http-nio-8080-exec-9] WARN  com.zaxxer.hikari.pool.PoolBase - HikariPool-1 - Failed to validate connection com.mysql.cj.jdbc.ConnectionImpl@448476be (No operations allowed after connection closed.). Possibly consider using a shorter maxLifetime value.
2026-07-21 16:22:33 [http-nio-8080-exec-9] WARN  com.zaxxer.hikari.pool.PoolBase - HikariPool-1 - Failed to validate connection com.mysql.cj.jdbc.ConnectionImpl@45897003 (No operations allowed after connection closed.). Possibly consider using a shorter maxLifetime value.
2026-07-21 16:22:34 [http-nio-8080-exec-9] DEBUG c.e.D.service.impl.UserServiceImpl - Existing user fetched | userId=30 | oldEmployeeId=RPBS824
2026-07-21 16:22:34 [http-nio-8080-exec-9] DEBUG c.e.D.service.impl.UserServiceImpl - Updating documents | userId=30
2026-07-21 16:22:34 [http-nio-8080-exec-9] INFO  c.e.D.service.impl.UserServiceImpl - User profile updated successfully | userId=30 | timeTaken=686ms
2026-07-21 16:22:34 [http-nio-8080-exec-9] INFO  c.e.D.controller.UserController - Profile updated successfully for userId=30, employeeId=RPBS824
2026-07-21 16:24:13 [HikariPool-1:housekeeper] WARN  com.zaxxer.hikari.pool.PoolBase - HikariPool-1 - Failed to validate connection com.mysql.cj.jdbc.ConnectionImpl@265ba5de (No operations allowed after connection closed.). Possibly consider using a shorter maxLifetime value.
2026-07-21 16:24:21 [HikariPool-1:housekeeper] WARN  com.zaxxer.hikari.pool.PoolBase - HikariPool-1 - Failed to validate connection com.mysql.cj.jdbc.ConnectionImpl@6cfd0b8d (No operations allowed after connection closed.). Possibly consider using a shorter maxLifetime value.
2026-07-21 16:24:25 [HikariPool-1:housekeeper] WARN  com.zaxxer.hikari.pool.PoolBase - HikariPool-1 - Failed to validate connection com.mysql.cj.jdbc.ConnectionImpl@3ad3f51c (No operations allowed after connection closed.). Possibly consider using a shorter maxLifetime value.
2026-07-21 16:24:42 [http-nio-8080-exec-1] INFO  c.e.Docgen_Backend.config.JwtFilter - JWT validated successfully for userId=6a311365ec2c34f3d9e4f06e
2026-07-21 16:24:42 [http-nio-8080-exec-1] INFO  c.e.D.controller.UserController - GET /api/v2/users - Fetch all users request received | page=0, size=8, sortBy=id, direction=desc
2026-07-21 16:24:42 [http-nio-8080-exec-1] WARN  com.zaxxer.hikari.pool.PoolBase - HikariPool-1 - Failed to validate connection com.mysql.cj.jdbc.ConnectionImpl@b29d3fc (No operations allowed after connection closed.). Possibly consider using a shorter maxLifetime value.
2026-07-21 16:24:47 [http-nio-8080-exec-1] INFO  c.e.D.controller.UserController - Fetched 8 users on page 0 of 3
2026-07-21 16:24:47 [http-nio-8080-exec-3] INFO  c.e.Docgen_Backend.config.JwtFilter - JWT validated successfully for userId=6a311365ec2c34f3d9e4f06e
2026-07-21 16:24:47 [http-nio-8080-exec-3] INFO  c.e.D.controller.UserController - GET /api/v2/users - Fetch all users request received | page=0, size=8, sortBy=id, direction=desc
2026-07-21 16:24:50 [http-nio-8080-exec-3] INFO  c.e.D.controller.UserController - Fetched 8 users on page 0 of 3
2026-07-21 16:25:19 [http-nio-8080-exec-7] INFO  c.e.Docgen_Backend.config.JwtFilter - JWT validated successfully for userId=6a311365ec2c34f3d9e4f06e
2026-07-21 16:25:19 [http-nio-8080-exec-7] INFO  c.e.D.controller.UserController - GET /api/v2/users - Fetch all users request received | page=1, size=8, sortBy=id, direction=desc
2026-07-21 16:25:19 [http-nio-8080-exec-7] WARN  com.zaxxer.hikari.pool.PoolBase - HikariPool-1 - Failed to validate connection com.mysql.cj.jdbc.ConnectionImpl@35d3e774 (No operations allowed after connection closed.). Possibly consider using a shorter maxLifetime value.
2026-07-21 16:25:19 [http-nio-8080-exec-7] WARN  com.zaxxer.hikari.pool.PoolBase - HikariPool-1 - Failed to validate connection com.mysql.cj.jdbc.ConnectionImpl@1c64e068 (No operations allowed after connection closed.). Possibly consider using a shorter maxLifetime value.
2026-07-21 16:25:19 [http-nio-8080-exec-7] WARN  com.zaxxer.hikari.pool.PoolBase - HikariPool-1 - Failed to validate connection com.mysql.cj.jdbc.ConnectionImpl@32bd6cfd (No operations allowed after connection closed.). Possibly consider using a shorter maxLifetime value.
2026-07-21 16:25:22 [http-nio-8080-exec-7] INFO  c.e.D.controller.UserController - Fetched 8 users on page 1 of 3
2026-07-21 16:25:32 [http-nio-8080-exec-6] INFO  c.e.Docgen_Backend.config.JwtFilter - JWT validated successfully for userId=6a311365ec2c34f3d9e4f06e
2026-07-21 16:25:32 [http-nio-8080-exec-6] INFO  c.e.D.controller.UserController - GET /api/v2/users - Fetch all users request received | page=2, size=8, sortBy=id, direction=desc
2026-07-21 16:25:33 [http-nio-8080-exec-6] INFO  c.e.D.controller.UserController - Fetched 5 users on page 2 of 3
2026-07-21 16:25:36 [http-nio-8080-exec-8] INFO  c.e.Docgen_Backend.config.JwtFilter - JWT validated successfully for userId=6a311365ec2c34f3d9e4f06e
2026-07-21 16:25:36 [http-nio-8080-exec-8] INFO  c.e.D.controller.UserController - GET /api/v2/users - Fetch all users request received | page=1, size=8, sortBy=id, direction=desc
2026-07-21 16:25:38 [http-nio-8080-exec-8] INFO  c.e.D.controller.UserController - Fetched 8 users on page 1 of 3
2026-07-21 16:25:40 [http-nio-8080-exec-10] INFO  c.e.Docgen_Backend.config.JwtFilter - JWT validated successfully for userId=6a311365ec2c34f3d9e4f06e
2026-07-21 16:25:40 [http-nio-8080-exec-10] INFO  c.e.D.controller.UserController - GET /api/v2/users - Fetch all users request received | page=0, size=8, sortBy=id, direction=desc
2026-07-21 16:25:41 [http-nio-8080-exec-10] INFO  c.e.D.controller.UserController - Fetched 8 users on page 0 of 3
2026-07-21 16:25:50 [http-nio-8080-exec-7] INFO  c.e.Docgen_Backend.config.JwtFilter - JWT validated successfully for userId=6a311365ec2c34f3d9e4f06e
2026-07-21 16:25:50 [http-nio-8080-exec-7] INFO  c.e.D.controller.UserController - GET /api/v2/users/25 - Fetch request received
2026-07-21 16:25:50 [http-nio-8080-exec-7] INFO  c.e.D.service.impl.UserServiceImpl - Fetching user profile for edit | userId=25
2026-07-21 16:25:54 [http-nio-8080-exec-7] DEBUG c.e.D.service.impl.UserServiceImpl - User found | userId=25 | employeeId=SMDS0291
2026-07-21 16:25:54 [http-nio-8080-exec-7] INFO  c.e.D.service.impl.UserServiceImpl - User profile fetched successfully | userId=25 | timeTaken=4500ms
2026-07-21 16:25:54 [http-nio-8080-exec-7] INFO  c.e.D.controller.UserController - Profile fetched successfully for userId=25
2026-07-21 16:25:54 [http-nio-8080-exec-7] DEBUG c.e.D.controller.UserController - Fetched profile data: UserProfileResponseDTO(id=25, employeeName=Prerana Dilip Bhandare, employeeId=SMDS0291, email=preranabhandare2004@gmail.com, mobileNo=9011070063, joiningDesignation=QA Engineer, currentDesignation=QA Engineer, department=IT, company=SMDS, identity=MISS, pfType=WITHOUT_PF, accountNo=33893831863, bankName=Bank of india, currentAddress= kharadi,pune, permanentAddress=Umarkhed, dist Yavatmal pin code:445206, joiningCTC=260000.0, currentCTC=380000.0, dateOfBirth=2004-01-03, offerDate=2024-07-01, joiningDate=2024-07-14, panNo=GDSPB2462L, documents={APPOINTMENT_LETTER=DocumentResponseDTO(generated=false, data=null), INTERNSHIP_LETTER=DocumentResponseDTO(generated=false, data=null), EXPERIENCE_LETTER=DocumentResponseDTO(generated=true, data={issueDate=2026-07-10, relievingDate=2026-07-10}), FULL_AND_FINAL=DocumentResponseDTO(generated=false, data=null), CONFIRMATION_LETTER=DocumentResponseDTO(generated=false, data=null), INCREMENT_LETTER=DocumentResponseDTO(generated=true, data={issueDate=2026-04-01}), RELIEVING_LETTER=DocumentResponseDTO(generated=true, data={issueDate=2026-07-10, relievingDate=2026-07-10}), SALARY_SLIP=DocumentResponseDTO(generated=true, data={startMonth=2026-01, endMonth=2026-06}), COMPLETION_LETTER=DocumentResponseDTO(generated=false, data=null), OFFER_LETTER=DocumentResponseDTO(generated=false, data=null)})
2026-07-21 16:25:54 [http-nio-8080-exec-5] INFO  c.e.Docgen_Backend.config.JwtFilter - JWT validated successfully for userId=6a311365ec2c34f3d9e4f06e
2026-07-21 16:25:54 [http-nio-8080-exec-5] INFO  c.e.D.controller.UserController - GET /api/v2/users/25 - Fetch request received
2026-07-21 16:25:54 [http-nio-8080-exec-5] INFO  c.e.D.service.impl.UserServiceImpl - Fetching user profile for edit | userId=25
2026-07-21 16:25:55 [http-nio-8080-exec-5] DEBUG c.e.D.service.impl.UserServiceImpl - User found | userId=25 | employeeId=SMDS0291
2026-07-21 16:25:55 [http-nio-8080-exec-5] INFO  c.e.D.service.impl.UserServiceImpl - User profile fetched successfully | userId=25 | timeTaken=510ms
2026-07-21 16:25:55 [http-nio-8080-exec-5] INFO  c.e.D.controller.UserController - Profile fetched successfully for userId=25
2026-07-21 16:25:55 [http-nio-8080-exec-5] DEBUG c.e.D.controller.UserController - Fetched profile data: UserProfileResponseDTO(id=25, employeeName=Prerana Dilip Bhandare, employeeId=SMDS0291, email=preranabhandare2004@gmail.com, mobileNo=9011070063, joiningDesignation=QA Engineer, currentDesignation=QA Engineer, department=IT, company=SMDS, identity=MISS, pfType=WITHOUT_PF, accountNo=33893831863, bankName=Bank of india, currentAddress= kharadi,pune, permanentAddress=Umarkhed, dist Yavatmal pin code:445206, joiningCTC=260000.0, currentCTC=380000.0, dateOfBirth=2004-01-03, offerDate=2024-07-01, joiningDate=2024-07-14, panNo=GDSPB2462L, documents={APPOINTMENT_LETTER=DocumentResponseDTO(generated=false, data=null), INTERNSHIP_LETTER=DocumentResponseDTO(generated=false, data=null), EXPERIENCE_LETTER=DocumentResponseDTO(generated=true, data={issueDate=2026-07-10, relievingDate=2026-07-10}), FULL_AND_FINAL=DocumentResponseDTO(generated=false, data=null), CONFIRMATION_LETTER=DocumentResponseDTO(generated=false, data=null), INCREMENT_LETTER=DocumentResponseDTO(generated=true, data={issueDate=2026-04-01}), RELIEVING_LETTER=DocumentResponseDTO(generated=true, data={issueDate=2026-07-10, relievingDate=2026-07-10}), SALARY_SLIP=DocumentResponseDTO(generated=true, data={startMonth=2026-01, endMonth=2026-06}), COMPLETION_LETTER=DocumentResponseDTO(generated=false, data=null), OFFER_LETTER=DocumentResponseDTO(generated=false, data=null)})
2026-07-21 16:26:23 [http-nio-8080-exec-9] INFO  c.e.Docgen_Backend.config.JwtFilter - JWT validated successfully for userId=6a311365ec2c34f3d9e4f06e
2026-07-21 16:26:23 [http-nio-8080-exec-9] INFO  c.e.D.controller.UserController - PATCH /api/v2/users/25 - Update request received for employeeId=SMDS0291
2026-07-21 16:26:23 [http-nio-8080-exec-9] DEBUG c.e.D.controller.UserController - Update payload: CreateProfileRequest(employeeName=Prerana Dilip Bhandare, email=preranabhandare2004@gmail.com, mobileNo=9011070063, employeeId=SMDS0291, joiningDesignation=QA Engineer, currentDesignation=QA Engineer, department=IT, currentAddress= kharadi,pune, permanentAddress=Umarkhed, dist Yavatmal pin code:445206, accountNo=33893831863, bankName=Bank of india, joiningCTC=260000.0, currentCTC=380000.0, dateOfBirth=2004-01-03, offerDate=2024-07-01, joiningDate=2024-07-14, panNo=GDSPB2462L, company=SMDS, pfType=WITHOUT_PF, identity=MISS, documents=[EXPERIENCE_LETTER, INCREMENT_LETTER, RELIEVING_LETTER, SALARY_SLIP], documentData={INCREMENT_LETTER={issueDate=2026-04-01}, EXPERIENCE_LETTER={relievingDate=2026-07-10, issueDate=2026-07-10}, RELIEVING_LETTER={relievingDate=2026-07-10, issueDate=2026-07-10}, SALARY_SLIP={startMonth=2026-01, endMonth=2026-06, salaryWorkdays={2026-01=31, 2026-02=28, 2026-03=31, 2026-04=30, 2026-05=31, 2026-06=30}}})
2026-07-21 16:26:23 [http-nio-8080-exec-9] INFO  c.e.D.service.impl.UserServiceImpl - Updating user profile | userId=25 | employeeId=SMDS0291
2026-07-21 16:26:23 [http-nio-8080-exec-9] WARN  com.zaxxer.hikari.pool.PoolBase - HikariPool-1 - Failed to validate connection com.mysql.cj.jdbc.ConnectionImpl@77fa2cda (No operations allowed after connection closed.). Possibly consider using a shorter maxLifetime value.
2026-07-21 16:26:23 [http-nio-8080-exec-9] WARN  com.zaxxer.hikari.pool.PoolBase - HikariPool-1 - Failed to validate connection com.mysql.cj.jdbc.ConnectionImpl@701a19e6 (No operations allowed after connection closed.). Possibly consider using a shorter maxLifetime value.
2026-07-21 16:26:23 [http-nio-8080-exec-9] WARN  com.zaxxer.hikari.pool.PoolBase - HikariPool-1 - Failed to validate connection com.mysql.cj.jdbc.ConnectionImpl@5748a21b (No operations allowed after connection closed.). Possibly consider using a shorter maxLifetime value.
2026-07-21 16:26:24 [http-nio-8080-exec-9] DEBUG c.e.D.service.impl.UserServiceImpl - Existing user fetched | userId=25 | oldEmployeeId=SMDS0291
2026-07-21 16:26:24 [http-nio-8080-exec-9] DEBUG c.e.D.service.impl.UserServiceImpl - Updating documents | userId=25
2026-07-21 16:26:24 [http-nio-8080-exec-9] INFO  c.e.D.service.impl.UserServiceImpl - User profile updated successfully | userId=25 | timeTaken=729ms
2026-07-21 16:26:24 [http-nio-8080-exec-9] INFO  c.e.D.controller.UserController - Profile updated successfully for userId=25, employeeId=SMDS0291
2026-07-21 16:28:02 [HikariPool-1:housekeeper] WARN  com.zaxxer.hikari.pool.PoolBase - HikariPool-1 - Failed to validate connection com.mysql.cj.jdbc.ConnectionImpl@7c8a7014 (No operations allowed after connection closed.). Possibly consider using a shorter maxLifetime value.
2026-07-21 16:28:03 [HikariPool-1:housekeeper] WARN  com.zaxxer.hikari.pool.PoolBase - HikariPool-1 - Failed to validate connection com.mysql.cj.jdbc.ConnectionImpl@5730afff (No operations allowed after connection closed.). Possibly consider using a shorter maxLifetime value.
2026-07-21 16:28:14 [HikariPool-1:housekeeper] WARN  com.zaxxer.hikari.pool.PoolBase - HikariPool-1 - Failed to validate connection com.mysql.cj.jdbc.ConnectionImpl@72eecb10 (No operations allowed after connection closed.). Possibly consider using a shorter maxLifetime value.
2026-07-21 16:29:56 [HikariPool-1:housekeeper] WARN  com.zaxxer.hikari.pool.PoolBase - HikariPool-1 - Failed to validate connection com.mysql.cj.jdbc.ConnectionImpl@a973617 (No operations allowed after connection closed.). Possibly consider using a shorter maxLifetime value.
2026-07-21 16:30:08 [HikariPool-1:housekeeper] WARN  com.zaxxer.hikari.pool.PoolBase - HikariPool-1 - Failed to validate connection com.mysql.cj.jdbc.ConnectionImpl@b972b04 (No operations allowed after connection closed.). Possibly consider using a shorter maxLifetime value.
2026-07-21 16:30:38 [http-nio-8080-exec-1] INFO  c.e.Docgen_Backend.config.JwtFilter - JWT validated successfully for userId=6a311365ec2c34f3d9e4f06e
2026-07-21 16:30:38 [http-nio-8080-exec-1] INFO  c.e.D.controller.UserController - PATCH /api/v2/users/25 - Update request received for employeeId=SMDS0291
2026-07-21 16:30:38 [http-nio-8080-exec-1] DEBUG c.e.D.controller.UserController - Update payload: CreateProfileRequest(employeeName=Prerana Dilip Bhandare, email=preranabhandare2004@gmail.com, mobileNo=9011070063, employeeId=SMDS0291, joiningDesignation=QA Engineer, currentDesignation=QA Engineer, department=IT, currentAddress= kharadi,pune, permanentAddress=Umarkhed, dist Yavatmal pin code:445206, accountNo=33893831863, bankName=Bank of india, joiningCTC=260000.0, currentCTC=380000.0, dateOfBirth=2004-01-03, offerDate=2024-07-01, joiningDate=2024-07-14, panNo=GDSPB2462L, company=SMDS, pfType=WITHOUT_PF, identity=MISS, documents=[EXPERIENCE_LETTER, INCREMENT_LETTER, RELIEVING_LETTER, SALARY_SLIP], documentData={INCREMENT_LETTER={issueDate=2026-04-01}, EXPERIENCE_LETTER={relievingDate=2026-07-10, issueDate=2026-07-10}, RELIEVING_LETTER={relievingDate=2026-07-10, issueDate=2026-07-10}, SALARY_SLIP={startMonth=2026-01, endMonth=2026-06, salaryWorkdays={2026-01=31, 2026-02=28, 2026-03=31, 2026-04=30, 2026-05=31, 2026-06=30}}})
2026-07-21 16:30:38 [http-nio-8080-exec-1] INFO  c.e.D.service.impl.UserServiceImpl - Updating user profile | userId=25 | employeeId=SMDS0291
2026-07-21 16:30:38 [http-nio-8080-exec-1] WARN  com.zaxxer.hikari.pool.PoolBase - HikariPool-1 - Failed to validate connection com.mysql.cj.jdbc.ConnectionImpl@14f34f1 (No operations allowed after connection closed.). Possibly consider using a shorter maxLifetime value.
2026-07-21 16:30:38 [http-nio-8080-exec-1] WARN  com.zaxxer.hikari.pool.PoolBase - HikariPool-1 - Failed to validate connection com.mysql.cj.jdbc.ConnectionImpl@2f461842 (No operations allowed after connection closed.). Possibly consider using a shorter maxLifetime value.
2026-07-21 16:30:39 [http-nio-8080-exec-1] DEBUG c.e.D.service.impl.UserServiceImpl - Existing user fetched | userId=25 | oldEmployeeId=SMDS0291
2026-07-21 16:30:39 [http-nio-8080-exec-1] DEBUG c.e.D.service.impl.UserServiceImpl - Updating documents | userId=25
2026-07-21 16:30:39 [http-nio-8080-exec-1] INFO  c.e.D.service.impl.UserServiceImpl - User profile updated successfully | userId=25 | timeTaken=660ms
2026-07-21 16:30:39 [http-nio-8080-exec-1] INFO  c.e.D.controller.UserController - Profile updated successfully for userId=25, employeeId=SMDS0291
2026-07-21 16:32:16 [HikariPool-1:housekeeper] WARN  com.zaxxer.hikari.pool.PoolBase - HikariPool-1 - Failed to validate connection com.mysql.cj.jdbc.ConnectionImpl@312df1c3 (No operations allowed after connection closed.). Possibly consider using a shorter maxLifetime value.
2026-07-21 16:32:20 [HikariPool-1:housekeeper] WARN  com.zaxxer.hikari.pool.PoolBase - HikariPool-1 - Failed to validate connection com.mysql.cj.jdbc.ConnectionImpl@2305eee2 (No operations allowed after connection closed.). Possibly consider using a shorter maxLifetime value.
2026-07-21 16:32:24 [HikariPool-1:housekeeper] WARN  com.zaxxer.hikari.pool.PoolBase - HikariPool-1 - Failed to validate connection com.mysql.cj.jdbc.ConnectionImpl@6bb433af (No operations allowed after connection closed.). Possibly consider using a shorter maxLifetime value.
2026-07-21 16:32:32 [http-nio-8080-exec-5] INFO  c.e.Docgen_Backend.config.JwtFilter - JWT validated successfully for userId=6a311365ec2c34f3d9e4f06e
2026-07-21 16:32:32 [http-nio-8080-exec-5] INFO  c.e.D.controller.UserController - GET /api/v2/users - Fetch all users request received | page=0, size=8, sortBy=id, direction=desc
2026-07-21 16:32:35 [http-nio-8080-exec-5] INFO  c.e.D.controller.UserController - Fetched 8 users on page 0 of 3
2026-07-21 16:32:35 [http-nio-8080-exec-6] INFO  c.e.Docgen_Backend.config.JwtFilter - JWT validated successfully for userId=6a311365ec2c34f3d9e4f06e
2026-07-21 16:32:35 [http-nio-8080-exec-6] INFO  c.e.D.controller.UserController - GET /api/v2/users - Fetch all users request received | page=0, size=8, sortBy=id, direction=desc
2026-07-21 16:32:37 [http-nio-8080-exec-6] INFO  c.e.D.controller.UserController - Fetched 8 users on page 0 of 3
2026-07-21 16:32:38 [http-nio-8080-exec-8] INFO  c.e.Docgen_Backend.config.JwtFilter - JWT validated successfully for userId=6a311365ec2c34f3d9e4f06e
2026-07-21 16:32:38 [http-nio-8080-exec-8] INFO  c.e.D.controller.UserController - GET /api/v2/users - Fetch all users request received | page=1, size=8, sortBy=id, direction=desc
2026-07-21 16:32:41 [http-nio-8080-exec-8] INFO  c.e.D.controller.UserController - Fetched 8 users on page 1 of 3
2026-07-21 16:32:45 [http-nio-8080-exec-1] INFO  c.e.Docgen_Backend.config.JwtFilter - JWT validated successfully for userId=6a311365ec2c34f3d9e4f06e
2026-07-21 16:32:45 [http-nio-8080-exec-1] INFO  c.e.D.controller.UserController - GET /api/v2/users/20 - Fetch request received
2026-07-21 16:32:45 [http-nio-8080-exec-1] INFO  c.e.D.service.impl.UserServiceImpl - Fetching user profile for edit | userId=20
2026-07-21 16:32:48 [http-nio-8080-exec-1] DEBUG c.e.D.service.impl.UserServiceImpl - User found | userId=20 | employeeId=CTS0371
2026-07-21 16:32:48 [http-nio-8080-exec-1] INFO  c.e.D.service.impl.UserServiceImpl - User profile fetched successfully | userId=20 | timeTaken=2840ms
2026-07-21 16:32:48 [http-nio-8080-exec-1] INFO  c.e.D.controller.UserController - Profile fetched successfully for userId=20
2026-07-21 16:32:48 [http-nio-8080-exec-1] DEBUG c.e.D.controller.UserController - Fetched profile data: UserProfileResponseDTO(id=20, employeeName=Sakshi Sunilrao Yeole, employeeId=CTS0371, email=ssy290489@gmail.com, mobileNo=9579080633, joiningDesignation=Data Analyst, currentDesignation=Data Analyst, department=Information Technology, company=DSS, identity=MRS, pfType=WITH_PF, accountNo=2601235318269640, bankName=AU SMALL FINANCE BANK, currentAddress=W/o Ankush Belpande, D-603, Santosh Dreams, Ravet, Pune – 412101, permanentAddress=W/o Ankush Belpande, D-603, Santosh Dreams, Ravet, Pune – 412101, joiningCTC=850008.0, currentCTC=850008.0, dateOfBirth=1995-10-05, offerDate=2025-10-09, joiningDate=2025-11-10, panNo=ASAPY2454L, documents={APPOINTMENT_LETTER=DocumentResponseDTO(generated=false, data=null), INTERNSHIP_LETTER=DocumentResponseDTO(generated=false, data=null), EXPERIENCE_LETTER=DocumentResponseDTO(generated=true, data={issueDate=2026-07-10, relievingDate=2026-07-10}), FULL_AND_FINAL=DocumentResponseDTO(generated=false, data=null), CONFIRMATION_LETTER=DocumentResponseDTO(generated=false, data=null), INCREMENT_LETTER=DocumentResponseDTO(generated=true, data={issueDate=2026-04-01}), RELIEVING_LETTER=DocumentResponseDTO(generated=true, data={issueDate=2026-07-10, relievingDate=2026-07-10}), SALARY_SLIP=DocumentResponseDTO(generated=true, data={startMonth=2026-04, endMonth=2026-06}), COMPLETION_LETTER=DocumentResponseDTO(generated=false, data=null), OFFER_LETTER=DocumentResponseDTO(generated=true, data={issueDate=2025-10-09, probationPeriod=3})})
2026-07-21 16:32:48 [http-nio-8080-exec-3] INFO  c.e.Docgen_Backend.config.JwtFilter - JWT validated successfully for userId=6a311365ec2c34f3d9e4f06e
2026-07-21 16:32:48 [http-nio-8080-exec-3] INFO  c.e.D.controller.UserController - GET /api/v2/users/20 - Fetch request received
2026-07-21 16:32:48 [http-nio-8080-exec-3] INFO  c.e.D.service.impl.UserServiceImpl - Fetching user profile for edit | userId=20
2026-07-21 16:32:48 [http-nio-8080-exec-3] DEBUG c.e.D.service.impl.UserServiceImpl - User found | userId=20 | employeeId=CTS0371
2026-07-21 16:32:48 [http-nio-8080-exec-3] INFO  c.e.D.service.impl.UserServiceImpl - User profile fetched successfully | userId=20 | timeTaken=400ms
2026-07-21 16:32:48 [http-nio-8080-exec-3] INFO  c.e.D.controller.UserController - Profile fetched successfully for userId=20
2026-07-21 16:32:48 [http-nio-8080-exec-3] DEBUG c.e.D.controller.UserController - Fetched profile data: UserProfileResponseDTO(id=20, employeeName=Sakshi Sunilrao Yeole, employeeId=CTS0371, email=ssy290489@gmail.com, mobileNo=9579080633, joiningDesignation=Data Analyst, currentDesignation=Data Analyst, department=Information Technology, company=DSS, identity=MRS, pfType=WITH_PF, accountNo=2601235318269640, bankName=AU SMALL FINANCE BANK, currentAddress=W/o Ankush Belpande, D-603, Santosh Dreams, Ravet, Pune – 412101, permanentAddress=W/o Ankush Belpande, D-603, Santosh Dreams, Ravet, Pune – 412101, joiningCTC=850008.0, currentCTC=850008.0, dateOfBirth=1995-10-05, offerDate=2025-10-09, joiningDate=2025-11-10, panNo=ASAPY2454L, documents={APPOINTMENT_LETTER=DocumentResponseDTO(generated=false, data=null), INTERNSHIP_LETTER=DocumentResponseDTO(generated=false, data=null), EXPERIENCE_LETTER=DocumentResponseDTO(generated=true, data={issueDate=2026-07-10, relievingDate=2026-07-10}), FULL_AND_FINAL=DocumentResponseDTO(generated=false, data=null), CONFIRMATION_LETTER=DocumentResponseDTO(generated=false, data=null), INCREMENT_LETTER=DocumentResponseDTO(generated=true, data={issueDate=2026-04-01}), RELIEVING_LETTER=DocumentResponseDTO(generated=true, data={issueDate=2026-07-10, relievingDate=2026-07-10}), SALARY_SLIP=DocumentResponseDTO(generated=true, data={startMonth=2026-04, endMonth=2026-06}), COMPLETION_LETTER=DocumentResponseDTO(generated=false, data=null), OFFER_LETTER=DocumentResponseDTO(generated=true, data={issueDate=2025-10-09, probationPeriod=3})})
2026-07-21 16:34:03 [HikariPool-1:housekeeper] WARN  com.zaxxer.hikari.pool.PoolBase - HikariPool-1 - Failed to validate connection com.mysql.cj.jdbc.ConnectionImpl@65a7e4b0 (No operations allowed after connection closed.). Possibly consider using a shorter maxLifetime value.
2026-07-21 16:34:10 [HikariPool-1:housekeeper] WARN  com.zaxxer.hikari.pool.PoolBase - HikariPool-1 - Failed to validate connection com.mysql.cj.jdbc.ConnectionImpl@233a0bc7 (No operations allowed after connection closed.). Possibly consider using a shorter maxLifetime value.
2026-07-21 16:34:44 [HikariPool-1:housekeeper] WARN  com.zaxxer.hikari.pool.PoolBase - HikariPool-1 - Failed to validate connection com.mysql.cj.jdbc.ConnectionImpl@772e0de (No operations allowed after connection closed.). Possibly consider using a shorter maxLifetime value.
2026-07-21 16:35:55 [HikariPool-1:housekeeper] WARN  com.zaxxer.hikari.pool.PoolBase - HikariPool-1 - Failed to validate connection com.mysql.cj.jdbc.ConnectionImpl@563efedd (No operations allowed after connection closed.). Possibly consider using a shorter maxLifetime value.
2026-07-21 16:36:24 [HikariPool-1:housekeeper] WARN  com.zaxxer.hikari.pool.PoolBase - HikariPool-1 - Failed to validate connection com.mysql.cj.jdbc.ConnectionImpl@4b9029f0 (No operations allowed after connection closed.). Possibly consider using a shorter maxLifetime value.
2026-07-21 16:37:54 [HikariPool-1:housekeeper] WARN  com.zaxxer.hikari.pool.PoolBase - HikariPool-1 - Failed to validate connection com.mysql.cj.jdbc.ConnectionImpl@2d4727f (No operations allowed after connection closed.). Possibly consider using a shorter maxLifetime value.
2026-07-21 16:38:03 [HikariPool-1:housekeeper] WARN  com.zaxxer.hikari.pool.PoolBase - HikariPool-1 - Failed to validate connection com.mysql.cj.jdbc.ConnectionImpl@317e1b17 (No operations allowed after connection closed.). Possibly consider using a shorter maxLifetime value.
2026-07-21 16:39:49 [HikariPool-1:housekeeper] WARN  com.zaxxer.hikari.pool.PoolBase - HikariPool-1 - Failed to validate connection com.mysql.cj.jdbc.ConnectionImpl@5ead0447 (No operations allowed after connection closed.). Possibly consider using a shorter maxLifetime value.
2026-07-21 16:39:52 [HikariPool-1:housekeeper] WARN  com.zaxxer.hikari.pool.PoolBase - HikariPool-1 - Failed to validate connection com.mysql.cj.jdbc.ConnectionImpl@3f100521 (No operations allowed after connection closed.). Possibly consider using a shorter maxLifetime value.
2026-07-21 16:41:29 [HikariPool-1:housekeeper] WARN  com.zaxxer.hikari.pool.PoolBase - HikariPool-1 - Failed to validate connection com.mysql.cj.jdbc.ConnectionImpl@1e486586 (No operations allowed after connection closed.). Possibly consider using a shorter maxLifetime value.
2026-07-21 16:41:32 [HikariPool-1:housekeeper] WARN  com.zaxxer.hikari.pool.PoolBase - HikariPool-1 - Failed to validate connection com.mysql.cj.jdbc.ConnectionImpl@6eba8aa6 (No operations allowed after connection closed.). Possibly consider using a shorter maxLifetime value.
2026-07-21 16:43:21 [HikariPool-1:housekeeper] WARN  com.zaxxer.hikari.pool.PoolBase - HikariPool-1 - Failed to validate connection com.mysql.cj.jdbc.ConnectionImpl@513ca35d (No operations allowed after connection closed.). Possibly consider using a shorter maxLifetime value.
2026-07-21 16:43:28 [HikariPool-1:housekeeper] WARN  com.zaxxer.hikari.pool.PoolBase - HikariPool-1 - Failed to validate connection com.mysql.cj.jdbc.ConnectionImpl@2afb3468 (No operations allowed after connection closed.). Possibly consider using a shorter maxLifetime value.
2026-07-21 16:44:09 [http-nio-8080-exec-6] INFO  c.e.Docgen_Backend.config.JwtFilter - JWT validated successfully for userId=6a311365ec2c34f3d9e4f06e
2026-07-21 16:44:09 [http-nio-8080-exec-6] INFO  c.e.D.controller.UserController - POST /api/v2/users/create-profile - Request received for employeeId=null
2026-07-21 16:44:09 [http-nio-8080-exec-6] DEBUG c.e.D.controller.UserController - Full request payload: CreateProfileRequest(employeeName=Sakshi Sunilrao Yeole, email=ssy290489@gmail.com, mobileNo=9579080633, employeeId=null, joiningDesignation=Support Analyst, currentDesignation=Support Analyst, department=IT, currentAddress=W/O Ankush Belpande, D-603, Santosh Dreams, Ravet, Pune – 412101, permanentAddress=W/O Ankush Belpande, D-603, Santosh Dreams, Ravet, Pune – 412101, accountNo=2601235318269640, bankName=AU SMALL FINANCE BANK, joiningCTC=400008.0, currentCTC=400008.0, dateOfBirth=1995-10-05, offerDate=2023-08-01, joiningDate=2023-08-07, panNo=ASAPY2454L, company=DSS, pfType=WITH_PF, identity=MRS, documents=[SALARY_SLIP, OFFER_LETTER, EXPERIENCE_LETTER, RELIEVING_LETTER], documentData={OFFER_LETTER={issueDate=2023-08-01, probationPeriod=3}, EXPERIENCE_LETTER={relievingDate=2024-10-25, issueDate=2024-10-25}, RELIEVING_LETTER={relievingDate=2024-10-25, issueDate=2024-10-25}, SALARY_SLIP={startMonth=2026-04, endMonth=2026-06, salaryWorkdays={2026-04=30, 2026-05=31, 2026-06=30}}})
2026-07-21 16:44:09 [http-nio-8080-exec-6] WARN  com.zaxxer.hikari.pool.PoolBase - HikariPool-1 - Failed to validate connection com.mysql.cj.jdbc.ConnectionImpl@7a8c6617 (No operations allowed after connection closed.). Possibly consider using a shorter maxLifetime value.
2026-07-21 16:44:09 [http-nio-8080-exec-6] WARN  com.zaxxer.hikari.pool.PoolBase - HikariPool-1 - Failed to validate connection com.mysql.cj.jdbc.ConnectionImpl@5b0dc176 (No operations allowed after connection closed.). Possibly consider using a shorter maxLifetime value.
2026-07-21 16:44:09 [http-nio-8080-exec-6] ERROR c.e.D.service.impl.UserServiceImpl - Error while creating profile | error=Employee name already exists
java.lang.IllegalArgumentException: Employee name already exists
	at com.example.Docgen_Backend.service.impl.UserServiceImpl.validateRequest(UserServiceImpl.java:100)
	at com.example.Docgen_Backend.service.impl.UserServiceImpl.createProfile(UserServiceImpl.java:37)
	at java.base/jdk.internal.reflect.DirectMethodHandleAccessor.invoke(DirectMethodHandleAccessor.java:103)
	at java.base/java.lang.reflect.Method.invoke(Method.java:580)
	at org.springframework.aop.support.AopUtils.invokeJoinpointUsingReflection(AopUtils.java:359)
	at org.springframework.aop.framework.ReflectiveMethodInvocation.invokeJoinpoint(ReflectiveMethodInvocation.java:190)
	at org.springframework.aop.framework.ReflectiveMethodInvocation.proceed(ReflectiveMethodInvocation.java:158)
	at org.springframework.transaction.interceptor.TransactionInterceptor$1.proceedWithInvocation(TransactionInterceptor.java:133)
	at org.springframework.transaction.interceptor.TransactionAspectSupport.invokeWithinTransaction(TransactionAspectSupport.java:371)
	at org.springframework.transaction.interceptor.TransactionInterceptor.invoke(TransactionInterceptor.java:130)
	at org.springframework.aop.framework.ReflectiveMethodInvocation.proceed(ReflectiveMethodInvocation.java:179)
	at org.springframework.aop.framework.CglibAopProxy$DynamicAdvisedInterceptor.intercept(CglibAopProxy.java:719)
	at com.example.Docgen_Backend.service.impl.UserServiceImpl$$SpringCGLIB$$0.createProfile(<generated>)
	at com.example.Docgen_Backend.controller.UserController.createProfile(UserController.java:35)
	at java.base/jdk.internal.reflect.DirectMethodHandleAccessor.invoke(DirectMethodHandleAccessor.java:103)
	at java.base/java.lang.reflect.Method.invoke(Method.java:580)
	at org.springframework.web.method.support.InvocableHandlerMethod.doInvoke(InvocableHandlerMethod.java:252)
	at org.springframework.web.method.support.InvocableHandlerMethod.invokeForRequest(InvocableHandlerMethod.java:184)
	at org.springframework.web.servlet.mvc.method.annotation.ServletInvocableHandlerMethod.invokeAndHandle(ServletInvocableHandlerMethod.java:117)
	at org.springframework.web.servlet.mvc.method.annotation.RequestMappingHandlerAdapter.invokeHandlerMethod(RequestMappingHandlerAdapter.java:934)
	at org.springframework.web.servlet.mvc.method.annotation.RequestMappingHandlerAdapter.handleInternal(RequestMappingHandlerAdapter.java:853)
	at org.springframework.web.servlet.mvc.method.AbstractHandlerMethodAdapter.handle(AbstractHandlerMethodAdapter.java:86)
	at org.springframework.web.servlet.DispatcherServlet.doDispatch(DispatcherServlet.java:963)
	at org.springframework.web.servlet.DispatcherServlet.doService(DispatcherServlet.java:866)
	at org.springframework.web.servlet.FrameworkServlet.processRequest(FrameworkServlet.java:1000)
	at org.springframework.web.servlet.FrameworkServlet.doPost(FrameworkServlet.java:903)
	at jakarta.servlet.http.HttpServlet.service(HttpServlet.java:649)
	at org.springframework.web.servlet.FrameworkServlet.service(FrameworkServlet.java:874)
	at jakarta.servlet.http.HttpServlet.service(HttpServlet.java:710)
	at org.apache.catalina.core.ApplicationFilterChain.doFilter(ApplicationFilterChain.java:128)
	at org.apache.tomcat.websocket.server.WsFilter.doFilter(WsFilter.java:53)
	at org.apache.catalina.core.ApplicationFilterChain.doFilter(ApplicationFilterChain.java:107)
	at org.springframework.web.filter.OncePerRequestFilter.doFilter(OncePerRequestFilter.java:110)
	at org.apache.catalina.core.ApplicationFilterChain.doFilter(ApplicationFilterChain.java:107)
	at org.springframework.web.filter.CompositeFilter$VirtualFilterChain.doFilter(CompositeFilter.java:108)
	at org.springframework.security.web.FilterChainProxy.lambda$doFilterInternal$3(FilterChainProxy.java:235)
	at org.springframework.security.web.FilterChainProxy$VirtualFilterChain.doFilter(FilterChainProxy.java:376)
	at org.springframework.security.web.access.intercept.AuthorizationFilter.doFilter(AuthorizationFilter.java:101)
	at org.springframework.security.web.FilterChainProxy$VirtualFilterChain.doFilter(FilterChainProxy.java:385)
	at org.springframework.security.web.access.ExceptionTranslationFilter.doFilter(ExceptionTranslationFilter.java:126)
	at org.springframework.security.web.access.ExceptionTranslationFilter.doFilter(ExceptionTranslationFilter.java:120)
	at org.springframework.security.web.FilterChainProxy$VirtualFilterChain.doFilter(FilterChainProxy.java:385)
	at org.springframework.security.web.session.SessionManagementFilter.doFilter(SessionManagementFilter.java:132)
	at org.springframework.security.web.session.SessionManagementFilter.doFilter(SessionManagementFilter.java:86)
	at org.springframework.security.web.FilterChainProxy$VirtualFilterChain.doFilter(FilterChainProxy.java:385)
	at org.springframework.security.web.authentication.AnonymousAuthenticationFilter.doFilter(AnonymousAuthenticationFilter.java:100)
	at org.springframework.security.web.FilterChainProxy$VirtualFilterChain.doFilter(FilterChainProxy.java:385)
	at org.springframework.security.web.servletapi.SecurityContextHolderAwareRequestFilter.doFilter(SecurityContextHolderAwareRequestFilter.java:181)
	at org.springframework.security.web.FilterChainProxy$VirtualFilterChain.doFilter(FilterChainProxy.java:385)
	at org.springframework.security.web.savedrequest.RequestCacheAwareFilter.doFilter(RequestCacheAwareFilter.java:63)
	at org.springframework.security.web.FilterChainProxy$VirtualFilterChain.doFilter(FilterChainProxy.java:385)
	at com.example.Docgen_Backend.config.JwtFilter.doFilterInternal(JwtFilter.java:111)
	at org.springframework.web.filter.OncePerRequestFilter.doFilter(OncePerRequestFilter.java:116)
	at org.springframework.security.web.FilterChainProxy$VirtualFilterChain.doFilter(FilterChainProxy.java:385)
	at org.springframework.security.web.authentication.logout.LogoutFilter.doFilter(LogoutFilter.java:110)
	at org.springframework.security.web.authentication.logout.LogoutFilter.doFilter(LogoutFilter.java:96)
	at org.springframework.security.web.FilterChainProxy$VirtualFilterChain.doFilter(FilterChainProxy.java:385)
	at org.springframework.web.filter.CorsFilter.doFilterInternal(CorsFilter.java:91)
	at org.springframework.web.filter.OncePerRequestFilter.doFilter(OncePerRequestFilter.java:116)
	at org.springframework.security.web.FilterChainProxy$VirtualFilterChain.doFilter(FilterChainProxy.java:385)
	at org.springframework.security.web.header.HeaderWriterFilter.doHeadersAfter(HeaderWriterFilter.java:90)
	at org.springframework.security.web.header.HeaderWriterFilter.doFilterInternal(HeaderWriterFilter.java:75)
	at org.springframework.web.filter.OncePerRequestFilter.doFilter(OncePerRequestFilter.java:116)
	at org.springframework.security.web.FilterChainProxy$VirtualFilterChain.doFilter(FilterChainProxy.java:385)
	at org.springframework.security.web.context.SecurityContextHolderFilter.doFilter(SecurityContextHolderFilter.java:82)
	at org.springframework.security.web.context.SecurityContextHolderFilter.doFilter(SecurityContextHolderFilter.java:69)
	at org.springframework.security.web.FilterChainProxy$VirtualFilterChain.doFilter(FilterChainProxy.java:385)
	at org.springframework.security.web.context.request.async.WebAsyncManagerIntegrationFilter.doFilterInternal(WebAsyncManagerIntegrationFilter.java:62)
	at org.springframework.web.filter.OncePerRequestFilter.doFilter(OncePerRequestFilter.java:116)
	at org.springframework.security.web.FilterChainProxy$VirtualFilterChain.doFilter(FilterChainProxy.java:385)
	at org.springframework.security.web.session.DisableEncodeUrlFilter.doFilterInternal(DisableEncodeUrlFilter.java:42)
	at org.springframework.web.filter.OncePerRequestFilter.doFilter(OncePerRequestFilter.java:116)
	at org.springframework.security.web.FilterChainProxy$VirtualFilterChain.doFilter(FilterChainProxy.java:385)
	at org.springframework.security.web.FilterChainProxy.doFilterInternal(FilterChainProxy.java:237)
	at org.springframework.security.web.FilterChainProxy.doFilter(FilterChainProxy.java:195)
	at org.springframework.web.filter.CompositeFilter$VirtualFilterChain.doFilter(CompositeFilter.java:113)
	at org.springframework.web.filter.ServletRequestPathFilter.doFilter(ServletRequestPathFilter.java:52)
	at org.springframework.web.filter.CompositeFilter$VirtualFilterChain.doFilter(CompositeFilter.java:113)
	at org.springframework.web.filter.CompositeFilter.doFilter(CompositeFilter.java:74)
	at org.springframework.security.config.annotation.web.configuration.WebSecurityConfiguration$CompositeFilterChainProxy.doFilter(WebSecurityConfiguration.java:317)
	at org.springframework.web.filter.DelegatingFilterProxy.invokeDelegate(DelegatingFilterProxy.java:355)
	at org.springframework.web.filter.DelegatingFilterProxy.doFilter(DelegatingFilterProxy.java:272)
	at org.apache.catalina.core.ApplicationFilterChain.doFilter(ApplicationFilterChain.java:107)
	at org.springframework.web.filter.RequestContextFilter.doFilterInternal(RequestContextFilter.java:100)
	at org.springframework.web.filter.OncePerRequestFilter.doFilter(OncePerRequestFilter.java:116)
	at org.apache.catalina.core.ApplicationFilterChain.doFilter(ApplicationFilterChain.java:107)
	at org.springframework.web.filter.FormContentFilter.doFilterInternal(FormContentFilter.java:93)
	at org.springframework.web.filter.OncePerRequestFilter.doFilter(OncePerRequestFilter.java:116)
	at org.apache.catalina.core.ApplicationFilterChain.doFilter(ApplicationFilterChain.java:107)
	at org.springframework.web.filter.CharacterEncodingFilter.doFilterInternal(CharacterEncodingFilter.java:199)
	at org.springframework.web.filter.OncePerRequestFilter.doFilter(OncePerRequestFilter.java:116)
	at org.apache.catalina.core.ApplicationFilterChain.doFilter(ApplicationFilterChain.java:107)
	at org.apache.catalina.core.StandardWrapperValve.invoke(StandardWrapperValve.java:165)
	at org.apache.catalina.core.StandardContextValve.invoke(StandardContextValve.java:77)
	at org.apache.catalina.authenticator.AuthenticatorBase.invoke(AuthenticatorBase.java:492)
	at org.apache.catalina.core.StandardHostValve.invoke(StandardHostValve.java:113)
	at org.apache.catalina.valves.ErrorReportValve.invoke(ErrorReportValve.java:83)
	at org.apache.catalina.core.StandardEngineValve.invoke(StandardEngineValve.java:72)
	at org.apache.catalina.connector.CoyoteAdapter.service(CoyoteAdapter.java:341)
	at org.apache.coyote.http11.Http11Processor.service(Http11Processor.java:397)
	at org.apache.coyote.AbstractProcessorLight.process(AbstractProcessorLight.java:63)
	at org.apache.coyote.AbstractProtocol$ConnectionHandler.process(AbstractProtocol.java:903)
	at org.apache.tomcat.util.net.NioEndpoint$SocketProcessor.doRun(NioEndpoint.java:1801)
	at org.apache.tomcat.util.net.SocketProcessorBase.run(SocketProcessorBase.java:52)
	at org.apache.tomcat.util.threads.ThreadPoolExecutor.runWorker(ThreadPoolExecutor.java:946)
	at org.apache.tomcat.util.threads.ThreadPoolExecutor$Worker.run(ThreadPoolExecutor.java:480)
	at org.apache.tomcat.util.threads.TaskThread$WrappingRunnable.run(TaskThread.java:57)
	at java.base/java.lang.Thread.run(Thread.java:1583)
2026-07-21 16:44:10 [http-nio-8080-exec-6] ERROR c.e.D.e.GlobalExceptionHandler - Invalid input: Employee name already exists
2026-07-21 16:44:10 [http-nio-8080-exec-6] WARN  o.s.w.s.m.m.a.ExceptionHandlerExceptionResolver - Resolved [java.lang.IllegalArgumentException: Employee name already exists]
2026-07-21 16:44:34 [SpringApplicationShutdownHook] INFO  o.s.boot.tomcat.GracefulShutdown - Commencing graceful shutdown. Waiting for active requests to complete
2026-07-21 16:44:34 [tomcat-shutdown] INFO  o.s.boot.tomcat.GracefulShutdown - Graceful shutdown complete
2026-07-21 16:44:34 [SpringApplicationShutdownHook] INFO  o.s.o.j.LocalContainerEntityManagerFactoryBean - Closing JPA EntityManagerFactory for persistence unit 'default'
2026-07-21 16:44:34 [SpringApplicationShutdownHook] INFO  com.zaxxer.hikari.HikariDataSource - HikariPool-1 - Shutdown initiated...
2026-07-21 16:44:34 [SpringApplicationShutdownHook] INFO  com.zaxxer.hikari.HikariDataSource - HikariPool-1 - Shutdown completed.
2026-07-21 16:44:40 [background-preinit] INFO  o.h.validator.internal.util.Version - HV000001: Hibernate Validator 9.0.1.Final
2026-07-21 16:44:40 [restartedMain] INFO  c.e.D.DocgenBackendApplication - Starting DocgenBackendApplication using Java 21.0.9 with PID 3544 (E:\DocGen New Front V2\Docgen-Backend\target\classes started by prath in E:\DocGen New Front V2\Docgen-Backend)
2026-07-21 16:44:40 [restartedMain] DEBUG c.e.D.DocgenBackendApplication - Running with Spring Boot v4.0.6, Spring v7.0.7
2026-07-21 16:44:40 [restartedMain] INFO  c.e.D.DocgenBackendApplication - No active profile set, falling back to 1 default profile: "default"
2026-07-21 16:44:40 [restartedMain] INFO  o.s.b.d.e.DevToolsPropertyDefaultsPostProcessor - Devtools property defaults active! Set 'spring.devtools.add-properties' to 'false' to disable
2026-07-21 16:44:40 [restartedMain] INFO  o.s.b.d.e.DevToolsPropertyDefaultsPostProcessor - For additional web related logging consider setting the 'logging.level.web' property to 'DEBUG'
2026-07-21 16:44:41 [restartedMain] INFO  o.s.d.r.c.RepositoryConfigurationDelegate - Bootstrapping Spring Data JPA repositories in DEFAULT mode.
2026-07-21 16:44:41 [restartedMain] INFO  o.s.d.r.c.RepositoryConfigurationDelegate - Finished Spring Data repository scanning in 61 ms. Found 3 JPA repository interfaces.
2026-07-21 16:44:42 [restartedMain] INFO  o.s.boot.tomcat.TomcatWebServer - Tomcat initialized with port 8080 (http)
2026-07-21 16:44:42 [restartedMain] INFO  o.a.coyote.http11.Http11NioProtocol - Initializing ProtocolHandler ["http-nio-8080"]
2026-07-21 16:44:42 [restartedMain] INFO  o.a.catalina.core.StandardService - Starting service [Tomcat]
2026-07-21 16:44:42 [restartedMain] INFO  o.a.catalina.core.StandardEngine - Starting Servlet engine: [Apache Tomcat/11.0.21]
2026-07-21 16:44:42 [restartedMain] INFO  o.s.b.w.c.s.WebApplicationContextInitializer - Root WebApplicationContext: initialization completed in 1798 ms
2026-07-21 16:44:42 [restartedMain] DEBUG c.e.Docgen_Backend.config.JwtFilter - Filter 'jwtFilter' configured for use
2026-07-21 16:44:42 [restartedMain] INFO  org.hibernate.orm.jpa - HHH008540: Processing PersistenceUnitInfo [name: default]
2026-07-21 16:44:43 [restartedMain] INFO  org.hibernate.orm.core - HHH000001: Hibernate ORM core version 7.2.12.Final
2026-07-21 16:44:43 [restartedMain] INFO  o.s.o.j.p.SpringPersistenceUnitInfo - No LoadTimeWeaver setup: ignoring JPA class transformer
2026-07-21 16:44:43 [restartedMain] INFO  com.zaxxer.hikari.HikariDataSource - HikariPool-1 - Starting...
2026-07-21 16:44:44 [restartedMain] INFO  com.zaxxer.hikari.pool.HikariPool - HikariPool-1 - Added connection com.mysql.cj.jdbc.ConnectionImpl@4618f00c
2026-07-21 16:44:44 [restartedMain] INFO  com.zaxxer.hikari.HikariDataSource - HikariPool-1 - Start completed.
2026-07-21 16:44:44 [restartedMain] WARN  org.hibernate.orm.jdbc - HHH100045: Could not obtain connection metadata: java.sql.SQLSyntaxErrorException: Unknown column 'RESERVED' in 'WHERE'
2026-07-21 16:44:44 [restartedMain] WARN  org.hibernate.orm.deprecation - HHH90000025: MySQLDialect does not need to be specified explicitly using 'hibernate.dialect' (remove the property setting and it will be selected by default)
2026-07-21 16:44:44 [restartedMain] INFO  o.hibernate.orm.connections.pooling - HHH10001005: Database info:
	Database JDBC URL [undefined/unknown]
	Database driver: undefined/unknown
	Database dialect: MySQLDialect
	Database version: 8.0
	Default catalog/schema: unknown/unknown
	Autocommit mode: undefined/unknown
	Isolation level: NONE [default NONE]
	JDBC fetch size: undefined/unknown
	Pool: DataSourceConnectionProvider
	Minimum pool size: undefined/unknown
	Maximum pool size: undefined/unknown
2026-07-21 16:44:45 [restartedMain] INFO  org.hibernate.orm.core - HHH000489: No JTA platform available (set 'hibernate.transaction.jta.platform' to enable JTA platform integration)
2026-07-21 16:45:07 [restartedMain] INFO  o.s.o.j.LocalContainerEntityManagerFactoryBean - Initialized JPA EntityManagerFactory for persistence unit 'default'
2026-07-21 16:45:07 [restartedMain] INFO  o.s.d.j.r.q.QueryEnhancerFactories - Hibernate is in classpath; If applicable, HQL parser will be used.
2026-07-21 16:45:07 [restartedMain] INFO  o.s.s.c.a.a.c.InitializeUserDetailsBeanManagerConfigurer$InitializeUserDetailsManagerConfigurer - Global AuthenticationManager configured with UserDetailsService bean with name customUserDetailsService
2026-07-21 16:45:07 [restartedMain] WARN  o.s.b.j.a.JpaBaseConfiguration$JpaWebConfiguration - spring.jpa.open-in-view is enabled by default. Therefore, database queries may be performed during view rendering. Explicitly configure spring.jpa.open-in-view to disable this warning
2026-07-21 16:45:08 [restartedMain] INFO  o.a.coyote.http11.Http11NioProtocol - Starting ProtocolHandler ["http-nio-8080"]
2026-07-21 16:45:08 [restartedMain] INFO  o.s.boot.tomcat.TomcatWebServer - Tomcat started on port 8080 (http) with context path '/'
2026-07-21 16:45:08 [restartedMain] INFO  c.e.D.DocgenBackendApplication - Started DocgenBackendApplication in 28.049 seconds (process running for 28.629)
2026-07-21 16:45:17 [http-nio-8080-exec-1] INFO  o.a.c.c.C.[Tomcat].[localhost].[/] - Initializing Spring DispatcherServlet 'dispatcherServlet'
2026-07-21 16:45:17 [http-nio-8080-exec-1] INFO  o.s.web.servlet.DispatcherServlet - Initializing Servlet 'dispatcherServlet'
2026-07-21 16:45:17 [http-nio-8080-exec-1] INFO  o.s.web.servlet.DispatcherServlet - Completed initialization in 2 ms
2026-07-21 16:45:17 [http-nio-8080-exec-2] INFO  c.e.Docgen_Backend.config.JwtFilter - JWT validated successfully for userId=6a311365ec2c34f3d9e4f06e
2026-07-21 16:45:17 [http-nio-8080-exec-2] INFO  c.e.D.controller.UserController - POST /api/v2/users/create-profile - Request received for employeeId=null
2026-07-21 16:45:17 [http-nio-8080-exec-2] DEBUG c.e.D.controller.UserController - Full request payload: CreateProfileRequest(employeeName=Sakshi Sunilrao Yeole, email=ssy290489@gmail.com, mobileNo=9579080633, employeeId=null, joiningDesignation=Support Analyst, currentDesignation=Support Analyst, department=IT, currentAddress=W/O Ankush Belpande, D-603, Santosh Dreams, Ravet, Pune – 412101, permanentAddress=W/O Ankush Belpande, D-603, Santosh Dreams, Ravet, Pune – 412101, accountNo=2601235318269640, bankName=AU SMALL FINANCE BANK, joiningCTC=400008.0, currentCTC=400008.0, dateOfBirth=1995-10-05, offerDate=2023-08-01, joiningDate=2023-08-07, panNo=ASAPY2454L, company=DSS, pfType=WITH_PF, identity=MRS, documents=[SALARY_SLIP, OFFER_LETTER, EXPERIENCE_LETTER, RELIEVING_LETTER], documentData={OFFER_LETTER={issueDate=2023-08-01, probationPeriod=3}, EXPERIENCE_LETTER={relievingDate=2024-10-25, issueDate=2024-10-25}, RELIEVING_LETTER={relievingDate=2024-10-25, issueDate=2024-10-25}, SALARY_SLIP={startMonth=2026-04, endMonth=2026-06, salaryWorkdays={2026-04=30, 2026-05=31, 2026-06=30}}})
2026-07-21 16:45:18 [http-nio-8080-exec-2] ERROR c.e.D.service.impl.UserServiceImpl - Error while creating profile | error=Employee name already exists
java.lang.IllegalArgumentException: Employee name already exists
	at com.example.Docgen_Backend.service.impl.UserServiceImpl.validateRequest(UserServiceImpl.java:100)
	at com.example.Docgen_Backend.service.impl.UserServiceImpl.createProfile(UserServiceImpl.java:37)
	at java.base/jdk.internal.reflect.DirectMethodHandleAccessor.invoke(DirectMethodHandleAccessor.java:103)
	at java.base/java.lang.reflect.Method.invoke(Method.java:580)
	at org.springframework.aop.support.AopUtils.invokeJoinpointUsingReflection(AopUtils.java:359)
	at org.springframework.aop.framework.ReflectiveMethodInvocation.invokeJoinpoint(ReflectiveMethodInvocation.java:190)
	at org.springframework.aop.framework.ReflectiveMethodInvocation.proceed(ReflectiveMethodInvocation.java:158)
	at org.springframework.transaction.interceptor.TransactionInterceptor$1.proceedWithInvocation(TransactionInterceptor.java:133)
	at org.springframework.transaction.interceptor.TransactionAspectSupport.invokeWithinTransaction(TransactionAspectSupport.java:371)
	at org.springframework.transaction.interceptor.TransactionInterceptor.invoke(TransactionInterceptor.java:130)
	at org.springframework.aop.framework.ReflectiveMethodInvocation.proceed(ReflectiveMethodInvocation.java:179)
	at org.springframework.aop.framework.CglibAopProxy$DynamicAdvisedInterceptor.intercept(CglibAopProxy.java:719)
	at com.example.Docgen_Backend.service.impl.UserServiceImpl$$SpringCGLIB$$0.createProfile(<generated>)
	at com.example.Docgen_Backend.controller.UserController.createProfile(UserController.java:35)
	at java.base/jdk.internal.reflect.DirectMethodHandleAccessor.invoke(DirectMethodHandleAccessor.java:103)
	at java.base/java.lang.reflect.Method.invoke(Method.java:580)
	at org.springframework.web.method.support.InvocableHandlerMethod.doInvoke(InvocableHandlerMethod.java:252)
	at org.springframework.web.method.support.InvocableHandlerMethod.invokeForRequest(InvocableHandlerMethod.java:184)
	at org.springframework.web.servlet.mvc.method.annotation.ServletInvocableHandlerMethod.invokeAndHandle(ServletInvocableHandlerMethod.java:117)
	at org.springframework.web.servlet.mvc.method.annotation.RequestMappingHandlerAdapter.invokeHandlerMethod(RequestMappingHandlerAdapter.java:934)
	at org.springframework.web.servlet.mvc.method.annotation.RequestMappingHandlerAdapter.handleInternal(RequestMappingHandlerAdapter.java:853)
	at org.springframework.web.servlet.mvc.method.AbstractHandlerMethodAdapter.handle(AbstractHandlerMethodAdapter.java:86)
	at org.springframework.web.servlet.DispatcherServlet.doDispatch(DispatcherServlet.java:963)
	at org.springframework.web.servlet.DispatcherServlet.doService(DispatcherServlet.java:866)
	at org.springframework.web.servlet.FrameworkServlet.processRequest(FrameworkServlet.java:1000)
	at org.springframework.web.servlet.FrameworkServlet.doPost(FrameworkServlet.java:903)
	at jakarta.servlet.http.HttpServlet.service(HttpServlet.java:649)
	at org.springframework.web.servlet.FrameworkServlet.service(FrameworkServlet.java:874)
	at jakarta.servlet.http.HttpServlet.service(HttpServlet.java:710)
	at org.apache.catalina.core.ApplicationFilterChain.doFilter(ApplicationFilterChain.java:128)
	at org.apache.tomcat.websocket.server.WsFilter.doFilter(WsFilter.java:53)
	at org.apache.catalina.core.ApplicationFilterChain.doFilter(ApplicationFilterChain.java:107)
	at org.springframework.web.filter.OncePerRequestFilter.doFilter(OncePerRequestFilter.java:110)
	at org.apache.catalina.core.ApplicationFilterChain.doFilter(ApplicationFilterChain.java:107)
	at org.springframework.web.filter.CompositeFilter$VirtualFilterChain.doFilter(CompositeFilter.java:108)
	at org.springframework.security.web.FilterChainProxy.lambda$doFilterInternal$3(FilterChainProxy.java:235)
	at org.springframework.security.web.FilterChainProxy$VirtualFilterChain.doFilter(FilterChainProxy.java:376)
	at org.springframework.security.web.access.intercept.AuthorizationFilter.doFilter(AuthorizationFilter.java:101)
	at org.springframework.security.web.FilterChainProxy$VirtualFilterChain.doFilter(FilterChainProxy.java:385)
	at org.springframework.security.web.access.ExceptionTranslationFilter.doFilter(ExceptionTranslationFilter.java:126)
	at org.springframework.security.web.access.ExceptionTranslationFilter.doFilter(ExceptionTranslationFilter.java:120)
	at org.springframework.security.web.FilterChainProxy$VirtualFilterChain.doFilter(FilterChainProxy.java:385)
	at org.springframework.security.web.session.SessionManagementFilter.doFilter(SessionManagementFilter.java:132)
	at org.springframework.security.web.session.SessionManagementFilter.doFilter(SessionManagementFilter.java:86)
	at org.springframework.security.web.FilterChainProxy$VirtualFilterChain.doFilter(FilterChainProxy.java:385)
	at org.springframework.security.web.authentication.AnonymousAuthenticationFilter.doFilter(AnonymousAuthenticationFilter.java:100)
	at org.springframework.security.web.FilterChainProxy$VirtualFilterChain.doFilter(FilterChainProxy.java:385)
	at org.springframework.security.web.servletapi.SecurityContextHolderAwareRequestFilter.doFilter(SecurityContextHolderAwareRequestFilter.java:181)
	at org.springframework.security.web.FilterChainProxy$VirtualFilterChain.doFilter(FilterChainProxy.java:385)
	at org.springframework.security.web.savedrequest.RequestCacheAwareFilter.doFilter(RequestCacheAwareFilter.java:63)
	at org.springframework.security.web.FilterChainProxy$VirtualFilterChain.doFilter(FilterChainProxy.java:385)
	at com.example.Docgen_Backend.config.JwtFilter.doFilterInternal(JwtFilter.java:111)
	at org.springframework.web.filter.OncePerRequestFilter.doFilter(OncePerRequestFilter.java:116)
	at org.springframework.security.web.FilterChainProxy$VirtualFilterChain.doFilter(FilterChainProxy.java:385)
	at org.springframework.security.web.authentication.logout.LogoutFilter.doFilter(LogoutFilter.java:110)
	at org.springframework.security.web.authentication.logout.LogoutFilter.doFilter(LogoutFilter.java:96)
	at org.springframework.security.web.FilterChainProxy$VirtualFilterChain.doFilter(FilterChainProxy.java:385)
	at org.springframework.web.filter.CorsFilter.doFilterInternal(CorsFilter.java:91)
	at org.springframework.web.filter.OncePerRequestFilter.doFilter(OncePerRequestFilter.java:116)
	at org.springframework.security.web.FilterChainProxy$VirtualFilterChain.doFilter(FilterChainProxy.java:385)
	at org.springframework.security.web.header.HeaderWriterFilter.doHeadersAfter(HeaderWriterFilter.java:90)
	at org.springframework.security.web.header.HeaderWriterFilter.doFilterInternal(HeaderWriterFilter.java:75)
	at org.springframework.web.filter.OncePerRequestFilter.doFilter(OncePerRequestFilter.java:116)
	at org.springframework.security.web.FilterChainProxy$VirtualFilterChain.doFilter(FilterChainProxy.java:385)
	at org.springframework.security.web.context.SecurityContextHolderFilter.doFilter(SecurityContextHolderFilter.java:82)
	at org.springframework.security.web.context.SecurityContextHolderFilter.doFilter(SecurityContextHolderFilter.java:69)
	at org.springframework.security.web.FilterChainProxy$VirtualFilterChain.doFilter(FilterChainProxy.java:385)
	at org.springframework.security.web.context.request.async.WebAsyncManagerIntegrationFilter.doFilterInternal(WebAsyncManagerIntegrationFilter.java:62)
	at org.springframework.web.filter.OncePerRequestFilter.doFilter(OncePerRequestFilter.java:116)
	at org.springframework.security.web.FilterChainProxy$VirtualFilterChain.doFilter(FilterChainProxy.java:385)
	at org.springframework.security.web.session.DisableEncodeUrlFilter.doFilterInternal(DisableEncodeUrlFilter.java:42)
	at org.springframework.web.filter.OncePerRequestFilter.doFilter(OncePerRequestFilter.java:116)
	at org.springframework.security.web.FilterChainProxy$VirtualFilterChain.doFilter(FilterChainProxy.java:385)
	at org.springframework.security.web.FilterChainProxy.doFilterInternal(FilterChainProxy.java:237)
	at org.springframework.security.web.FilterChainProxy.doFilter(FilterChainProxy.java:195)
	at org.springframework.web.filter.CompositeFilter$VirtualFilterChain.doFilter(CompositeFilter.java:113)
	at org.springframework.web.filter.ServletRequestPathFilter.doFilter(ServletRequestPathFilter.java:52)
	at org.springframework.web.filter.CompositeFilter$VirtualFilterChain.doFilter(CompositeFilter.java:113)
	at org.springframework.web.filter.CompositeFilter.doFilter(CompositeFilter.java:74)
	at org.springframework.security.config.annotation.web.configuration.WebSecurityConfiguration$CompositeFilterChainProxy.doFilter(WebSecurityConfiguration.java:317)
	at org.springframework.web.filter.DelegatingFilterProxy.invokeDelegate(DelegatingFilterProxy.java:355)
	at org.springframework.web.filter.DelegatingFilterProxy.doFilter(DelegatingFilterProxy.java:272)
	at org.apache.catalina.core.ApplicationFilterChain.doFilter(ApplicationFilterChain.java:107)
	at org.springframework.web.filter.RequestContextFilter.doFilterInternal(RequestContextFilter.java:100)
	at org.springframework.web.filter.OncePerRequestFilter.doFilter(OncePerRequestFilter.java:116)
	at org.apache.catalina.core.ApplicationFilterChain.doFilter(ApplicationFilterChain.java:107)
	at org.springframework.web.filter.FormContentFilter.doFilterInternal(FormContentFilter.java:93)
	at org.springframework.web.filter.OncePerRequestFilter.doFilter(OncePerRequestFilter.java:116)
	at org.apache.catalina.core.ApplicationFilterChain.doFilter(ApplicationFilterChain.java:107)
	at org.springframework.web.filter.CharacterEncodingFilter.doFilterInternal(CharacterEncodingFilter.java:199)
	at org.springframework.web.filter.OncePerRequestFilter.doFilter(OncePerRequestFilter.java:116)
	at org.apache.catalina.core.ApplicationFilterChain.doFilter(ApplicationFilterChain.java:107)
	at org.apache.catalina.core.StandardWrapperValve.invoke(StandardWrapperValve.java:165)
	at org.apache.catalina.core.StandardContextValve.invoke(StandardContextValve.java:77)
	at org.apache.catalina.authenticator.AuthenticatorBase.invoke(AuthenticatorBase.java:492)
	at org.apache.catalina.core.StandardHostValve.invoke(StandardHostValve.java:113)
	at org.apache.catalina.valves.ErrorReportValve.invoke(ErrorReportValve.java:83)
	at org.apache.catalina.core.StandardEngineValve.invoke(StandardEngineValve.java:72)
	at org.apache.catalina.connector.CoyoteAdapter.service(CoyoteAdapter.java:341)
	at org.apache.coyote.http11.Http11Processor.service(Http11Processor.java:397)
	at org.apache.coyote.AbstractProcessorLight.process(AbstractProcessorLight.java:63)
	at org.apache.coyote.AbstractProtocol$ConnectionHandler.process(AbstractProtocol.java:903)
	at org.apache.tomcat.util.net.NioEndpoint$SocketProcessor.doRun(NioEndpoint.java:1801)
	at org.apache.tomcat.util.net.SocketProcessorBase.run(SocketProcessorBase.java:52)
	at org.apache.tomcat.util.threads.ThreadPoolExecutor.runWorker(ThreadPoolExecutor.java:946)
	at org.apache.tomcat.util.threads.ThreadPoolExecutor$Worker.run(ThreadPoolExecutor.java:480)
	at org.apache.tomcat.util.threads.TaskThread$WrappingRunnable.run(TaskThread.java:57)
	at java.base/java.lang.Thread.run(Thread.java:1583)
2026-07-21 16:45:18 [http-nio-8080-exec-2] ERROR c.e.D.e.GlobalExceptionHandler - Invalid input: Employee name already exists
2026-07-21 16:45:18 [http-nio-8080-exec-2] WARN  o.s.w.s.m.m.a.ExceptionHandlerExceptionResolver - Resolved [java.lang.IllegalArgumentException: Employee name already exists]
2026-07-21 16:46:09 [SpringApplicationShutdownHook] INFO  o.s.boot.tomcat.GracefulShutdown - Commencing graceful shutdown. Waiting for active requests to complete
2026-07-21 16:46:09 [tomcat-shutdown] INFO  o.s.boot.tomcat.GracefulShutdown - Graceful shutdown complete
2026-07-21 16:46:09 [SpringApplicationShutdownHook] INFO  o.s.o.j.LocalContainerEntityManagerFactoryBean - Closing JPA EntityManagerFactory for persistence unit 'default'
2026-07-21 16:46:09 [SpringApplicationShutdownHook] INFO  com.zaxxer.hikari.HikariDataSource - HikariPool-1 - Shutdown initiated...
2026-07-21 16:46:09 [SpringApplicationShutdownHook] INFO  com.zaxxer.hikari.HikariDataSource - HikariPool-1 - Shutdown completed.
2026-07-21 16:46:13 [background-preinit] INFO  o.h.validator.internal.util.Version - HV000001: Hibernate Validator 9.0.1.Final
2026-07-21 16:46:13 [restartedMain] INFO  c.e.D.DocgenBackendApplication - Starting DocgenBackendApplication using Java 21.0.9 with PID 7332 (E:\DocGen New Front V2\Docgen-Backend\target\classes started by prath in E:\DocGen New Front V2\Docgen-Backend)
2026-07-21 16:46:13 [restartedMain] DEBUG c.e.D.DocgenBackendApplication - Running with Spring Boot v4.0.6, Spring v7.0.7
2026-07-21 16:46:13 [restartedMain] INFO  c.e.D.DocgenBackendApplication - No active profile set, falling back to 1 default profile: "default"
2026-07-21 16:46:13 [restartedMain] INFO  o.s.b.d.e.DevToolsPropertyDefaultsPostProcessor - Devtools property defaults active! Set 'spring.devtools.add-properties' to 'false' to disable
2026-07-21 16:46:13 [restartedMain] INFO  o.s.b.d.e.DevToolsPropertyDefaultsPostProcessor - For additional web related logging consider setting the 'logging.level.web' property to 'DEBUG'
2026-07-21 16:46:14 [restartedMain] INFO  o.s.d.r.c.RepositoryConfigurationDelegate - Bootstrapping Spring Data JPA repositories in DEFAULT mode.
2026-07-21 16:46:14 [restartedMain] INFO  o.s.d.r.c.RepositoryConfigurationDelegate - Finished Spring Data repository scanning in 42 ms. Found 3 JPA repository interfaces.
2026-07-21 16:46:14 [restartedMain] INFO  o.s.boot.tomcat.TomcatWebServer - Tomcat initialized with port 8080 (http)
2026-07-21 16:46:14 [restartedMain] INFO  o.a.coyote.http11.Http11NioProtocol - Initializing ProtocolHandler ["http-nio-8080"]
2026-07-21 16:46:14 [restartedMain] INFO  o.a.catalina.core.StandardService - Starting service [Tomcat]
2026-07-21 16:46:14 [restartedMain] INFO  o.a.catalina.core.StandardEngine - Starting Servlet engine: [Apache Tomcat/11.0.21]
2026-07-21 16:46:14 [restartedMain] INFO  o.s.b.w.c.s.WebApplicationContextInitializer - Root WebApplicationContext: initialization completed in 1081 ms
2026-07-21 16:46:14 [restartedMain] DEBUG c.e.Docgen_Backend.config.JwtFilter - Filter 'jwtFilter' configured for use
2026-07-21 16:46:14 [restartedMain] INFO  org.hibernate.orm.jpa - HHH008540: Processing PersistenceUnitInfo [name: default]
2026-07-21 16:46:14 [restartedMain] INFO  org.hibernate.orm.core - HHH000001: Hibernate ORM core version 7.2.12.Final
2026-07-21 16:46:15 [restartedMain] INFO  o.s.o.j.p.SpringPersistenceUnitInfo - No LoadTimeWeaver setup: ignoring JPA class transformer
2026-07-21 16:46:15 [restartedMain] INFO  com.zaxxer.hikari.HikariDataSource - HikariPool-1 - Starting...
2026-07-21 16:46:15 [restartedMain] INFO  com.zaxxer.hikari.pool.HikariPool - HikariPool-1 - Added connection com.mysql.cj.jdbc.ConnectionImpl@4eb926e2
2026-07-21 16:46:15 [restartedMain] INFO  com.zaxxer.hikari.HikariDataSource - HikariPool-1 - Start completed.
2026-07-21 16:46:16 [restartedMain] WARN  org.hibernate.orm.jdbc - HHH100045: Could not obtain connection metadata: java.sql.SQLSyntaxErrorException: Unknown column 'RESERVED' in 'WHERE'
2026-07-21 16:46:16 [restartedMain] WARN  org.hibernate.orm.deprecation - HHH90000025: MySQLDialect does not need to be specified explicitly using 'hibernate.dialect' (remove the property setting and it will be selected by default)
2026-07-21 16:46:16 [restartedMain] INFO  o.hibernate.orm.connections.pooling - HHH10001005: Database info:
	Database JDBC URL [undefined/unknown]
	Database driver: undefined/unknown
	Database dialect: MySQLDialect
	Database version: 8.0
	Default catalog/schema: unknown/unknown
	Autocommit mode: undefined/unknown
	Isolation level: NONE [default NONE]
	JDBC fetch size: undefined/unknown
	Pool: DataSourceConnectionProvider
	Minimum pool size: undefined/unknown
	Maximum pool size: undefined/unknown
2026-07-21 16:46:17 [restartedMain] INFO  org.hibernate.orm.core - HHH000489: No JTA platform available (set 'hibernate.transaction.jta.platform' to enable JTA platform integration)
2026-07-21 16:46:24 [restartedMain] INFO  o.s.o.j.LocalContainerEntityManagerFactoryBean - Initialized JPA EntityManagerFactory for persistence unit 'default'
2026-07-21 16:46:24 [restartedMain] INFO  o.s.d.j.r.q.QueryEnhancerFactories - Hibernate is in classpath; If applicable, HQL parser will be used.
2026-07-21 16:46:24 [restartedMain] INFO  o.s.s.c.a.a.c.InitializeUserDetailsBeanManagerConfigurer$InitializeUserDetailsManagerConfigurer - Global AuthenticationManager configured with UserDetailsService bean with name customUserDetailsService
2026-07-21 16:46:24 [restartedMain] WARN  o.s.b.j.a.JpaBaseConfiguration$JpaWebConfiguration - spring.jpa.open-in-view is enabled by default. Therefore, database queries may be performed during view rendering. Explicitly configure spring.jpa.open-in-view to disable this warning
2026-07-21 16:46:24 [restartedMain] INFO  o.a.coyote.http11.Http11NioProtocol - Starting ProtocolHandler ["http-nio-8080"]
2026-07-21 16:46:24 [restartedMain] INFO  o.s.boot.tomcat.TomcatWebServer - Tomcat started on port 8080 (http) with context path '/'
2026-07-21 16:46:24 [restartedMain] INFO  c.e.D.DocgenBackendApplication - Started DocgenBackendApplication in 11.773 seconds (process running for 12.229)
2026-07-21 16:46:29 [http-nio-8080-exec-1] INFO  o.a.c.c.C.[Tomcat].[localhost].[/] - Initializing Spring DispatcherServlet 'dispatcherServlet'
2026-07-21 16:46:29 [http-nio-8080-exec-1] INFO  o.s.web.servlet.DispatcherServlet - Initializing Servlet 'dispatcherServlet'
2026-07-21 16:46:29 [http-nio-8080-exec-1] INFO  o.s.web.servlet.DispatcherServlet - Completed initialization in 1 ms
2026-07-21 16:46:29 [http-nio-8080-exec-2] INFO  c.e.Docgen_Backend.config.JwtFilter - JWT validated successfully for userId=6a311365ec2c34f3d9e4f06e
2026-07-21 16:46:29 [http-nio-8080-exec-2] ERROR c.e.D.e.GlobalExceptionHandler - Unexpected error occurred
org.springframework.web.method.annotation.MethodArgumentTypeMismatchException: Method parameter 'id': Failed to convert value of type 'java.lang.String' to required type 'java.lang.Long'; For input string: "undefined"
	at org.springframework.web.method.annotation.AbstractNamedValueMethodArgumentResolver.convertIfNecessary(AbstractNamedValueMethodArgumentResolver.java:295)
	at org.springframework.web.method.annotation.AbstractNamedValueMethodArgumentResolver.resolveArgument(AbstractNamedValueMethodArgumentResolver.java:134)
	at org.springframework.web.method.support.HandlerMethodArgumentResolverComposite.resolveArgument(HandlerMethodArgumentResolverComposite.java:122)
	at org.springframework.web.method.support.InvocableHandlerMethod.getMethodArgumentValues(InvocableHandlerMethod.java:224)
	at org.springframework.web.method.support.InvocableHandlerMethod.invokeForRequest(InvocableHandlerMethod.java:174)
	at org.springframework.web.servlet.mvc.method.annotation.ServletInvocableHandlerMethod.invokeAndHandle(ServletInvocableHandlerMethod.java:117)
	at org.springframework.web.servlet.mvc.method.annotation.RequestMappingHandlerAdapter.invokeHandlerMethod(RequestMappingHandlerAdapter.java:934)
	at org.springframework.web.servlet.mvc.method.annotation.RequestMappingHandlerAdapter.handleInternal(RequestMappingHandlerAdapter.java:853)
	at org.springframework.web.servlet.mvc.method.AbstractHandlerMethodAdapter.handle(AbstractHandlerMethodAdapter.java:86)
	at org.springframework.web.servlet.DispatcherServlet.doDispatch(DispatcherServlet.java:963)
	at org.springframework.web.servlet.DispatcherServlet.doService(DispatcherServlet.java:866)
	at org.springframework.web.servlet.FrameworkServlet.processRequest(FrameworkServlet.java:1000)
	at org.springframework.web.servlet.FrameworkServlet.service(FrameworkServlet.java:877)
	at jakarta.servlet.http.HttpServlet.service(HttpServlet.java:710)
	at org.apache.catalina.core.ApplicationFilterChain.doFilter(ApplicationFilterChain.java:128)
	at org.apache.tomcat.websocket.server.WsFilter.doFilter(WsFilter.java:53)
	at org.apache.catalina.core.ApplicationFilterChain.doFilter(ApplicationFilterChain.java:107)
	at org.springframework.web.filter.OncePerRequestFilter.doFilter(OncePerRequestFilter.java:110)
	at org.apache.catalina.core.ApplicationFilterChain.doFilter(ApplicationFilterChain.java:107)
	at org.springframework.web.filter.CompositeFilter$VirtualFilterChain.doFilter(CompositeFilter.java:108)
	at org.springframework.security.web.FilterChainProxy.lambda$doFilterInternal$3(FilterChainProxy.java:235)
	at org.springframework.security.web.FilterChainProxy$VirtualFilterChain.doFilter(FilterChainProxy.java:376)
	at org.springframework.security.web.access.intercept.AuthorizationFilter.doFilter(AuthorizationFilter.java:101)
	at org.springframework.security.web.FilterChainProxy$VirtualFilterChain.doFilter(FilterChainProxy.java:385)
	at org.springframework.security.web.access.ExceptionTranslationFilter.doFilter(ExceptionTranslationFilter.java:126)
	at org.springframework.security.web.access.ExceptionTranslationFilter.doFilter(ExceptionTranslationFilter.java:120)
	at org.springframework.security.web.FilterChainProxy$VirtualFilterChain.doFilter(FilterChainProxy.java:385)
	at org.springframework.security.web.session.SessionManagementFilter.doFilter(SessionManagementFilter.java:132)
	at org.springframework.security.web.session.SessionManagementFilter.doFilter(SessionManagementFilter.java:86)
	at org.springframework.security.web.FilterChainProxy$VirtualFilterChain.doFilter(FilterChainProxy.java:385)
	at org.springframework.security.web.authentication.AnonymousAuthenticationFilter.doFilter(AnonymousAuthenticationFilter.java:100)
	at org.springframework.security.web.FilterChainProxy$VirtualFilterChain.doFilter(FilterChainProxy.java:385)
	at org.springframework.security.web.servletapi.SecurityContextHolderAwareRequestFilter.doFilter(SecurityContextHolderAwareRequestFilter.java:181)
	at org.springframework.security.web.FilterChainProxy$VirtualFilterChain.doFilter(FilterChainProxy.java:385)
	at org.springframework.security.web.savedrequest.RequestCacheAwareFilter.doFilter(RequestCacheAwareFilter.java:63)
	at org.springframework.security.web.FilterChainProxy$VirtualFilterChain.doFilter(FilterChainProxy.java:385)
	at com.example.Docgen_Backend.config.JwtFilter.doFilterInternal(JwtFilter.java:111)
	at org.springframework.web.filter.OncePerRequestFilter.doFilter(OncePerRequestFilter.java:116)
	at org.springframework.security.web.FilterChainProxy$VirtualFilterChain.doFilter(FilterChainProxy.java:385)
	at org.springframework.security.web.authentication.logout.LogoutFilter.doFilter(LogoutFilter.java:110)
	at org.springframework.security.web.authentication.logout.LogoutFilter.doFilter(LogoutFilter.java:96)
	at org.springframework.security.web.FilterChainProxy$VirtualFilterChain.doFilter(FilterChainProxy.java:385)
	at org.springframework.web.filter.CorsFilter.doFilterInternal(CorsFilter.java:91)
	at org.springframework.web.filter.OncePerRequestFilter.doFilter(OncePerRequestFilter.java:116)
	at org.springframework.security.web.FilterChainProxy$VirtualFilterChain.doFilter(FilterChainProxy.java:385)
	at org.springframework.security.web.header.HeaderWriterFilter.doHeadersAfter(HeaderWriterFilter.java:90)
	at org.springframework.security.web.header.HeaderWriterFilter.doFilterInternal(HeaderWriterFilter.java:75)
	at org.springframework.web.filter.OncePerRequestFilter.doFilter(OncePerRequestFilter.java:116)
	at org.springframework.security.web.FilterChainProxy$VirtualFilterChain.doFilter(FilterChainProxy.java:385)
	at org.springframework.security.web.context.SecurityContextHolderFilter.doFilter(SecurityContextHolderFilter.java:82)
	at org.springframework.security.web.context.SecurityContextHolderFilter.doFilter(SecurityContextHolderFilter.java:69)
	at org.springframework.security.web.FilterChainProxy$VirtualFilterChain.doFilter(FilterChainProxy.java:385)
	at org.springframework.security.web.context.request.async.WebAsyncManagerIntegrationFilter.doFilterInternal(WebAsyncManagerIntegrationFilter.java:62)
	at org.springframework.web.filter.OncePerRequestFilter.doFilter(OncePerRequestFilter.java:116)
	at org.springframework.security.web.FilterChainProxy$VirtualFilterChain.doFilter(FilterChainProxy.java:385)
	at org.springframework.security.web.session.DisableEncodeUrlFilter.doFilterInternal(DisableEncodeUrlFilter.java:42)
	at org.springframework.web.filter.OncePerRequestFilter.doFilter(OncePerRequestFilter.java:116)
	at org.springframework.security.web.FilterChainProxy$VirtualFilterChain.doFilter(FilterChainProxy.java:385)
	at org.springframework.security.web.FilterChainProxy.doFilterInternal(FilterChainProxy.java:237)
	at org.springframework.security.web.FilterChainProxy.doFilter(FilterChainProxy.java:195)
	at org.springframework.web.filter.CompositeFilter$VirtualFilterChain.doFilter(CompositeFilter.java:113)
	at org.springframework.web.filter.ServletRequestPathFilter.doFilter(ServletRequestPathFilter.java:52)
	at org.springframework.web.filter.CompositeFilter$VirtualFilterChain.doFilter(CompositeFilter.java:113)
	at org.springframework.web.filter.CompositeFilter.doFilter(CompositeFilter.java:74)
	at org.springframework.security.config.annotation.web.configuration.WebSecurityConfiguration$CompositeFilterChainProxy.doFilter(WebSecurityConfiguration.java:317)
	at org.springframework.web.filter.DelegatingFilterProxy.invokeDelegate(DelegatingFilterProxy.java:355)
	at org.springframework.web.filter.DelegatingFilterProxy.doFilter(DelegatingFilterProxy.java:272)
	at org.apache.catalina.core.ApplicationFilterChain.doFilter(ApplicationFilterChain.java:107)
	at org.springframework.web.filter.RequestContextFilter.doFilterInternal(RequestContextFilter.java:100)
	at org.springframework.web.filter.OncePerRequestFilter.doFilter(OncePerRequestFilter.java:116)
	at org.apache.catalina.core.ApplicationFilterChain.doFilter(ApplicationFilterChain.java:107)
	at org.springframework.web.filter.FormContentFilter.doFilterInternal(FormContentFilter.java:93)
	at org.springframework.web.filter.OncePerRequestFilter.doFilter(OncePerRequestFilter.java:116)
	at org.apache.catalina.core.ApplicationFilterChain.doFilter(ApplicationFilterChain.java:107)
	at org.springframework.web.filter.CharacterEncodingFilter.doFilterInternal(CharacterEncodingFilter.java:199)
	at org.springframework.web.filter.OncePerRequestFilter.doFilter(OncePerRequestFilter.java:116)
	at org.apache.catalina.core.ApplicationFilterChain.doFilter(ApplicationFilterChain.java:107)
	at org.apache.catalina.core.StandardWrapperValve.invoke(StandardWrapperValve.java:165)
	at org.apache.catalina.core.StandardContextValve.invoke(StandardContextValve.java:77)
	at org.apache.catalina.authenticator.AuthenticatorBase.invoke(AuthenticatorBase.java:492)
	at org.apache.catalina.core.StandardHostValve.invoke(StandardHostValve.java:113)
	at org.apache.catalina.valves.ErrorReportValve.invoke(ErrorReportValve.java:83)
	at org.apache.catalina.core.StandardEngineValve.invoke(StandardEngineValve.java:72)
	at org.apache.catalina.connector.CoyoteAdapter.service(CoyoteAdapter.java:341)
	at org.apache.coyote.http11.Http11Processor.service(Http11Processor.java:397)
	at org.apache.coyote.AbstractProcessorLight.process(AbstractProcessorLight.java:63)
	at org.apache.coyote.AbstractProtocol$ConnectionHandler.process(AbstractProtocol.java:903)
	at org.apache.tomcat.util.net.NioEndpoint$SocketProcessor.doRun(NioEndpoint.java:1801)
	at org.apache.tomcat.util.net.SocketProcessorBase.run(SocketProcessorBase.java:52)
	at org.apache.tomcat.util.threads.ThreadPoolExecutor.runWorker(ThreadPoolExecutor.java:946)
	at org.apache.tomcat.util.threads.ThreadPoolExecutor$Worker.run(ThreadPoolExecutor.java:480)
	at org.apache.tomcat.util.threads.TaskThread$WrappingRunnable.run(TaskThread.java:57)
	at java.base/java.lang.Thread.run(Thread.java:1583)
Caused by: java.lang.NumberFormatException: For input string: "undefined"
	at java.base/java.lang.NumberFormatException.forInputString(NumberFormatException.java:67)
	at java.base/java.lang.Long.parseLong(Long.java:709)
	at java.base/java.lang.Long.valueOf(Long.java:1157)
	at org.springframework.util.NumberUtils.parseNumber(NumberUtils.java:204)
	at org.springframework.beans.propertyeditors.CustomNumberEditor.setAsText(CustomNumberEditor.java:115)
	at org.springframework.beans.TypeConverterDelegate.doConvertTextValue(TypeConverterDelegate.java:434)
	at org.springframework.beans.TypeConverterDelegate.doConvertValue(TypeConverterDelegate.java:407)
	at org.springframework.beans.TypeConverterDelegate.convertIfNecessary(TypeConverterDelegate.java:158)
	at org.springframework.beans.TypeConverterSupport.convertIfNecessary(TypeConverterSupport.java:75)
	at org.springframework.beans.TypeConverterSupport.convertIfNecessary(TypeConverterSupport.java:51)
	at org.springframework.validation.DataBinder.convertIfNecessary(DataBinder.java:843)
	at org.springframework.web.method.annotation.AbstractNamedValueMethodArgumentResolver.convertIfNecessary(AbstractNamedValueMethodArgumentResolver.java:287)
	... 92 common frames omitted
2026-07-21 16:46:29 [http-nio-8080-exec-2] WARN  o.s.w.s.m.m.a.ExceptionHandlerExceptionResolver - Resolved [org.springframework.web.method.annotation.MethodArgumentTypeMismatchException: Method parameter 'id': Failed to convert value of type 'java.lang.String' to required type 'java.lang.Long'; For input string: "undefined"]
2026-07-21 16:46:54 [http-nio-8080-exec-4] INFO  c.e.Docgen_Backend.config.JwtFilter - JWT validated successfully for userId=6a311365ec2c34f3d9e4f06e
2026-07-21 16:46:54 [http-nio-8080-exec-4] ERROR c.e.D.e.GlobalExceptionHandler - Unexpected error occurred
org.springframework.web.method.annotation.MethodArgumentTypeMismatchException: Method parameter 'id': Failed to convert value of type 'java.lang.String' to required type 'java.lang.Long'; For input string: "undefined"
	at org.springframework.web.method.annotation.AbstractNamedValueMethodArgumentResolver.convertIfNecessary(AbstractNamedValueMethodArgumentResolver.java:295)
	at org.springframework.web.method.annotation.AbstractNamedValueMethodArgumentResolver.resolveArgument(AbstractNamedValueMethodArgumentResolver.java:134)
	at org.springframework.web.method.support.HandlerMethodArgumentResolverComposite.resolveArgument(HandlerMethodArgumentResolverComposite.java:122)
	at org.springframework.web.method.support.InvocableHandlerMethod.getMethodArgumentValues(InvocableHandlerMethod.java:224)
	at org.springframework.web.method.support.InvocableHandlerMethod.invokeForRequest(InvocableHandlerMethod.java:174)
	at org.springframework.web.servlet.mvc.method.annotation.ServletInvocableHandlerMethod.invokeAndHandle(ServletInvocableHandlerMethod.java:117)
	at org.springframework.web.servlet.mvc.method.annotation.RequestMappingHandlerAdapter.invokeHandlerMethod(RequestMappingHandlerAdapter.java:934)
	at org.springframework.web.servlet.mvc.method.annotation.RequestMappingHandlerAdapter.handleInternal(RequestMappingHandlerAdapter.java:853)
	at org.springframework.web.servlet.mvc.method.AbstractHandlerMethodAdapter.handle(AbstractHandlerMethodAdapter.java:86)
	at org.springframework.web.servlet.DispatcherServlet.doDispatch(DispatcherServlet.java:963)
	at org.springframework.web.servlet.DispatcherServlet.doService(DispatcherServlet.java:866)
	at org.springframework.web.servlet.FrameworkServlet.processRequest(FrameworkServlet.java:1000)
	at org.springframework.web.servlet.FrameworkServlet.service(FrameworkServlet.java:877)
	at jakarta.servlet.http.HttpServlet.service(HttpServlet.java:710)
	at org.apache.catalina.core.ApplicationFilterChain.doFilter(ApplicationFilterChain.java:128)
	at org.apache.tomcat.websocket.server.WsFilter.doFilter(WsFilter.java:53)
	at org.apache.catalina.core.ApplicationFilterChain.doFilter(ApplicationFilterChain.java:107)
	at org.springframework.web.filter.OncePerRequestFilter.doFilter(OncePerRequestFilter.java:110)
	at org.apache.catalina.core.ApplicationFilterChain.doFilter(ApplicationFilterChain.java:107)
	at org.springframework.web.filter.CompositeFilter$VirtualFilterChain.doFilter(CompositeFilter.java:108)
	at org.springframework.security.web.FilterChainProxy.lambda$doFilterInternal$3(FilterChainProxy.java:235)
	at org.springframework.security.web.FilterChainProxy$VirtualFilterChain.doFilter(FilterChainProxy.java:376)
	at org.springframework.security.web.access.intercept.AuthorizationFilter.doFilter(AuthorizationFilter.java:101)
	at org.springframework.security.web.FilterChainProxy$VirtualFilterChain.doFilter(FilterChainProxy.java:385)
	at org.springframework.security.web.access.ExceptionTranslationFilter.doFilter(ExceptionTranslationFilter.java:126)
	at org.springframework.security.web.access.ExceptionTranslationFilter.doFilter(ExceptionTranslationFilter.java:120)
	at org.springframework.security.web.FilterChainProxy$VirtualFilterChain.doFilter(FilterChainProxy.java:385)
	at org.springframework.security.web.session.SessionManagementFilter.doFilter(SessionManagementFilter.java:132)
	at org.springframework.security.web.session.SessionManagementFilter.doFilter(SessionManagementFilter.java:86)
	at org.springframework.security.web.FilterChainProxy$VirtualFilterChain.doFilter(FilterChainProxy.java:385)
	at org.springframework.security.web.authentication.AnonymousAuthenticationFilter.doFilter(AnonymousAuthenticationFilter.java:100)
	at org.springframework.security.web.FilterChainProxy$VirtualFilterChain.doFilter(FilterChainProxy.java:385)
	at org.springframework.security.web.servletapi.SecurityContextHolderAwareRequestFilter.doFilter(SecurityContextHolderAwareRequestFilter.java:181)
	at org.springframework.security.web.FilterChainProxy$VirtualFilterChain.doFilter(FilterChainProxy.java:385)
	at org.springframework.security.web.savedrequest.RequestCacheAwareFilter.doFilter(RequestCacheAwareFilter.java:63)
	at org.springframework.security.web.FilterChainProxy$VirtualFilterChain.doFilter(FilterChainProxy.java:385)
	at com.example.Docgen_Backend.config.JwtFilter.doFilterInternal(JwtFilter.java:111)
	at org.springframework.web.filter.OncePerRequestFilter.doFilter(OncePerRequestFilter.java:116)
	at org.springframework.security.web.FilterChainProxy$VirtualFilterChain.doFilter(FilterChainProxy.java:385)
	at org.springframework.security.web.authentication.logout.LogoutFilter.doFilter(LogoutFilter.java:110)
	at org.springframework.security.web.authentication.logout.LogoutFilter.doFilter(LogoutFilter.java:96)
	at org.springframework.security.web.FilterChainProxy$VirtualFilterChain.doFilter(FilterChainProxy.java:385)
	at org.springframework.web.filter.CorsFilter.doFilterInternal(CorsFilter.java:91)
	at org.springframework.web.filter.OncePerRequestFilter.doFilter(OncePerRequestFilter.java:116)
	at org.springframework.security.web.FilterChainProxy$VirtualFilterChain.doFilter(FilterChainProxy.java:385)
	at org.springframework.security.web.header.HeaderWriterFilter.doHeadersAfter(HeaderWriterFilter.java:90)
	at org.springframework.security.web.header.HeaderWriterFilter.doFilterInternal(HeaderWriterFilter.java:75)
	at org.springframework.web.filter.OncePerRequestFilter.doFilter(OncePerRequestFilter.java:116)
	at org.springframework.security.web.FilterChainProxy$VirtualFilterChain.doFilter(FilterChainProxy.java:385)
	at org.springframework.security.web.context.SecurityContextHolderFilter.doFilter(SecurityContextHolderFilter.java:82)
	at org.springframework.security.web.context.SecurityContextHolderFilter.doFilter(SecurityContextHolderFilter.java:69)
	at org.springframework.security.web.FilterChainProxy$VirtualFilterChain.doFilter(FilterChainProxy.java:385)
	at org.springframework.security.web.context.request.async.WebAsyncManagerIntegrationFilter.doFilterInternal(WebAsyncManagerIntegrationFilter.java:62)
	at org.springframework.web.filter.OncePerRequestFilter.doFilter(OncePerRequestFilter.java:116)
	at org.springframework.security.web.FilterChainProxy$VirtualFilterChain.doFilter(FilterChainProxy.java:385)
	at org.springframework.security.web.session.DisableEncodeUrlFilter.doFilterInternal(DisableEncodeUrlFilter.java:42)
	at org.springframework.web.filter.OncePerRequestFilter.doFilter(OncePerRequestFilter.java:116)
	at org.springframework.security.web.FilterChainProxy$VirtualFilterChain.doFilter(FilterChainProxy.java:385)
	at org.springframework.security.web.FilterChainProxy.doFilterInternal(FilterChainProxy.java:237)
	at org.springframework.security.web.FilterChainProxy.doFilter(FilterChainProxy.java:195)
	at org.springframework.web.filter.CompositeFilter$VirtualFilterChain.doFilter(CompositeFilter.java:113)
	at org.springframework.web.filter.ServletRequestPathFilter.doFilter(ServletRequestPathFilter.java:52)
	at org.springframework.web.filter.CompositeFilter$VirtualFilterChain.doFilter(CompositeFilter.java:113)
	at org.springframework.web.filter.CompositeFilter.doFilter(CompositeFilter.java:74)
	at org.springframework.security.config.annotation.web.configuration.WebSecurityConfiguration$CompositeFilterChainProxy.doFilter(WebSecurityConfiguration.java:317)
	at org.springframework.web.filter.DelegatingFilterProxy.invokeDelegate(DelegatingFilterProxy.java:355)
	at org.springframework.web.filter.DelegatingFilterProxy.doFilter(DelegatingFilterProxy.java:272)
	at org.apache.catalina.core.ApplicationFilterChain.doFilter(ApplicationFilterChain.java:107)
	at org.springframework.web.filter.RequestContextFilter.doFilterInternal(RequestContextFilter.java:100)
	at org.springframework.web.filter.OncePerRequestFilter.doFilter(OncePerRequestFilter.java:116)
	at org.apache.catalina.core.ApplicationFilterChain.doFilter(ApplicationFilterChain.java:107)
	at org.springframework.web.filter.FormContentFilter.doFilterInternal(FormContentFilter.java:93)
	at org.springframework.web.filter.OncePerRequestFilter.doFilter(OncePerRequestFilter.java:116)
	at org.apache.catalina.core.ApplicationFilterChain.doFilter(ApplicationFilterChain.java:107)
	at org.springframework.web.filter.CharacterEncodingFilter.doFilterInternal(CharacterEncodingFilter.java:199)
	at org.springframework.web.filter.OncePerRequestFilter.doFilter(OncePerRequestFilter.java:116)
	at org.apache.catalina.core.ApplicationFilterChain.doFilter(ApplicationFilterChain.java:107)
	at org.apache.catalina.core.StandardWrapperValve.invoke(StandardWrapperValve.java:165)
	at org.apache.catalina.core.StandardContextValve.invoke(StandardContextValve.java:77)
	at org.apache.catalina.authenticator.AuthenticatorBase.invoke(AuthenticatorBase.java:492)
	at org.apache.catalina.core.StandardHostValve.invoke(StandardHostValve.java:113)
	at org.apache.catalina.valves.ErrorReportValve.invoke(ErrorReportValve.java:83)
	at org.apache.catalina.core.StandardEngineValve.invoke(StandardEngineValve.java:72)
	at org.apache.catalina.connector.CoyoteAdapter.service(CoyoteAdapter.java:341)
	at org.apache.coyote.http11.Http11Processor.service(Http11Processor.java:397)
	at org.apache.coyote.AbstractProcessorLight.process(AbstractProcessorLight.java:63)
	at org.apache.coyote.AbstractProtocol$ConnectionHandler.process(AbstractProtocol.java:903)
	at org.apache.tomcat.util.net.NioEndpoint$SocketProcessor.doRun(NioEndpoint.java:1801)
	at org.apache.tomcat.util.net.SocketProcessorBase.run(SocketProcessorBase.java:52)
	at org.apache.tomcat.util.threads.ThreadPoolExecutor.runWorker(ThreadPoolExecutor.java:946)
	at org.apache.tomcat.util.threads.ThreadPoolExecutor$Worker.run(ThreadPoolExecutor.java:480)
	at org.apache.tomcat.util.threads.TaskThread$WrappingRunnable.run(TaskThread.java:57)
	at java.base/java.lang.Thread.run(Thread.java:1583)
Caused by: java.lang.NumberFormatException: For input string: "undefined"
	at java.base/java.lang.NumberFormatException.forInputString(NumberFormatException.java:67)
	at java.base/java.lang.Long.parseLong(Long.java:709)
	at java.base/java.lang.Long.valueOf(Long.java:1157)
	at org.springframework.util.NumberUtils.parseNumber(NumberUtils.java:204)
	at org.springframework.beans.propertyeditors.CustomNumberEditor.setAsText(CustomNumberEditor.java:115)
	at org.springframework.beans.TypeConverterDelegate.doConvertTextValue(TypeConverterDelegate.java:434)
	at org.springframework.beans.TypeConverterDelegate.doConvertValue(TypeConverterDelegate.java:407)
	at org.springframework.beans.TypeConverterDelegate.convertIfNecessary(TypeConverterDelegate.java:158)
	at org.springframework.beans.TypeConverterSupport.convertIfNecessary(TypeConverterSupport.java:75)
	at org.springframework.beans.TypeConverterSupport.convertIfNecessary(TypeConverterSupport.java:51)
	at org.springframework.validation.DataBinder.convertIfNecessary(DataBinder.java:843)
	at org.springframework.web.method.annotation.AbstractNamedValueMethodArgumentResolver.convertIfNecessary(AbstractNamedValueMethodArgumentResolver.java:287)
	... 92 common frames omitted
2026-07-21 16:46:54 [http-nio-8080-exec-4] WARN  o.s.w.s.m.m.a.ExceptionHandlerExceptionResolver - Resolved [org.springframework.web.method.annotation.MethodArgumentTypeMismatchException: Method parameter 'id': Failed to convert value of type 'java.lang.String' to required type 'java.lang.Long'; For input string: "undefined"]
2026-07-21 16:47:06 [http-nio-8080-exec-6] INFO  c.e.Docgen_Backend.config.JwtFilter - JWT validated successfully for userId=6a311365ec2c34f3d9e4f06e
2026-07-21 16:47:06 [http-nio-8080-exec-6] ERROR c.e.D.e.GlobalExceptionHandler - Unexpected error occurred
org.springframework.web.method.annotation.MethodArgumentTypeMismatchException: Method parameter 'id': Failed to convert value of type 'java.lang.String' to required type 'java.lang.Long'; For input string: "undefined"
	at org.springframework.web.method.annotation.AbstractNamedValueMethodArgumentResolver.convertIfNecessary(AbstractNamedValueMethodArgumentResolver.java:295)
	at org.springframework.web.method.annotation.AbstractNamedValueMethodArgumentResolver.resolveArgument(AbstractNamedValueMethodArgumentResolver.java:134)
	at org.springframework.web.method.support.HandlerMethodArgumentResolverComposite.resolveArgument(HandlerMethodArgumentResolverComposite.java:122)
	at org.springframework.web.method.support.InvocableHandlerMethod.getMethodArgumentValues(InvocableHandlerMethod.java:224)
	at org.springframework.web.method.support.InvocableHandlerMethod.invokeForRequest(InvocableHandlerMethod.java:174)
	at org.springframework.web.servlet.mvc.method.annotation.ServletInvocableHandlerMethod.invokeAndHandle(ServletInvocableHandlerMethod.java:117)
	at org.springframework.web.servlet.mvc.method.annotation.RequestMappingHandlerAdapter.invokeHandlerMethod(RequestMappingHandlerAdapter.java:934)
	at org.springframework.web.servlet.mvc.method.annotation.RequestMappingHandlerAdapter.handleInternal(RequestMappingHandlerAdapter.java:853)
	at org.springframework.web.servlet.mvc.method.AbstractHandlerMethodAdapter.handle(AbstractHandlerMethodAdapter.java:86)
	at org.springframework.web.servlet.DispatcherServlet.doDispatch(DispatcherServlet.java:963)
	at org.springframework.web.servlet.DispatcherServlet.doService(DispatcherServlet.java:866)
	at org.springframework.web.servlet.FrameworkServlet.processRequest(FrameworkServlet.java:1000)
	at org.springframework.web.servlet.FrameworkServlet.service(FrameworkServlet.java:877)
	at jakarta.servlet.http.HttpServlet.service(HttpServlet.java:710)
	at org.apache.catalina.core.ApplicationFilterChain.doFilter(ApplicationFilterChain.java:128)
	at org.apache.tomcat.websocket.server.WsFilter.doFilter(WsFilter.java:53)
	at org.apache.catalina.core.ApplicationFilterChain.doFilter(ApplicationFilterChain.java:107)
	at org.springframework.web.filter.OncePerRequestFilter.doFilter(OncePerRequestFilter.java:110)
	at org.apache.catalina.core.ApplicationFilterChain.doFilter(ApplicationFilterChain.java:107)
	at org.springframework.web.filter.CompositeFilter$VirtualFilterChain.doFilter(CompositeFilter.java:108)
	at org.springframework.security.web.FilterChainProxy.lambda$doFilterInternal$3(FilterChainProxy.java:235)
	at org.springframework.security.web.FilterChainProxy$VirtualFilterChain.doFilter(FilterChainProxy.java:376)
	at org.springframework.security.web.access.intercept.AuthorizationFilter.doFilter(AuthorizationFilter.java:101)
	at org.springframework.security.web.FilterChainProxy$VirtualFilterChain.doFilter(FilterChainProxy.java:385)
	at org.springframework.security.web.access.ExceptionTranslationFilter.doFilter(ExceptionTranslationFilter.java:126)
	at org.springframework.security.web.access.ExceptionTranslationFilter.doFilter(ExceptionTranslationFilter.java:120)
	at org.springframework.security.web.FilterChainProxy$VirtualFilterChain.doFilter(FilterChainProxy.java:385)
	at org.springframework.security.web.session.SessionManagementFilter.doFilter(SessionManagementFilter.java:132)
	at org.springframework.security.web.session.SessionManagementFilter.doFilter(SessionManagementFilter.java:86)
	at org.springframework.security.web.FilterChainProxy$VirtualFilterChain.doFilter(FilterChainProxy.java:385)
	at org.springframework.security.web.authentication.AnonymousAuthenticationFilter.doFilter(AnonymousAuthenticationFilter.java:100)
	at org.springframework.security.web.FilterChainProxy$VirtualFilterChain.doFilter(FilterChainProxy.java:385)
	at org.springframework.security.web.servletapi.SecurityContextHolderAwareRequestFilter.doFilter(SecurityContextHolderAwareRequestFilter.java:181)
	at org.springframework.security.web.FilterChainProxy$VirtualFilterChain.doFilter(FilterChainProxy.java:385)
	at org.springframework.security.web.savedrequest.RequestCacheAwareFilter.doFilter(RequestCacheAwareFilter.java:63)
	at org.springframework.security.web.FilterChainProxy$VirtualFilterChain.doFilter(FilterChainProxy.java:385)
	at com.example.Docgen_Backend.config.JwtFilter.doFilterInternal(JwtFilter.java:111)
	at org.springframework.web.filter.OncePerRequestFilter.doFilter(OncePerRequestFilter.java:116)
	at org.springframework.security.web.FilterChainProxy$VirtualFilterChain.doFilter(FilterChainProxy.java:385)
	at org.springframework.security.web.authentication.logout.LogoutFilter.doFilter(LogoutFilter.java:110)
	at org.springframework.security.web.authentication.logout.LogoutFilter.doFilter(LogoutFilter.java:96)
	at org.springframework.security.web.FilterChainProxy$VirtualFilterChain.doFilter(FilterChainProxy.java:385)
	at org.springframework.web.filter.CorsFilter.doFilterInternal(CorsFilter.java:91)
	at org.springframework.web.filter.OncePerRequestFilter.doFilter(OncePerRequestFilter.java:116)
	at org.springframework.security.web.FilterChainProxy$VirtualFilterChain.doFilter(FilterChainProxy.java:385)
	at org.springframework.security.web.header.HeaderWriterFilter.doHeadersAfter(HeaderWriterFilter.java:90)
	at org.springframework.security.web.header.HeaderWriterFilter.doFilterInternal(HeaderWriterFilter.java:75)
	at org.springframework.web.filter.OncePerRequestFilter.doFilter(OncePerRequestFilter.java:116)
	at org.springframework.security.web.FilterChainProxy$VirtualFilterChain.doFilter(FilterChainProxy.java:385)
	at org.springframework.security.web.context.SecurityContextHolderFilter.doFilter(SecurityContextHolderFilter.java:82)
	at org.springframework.security.web.context.SecurityContextHolderFilter.doFilter(SecurityContextHolderFilter.java:69)
	at org.springframework.security.web.FilterChainProxy$VirtualFilterChain.doFilter(FilterChainProxy.java:385)
	at org.springframework.security.web.context.request.async.WebAsyncManagerIntegrationFilter.doFilterInternal(WebAsyncManagerIntegrationFilter.java:62)
	at org.springframework.web.filter.OncePerRequestFilter.doFilter(OncePerRequestFilter.java:116)
	at org.springframework.security.web.FilterChainProxy$VirtualFilterChain.doFilter(FilterChainProxy.java:385)
	at org.springframework.security.web.session.DisableEncodeUrlFilter.doFilterInternal(DisableEncodeUrlFilter.java:42)
	at org.springframework.web.filter.OncePerRequestFilter.doFilter(OncePerRequestFilter.java:116)
	at org.springframework.security.web.FilterChainProxy$VirtualFilterChain.doFilter(FilterChainProxy.java:385)
	at org.springframework.security.web.FilterChainProxy.doFilterInternal(FilterChainProxy.java:237)
	at org.springframework.security.web.FilterChainProxy.doFilter(FilterChainProxy.java:195)
	at org.springframework.web.filter.CompositeFilter$VirtualFilterChain.doFilter(CompositeFilter.java:113)
	at org.springframework.web.filter.ServletRequestPathFilter.doFilter(ServletRequestPathFilter.java:52)
	at org.springframework.web.filter.CompositeFilter$VirtualFilterChain.doFilter(CompositeFilter.java:113)
	at org.springframework.web.filter.CompositeFilter.doFilter(CompositeFilter.java:74)
	at org.springframework.security.config.annotation.web.configuration.WebSecurityConfiguration$CompositeFilterChainProxy.doFilter(WebSecurityConfiguration.java:317)
	at org.springframework.web.filter.DelegatingFilterProxy.invokeDelegate(DelegatingFilterProxy.java:355)
	at org.springframework.web.filter.DelegatingFilterProxy.doFilter(DelegatingFilterProxy.java:272)
	at org.apache.catalina.core.ApplicationFilterChain.doFilter(ApplicationFilterChain.java:107)
	at org.springframework.web.filter.RequestContextFilter.doFilterInternal(RequestContextFilter.java:100)
	at org.springframework.web.filter.OncePerRequestFilter.doFilter(OncePerRequestFilter.java:116)
	at org.apache.catalina.core.ApplicationFilterChain.doFilter(ApplicationFilterChain.java:107)
	at org.springframework.web.filter.FormContentFilter.doFilterInternal(FormContentFilter.java:93)
	at org.springframework.web.filter.OncePerRequestFilter.doFilter(OncePerRequestFilter.java:116)
	at org.apache.catalina.core.ApplicationFilterChain.doFilter(ApplicationFilterChain.java:107)
	at org.springframework.web.filter.CharacterEncodingFilter.doFilterInternal(CharacterEncodingFilter.java:199)
	at org.springframework.web.filter.OncePerRequestFilter.doFilter(OncePerRequestFilter.java:116)
	at org.apache.catalina.core.ApplicationFilterChain.doFilter(ApplicationFilterChain.java:107)
	at org.apache.catalina.core.StandardWrapperValve.invoke(StandardWrapperValve.java:165)
	at org.apache.catalina.core.StandardContextValve.invoke(StandardContextValve.java:77)
	at org.apache.catalina.authenticator.AuthenticatorBase.invoke(AuthenticatorBase.java:492)
	at org.apache.catalina.core.StandardHostValve.invoke(StandardHostValve.java:113)
	at org.apache.catalina.valves.ErrorReportValve.invoke(ErrorReportValve.java:83)
	at org.apache.catalina.core.StandardEngineValve.invoke(StandardEngineValve.java:72)
	at org.apache.catalina.connector.CoyoteAdapter.service(CoyoteAdapter.java:341)
	at org.apache.coyote.http11.Http11Processor.service(Http11Processor.java:397)
	at org.apache.coyote.AbstractProcessorLight.process(AbstractProcessorLight.java:63)
	at org.apache.coyote.AbstractProtocol$ConnectionHandler.process(AbstractProtocol.java:903)
	at org.apache.tomcat.util.net.NioEndpoint$SocketProcessor.doRun(NioEndpoint.java:1801)
	at org.apache.tomcat.util.net.SocketProcessorBase.run(SocketProcessorBase.java:52)
	at org.apache.tomcat.util.threads.ThreadPoolExecutor.runWorker(ThreadPoolExecutor.java:946)
	at org.apache.tomcat.util.threads.ThreadPoolExecutor$Worker.run(ThreadPoolExecutor.java:480)
	at org.apache.tomcat.util.threads.TaskThread$WrappingRunnable.run(TaskThread.java:57)
	at java.base/java.lang.Thread.run(Thread.java:1583)
Caused by: java.lang.NumberFormatException: For input string: "undefined"
	at java.base/java.lang.NumberFormatException.forInputString(NumberFormatException.java:67)
	at java.base/java.lang.Long.parseLong(Long.java:709)
	at java.base/java.lang.Long.valueOf(Long.java:1157)
	at org.springframework.util.NumberUtils.parseNumber(NumberUtils.java:204)
	at org.springframework.beans.propertyeditors.CustomNumberEditor.setAsText(CustomNumberEditor.java:115)
	at org.springframework.beans.TypeConverterDelegate.doConvertTextValue(TypeConverterDelegate.java:434)
	at org.springframework.beans.TypeConverterDelegate.doConvertValue(TypeConverterDelegate.java:407)
	at org.springframework.beans.TypeConverterDelegate.convertIfNecessary(TypeConverterDelegate.java:158)
	at org.springframework.beans.TypeConverterSupport.convertIfNecessary(TypeConverterSupport.java:75)
	at org.springframework.beans.TypeConverterSupport.convertIfNecessary(TypeConverterSupport.java:51)
	at org.springframework.validation.DataBinder.convertIfNecessary(DataBinder.java:843)
	at org.springframework.web.method.annotation.AbstractNamedValueMethodArgumentResolver.convertIfNecessary(AbstractNamedValueMethodArgumentResolver.java:287)
	... 92 common frames omitted
2026-07-21 16:47:06 [http-nio-8080-exec-6] WARN  o.s.w.s.m.m.a.ExceptionHandlerExceptionResolver - Resolved [org.springframework.web.method.annotation.MethodArgumentTypeMismatchException: Method parameter 'id': Failed to convert value of type 'java.lang.String' to required type 'java.lang.Long'; For input string: "undefined"]
2026-07-21 16:47:18 [http-nio-8080-exec-9] INFO  c.e.Docgen_Backend.config.JwtFilter - JWT validated successfully for userId=6a311365ec2c34f3d9e4f06e
2026-07-21 16:47:18 [http-nio-8080-exec-9] INFO  c.e.D.controller.UserController - GET /api/v2/users - Fetch all users request received | page=0, size=8, sortBy=id, direction=desc
2026-07-21 16:47:18 [http-nio-8080-exec-9] WARN  com.zaxxer.hikari.pool.PoolBase - HikariPool-1 - Failed to validate connection com.mysql.cj.jdbc.ConnectionImpl@4eb926e2 (No operations allowed after connection closed.). Possibly consider using a shorter maxLifetime value.
2026-07-21 16:47:18 [http-nio-8080-exec-9] WARN  com.zaxxer.hikari.pool.PoolBase - HikariPool-1 - Failed to validate connection com.mysql.cj.jdbc.ConnectionImpl@a8e4e66 (No operations allowed after connection closed.). Possibly consider using a shorter maxLifetime value.
2026-07-21 16:47:18 [http-nio-8080-exec-9] WARN  com.zaxxer.hikari.pool.PoolBase - HikariPool-1 - Failed to validate connection com.mysql.cj.jdbc.ConnectionImpl@a4cd8db (No operations allowed after connection closed.). Possibly consider using a shorter maxLifetime value.
2026-07-21 16:47:21 [http-nio-8080-exec-9] INFO  c.e.D.controller.UserController - Fetched 8 users on page 0 of 3
2026-07-21 16:47:22 [http-nio-8080-exec-10] INFO  c.e.Docgen_Backend.config.JwtFilter - JWT validated successfully for userId=6a311365ec2c34f3d9e4f06e
2026-07-21 16:47:22 [http-nio-8080-exec-10] INFO  c.e.D.controller.UserController - GET /api/v2/users - Fetch all users request received | page=0, size=8, sortBy=id, direction=desc
2026-07-21 16:47:25 [http-nio-8080-exec-10] INFO  c.e.D.controller.UserController - Fetched 8 users on page 0 of 3
2026-07-21 16:49:03 [HikariPool-1:housekeeper] WARN  com.zaxxer.hikari.pool.PoolBase - HikariPool-1 - Failed to validate connection com.mysql.cj.jdbc.ConnectionImpl@c3b4c4c (No operations allowed after connection closed.). Possibly consider using a shorter maxLifetime value.
2026-07-21 16:49:05 [HikariPool-1:housekeeper] WARN  com.zaxxer.hikari.pool.PoolBase - HikariPool-1 - Failed to validate connection com.mysql.cj.jdbc.ConnectionImpl@3dfd8433 (No operations allowed after connection closed.). Possibly consider using a shorter maxLifetime value.
2026-07-21 16:49:15 [HikariPool-1:housekeeper] WARN  com.zaxxer.hikari.pool.PoolBase - HikariPool-1 - Failed to validate connection com.mysql.cj.jdbc.ConnectionImpl@3a1bc120 (No operations allowed after connection closed.). Possibly consider using a shorter maxLifetime value.
2026-07-21 16:49:35 [http-nio-8080-exec-4] INFO  c.e.Docgen_Backend.config.JwtFilter - JWT validated successfully for userId=6a311365ec2c34f3d9e4f06e
2026-07-21 16:49:35 [http-nio-8080-exec-4] INFO  c.e.D.controller.UserController - POST /api/v2/users/create-profile - Request received for employeeId=null
2026-07-21 16:49:35 [http-nio-8080-exec-4] DEBUG c.e.D.controller.UserController - Full request payload: CreateProfileRequest(employeeName=Sakshi Sunilrao Yeole, email=prathamesh69bhavsar@gmail.com, mobileNo=8007454299, employeeId=null, joiningDesignation=Support Analyst, currentDesignation=Support Analyst, department=IT, currentAddress=N-42,VD-1/3/1,Sawta Nager,Cidco,Trimurti Chowk, permanentAddress=Pune, Maharashtra, accountNo=2601235318269640, bankName=AU SMALL FINANCE BANK, joiningCTC=400008.0, currentCTC=400008.0, dateOfBirth=1995-10-05, offerDate=2023-08-01, joiningDate=2023-08-07, panNo=ASAPY2454L, company=DSS, pfType=WITH_PF, identity=MR, documents=[SALARY_SLIP, OFFER_LETTER], documentData={OFFER_LETTER={issueDate=2023-08-01, probationPeriod=3}, SALARY_SLIP={startMonth=2026-04, endMonth=2026-06, salaryWorkdays={2026-04=30, 2026-05=31, 2026-06=30}}})
2026-07-21 16:49:35 [http-nio-8080-exec-4] WARN  com.zaxxer.hikari.pool.PoolBase - HikariPool-1 - Failed to validate connection com.mysql.cj.jdbc.ConnectionImpl@3e4ac1c3 (No operations allowed after connection closed.). Possibly consider using a shorter maxLifetime value.
2026-07-21 16:49:35 [http-nio-8080-exec-4] INFO  c.e.D.service.impl.UserServiceImpl - Generated employeeId=DSS001 for company=DSS
2026-07-21 16:49:35 [http-nio-8080-exec-4] INFO  c.e.D.service.impl.UserServiceImpl - User profile created successfully for employeeId=DSS001
2026-07-21 16:49:35 [http-nio-8080-exec-4] INFO  c.e.D.controller.UserController - Profile created successfully for employeeId=DSS001
2026-07-21 16:50:21 [http-nio-8080-exec-6] INFO  c.e.Docgen_Backend.config.JwtFilter - JWT validated successfully for userId=6a311365ec2c34f3d9e4f06e
2026-07-21 16:50:21 [http-nio-8080-exec-6] ERROR c.e.D.e.GlobalExceptionHandler - Unexpected error occurred
org.springframework.web.method.annotation.MethodArgumentTypeMismatchException: Method parameter 'id': Failed to convert value of type 'java.lang.String' to required type 'java.lang.Long'; For input string: "undefined"
	at org.springframework.web.method.annotation.AbstractNamedValueMethodArgumentResolver.convertIfNecessary(AbstractNamedValueMethodArgumentResolver.java:295)
	at org.springframework.web.method.annotation.AbstractNamedValueMethodArgumentResolver.resolveArgument(AbstractNamedValueMethodArgumentResolver.java:134)
	at org.springframework.web.method.support.HandlerMethodArgumentResolverComposite.resolveArgument(HandlerMethodArgumentResolverComposite.java:122)
	at org.springframework.web.method.support.InvocableHandlerMethod.getMethodArgumentValues(InvocableHandlerMethod.java:224)
	at org.springframework.web.method.support.InvocableHandlerMethod.invokeForRequest(InvocableHandlerMethod.java:174)
	at org.springframework.web.servlet.mvc.method.annotation.ServletInvocableHandlerMethod.invokeAndHandle(ServletInvocableHandlerMethod.java:117)
	at org.springframework.web.servlet.mvc.method.annotation.RequestMappingHandlerAdapter.invokeHandlerMethod(RequestMappingHandlerAdapter.java:934)
	at org.springframework.web.servlet.mvc.method.annotation.RequestMappingHandlerAdapter.handleInternal(RequestMappingHandlerAdapter.java:853)
	at org.springframework.web.servlet.mvc.method.AbstractHandlerMethodAdapter.handle(AbstractHandlerMethodAdapter.java:86)
	at org.springframework.web.servlet.DispatcherServlet.doDispatch(DispatcherServlet.java:963)
	at org.springframework.web.servlet.DispatcherServlet.doService(DispatcherServlet.java:866)
	at org.springframework.web.servlet.FrameworkServlet.processRequest(FrameworkServlet.java:1000)
	at org.springframework.web.servlet.FrameworkServlet.service(FrameworkServlet.java:877)
	at jakarta.servlet.http.HttpServlet.service(HttpServlet.java:710)
	at org.apache.catalina.core.ApplicationFilterChain.doFilter(ApplicationFilterChain.java:128)
	at org.apache.tomcat.websocket.server.WsFilter.doFilter(WsFilter.java:53)
	at org.apache.catalina.core.ApplicationFilterChain.doFilter(ApplicationFilterChain.java:107)
	at org.springframework.web.filter.OncePerRequestFilter.doFilter(OncePerRequestFilter.java:110)
	at org.apache.catalina.core.ApplicationFilterChain.doFilter(ApplicationFilterChain.java:107)
	at org.springframework.web.filter.CompositeFilter$VirtualFilterChain.doFilter(CompositeFilter.java:108)
	at org.springframework.security.web.FilterChainProxy.lambda$doFilterInternal$3(FilterChainProxy.java:235)
	at org.springframework.security.web.FilterChainProxy$VirtualFilterChain.doFilter(FilterChainProxy.java:376)
	at org.springframework.security.web.access.intercept.AuthorizationFilter.doFilter(AuthorizationFilter.java:101)
	at org.springframework.security.web.FilterChainProxy$VirtualFilterChain.doFilter(FilterChainProxy.java:385)
	at org.springframework.security.web.access.ExceptionTranslationFilter.doFilter(ExceptionTranslationFilter.java:126)
	at org.springframework.security.web.access.ExceptionTranslationFilter.doFilter(ExceptionTranslationFilter.java:120)
	at org.springframework.security.web.FilterChainProxy$VirtualFilterChain.doFilter(FilterChainProxy.java:385)
	at org.springframework.security.web.session.SessionManagementFilter.doFilter(SessionManagementFilter.java:132)
	at org.springframework.security.web.session.SessionManagementFilter.doFilter(SessionManagementFilter.java:86)
	at org.springframework.security.web.FilterChainProxy$VirtualFilterChain.doFilter(FilterChainProxy.java:385)
	at org.springframework.security.web.authentication.AnonymousAuthenticationFilter.doFilter(AnonymousAuthenticationFilter.java:100)
	at org.springframework.security.web.FilterChainProxy$VirtualFilterChain.doFilter(FilterChainProxy.java:385)
	at org.springframework.security.web.servletapi.SecurityContextHolderAwareRequestFilter.doFilter(SecurityContextHolderAwareRequestFilter.java:181)
	at org.springframework.security.web.FilterChainProxy$VirtualFilterChain.doFilter(FilterChainProxy.java:385)
	at org.springframework.security.web.savedrequest.RequestCacheAwareFilter.doFilter(RequestCacheAwareFilter.java:63)
	at org.springframework.security.web.FilterChainProxy$VirtualFilterChain.doFilter(FilterChainProxy.java:385)
	at com.example.Docgen_Backend.config.JwtFilter.doFilterInternal(JwtFilter.java:111)
	at org.springframework.web.filter.OncePerRequestFilter.doFilter(OncePerRequestFilter.java:116)
	at org.springframework.security.web.FilterChainProxy$VirtualFilterChain.doFilter(FilterChainProxy.java:385)
	at org.springframework.security.web.authentication.logout.LogoutFilter.doFilter(LogoutFilter.java:110)
	at org.springframework.security.web.authentication.logout.LogoutFilter.doFilter(LogoutFilter.java:96)
	at org.springframework.security.web.FilterChainProxy$VirtualFilterChain.doFilter(FilterChainProxy.java:385)
	at org.springframework.web.filter.CorsFilter.doFilterInternal(CorsFilter.java:91)
	at org.springframework.web.filter.OncePerRequestFilter.doFilter(OncePerRequestFilter.java:116)
	at org.springframework.security.web.FilterChainProxy$VirtualFilterChain.doFilter(FilterChainProxy.java:385)
	at org.springframework.security.web.header.HeaderWriterFilter.doHeadersAfter(HeaderWriterFilter.java:90)
	at org.springframework.security.web.header.HeaderWriterFilter.doFilterInternal(HeaderWriterFilter.java:75)
	at org.springframework.web.filter.OncePerRequestFilter.doFilter(OncePerRequestFilter.java:116)
	at org.springframework.security.web.FilterChainProxy$VirtualFilterChain.doFilter(FilterChainProxy.java:385)
	at org.springframework.security.web.context.SecurityContextHolderFilter.doFilter(SecurityContextHolderFilter.java:82)
	at org.springframework.security.web.context.SecurityContextHolderFilter.doFilter(SecurityContextHolderFilter.java:69)
	at org.springframework.security.web.FilterChainProxy$VirtualFilterChain.doFilter(FilterChainProxy.java:385)
	at org.springframework.security.web.context.request.async.WebAsyncManagerIntegrationFilter.doFilterInternal(WebAsyncManagerIntegrationFilter.java:62)
	at org.springframework.web.filter.OncePerRequestFilter.doFilter(OncePerRequestFilter.java:116)
	at org.springframework.security.web.FilterChainProxy$VirtualFilterChain.doFilter(FilterChainProxy.java:385)
	at org.springframework.security.web.session.DisableEncodeUrlFilter.doFilterInternal(DisableEncodeUrlFilter.java:42)
	at org.springframework.web.filter.OncePerRequestFilter.doFilter(OncePerRequestFilter.java:116)
	at org.springframework.security.web.FilterChainProxy$VirtualFilterChain.doFilter(FilterChainProxy.java:385)
	at org.springframework.security.web.FilterChainProxy.doFilterInternal(FilterChainProxy.java:237)
	at org.springframework.security.web.FilterChainProxy.doFilter(FilterChainProxy.java:195)
	at org.springframework.web.filter.CompositeFilter$VirtualFilterChain.doFilter(CompositeFilter.java:113)
	at org.springframework.web.filter.ServletRequestPathFilter.doFilter(ServletRequestPathFilter.java:52)
	at org.springframework.web.filter.CompositeFilter$VirtualFilterChain.doFilter(CompositeFilter.java:113)
	at org.springframework.web.filter.CompositeFilter.doFilter(CompositeFilter.java:74)
	at org.springframework.security.config.annotation.web.configuration.WebSecurityConfiguration$CompositeFilterChainProxy.doFilter(WebSecurityConfiguration.java:317)
	at org.springframework.web.filter.DelegatingFilterProxy.invokeDelegate(DelegatingFilterProxy.java:355)
	at org.springframework.web.filter.DelegatingFilterProxy.doFilter(DelegatingFilterProxy.java:272)
	at org.apache.catalina.core.ApplicationFilterChain.doFilter(ApplicationFilterChain.java:107)
	at org.springframework.web.filter.RequestContextFilter.doFilterInternal(RequestContextFilter.java:100)
	at org.springframework.web.filter.OncePerRequestFilter.doFilter(OncePerRequestFilter.java:116)
	at org.apache.catalina.core.ApplicationFilterChain.doFilter(ApplicationFilterChain.java:107)
	at org.springframework.web.filter.FormContentFilter.doFilterInternal(FormContentFilter.java:93)
	at org.springframework.web.filter.OncePerRequestFilter.doFilter(OncePerRequestFilter.java:116)
	at org.apache.catalina.core.ApplicationFilterChain.doFilter(ApplicationFilterChain.java:107)
	at org.springframework.web.filter.CharacterEncodingFilter.doFilterInternal(CharacterEncodingFilter.java:199)
	at org.springframework.web.filter.OncePerRequestFilter.doFilter(OncePerRequestFilter.java:116)
	at org.apache.catalina.core.ApplicationFilterChain.doFilter(ApplicationFilterChain.java:107)
	at org.apache.catalina.core.StandardWrapperValve.invoke(StandardWrapperValve.java:165)
	at org.apache.catalina.core.StandardContextValve.invoke(StandardContextValve.java:77)
	at org.apache.catalina.authenticator.AuthenticatorBase.invoke(AuthenticatorBase.java:492)
	at org.apache.catalina.core.StandardHostValve.invoke(StandardHostValve.java:113)
	at org.apache.catalina.valves.ErrorReportValve.invoke(ErrorReportValve.java:83)
	at org.apache.catalina.core.StandardEngineValve.invoke(StandardEngineValve.java:72)
	at org.apache.catalina.connector.CoyoteAdapter.service(CoyoteAdapter.java:341)
	at org.apache.coyote.http11.Http11Processor.service(Http11Processor.java:397)
	at org.apache.coyote.AbstractProcessorLight.process(AbstractProcessorLight.java:63)
	at org.apache.coyote.AbstractProtocol$ConnectionHandler.process(AbstractProtocol.java:903)
	at org.apache.tomcat.util.net.NioEndpoint$SocketProcessor.doRun(NioEndpoint.java:1801)
	at org.apache.tomcat.util.net.SocketProcessorBase.run(SocketProcessorBase.java:52)
	at org.apache.tomcat.util.threads.ThreadPoolExecutor.runWorker(ThreadPoolExecutor.java:946)
	at org.apache.tomcat.util.threads.ThreadPoolExecutor$Worker.run(ThreadPoolExecutor.java:480)
	at org.apache.tomcat.util.threads.TaskThread$WrappingRunnable.run(TaskThread.java:57)
	at java.base/java.lang.Thread.run(Thread.java:1583)
Caused by: java.lang.NumberFormatException: For input string: "undefined"
	at java.base/java.lang.NumberFormatException.forInputString(NumberFormatException.java:67)
	at java.base/java.lang.Long.parseLong(Long.java:709)
	at java.base/java.lang.Long.valueOf(Long.java:1157)
	at org.springframework.util.NumberUtils.parseNumber(NumberUtils.java:204)
	at org.springframework.beans.propertyeditors.CustomNumberEditor.setAsText(CustomNumberEditor.java:115)
	at org.springframework.beans.TypeConverterDelegate.doConvertTextValue(TypeConverterDelegate.java:434)
	at org.springframework.beans.TypeConverterDelegate.doConvertValue(TypeConverterDelegate.java:407)
	at org.springframework.beans.TypeConverterDelegate.convertIfNecessary(TypeConverterDelegate.java:158)
	at org.springframework.beans.TypeConverterSupport.convertIfNecessary(TypeConverterSupport.java:75)
	at org.springframework.beans.TypeConverterSupport.convertIfNecessary(TypeConverterSupport.java:51)
	at org.springframework.validation.DataBinder.convertIfNecessary(DataBinder.java:843)
	at org.springframework.web.method.annotation.AbstractNamedValueMethodArgumentResolver.convertIfNecessary(AbstractNamedValueMethodArgumentResolver.java:287)
	... 92 common frames omitted
2026-07-21 16:50:21 [http-nio-8080-exec-6] WARN  o.s.w.s.m.m.a.ExceptionHandlerExceptionResolver - Resolved [org.springframework.web.method.annotation.MethodArgumentTypeMismatchException: Method parameter 'id': Failed to convert value of type 'java.lang.String' to required type 'java.lang.Long'; For input string: "undefined"]
2026-07-21 16:50:39 [http-nio-8080-exec-9] INFO  c.e.Docgen_Backend.config.JwtFilter - JWT validated successfully for userId=6a311365ec2c34f3d9e4f06e
2026-07-21 16:50:39 [http-nio-8080-exec-9] INFO  c.e.D.controller.UserController - GET /api/v2/users - Fetch all users request received | page=0, size=8, sortBy=id, direction=desc
2026-07-21 16:50:39 [http-nio-8080-exec-9] WARN  com.zaxxer.hikari.pool.PoolBase - HikariPool-1 - Failed to validate connection com.mysql.cj.jdbc.ConnectionImpl@f127fd2 (No operations allowed after connection closed.). Possibly consider using a shorter maxLifetime value.
2026-07-21 16:50:39 [http-nio-8080-exec-9] WARN  com.zaxxer.hikari.pool.PoolBase - HikariPool-1 - Failed to validate connection com.mysql.cj.jdbc.ConnectionImpl@b56521a (No operations allowed after connection closed.). Possibly consider using a shorter maxLifetime value.
2026-07-21 16:50:39 [http-nio-8080-exec-9] WARN  com.zaxxer.hikari.pool.PoolBase - HikariPool-1 - Failed to validate connection com.mysql.cj.jdbc.ConnectionImpl@6630d483 (No operations allowed after connection closed.). Possibly consider using a shorter maxLifetime value.
2026-07-21 16:50:43 [http-nio-8080-exec-9] INFO  c.e.D.controller.UserController - Fetched 8 users on page 0 of 3
2026-07-21 16:50:43 [http-nio-8080-exec-10] INFO  c.e.Docgen_Backend.config.JwtFilter - JWT validated successfully for userId=6a311365ec2c34f3d9e4f06e
2026-07-21 16:50:43 [http-nio-8080-exec-10] INFO  c.e.D.controller.UserController - GET /api/v2/users - Fetch all users request received | page=0, size=8, sortBy=id, direction=desc
2026-07-21 16:50:46 [http-nio-8080-exec-10] INFO  c.e.D.controller.UserController - Fetched 8 users on page 0 of 3
2026-07-21 16:52:24 [HikariPool-1:housekeeper] WARN  com.zaxxer.hikari.pool.PoolBase - HikariPool-1 - Failed to validate connection com.mysql.cj.jdbc.ConnectionImpl@14e481ca (No operations allowed after connection closed.). Possibly consider using a shorter maxLifetime value.
2026-07-21 16:52:34 [HikariPool-1:housekeeper] WARN  com.zaxxer.hikari.pool.PoolBase - HikariPool-1 - Failed to validate connection com.mysql.cj.jdbc.ConnectionImpl@211f8825 (No operations allowed after connection closed.). Possibly consider using a shorter maxLifetime value.
2026-07-21 16:52:37 [HikariPool-1:housekeeper] WARN  com.zaxxer.hikari.pool.PoolBase - HikariPool-1 - Failed to validate connection com.mysql.cj.jdbc.ConnectionImpl@58808dbe (No operations allowed after connection closed.). Possibly consider using a shorter maxLifetime value.
2026-07-21 16:52:59 [http-nio-8080-exec-5] INFO  c.e.Docgen_Backend.config.JwtFilter - JWT validated successfully for userId=6a311365ec2c34f3d9e4f06e
2026-07-21 16:52:59 [http-nio-8080-exec-5] INFO  c.e.D.controller.UserController - GET /api/v2/users/31 - Fetch request received
2026-07-21 16:52:59 [http-nio-8080-exec-5] INFO  c.e.D.service.impl.UserServiceImpl - Fetching user profile for edit | userId=31
2026-07-21 16:52:59 [http-nio-8080-exec-5] WARN  com.zaxxer.hikari.pool.PoolBase - HikariPool-1 - Failed to validate connection com.mysql.cj.jdbc.ConnectionImpl@4b62e3af (No operations allowed after connection closed.). Possibly consider using a shorter maxLifetime value.
2026-07-21 16:52:59 [http-nio-8080-exec-5] WARN  com.zaxxer.hikari.pool.PoolBase - HikariPool-1 - Failed to validate connection com.mysql.cj.jdbc.ConnectionImpl@764dea43 (No operations allowed after connection closed.). Possibly consider using a shorter maxLifetime value.
2026-07-21 16:53:00 [http-nio-8080-exec-5] DEBUG c.e.D.service.impl.UserServiceImpl - User found | userId=31 | employeeId=DSS139
2026-07-21 16:53:00 [http-nio-8080-exec-5] INFO  c.e.D.service.impl.UserServiceImpl - User profile fetched successfully | userId=31 | timeTaken=731ms
2026-07-21 16:53:00 [http-nio-8080-exec-5] INFO  c.e.D.controller.UserController - Profile fetched successfully for userId=31
2026-07-21 16:53:00 [http-nio-8080-exec-5] DEBUG c.e.D.controller.UserController - Fetched profile data: UserProfileResponseDTO(id=31, employeeName=Sakshi Sunilrao Yeole, employeeId=DSS139, email=prathamesh69bhavsar@gmail.com, mobileNo=8007454299, joiningDesignation=Support Analyst, currentDesignation=Support Analyst, department=IT, company=DSS, identity=MR, pfType=WITH_PF, accountNo=2601235318269640, bankName=AU SMALL FINANCE BANK, currentAddress=N-42,VD-1/3/1,Sawta Nager,Cidco,Trimurti Chowk, permanentAddress=Pune, Maharashtra, joiningCTC=400008.0, currentCTC=400008.0, dateOfBirth=1995-10-05, offerDate=2023-08-01, joiningDate=2023-08-07, panNo=ASAPY2454L, documents={APPOINTMENT_LETTER=DocumentResponseDTO(generated=false, data=null), INTERNSHIP_LETTER=DocumentResponseDTO(generated=false, data=null), EXPERIENCE_LETTER=DocumentResponseDTO(generated=false, data=null), FULL_AND_FINAL=DocumentResponseDTO(generated=false, data=null), CONFIRMATION_LETTER=DocumentResponseDTO(generated=false, data=null), INCREMENT_LETTER=DocumentResponseDTO(generated=false, data=null), RELIEVING_LETTER=DocumentResponseDTO(generated=false, data=null), SALARY_SLIP=DocumentResponseDTO(generated=true, data={startMonth=2026-04, endMonth=2026-06}), COMPLETION_LETTER=DocumentResponseDTO(generated=false, data=null), OFFER_LETTER=DocumentResponseDTO(generated=true, data={issueDate=2023-08-01, probationPeriod=3})})
2026-07-21 16:53:00 [http-nio-8080-exec-6] INFO  c.e.Docgen_Backend.config.JwtFilter - JWT validated successfully for userId=6a311365ec2c34f3d9e4f06e
2026-07-21 16:53:00 [http-nio-8080-exec-6] INFO  c.e.D.controller.UserController - GET /api/v2/users/31 - Fetch request received
2026-07-21 16:53:00 [http-nio-8080-exec-6] INFO  c.e.D.service.impl.UserServiceImpl - Fetching user profile for edit | userId=31
2026-07-21 16:53:00 [http-nio-8080-exec-6] DEBUG c.e.D.service.impl.UserServiceImpl - User found | userId=31 | employeeId=DSS139
2026-07-21 16:53:00 [http-nio-8080-exec-6] INFO  c.e.D.service.impl.UserServiceImpl - User profile fetched successfully | userId=31 | timeTaken=516ms
2026-07-21 16:53:00 [http-nio-8080-exec-6] INFO  c.e.D.controller.UserController - Profile fetched successfully for userId=31
2026-07-21 16:53:00 [http-nio-8080-exec-6] DEBUG c.e.D.controller.UserController - Fetched profile data: UserProfileResponseDTO(id=31, employeeName=Sakshi Sunilrao Yeole, employeeId=DSS139, email=prathamesh69bhavsar@gmail.com, mobileNo=8007454299, joiningDesignation=Support Analyst, currentDesignation=Support Analyst, department=IT, company=DSS, identity=MR, pfType=WITH_PF, accountNo=2601235318269640, bankName=AU SMALL FINANCE BANK, currentAddress=N-42,VD-1/3/1,Sawta Nager,Cidco,Trimurti Chowk, permanentAddress=Pune, Maharashtra, joiningCTC=400008.0, currentCTC=400008.0, dateOfBirth=1995-10-05, offerDate=2023-08-01, joiningDate=2023-08-07, panNo=ASAPY2454L, documents={APPOINTMENT_LETTER=DocumentResponseDTO(generated=false, data=null), INTERNSHIP_LETTER=DocumentResponseDTO(generated=false, data=null), EXPERIENCE_LETTER=DocumentResponseDTO(generated=false, data=null), FULL_AND_FINAL=DocumentResponseDTO(generated=false, data=null), CONFIRMATION_LETTER=DocumentResponseDTO(generated=false, data=null), INCREMENT_LETTER=DocumentResponseDTO(generated=false, data=null), RELIEVING_LETTER=DocumentResponseDTO(generated=false, data=null), SALARY_SLIP=DocumentResponseDTO(generated=true, data={startMonth=2026-04, endMonth=2026-06}), COMPLETION_LETTER=DocumentResponseDTO(generated=false, data=null), OFFER_LETTER=DocumentResponseDTO(generated=true, data={issueDate=2023-08-01, probationPeriod=3})})
2026-07-21 16:53:28 [http-nio-8080-exec-8] INFO  c.e.Docgen_Backend.config.JwtFilter - JWT validated successfully for userId=6a311365ec2c34f3d9e4f06e
2026-07-21 16:53:28 [http-nio-8080-exec-8] INFO  c.e.D.controller.UserController - PATCH /api/v2/users/31 - Update request received for employeeId=DSS139
2026-07-21 16:53:28 [http-nio-8080-exec-8] DEBUG c.e.D.controller.UserController - Update payload: CreateProfileRequest(employeeName=Sakshi Sunilrao Yeole, email=prathamesh69bhavsar@gmail.com, mobileNo=8007454299, employeeId=DSS139, joiningDesignation=Support Analyst, currentDesignation=Support Analyst, department=IT, currentAddress=N-42,VD-1/3/1,Sawta Nager,Cidco,Trimurti Chowk, permanentAddress=Pune, Maharashtra, accountNo=2601235318269640, bankName=AU SMALL FINANCE BANK, joiningCTC=400008.0, currentCTC=400008.0, dateOfBirth=1995-10-05, offerDate=2023-08-01, joiningDate=2023-08-07, panNo=ASAPY2454L, company=DSS, pfType=WITH_PF, identity=MR, documents=[SALARY_SLIP, OFFER_LETTER, EXPERIENCE_LETTER, RELIEVING_LETTER], documentData={OFFER_LETTER={issueDate=2023-08-01, probationPeriod=3}, EXPERIENCE_LETTER={relievingDate=2024-10-25, issueDate=2024-10-25}, RELIEVING_LETTER={relievingDate=2024-10-25, issueDate=2024-10-25}, SALARY_SLIP={startMonth=2026-04, endMonth=2026-06, salaryWorkdays={2026-04=30, 2026-05=31, 2026-06=30}}})
2026-07-21 16:53:28 [http-nio-8080-exec-8] INFO  c.e.D.service.impl.UserServiceImpl - Updating user profile | userId=31 | employeeId=DSS139
2026-07-21 16:53:28 [http-nio-8080-exec-8] WARN  com.zaxxer.hikari.pool.PoolBase - HikariPool-1 - Failed to validate connection com.mysql.cj.jdbc.ConnectionImpl@2c5dc4a (No operations allowed after connection closed.). Possibly consider using a shorter maxLifetime value.
2026-07-21 16:53:28 [http-nio-8080-exec-8] WARN  com.zaxxer.hikari.pool.PoolBase - HikariPool-1 - Failed to validate connection com.mysql.cj.jdbc.ConnectionImpl@28963580 (No operations allowed after connection closed.). Possibly consider using a shorter maxLifetime value.
2026-07-21 16:53:28 [http-nio-8080-exec-8] WARN  com.zaxxer.hikari.pool.PoolBase - HikariPool-1 - Failed to validate connection com.mysql.cj.jdbc.ConnectionImpl@114bef37 (No operations allowed after connection closed.). Possibly consider using a shorter maxLifetime value.
2026-07-21 16:53:29 [http-nio-8080-exec-8] DEBUG c.e.D.service.impl.UserServiceImpl - Existing user fetched | userId=31 | oldEmployeeId=DSS139
2026-07-21 16:53:29 [http-nio-8080-exec-8] DEBUG c.e.D.service.impl.UserServiceImpl - Updating documents | userId=31
2026-07-21 16:53:29 [http-nio-8080-exec-8] INFO  c.e.D.service.impl.UserServiceImpl - User profile updated successfully | userId=31 | timeTaken=751ms
2026-07-21 16:53:29 [http-nio-8080-exec-8] INFO  c.e.D.controller.UserController - Profile updated successfully for userId=31, employeeId=DSS139
2026-07-21 16:55:06 [HikariPool-1:housekeeper] WARN  com.zaxxer.hikari.pool.PoolBase - HikariPool-1 - Failed to validate connection com.mysql.cj.jdbc.ConnectionImpl@57fdef5c (No operations allowed after connection closed.). Possibly consider using a shorter maxLifetime value.
2026-07-21 16:55:19 [HikariPool-1:housekeeper] WARN  com.zaxxer.hikari.pool.PoolBase - HikariPool-1 - Failed to validate connection com.mysql.cj.jdbc.ConnectionImpl@3744d61c (No operations allowed after connection closed.). Possibly consider using a shorter maxLifetime value.
2026-07-21 16:55:22 [HikariPool-1:housekeeper] WARN  com.zaxxer.hikari.pool.PoolBase - HikariPool-1 - Failed to validate connection com.mysql.cj.jdbc.ConnectionImpl@534ad50a (No operations allowed after connection closed.). Possibly consider using a shorter maxLifetime value.
2026-07-21 16:56:59 [HikariPool-1:housekeeper] WARN  com.zaxxer.hikari.pool.PoolBase - HikariPool-1 - Failed to validate connection com.mysql.cj.jdbc.ConnectionImpl@2997436e (No operations allowed after connection closed.). Possibly consider using a shorter maxLifetime value.
2026-07-21 16:57:15 [HikariPool-1:housekeeper] WARN  com.zaxxer.hikari.pool.PoolBase - HikariPool-1 - Failed to validate connection com.mysql.cj.jdbc.ConnectionImpl@79c78fb7 (No operations allowed after connection closed.). Possibly consider using a shorter maxLifetime value.
2026-07-21 16:58:49 [HikariPool-1:housekeeper] WARN  com.zaxxer.hikari.pool.PoolBase - HikariPool-1 - Failed to validate connection com.mysql.cj.jdbc.ConnectionImpl@6f3f47c9 (No operations allowed after connection closed.). Possibly consider using a shorter maxLifetime value.
2026-07-21 16:58:55 [HikariPool-1:housekeeper] WARN  com.zaxxer.hikari.pool.PoolBase - HikariPool-1 - Failed to validate connection com.mysql.cj.jdbc.ConnectionImpl@6bdaa84 (No operations allowed after connection closed.). Possibly consider using a shorter maxLifetime value.
2026-07-21 17:00:27 [HikariPool-1:housekeeper] WARN  com.zaxxer.hikari.pool.PoolBase - HikariPool-1 - Failed to validate connection com.mysql.cj.jdbc.ConnectionImpl@684a44d9 (No operations allowed after connection closed.). Possibly consider using a shorter maxLifetime value.
2026-07-21 17:00:48 [HikariPool-1:housekeeper] WARN  com.zaxxer.hikari.pool.PoolBase - HikariPool-1 - Failed to validate connection com.mysql.cj.jdbc.ConnectionImpl@51a3db29 (No operations allowed after connection closed.). Possibly consider using a shorter maxLifetime value.
2026-07-21 17:02:09 [HikariPool-1:housekeeper] WARN  com.zaxxer.hikari.pool.PoolBase - HikariPool-1 - Failed to validate connection com.mysql.cj.jdbc.ConnectionImpl@6409bc52 (No operations allowed after connection closed.). Possibly consider using a shorter maxLifetime value.
2026-07-21 17:02:39 [HikariPool-1:housekeeper] WARN  com.zaxxer.hikari.pool.PoolBase - HikariPool-1 - Failed to validate connection com.mysql.cj.jdbc.ConnectionImpl@1cd12e51 (No operations allowed after connection closed.). Possibly consider using a shorter maxLifetime value.
2026-07-21 17:04:03 [HikariPool-1:housekeeper] WARN  com.zaxxer.hikari.pool.PoolBase - HikariPool-1 - Failed to validate connection com.mysql.cj.jdbc.ConnectionImpl@11562bdc (No operations allowed after connection closed.). Possibly consider using a shorter maxLifetime value.
2026-07-21 17:04:32 [HikariPool-1:housekeeper] WARN  com.zaxxer.hikari.pool.PoolBase - HikariPool-1 - Failed to validate connection com.mysql.cj.jdbc.ConnectionImpl@711d5de6 (No operations allowed after connection closed.). Possibly consider using a shorter maxLifetime value.
2026-07-21 17:05:44 [HikariPool-1:housekeeper] WARN  com.zaxxer.hikari.pool.PoolBase - HikariPool-1 - Failed to validate connection com.mysql.cj.jdbc.ConnectionImpl@4e63af50 (No operations allowed after connection closed.). Possibly consider using a shorter maxLifetime value.
2026-07-21 17:06:18 [http-nio-8080-exec-2] INFO  c.e.Docgen_Backend.config.JwtFilter - JWT validated successfully for userId=6a311365ec2c34f3d9e4f06e
2026-07-21 17:06:18 [http-nio-8080-exec-2] INFO  c.e.D.controller.UserController - PATCH /api/v2/users/31 - Update request received for employeeId=DSS139
2026-07-21 17:06:18 [http-nio-8080-exec-2] DEBUG c.e.D.controller.UserController - Update payload: CreateProfileRequest(employeeName=Sakshi Sunilrao Yeole, email=prathamesh69bhavsar@gmail.com, mobileNo=8007454299, employeeId=DSS139, joiningDesignation=Support Analyst, currentDesignation=Support Analyst, department=IT, currentAddress=N-42,VD-1/3/1,Sawta Nager,Cidco,Trimurti Chowk, permanentAddress=Pune, Maharashtra, accountNo=2601235318269640, bankName=AU SMALL FINANCE BANK, joiningCTC=400008.0, currentCTC=400008.0, dateOfBirth=1995-10-05, offerDate=2023-08-01, joiningDate=2023-08-07, panNo=ASAPY2454L, company=DSS, pfType=WITH_PF, identity=MR, documents=[SALARY_SLIP, OFFER_LETTER, EXPERIENCE_LETTER, RELIEVING_LETTER], documentData={OFFER_LETTER={issueDate=2023-08-01, probationPeriod=3}, EXPERIENCE_LETTER={relievingDate=2024-10-25, issueDate=2024-10-25}, RELIEVING_LETTER={relievingDate=2024-10-25, issueDate=2024-10-25}, SALARY_SLIP={startMonth=2026-04, endMonth=2026-06, salaryWorkdays={2026-04=30, 2026-05=31, 2026-06=30}}})
2026-07-21 17:06:18 [http-nio-8080-exec-2] INFO  c.e.D.service.impl.UserServiceImpl - Updating user profile | userId=31 | employeeId=DSS139
2026-07-21 17:06:18 [http-nio-8080-exec-2] WARN  com.zaxxer.hikari.pool.PoolBase - HikariPool-1 - Failed to validate connection com.mysql.cj.jdbc.ConnectionImpl@31db1d18 (No operations allowed after connection closed.). Possibly consider using a shorter maxLifetime value.
2026-07-21 17:06:18 [http-nio-8080-exec-2] WARN  com.zaxxer.hikari.pool.PoolBase - HikariPool-1 - Failed to validate connection com.mysql.cj.jdbc.ConnectionImpl@47fa7049 (No operations allowed after connection closed.). Possibly consider using a shorter maxLifetime value.
2026-07-21 17:06:19 [http-nio-8080-exec-2] DEBUG c.e.D.service.impl.UserServiceImpl - Existing user fetched | userId=31 | oldEmployeeId=DSS139
2026-07-21 17:06:19 [http-nio-8080-exec-2] DEBUG c.e.D.service.impl.UserServiceImpl - Updating documents | userId=31
2026-07-21 17:06:19 [http-nio-8080-exec-2] INFO  c.e.D.service.impl.UserServiceImpl - User profile updated successfully | userId=31 | timeTaken=638ms
2026-07-21 17:06:19 [http-nio-8080-exec-2] INFO  c.e.D.controller.UserController - Profile updated successfully for userId=31, employeeId=DSS139
2026-07-21 17:08:04 [HikariPool-1:housekeeper] WARN  com.zaxxer.hikari.pool.PoolBase - HikariPool-1 - Failed to validate connection com.mysql.cj.jdbc.ConnectionImpl@6bbbcc7d (No operations allowed after connection closed.). Possibly consider using a shorter maxLifetime value.
2026-07-21 17:08:07 [HikariPool-1:housekeeper] WARN  com.zaxxer.hikari.pool.PoolBase - HikariPool-1 - Failed to validate connection com.mysql.cj.jdbc.ConnectionImpl@d83aab3 (No operations allowed after connection closed.). Possibly consider using a shorter maxLifetime value.
2026-07-21 17:08:11 [HikariPool-1:housekeeper] WARN  com.zaxxer.hikari.pool.PoolBase - HikariPool-1 - Failed to validate connection com.mysql.cj.jdbc.ConnectionImpl@6f5cabd2 (No operations allowed after connection closed.). Possibly consider using a shorter maxLifetime value.
2026-07-21 17:09:11 [http-nio-8080-exec-5] INFO  c.e.Docgen_Backend.config.JwtFilter - JWT validated successfully for userId=6a311365ec2c34f3d9e4f06e
2026-07-21 17:09:11 [http-nio-8080-exec-5] INFO  c.e.D.controller.UserController - PATCH /api/v2/users/31 - Update request received for employeeId=DSS139
2026-07-21 17:09:11 [http-nio-8080-exec-5] DEBUG c.e.D.controller.UserController - Update payload: CreateProfileRequest(employeeName=Sakshi Sunilrao Yeole, email=prathamesh69bhavsar@gmail.com, mobileNo=8007454299, employeeId=DSS139, joiningDesignation=Support Analyst, currentDesignation=Support Analyst, department=IT, currentAddress=N-42,VD-1/3/1,Sawta Nager,Cidco,Trimurti Chowk, permanentAddress=Pune, Maharashtra, accountNo=754501500080, bankName=ICICI Bank, joiningCTC=400008.0, currentCTC=400008.0, dateOfBirth=1995-10-05, offerDate=2023-08-01, joiningDate=2023-08-07, panNo=ASAPY2454L, company=DSS, pfType=WITH_PF, identity=MR, documents=[SALARY_SLIP, OFFER_LETTER, EXPERIENCE_LETTER, RELIEVING_LETTER], documentData={OFFER_LETTER={issueDate=2023-08-01, probationPeriod=3}, EXPERIENCE_LETTER={relievingDate=2024-10-25, issueDate=2024-10-25}, RELIEVING_LETTER={relievingDate=2024-10-25, issueDate=2024-10-25}, SALARY_SLIP={startMonth=2026-04, endMonth=2026-06, salaryWorkdays={2026-04=30, 2026-05=31, 2026-06=30}}})
2026-07-21 17:09:11 [http-nio-8080-exec-5] INFO  c.e.D.service.impl.UserServiceImpl - Updating user profile | userId=31 | employeeId=DSS139
2026-07-21 17:09:11 [http-nio-8080-exec-5] WARN  com.zaxxer.hikari.pool.PoolBase - HikariPool-1 - Failed to validate connection com.mysql.cj.jdbc.ConnectionImpl@17b1e011 (No operations allowed after connection closed.). Possibly consider using a shorter maxLifetime value.
2026-07-21 17:09:11 [http-nio-8080-exec-5] WARN  com.zaxxer.hikari.pool.PoolBase - HikariPool-1 - Failed to validate connection com.mysql.cj.jdbc.ConnectionImpl@5980ab6a (No operations allowed after connection closed.). Possibly consider using a shorter maxLifetime value.
2026-07-21 17:09:12 [http-nio-8080-exec-5] DEBUG c.e.D.service.impl.UserServiceImpl - Existing user fetched | userId=31 | oldEmployeeId=DSS139
2026-07-21 17:09:12 [http-nio-8080-exec-5] DEBUG c.e.D.service.impl.UserServiceImpl - Updating documents | userId=31
2026-07-21 17:09:13 [http-nio-8080-exec-5] INFO  c.e.D.service.impl.UserServiceImpl - User profile updated successfully | userId=31 | timeTaken=1118ms
2026-07-21 17:09:13 [http-nio-8080-exec-5] INFO  c.e.D.controller.UserController - Profile updated successfully for userId=31, employeeId=DSS139
2026-07-21 17:10:52 [HikariPool-1:housekeeper] WARN  com.zaxxer.hikari.pool.PoolBase - HikariPool-1 - Failed to validate connection com.mysql.cj.jdbc.ConnectionImpl@48528f9c (No operations allowed after connection closed.). Possibly consider using a shorter maxLifetime value.
2026-07-21 17:10:55 [HikariPool-1:housekeeper] WARN  com.zaxxer.hikari.pool.PoolBase - HikariPool-1 - Failed to validate connection com.mysql.cj.jdbc.ConnectionImpl@529c50ec (No operations allowed after connection closed.). Possibly consider using a shorter maxLifetime value.
2026-07-21 17:11:00 [HikariPool-1:housekeeper] WARN  com.zaxxer.hikari.pool.PoolBase - HikariPool-1 - Failed to validate connection com.mysql.cj.jdbc.ConnectionImpl@22ef295 (No operations allowed after connection closed.). Possibly consider using a shorter maxLifetime value.
2026-07-21 17:12:42 [HikariPool-1:housekeeper] WARN  com.zaxxer.hikari.pool.PoolBase - HikariPool-1 - Failed to validate connection com.mysql.cj.jdbc.ConnectionImpl@5edcb323 (No operations allowed after connection closed.). Possibly consider using a shorter maxLifetime value.
2026-07-21 17:12:44 [HikariPool-1:housekeeper] WARN  com.zaxxer.hikari.pool.PoolBase - HikariPool-1 - Failed to validate connection com.mysql.cj.jdbc.ConnectionImpl@1508d95d (No operations allowed after connection closed.). Possibly consider using a shorter maxLifetime value.
2026-07-21 17:14:38 [HikariPool-1:housekeeper] WARN  com.zaxxer.hikari.pool.PoolBase - HikariPool-1 - Failed to validate connection com.mysql.cj.jdbc.ConnectionImpl@60c72b33 (No operations allowed after connection closed.). Possibly consider using a shorter maxLifetime value.
2026-07-21 17:14:40 [HikariPool-1:housekeeper] WARN  com.zaxxer.hikari.pool.PoolBase - HikariPool-1 - Failed to validate connection com.mysql.cj.jdbc.ConnectionImpl@61918ebf (No operations allowed after connection closed.). Possibly consider using a shorter maxLifetime value.
2026-07-21 17:16:30 [HikariPool-1:housekeeper] WARN  com.zaxxer.hikari.pool.PoolBase - HikariPool-1 - Failed to validate connection com.mysql.cj.jdbc.ConnectionImpl@328061e1 (No operations allowed after connection closed.). Possibly consider using a shorter maxLifetime value.
2026-07-21 17:16:31 [HikariPool-1:housekeeper] WARN  com.zaxxer.hikari.pool.PoolBase - HikariPool-1 - Failed to validate connection com.mysql.cj.jdbc.ConnectionImpl@7ea6e22b (No operations allowed after connection closed.). Possibly consider using a shorter maxLifetime value.
2026-07-21 17:18:15 [HikariPool-1:housekeeper] WARN  com.zaxxer.hikari.pool.PoolBase - HikariPool-1 - Failed to validate connection com.mysql.cj.jdbc.ConnectionImpl@132f6f36 (No operations allowed after connection closed.). Possibly consider using a shorter maxLifetime value.
2026-07-21 17:18:27 [HikariPool-1:housekeeper] WARN  com.zaxxer.hikari.pool.PoolBase - HikariPool-1 - Failed to validate connection com.mysql.cj.jdbc.ConnectionImpl@73d6db7a (No operations allowed after connection closed.). Possibly consider using a shorter maxLifetime value.
2026-07-21 17:19:24 [http-nio-8080-exec-8] INFO  c.e.Docgen_Backend.config.JwtFilter - JWT validated successfully for userId=6a311365ec2c34f3d9e4f06e
2026-07-21 17:19:24 [http-nio-8080-exec-8] INFO  c.e.D.controller.UserController - POST /api/v2/users/create-profile - Request received for employeeId=null
2026-07-21 17:19:24 [http-nio-8080-exec-8] DEBUG c.e.D.controller.UserController - Full request payload: CreateProfileRequest(employeeName=Prashant Kiran Yadav, email=yprashantkiran@gmail.com, mobileNo=8446861516, employeeId=null, joiningDesignation=Jr. Software Test Engineer, currentDesignation=Software Test Engineer, department=IT, currentAddress= Plot no. 11,Gat no. 389,Dhumal mala, near theur phata, Kunjirwadi, Pune -412201, permanentAddress= Plot no. 11,Gat no. 389,Dhumal mala, near theur phata, Kunjirwadi, Pune -412201, accountNo=369201504327, bankName=ICICI Bank, joiningCTC=366000.0, currentCTC=547000.0, dateOfBirth=1988-06-10, offerDate=2022-08-03, joiningDate=2022-09-06, panNo=AFLPY4911L, company=PSCS, pfType=WITHOUT_PF, identity=MR, documents=[SALARY_SLIP, OFFER_LETTER, INCREMENT_LETTER], documentData={OFFER_LETTER={issueDate=2022-08-03, probationPeriod=3}, INCREMENT_LETTER={issueDate=2025-04-01}, SALARY_SLIP={startMonth=2026-04, endMonth=2026-06, salaryWorkdays={2026-04=30, 2026-05=31, 2026-06=30}}})
2026-07-21 17:19:24 [http-nio-8080-exec-8] WARN  com.zaxxer.hikari.pool.PoolBase - HikariPool-1 - Failed to validate connection com.mysql.cj.jdbc.ConnectionImpl@1342cbda (No operations allowed after connection closed.). Possibly consider using a shorter maxLifetime value.
2026-07-21 17:19:24 [http-nio-8080-exec-8] WARN  com.zaxxer.hikari.pool.PoolBase - HikariPool-1 - Failed to validate connection com.mysql.cj.jdbc.ConnectionImpl@f47ab99 (No operations allowed after connection closed.). Possibly consider using a shorter maxLifetime value.
2026-07-21 17:19:24 [http-nio-8080-exec-8] INFO  c.e.D.service.impl.UserServiceImpl - Generated employeeId=PSCS001 for company=PSCS
2026-07-21 17:19:24 [http-nio-8080-exec-8] INFO  c.e.D.service.impl.UserServiceImpl - User profile created successfully for employeeId=PSCS001
2026-07-21 17:19:24 [http-nio-8080-exec-8] INFO  c.e.D.controller.UserController - Profile created successfully for employeeId=PSCS001
2026-07-21 17:21:01 [HikariPool-1:housekeeper] WARN  com.zaxxer.hikari.pool.PoolBase - HikariPool-1 - Failed to validate connection com.mysql.cj.jdbc.ConnectionImpl@5216462d (No operations allowed after connection closed.). Possibly consider using a shorter maxLifetime value.
2026-07-21 17:21:06 [HikariPool-1:housekeeper] WARN  com.zaxxer.hikari.pool.PoolBase - HikariPool-1 - Failed to validate connection com.mysql.cj.jdbc.ConnectionImpl@39bf4908 (No operations allowed after connection closed.). Possibly consider using a shorter maxLifetime value.
2026-07-21 17:21:21 [HikariPool-1:housekeeper] WARN  com.zaxxer.hikari.pool.PoolBase - HikariPool-1 - Failed to validate connection com.mysql.cj.jdbc.ConnectionImpl@452f62fe (No operations allowed after connection closed.). Possibly consider using a shorter maxLifetime value.
2026-07-21 17:23:02 [HikariPool-1:housekeeper] WARN  com.zaxxer.hikari.pool.PoolBase - HikariPool-1 - Failed to validate connection com.mysql.cj.jdbc.ConnectionImpl@635effea (No operations allowed after connection closed.). Possibly consider using a shorter maxLifetime value.
2026-07-21 17:23:04 [HikariPool-1:housekeeper] WARN  com.zaxxer.hikari.pool.PoolBase - HikariPool-1 - Failed to validate connection com.mysql.cj.jdbc.ConnectionImpl@1eeca3f1 (No operations allowed after connection closed.). Possibly consider using a shorter maxLifetime value.
2026-07-21 17:24:49 [HikariPool-1:housekeeper] WARN  com.zaxxer.hikari.pool.PoolBase - HikariPool-1 - Failed to validate connection com.mysql.cj.jdbc.ConnectionImpl@78f8f1d7 (No operations allowed after connection closed.). Possibly consider using a shorter maxLifetime value.
2026-07-21 17:24:55 [HikariPool-1:housekeeper] WARN  com.zaxxer.hikari.pool.PoolBase - HikariPool-1 - Failed to validate connection com.mysql.cj.jdbc.ConnectionImpl@1c3b6699 (No operations allowed after connection closed.). Possibly consider using a shorter maxLifetime value.
2026-07-21 17:26:40 [HikariPool-1:housekeeper] WARN  com.zaxxer.hikari.pool.PoolBase - HikariPool-1 - Failed to validate connection com.mysql.cj.jdbc.ConnectionImpl@58fa8eac (No operations allowed after connection closed.). Possibly consider using a shorter maxLifetime value.
2026-07-21 17:26:43 [HikariPool-1:housekeeper] WARN  com.zaxxer.hikari.pool.PoolBase - HikariPool-1 - Failed to validate connection com.mysql.cj.jdbc.ConnectionImpl@1cf86ee7 (No operations allowed after connection closed.). Possibly consider using a shorter maxLifetime value.
2026-07-21 17:28:27 [HikariPool-1:housekeeper] WARN  com.zaxxer.hikari.pool.PoolBase - HikariPool-1 - Failed to validate connection com.mysql.cj.jdbc.ConnectionImpl@665fbd21 (No operations allowed after connection closed.). Possibly consider using a shorter maxLifetime value.
2026-07-21 17:28:33 [http-nio-8080-exec-2] INFO  c.e.Docgen_Backend.config.JwtFilter - JWT validated successfully for userId=6a311365ec2c34f3d9e4f06e
2026-07-21 17:28:33 [http-nio-8080-exec-2] INFO  c.e.D.controller.UserController - GET /api/v2/users - Fetch all users request received | page=0, size=8, sortBy=id, direction=desc
2026-07-21 17:28:33 [http-nio-8080-exec-2] WARN  com.zaxxer.hikari.pool.PoolBase - HikariPool-1 - Failed to validate connection com.mysql.cj.jdbc.ConnectionImpl@18f813bc (No operations allowed after connection closed.). Possibly consider using a shorter maxLifetime value.
2026-07-21 17:28:36 [http-nio-8080-exec-2] INFO  c.e.D.controller.UserController - Fetched 8 users on page 0 of 3
2026-07-21 17:28:37 [http-nio-8080-exec-2] INFO  c.e.Docgen_Backend.config.JwtFilter - JWT validated successfully for userId=6a311365ec2c34f3d9e4f06e
2026-07-21 17:28:37 [http-nio-8080-exec-2] INFO  c.e.D.controller.UserController - GET /api/v2/users - Fetch all users request received | page=0, size=8, sortBy=id, direction=desc
2026-07-21 17:28:38 [http-nio-8080-exec-6] INFO  c.e.Docgen_Backend.config.JwtFilter - JWT validated successfully for userId=6a311365ec2c34f3d9e4f06e
2026-07-21 17:28:38 [http-nio-8080-exec-6] INFO  c.e.D.controller.UserController - GET /api/v2/users/32 - Fetch request received
2026-07-21 17:28:38 [http-nio-8080-exec-6] INFO  c.e.D.service.impl.UserServiceImpl - Fetching user profile for edit | userId=32
2026-07-21 17:28:38 [http-nio-8080-exec-6] DEBUG c.e.D.service.impl.UserServiceImpl - User found | userId=32 | employeeId=PSCS836
2026-07-21 17:28:38 [http-nio-8080-exec-6] INFO  c.e.D.service.impl.UserServiceImpl - User profile fetched successfully | userId=32 | timeTaken=363ms
2026-07-21 17:28:38 [http-nio-8080-exec-6] INFO  c.e.D.controller.UserController - Profile fetched successfully for userId=32
2026-07-21 17:28:38 [http-nio-8080-exec-6] DEBUG c.e.D.controller.UserController - Fetched profile data: UserProfileResponseDTO(id=32, employeeName=Prashant Kiran Yadav, employeeId=PSCS836, email=yprashantkiran@gmail.com, mobileNo=8446861516, joiningDesignation=Jr. Software Test Engineer, currentDesignation=Software Test Engineer, department=IT, company=PSCS, identity=MR, pfType=WITHOUT_PF, accountNo=369201504327, bankName=ICICI Bank, currentAddress= Plot no. 11,Gat no. 389,Dhumal mala, near theur phata, Kunjirwadi, Pune -412201, permanentAddress= Plot no. 11,Gat no. 389,Dhumal mala, near theur phata, Kunjirwadi, Pune -412201, joiningCTC=366000.0, currentCTC=547000.0, dateOfBirth=1988-06-10, offerDate=2022-08-03, joiningDate=2022-09-06, panNo=AFLPY4911L, documents={APPOINTMENT_LETTER=DocumentResponseDTO(generated=false, data=null), INTERNSHIP_LETTER=DocumentResponseDTO(generated=false, data=null), EXPERIENCE_LETTER=DocumentResponseDTO(generated=false, data=null), FULL_AND_FINAL=DocumentResponseDTO(generated=false, data=null), CONFIRMATION_LETTER=DocumentResponseDTO(generated=false, data=null), INCREMENT_LETTER=DocumentResponseDTO(generated=true, data={issueDate=2025-04-01}), RELIEVING_LETTER=DocumentResponseDTO(generated=false, data=null), SALARY_SLIP=DocumentResponseDTO(generated=true, data={startMonth=2026-04, endMonth=2026-06}), COMPLETION_LETTER=DocumentResponseDTO(generated=false, data=null), OFFER_LETTER=DocumentResponseDTO(generated=true, data={issueDate=2022-08-03, probationPeriod=3})})
2026-07-21 17:28:38 [http-nio-8080-exec-6] INFO  c.e.Docgen_Backend.config.JwtFilter - JWT validated successfully for userId=6a311365ec2c34f3d9e4f06e
2026-07-21 17:28:38 [http-nio-8080-exec-6] INFO  c.e.D.controller.UserController - GET /api/v2/users/32 - Fetch request received
2026-07-21 17:28:38 [http-nio-8080-exec-6] INFO  c.e.D.service.impl.UserServiceImpl - Fetching user profile for edit | userId=32
2026-07-21 17:28:39 [http-nio-8080-exec-6] DEBUG c.e.D.service.impl.UserServiceImpl - User found | userId=32 | employeeId=PSCS836
2026-07-21 17:28:39 [http-nio-8080-exec-6] INFO  c.e.D.service.impl.UserServiceImpl - User profile fetched successfully | userId=32 | timeTaken=374ms
2026-07-21 17:28:39 [http-nio-8080-exec-6] INFO  c.e.D.controller.UserController - Profile fetched successfully for userId=32
2026-07-21 17:28:39 [http-nio-8080-exec-6] DEBUG c.e.D.controller.UserController - Fetched profile data: UserProfileResponseDTO(id=32, employeeName=Prashant Kiran Yadav, employeeId=PSCS836, email=yprashantkiran@gmail.com, mobileNo=8446861516, joiningDesignation=Jr. Software Test Engineer, currentDesignation=Software Test Engineer, department=IT, company=PSCS, identity=MR, pfType=WITHOUT_PF, accountNo=369201504327, bankName=ICICI Bank, currentAddress= Plot no. 11,Gat no. 389,Dhumal mala, near theur phata, Kunjirwadi, Pune -412201, permanentAddress= Plot no. 11,Gat no. 389,Dhumal mala, near theur phata, Kunjirwadi, Pune -412201, joiningCTC=366000.0, currentCTC=547000.0, dateOfBirth=1988-06-10, offerDate=2022-08-03, joiningDate=2022-09-06, panNo=AFLPY4911L, documents={APPOINTMENT_LETTER=DocumentResponseDTO(generated=false, data=null), INTERNSHIP_LETTER=DocumentResponseDTO(generated=false, data=null), EXPERIENCE_LETTER=DocumentResponseDTO(generated=false, data=null), FULL_AND_FINAL=DocumentResponseDTO(generated=false, data=null), CONFIRMATION_LETTER=DocumentResponseDTO(generated=false, data=null), INCREMENT_LETTER=DocumentResponseDTO(generated=true, data={issueDate=2025-04-01}), RELIEVING_LETTER=DocumentResponseDTO(generated=false, data=null), SALARY_SLIP=DocumentResponseDTO(generated=true, data={startMonth=2026-04, endMonth=2026-06}), COMPLETION_LETTER=DocumentResponseDTO(generated=false, data=null), OFFER_LETTER=DocumentResponseDTO(generated=true, data={issueDate=2022-08-03, probationPeriod=3})})
2026-07-21 17:28:39 [http-nio-8080-exec-2] INFO  c.e.D.controller.UserController - Fetched 8 users on page 0 of 3
2026-07-21 17:28:54 [http-nio-8080-exec-9] INFO  c.e.Docgen_Backend.config.JwtFilter - JWT validated successfully for userId=6a311365ec2c34f3d9e4f06e
2026-07-21 17:28:54 [http-nio-8080-exec-9] INFO  c.e.D.controller.UserController - PATCH /api/v2/users/32 - Update request received for employeeId=PSCS836
2026-07-21 17:28:54 [http-nio-8080-exec-9] DEBUG c.e.D.controller.UserController - Update payload: CreateProfileRequest(employeeName=Prashant Kiran Yadav, email=yprashantkiran@gmail.com, mobileNo=8446861516, employeeId=PSCS836, joiningDesignation=Jr. Software Test Engineer, currentDesignation=Software Test Engineer, department=IT, currentAddress= Plot no. 11,Gat no. 389,Dhumal mala, near theur phata, Kunjirwadi, Pune -412201, permanentAddress= Plot no. 11,Gat no. 389,Dhumal mala, near theur phata, Kunjirwadi, Pune -412201, accountNo=369201504327, bankName=ICICI Bank, joiningCTC=366000.0, currentCTC=547000.0, dateOfBirth=1988-06-10, offerDate=2022-08-03, joiningDate=2022-09-06, panNo=AFLPY4911L, company=PSCS, pfType=WITHOUT_PF, identity=MR, documents=[INCREMENT_LETTER, SALARY_SLIP, OFFER_LETTER], documentData={OFFER_LETTER={issueDate=2022-08-03, probationPeriod=3}, INCREMENT_LETTER={issueDate=2025-04-01}, SALARY_SLIP={startMonth=2026-04, endMonth=2026-06, salaryWorkdays={2026-04=30, 2026-05=31, 2026-06=30}}})
2026-07-21 17:28:54 [http-nio-8080-exec-9] INFO  c.e.D.service.impl.UserServiceImpl - Updating user profile | userId=32 | employeeId=PSCS836
2026-07-21 17:28:54 [http-nio-8080-exec-9] DEBUG c.e.D.service.impl.UserServiceImpl - Existing user fetched | userId=32 | oldEmployeeId=PSCS836
2026-07-21 17:28:54 [http-nio-8080-exec-9] DEBUG c.e.D.service.impl.UserServiceImpl - Updating documents | userId=32
2026-07-21 17:28:54 [http-nio-8080-exec-9] INFO  c.e.D.service.impl.UserServiceImpl - User profile updated successfully | userId=32 | timeTaken=735ms
2026-07-21 17:28:54 [http-nio-8080-exec-9] INFO  c.e.D.controller.UserController - Profile updated successfully for userId=32, employeeId=PSCS836
2026-07-21 17:29:20 [http-nio-8080-exec-10] INFO  c.e.Docgen_Backend.config.JwtFilter - JWT validated successfully for userId=6a311365ec2c34f3d9e4f06e
2026-07-21 17:29:20 [http-nio-8080-exec-10] INFO  c.e.D.controller.UserController - PATCH /api/v2/users/32 - Update request received for employeeId=PSCS836
2026-07-21 17:29:20 [http-nio-8080-exec-10] DEBUG c.e.D.controller.UserController - Update payload: CreateProfileRequest(employeeName=Prashant Kiran Yadav, email=yprashantkiran@gmail.com, mobileNo=8446861516, employeeId=PSCS836, joiningDesignation=Jr. Software Test Engineer, currentDesignation=Software Test Engineer, department=IT, currentAddress= Plot no. 11,Gat no. 389,Dhumal mala, near theur phata, Kunjirwadi, Pune -412201, permanentAddress= Plot no. 11,Gat no. 389,Dhumal mala, near theur phata, Kunjirwadi, Pune -412201, accountNo=369201504327, bankName=ICICI Bank, joiningCTC=366000.0, currentCTC=547000.0, dateOfBirth=1988-06-10, offerDate=2022-08-03, joiningDate=2022-09-06, panNo=AFLPY4911L, company=PSCS, pfType=WITHOUT_PF, identity=MR, documents=[INCREMENT_LETTER, SALARY_SLIP, OFFER_LETTER], documentData={OFFER_LETTER={issueDate=2022-08-03, probationPeriod=3}, INCREMENT_LETTER={issueDate=2025-04-01}, SALARY_SLIP={startMonth=2026-04, endMonth=2026-06, salaryWorkdays={2026-04=30, 2026-05=31, 2026-06=30}}})
2026-07-21 17:29:20 [http-nio-8080-exec-10] INFO  c.e.D.service.impl.UserServiceImpl - Updating user profile | userId=32 | employeeId=PSCS836
2026-07-21 17:29:20 [http-nio-8080-exec-10] WARN  com.zaxxer.hikari.pool.PoolBase - HikariPool-1 - Failed to validate connection com.mysql.cj.jdbc.ConnectionImpl@1ff71c18 (No operations allowed after connection closed.). Possibly consider using a shorter maxLifetime value.
2026-07-21 17:29:20 [http-nio-8080-exec-10] WARN  com.zaxxer.hikari.pool.PoolBase - HikariPool-1 - Failed to validate connection com.mysql.cj.jdbc.ConnectionImpl@f9688a9 (No operations allowed after connection closed.). Possibly consider using a shorter maxLifetime value.
2026-07-21 17:29:20 [http-nio-8080-exec-10] WARN  com.zaxxer.hikari.pool.PoolBase - HikariPool-1 - Failed to validate connection com.mysql.cj.jdbc.ConnectionImpl@446e4aed (No operations allowed after connection closed.). Possibly consider using a shorter maxLifetime value.
2026-07-21 17:29:21 [http-nio-8080-exec-10] DEBUG c.e.D.service.impl.UserServiceImpl - Existing user fetched | userId=32 | oldEmployeeId=PSCS836
2026-07-21 17:29:21 [http-nio-8080-exec-10] DEBUG c.e.D.service.impl.UserServiceImpl - Updating documents | userId=32
2026-07-21 17:29:21 [http-nio-8080-exec-10] INFO  c.e.D.service.impl.UserServiceImpl - User profile updated successfully | userId=32 | timeTaken=512ms
2026-07-21 17:29:21 [http-nio-8080-exec-10] INFO  c.e.D.controller.UserController - Profile updated successfully for userId=32, employeeId=PSCS836
2026-07-21 17:29:50 [http-nio-8080-exec-7] INFO  c.e.Docgen_Backend.config.JwtFilter - JWT validated successfully for userId=6a311365ec2c34f3d9e4f06e
2026-07-21 17:29:50 [http-nio-8080-exec-7] INFO  c.e.D.controller.UserController - PATCH /api/v2/users/32 - Update request received for employeeId=PSCS836
2026-07-21 17:29:50 [http-nio-8080-exec-7] DEBUG c.e.D.controller.UserController - Update payload: CreateProfileRequest(employeeName=Prashant Kiran Yadav, email=yprashantkiran@gmail.com, mobileNo=8446861516, employeeId=PSCS836, joiningDesignation=Jr. Software Test Engineer, currentDesignation=Software Test Engineer, department=IT, currentAddress= Plot no. 11,Gat no. 389,Dhumal mala, near theur phata, Kunjirwadi, Pune -412201, permanentAddress= Plot no. 11,Gat no. 389,Dhumal mala, near theur phata, Kunjirwadi, Pune -412201, accountNo=369201504327, bankName=ICICI Bank, joiningCTC=366000.0, currentCTC=547000.0, dateOfBirth=1988-06-10, offerDate=2022-08-03, joiningDate=2022-09-06, panNo=AFLPY4911L, company=PSCS, pfType=WITHOUT_PF, identity=MR, documents=[INCREMENT_LETTER, SALARY_SLIP, OFFER_LETTER], documentData={OFFER_LETTER={issueDate=2022-08-03, probationPeriod=3}, INCREMENT_LETTER={issueDate=2025-04-01}, SALARY_SLIP={startMonth=2026-04, endMonth=2026-06, salaryWorkdays={2026-04=30, 2026-05=31, 2026-06=30}}})
2026-07-21 17:29:50 [http-nio-8080-exec-7] INFO  c.e.D.service.impl.UserServiceImpl - Updating user profile | userId=32 | employeeId=PSCS836
2026-07-21 17:29:50 [http-nio-8080-exec-7] WARN  com.zaxxer.hikari.pool.PoolBase - HikariPool-1 - Failed to validate connection com.mysql.cj.jdbc.ConnectionImpl@670d6adc (No operations allowed after connection closed.). Possibly consider using a shorter maxLifetime value.
2026-07-21 17:29:50 [http-nio-8080-exec-7] WARN  com.zaxxer.hikari.pool.PoolBase - HikariPool-1 - Failed to validate connection com.mysql.cj.jdbc.ConnectionImpl@221b0ac1 (No operations allowed after connection closed.). Possibly consider using a shorter maxLifetime value.
2026-07-21 17:29:50 [http-nio-8080-exec-7] WARN  com.zaxxer.hikari.pool.PoolBase - HikariPool-1 - Failed to validate connection com.mysql.cj.jdbc.ConnectionImpl@3582d3d2 (No operations allowed after connection closed.). Possibly consider using a shorter maxLifetime value.
2026-07-21 17:29:51 [http-nio-8080-exec-7] DEBUG c.e.D.service.impl.UserServiceImpl - Existing user fetched | userId=32 | oldEmployeeId=PSCS836
2026-07-21 17:29:51 [http-nio-8080-exec-7] DEBUG c.e.D.service.impl.UserServiceImpl - Updating documents | userId=32
2026-07-21 17:29:51 [http-nio-8080-exec-7] INFO  c.e.D.service.impl.UserServiceImpl - User profile updated successfully | userId=32 | timeTaken=605ms
2026-07-21 17:29:51 [http-nio-8080-exec-7] INFO  c.e.D.controller.UserController - Profile updated successfully for userId=32, employeeId=PSCS836
2026-07-21 17:30:01 [http-nio-8080-exec-2] INFO  c.e.Docgen_Backend.config.JwtFilter - JWT validated successfully for userId=6a311365ec2c34f3d9e4f06e
2026-07-21 17:30:01 [http-nio-8080-exec-2] INFO  c.e.D.controller.UserController - PATCH /api/v2/users/32 - Update request received for employeeId=PSCS836
2026-07-21 17:30:01 [http-nio-8080-exec-2] DEBUG c.e.D.controller.UserController - Update payload: CreateProfileRequest(employeeName=Prashant Kiran Yadav, email=yprashantkiran@gmail.com, mobileNo=8446861516, employeeId=PSCS836, joiningDesignation=Jr. Software Test Engineer, currentDesignation=Software Test Engineer, department=IT, currentAddress= Plot no. 11,Gat no. 389,Dhumal mala, near theur phata, Kunjirwadi, Pune -412201, permanentAddress= Plot no. 11,Gat no. 389,Dhumal mala, near theur phata, Kunjirwadi, Pune -412201, accountNo=369201504327, bankName=ICICI Bank, joiningCTC=366000.0, currentCTC=547000.0, dateOfBirth=1988-06-10, offerDate=2022-08-03, joiningDate=2022-09-06, panNo=AFLPY4911L, company=PSCS, pfType=WITHOUT_PF, identity=MR, documents=[INCREMENT_LETTER, SALARY_SLIP, OFFER_LETTER], documentData={OFFER_LETTER={issueDate=2022-08-03, probationPeriod=3}, INCREMENT_LETTER={issueDate=2025-04-01}, SALARY_SLIP={startMonth=2026-04, endMonth=2026-06, salaryWorkdays={2026-04=30, 2026-05=31, 2026-06=30}}})
2026-07-21 17:30:01 [http-nio-8080-exec-2] INFO  c.e.D.service.impl.UserServiceImpl - Updating user profile | userId=32 | employeeId=PSCS836
2026-07-21 17:30:03 [http-nio-8080-exec-2] DEBUG c.e.D.service.impl.UserServiceImpl - Existing user fetched | userId=32 | oldEmployeeId=PSCS836
2026-07-21 17:30:03 [http-nio-8080-exec-2] DEBUG c.e.D.service.impl.UserServiceImpl - Updating documents | userId=32
2026-07-21 17:30:03 [http-nio-8080-exec-2] INFO  c.e.D.service.impl.UserServiceImpl - User profile updated successfully | userId=32 | timeTaken=2427ms
2026-07-21 17:30:03 [http-nio-8080-exec-2] INFO  c.e.D.controller.UserController - Profile updated successfully for userId=32, employeeId=PSCS836
2026-07-21 17:31:34 [HikariPool-1:housekeeper] WARN  com.zaxxer.hikari.pool.PoolBase - HikariPool-1 - Failed to validate connection com.mysql.cj.jdbc.ConnectionImpl@3794ac21 (No operations allowed after connection closed.). Possibly consider using a shorter maxLifetime value.
2026-07-21 17:31:36 [HikariPool-1:housekeeper] WARN  com.zaxxer.hikari.pool.PoolBase - HikariPool-1 - Failed to validate connection com.mysql.cj.jdbc.ConnectionImpl@73697dfe (No operations allowed after connection closed.). Possibly consider using a shorter maxLifetime value.
2026-07-21 17:31:50 [HikariPool-1:housekeeper] WARN  com.zaxxer.hikari.pool.PoolBase - HikariPool-1 - Failed to validate connection com.mysql.cj.jdbc.ConnectionImpl@7fbc2aab (No operations allowed after connection closed.). Possibly consider using a shorter maxLifetime value.
2026-07-21 17:33:14 [HikariPool-1:housekeeper] WARN  com.zaxxer.hikari.pool.PoolBase - HikariPool-1 - Failed to validate connection com.mysql.cj.jdbc.ConnectionImpl@264fd563 (No operations allowed after connection closed.). Possibly consider using a shorter maxLifetime value.
2026-07-21 17:33:33 [HikariPool-1:housekeeper] WARN  com.zaxxer.hikari.pool.PoolBase - HikariPool-1 - Failed to validate connection com.mysql.cj.jdbc.ConnectionImpl@8652ce (No operations allowed after connection closed.). Possibly consider using a shorter maxLifetime value.
2026-07-21 17:34:53 [HikariPool-1:housekeeper] WARN  com.zaxxer.hikari.pool.PoolBase - HikariPool-1 - Failed to validate connection com.mysql.cj.jdbc.ConnectionImpl@6e713cdc (No operations allowed after connection closed.). Possibly consider using a shorter maxLifetime value.
2026-07-21 17:35:11 [HikariPool-1:housekeeper] WARN  com.zaxxer.hikari.pool.PoolBase - HikariPool-1 - Failed to validate connection com.mysql.cj.jdbc.ConnectionImpl@4c64b9ed (No operations allowed after connection closed.). Possibly consider using a shorter maxLifetime value.
2026-07-21 17:36:32 [HikariPool-1:housekeeper] WARN  com.zaxxer.hikari.pool.PoolBase - HikariPool-1 - Failed to validate connection com.mysql.cj.jdbc.ConnectionImpl@751ae2cc (No operations allowed after connection closed.). Possibly consider using a shorter maxLifetime value.
2026-07-21 17:37:04 [HikariPool-1:housekeeper] WARN  com.zaxxer.hikari.pool.PoolBase - HikariPool-1 - Failed to validate connection com.mysql.cj.jdbc.ConnectionImpl@56f23d30 (No operations allowed after connection closed.). Possibly consider using a shorter maxLifetime value.
2026-07-21 17:38:14 [HikariPool-1:housekeeper] WARN  com.zaxxer.hikari.pool.PoolBase - HikariPool-1 - Failed to validate connection com.mysql.cj.jdbc.ConnectionImpl@332daea2 (No operations allowed after connection closed.). Possibly consider using a shorter maxLifetime value.
2026-07-21 17:38:57 [HikariPool-1:housekeeper] WARN  com.zaxxer.hikari.pool.PoolBase - HikariPool-1 - Failed to validate connection com.mysql.cj.jdbc.ConnectionImpl@497b38e4 (No operations allowed after connection closed.). Possibly consider using a shorter maxLifetime value.
2026-07-21 17:40:10 [HikariPool-1:housekeeper] WARN  com.zaxxer.hikari.pool.PoolBase - HikariPool-1 - Failed to validate connection com.mysql.cj.jdbc.ConnectionImpl@1f6088f5 (No operations allowed after connection closed.). Possibly consider using a shorter maxLifetime value.
2026-07-21 17:40:26 [http-nio-8080-exec-1] INFO  c.e.Docgen_Backend.config.JwtFilter - JWT validated successfully for userId=6a311365ec2c34f3d9e4f06e
2026-07-21 17:40:26 [http-nio-8080-exec-1] INFO  c.e.D.controller.UserController - PATCH /api/v2/users/32 - Update request received for employeeId=PSCS836
2026-07-21 17:40:26 [http-nio-8080-exec-1] DEBUG c.e.D.controller.UserController - Update payload: CreateProfileRequest(employeeName=Prashant Kiran Yadav, email=yprashantkiran@gmail.com, mobileNo=8446861516, employeeId=PSCS836, joiningDesignation=Jr. Software Test Engineer, currentDesignation=Software Test Engineer, department=IT, currentAddress=Dhumal mala, near theur phata, Kunjirwadi, Pune -412201, permanentAddress=Dhumal mala, near theur phata, Kunjirwadi, Pune -412201, accountNo=369201504327, bankName=ICICI Bank, joiningCTC=366000.0, currentCTC=547000.0, dateOfBirth=1988-06-10, offerDate=2022-08-03, joiningDate=2022-09-06, panNo=AFLPY4911L, company=PSCS, pfType=WITHOUT_PF, identity=MR, documents=[INCREMENT_LETTER, SALARY_SLIP, OFFER_LETTER], documentData={OFFER_LETTER={issueDate=2022-08-03, probationPeriod=3}, INCREMENT_LETTER={issueDate=2025-04-01}, SALARY_SLIP={startMonth=2026-04, endMonth=2026-06, salaryWorkdays={2026-04=30, 2026-05=31, 2026-06=30}}})
2026-07-21 17:40:26 [http-nio-8080-exec-1] INFO  c.e.D.service.impl.UserServiceImpl - Updating user profile | userId=32 | employeeId=PSCS836
2026-07-21 17:40:26 [http-nio-8080-exec-1] WARN  com.zaxxer.hikari.pool.PoolBase - HikariPool-1 - Failed to validate connection com.mysql.cj.jdbc.ConnectionImpl@74114373 (No operations allowed after connection closed.). Possibly consider using a shorter maxLifetime value.
2026-07-21 17:40:26 [http-nio-8080-exec-1] DEBUG c.e.D.service.impl.UserServiceImpl - Existing user fetched | userId=32 | oldEmployeeId=PSCS836
2026-07-21 17:40:26 [http-nio-8080-exec-1] DEBUG c.e.D.service.impl.UserServiceImpl - Updating documents | userId=32
2026-07-21 17:40:26 [http-nio-8080-exec-1] INFO  c.e.D.service.impl.UserServiceImpl - User profile updated successfully | userId=32 | timeTaken=624ms
2026-07-21 17:40:26 [http-nio-8080-exec-1] INFO  c.e.D.controller.UserController - Profile updated successfully for userId=32, employeeId=PSCS836
2026-07-21 17:42:08 [HikariPool-1:housekeeper] WARN  com.zaxxer.hikari.pool.PoolBase - HikariPool-1 - Failed to validate connection com.mysql.cj.jdbc.ConnectionImpl@3da4070e (No operations allowed after connection closed.). Possibly consider using a shorter maxLifetime value.
2026-07-21 17:42:15 [HikariPool-1:housekeeper] WARN  com.zaxxer.hikari.pool.PoolBase - HikariPool-1 - Failed to validate connection com.mysql.cj.jdbc.ConnectionImpl@54ba1094 (No operations allowed after connection closed.). Possibly consider using a shorter maxLifetime value.
2026-07-21 17:42:17 [HikariPool-1:housekeeper] WARN  com.zaxxer.hikari.pool.PoolBase - HikariPool-1 - Failed to validate connection com.mysql.cj.jdbc.ConnectionImpl@21e9721a (No operations allowed after connection closed.). Possibly consider using a shorter maxLifetime value.
2026-07-21 17:43:46 [http-nio-8080-exec-3] INFO  c.e.Docgen_Backend.config.JwtFilter - JWT validated successfully for userId=6a311365ec2c34f3d9e4f06e
2026-07-21 17:43:46 [http-nio-8080-exec-3] INFO  c.e.D.controller.UserController - PATCH /api/v2/users/32 - Update request received for employeeId=PSCS836
2026-07-21 17:43:46 [http-nio-8080-exec-3] DEBUG c.e.D.controller.UserController - Update payload: CreateProfileRequest(employeeName=Prashant Kiran Yadav, email=yprashantkiran@gmail.com, mobileNo=8446861516, employeeId=PSCS836, joiningDesignation=Jr. Software Test Engineer, currentDesignation=Software Test Engineer, department=IT, currentAddress=Dhumal mala, near theur phata, Kunjirwadi, Pune -412201, permanentAddress=Dhumal mala, near theur phata, Kunjirwadi, Pune -412201, accountNo=369201504327, bankName=ICICI Bank, joiningCTC=366000.0, currentCTC=547179.0, dateOfBirth=1988-06-10, offerDate=2022-08-03, joiningDate=2022-09-06, panNo=AFLPY4911L, company=PSCS, pfType=WITHOUT_PF, identity=MR, documents=[INCREMENT_LETTER, SALARY_SLIP, OFFER_LETTER], documentData={OFFER_LETTER={issueDate=2022-08-03, probationPeriod=3}, INCREMENT_LETTER={issueDate=2025-04-01}, SALARY_SLIP={startMonth=2026-04, endMonth=2026-06, salaryWorkdays={2026-04=30, 2026-05=31, 2026-06=30}}})
2026-07-21 17:43:46 [http-nio-8080-exec-3] INFO  c.e.D.service.impl.UserServiceImpl - Updating user profile | userId=32 | employeeId=PSCS836
2026-07-21 17:43:46 [http-nio-8080-exec-3] WARN  com.zaxxer.hikari.pool.PoolBase - HikariPool-1 - Failed to validate connection com.mysql.cj.jdbc.ConnectionImpl@5bb7073c (No operations allowed after connection closed.). Possibly consider using a shorter maxLifetime value.
2026-07-21 17:43:46 [http-nio-8080-exec-3] WARN  com.zaxxer.hikari.pool.PoolBase - HikariPool-1 - Failed to validate connection com.mysql.cj.jdbc.ConnectionImpl@1e2d379b (No operations allowed after connection closed.). Possibly consider using a shorter maxLifetime value.
2026-07-21 17:43:49 [http-nio-8080-exec-3] DEBUG c.e.D.service.impl.UserServiceImpl - Existing user fetched | userId=32 | oldEmployeeId=PSCS836
2026-07-21 17:43:49 [http-nio-8080-exec-3] DEBUG c.e.D.service.impl.UserServiceImpl - Updating documents | userId=32
2026-07-21 17:43:50 [http-nio-8080-exec-3] INFO  c.e.D.service.impl.UserServiceImpl - User profile updated successfully | userId=32 | timeTaken=3412ms
2026-07-21 17:43:50 [http-nio-8080-exec-3] INFO  c.e.D.controller.UserController - Profile updated successfully for userId=32, employeeId=PSCS836
2026-07-21 17:45:39 [HikariPool-1:housekeeper] WARN  com.zaxxer.hikari.pool.PoolBase - HikariPool-1 - Failed to validate connection com.mysql.cj.jdbc.ConnectionImpl@5e659390 (No operations allowed after connection closed.). Possibly consider using a shorter maxLifetime value.
2026-07-21 17:45:46 [HikariPool-1:housekeeper] WARN  com.zaxxer.hikari.pool.PoolBase - HikariPool-1 - Failed to validate connection com.mysql.cj.jdbc.ConnectionImpl@22b86c33 (No operations allowed after connection closed.). Possibly consider using a shorter maxLifetime value.
2026-07-21 17:47:20 [http-nio-8080-exec-6] INFO  c.e.Docgen_Backend.config.JwtFilter - JWT validated successfully for userId=6a311365ec2c34f3d9e4f06e
2026-07-21 17:47:20 [http-nio-8080-exec-6] INFO  c.e.D.controller.UserController - PATCH /api/v2/users/32 - Update request received for employeeId=PSCS836
2026-07-21 17:47:20 [http-nio-8080-exec-6] DEBUG c.e.D.controller.UserController - Update payload: CreateProfileRequest(employeeName=Prashant Kiran Yadav, email=yprashantkiran@gmail.com, mobileNo=8446861516, employeeId=PSCS836, joiningDesignation=Jr. Software Test Engineer, currentDesignation=Software Test Engineer, department=IT, currentAddress=Dhumal mala, near theur phata, Kunjirwadi, Pune -412201, permanentAddress=Dhumal mala, near theur phata, Kunjirwadi, Pune -412201, accountNo=369201504327, bankName=ICICI Bank, joiningCTC=366000.0, currentCTC=547180.0, dateOfBirth=1988-06-10, offerDate=2022-08-03, joiningDate=2022-09-06, panNo=AFLPY4911L, company=PSCS, pfType=WITHOUT_PF, identity=MR, documents=[INCREMENT_LETTER, SALARY_SLIP, OFFER_LETTER], documentData={OFFER_LETTER={issueDate=2022-08-03, probationPeriod=3}, INCREMENT_LETTER={issueDate=2025-04-01}, SALARY_SLIP={startMonth=2026-04, endMonth=2026-06, salaryWorkdays={2026-04=30, 2026-05=31, 2026-06=30}}})
2026-07-21 17:47:20 [http-nio-8080-exec-6] INFO  c.e.D.service.impl.UserServiceImpl - Updating user profile | userId=32 | employeeId=PSCS836
2026-07-21 17:47:20 [http-nio-8080-exec-6] WARN  com.zaxxer.hikari.pool.PoolBase - HikariPool-1 - Failed to validate connection com.mysql.cj.jdbc.ConnectionImpl@43dd0d5 (No operations allowed after connection closed.). Possibly consider using a shorter maxLifetime value.
2026-07-21 17:47:20 [http-nio-8080-exec-6] WARN  com.zaxxer.hikari.pool.PoolBase - HikariPool-1 - Failed to validate connection com.mysql.cj.jdbc.ConnectionImpl@62cc1d92 (No operations allowed after connection closed.). Possibly consider using a shorter maxLifetime value.
2026-07-21 17:47:21 [http-nio-8080-exec-6] DEBUG c.e.D.service.impl.UserServiceImpl - Existing user fetched | userId=32 | oldEmployeeId=PSCS836
2026-07-21 17:47:21 [http-nio-8080-exec-6] DEBUG c.e.D.service.impl.UserServiceImpl - Updating documents | userId=32
2026-07-21 17:47:21 [http-nio-8080-exec-6] INFO  c.e.D.service.impl.UserServiceImpl - User profile updated successfully | userId=32 | timeTaken=991ms
2026-07-21 17:47:21 [http-nio-8080-exec-6] INFO  c.e.D.controller.UserController - Profile updated successfully for userId=32, employeeId=PSCS836
2026-07-21 17:47:57 [http-nio-8080-exec-8] INFO  c.e.Docgen_Backend.config.JwtFilter - JWT validated successfully for userId=6a311365ec2c34f3d9e4f06e
2026-07-21 17:47:57 [http-nio-8080-exec-8] INFO  c.e.D.controller.UserController - PATCH /api/v2/users/32 - Update request received for employeeId=PSCS836
2026-07-21 17:47:57 [http-nio-8080-exec-8] DEBUG c.e.D.controller.UserController - Update payload: CreateProfileRequest(employeeName=Prashant Kiran Yadav, email=yprashantkiran@gmail.com, mobileNo=8446861516, employeeId=PSCS836, joiningDesignation=Jr. Software Test Engineer, currentDesignation=Software Test Engineer, department=IT, currentAddress=Dhumal mala, near theur phata, Kunjirwadi, Pune -412201, permanentAddress=Dhumal mala, near theur phata, Kunjirwadi, Pune -412201, accountNo=369201504327, bankName=ICICI Bank, joiningCTC=366000.0, currentCTC=547179.0, dateOfBirth=1988-06-10, offerDate=2022-08-03, joiningDate=2022-09-06, panNo=AFLPY4911L, company=PSCS, pfType=WITHOUT_PF, identity=MR, documents=[INCREMENT_LETTER, SALARY_SLIP, OFFER_LETTER], documentData={OFFER_LETTER={issueDate=2022-08-03, probationPeriod=3}, INCREMENT_LETTER={issueDate=2025-04-01}, SALARY_SLIP={startMonth=2026-04, endMonth=2026-06, salaryWorkdays={2026-04=30, 2026-05=31, 2026-06=30}}})
2026-07-21 17:47:57 [http-nio-8080-exec-8] INFO  c.e.D.service.impl.UserServiceImpl - Updating user profile | userId=32 | employeeId=PSCS836
2026-07-21 17:47:57 [http-nio-8080-exec-8] WARN  com.zaxxer.hikari.pool.PoolBase - HikariPool-1 - Failed to validate connection com.mysql.cj.jdbc.ConnectionImpl@c2b641b (No operations allowed after connection closed.). Possibly consider using a shorter maxLifetime value.
2026-07-21 17:47:57 [http-nio-8080-exec-8] WARN  com.zaxxer.hikari.pool.PoolBase - HikariPool-1 - Failed to validate connection com.mysql.cj.jdbc.ConnectionImpl@36388aa2 (No operations allowed after connection closed.). Possibly consider using a shorter maxLifetime value.
2026-07-21 17:47:57 [http-nio-8080-exec-8] WARN  com.zaxxer.hikari.pool.PoolBase - HikariPool-1 - Failed to validate connection com.mysql.cj.jdbc.ConnectionImpl@4fb0b04f (No operations allowed after connection closed.). Possibly consider using a shorter maxLifetime value.
2026-07-21 17:47:58 [http-nio-8080-exec-8] DEBUG c.e.D.service.impl.UserServiceImpl - Existing user fetched | userId=32 | oldEmployeeId=PSCS836
2026-07-21 17:47:58 [http-nio-8080-exec-8] DEBUG c.e.D.service.impl.UserServiceImpl - Updating documents | userId=32
2026-07-21 17:47:58 [http-nio-8080-exec-8] INFO  c.e.D.service.impl.UserServiceImpl - User profile updated successfully | userId=32 | timeTaken=1225ms
2026-07-21 17:47:58 [http-nio-8080-exec-8] INFO  c.e.D.controller.UserController - Profile updated successfully for userId=32, employeeId=PSCS836
2026-07-21 17:48:36 [http-nio-8080-exec-1] INFO  c.e.Docgen_Backend.config.JwtFilter - JWT validated successfully for userId=6a311365ec2c34f3d9e4f06e
2026-07-21 17:48:36 [http-nio-8080-exec-1] INFO  c.e.D.controller.UserController - PATCH /api/v2/users/32 - Update request received for employeeId=PSCS836
2026-07-21 17:48:36 [http-nio-8080-exec-1] DEBUG c.e.D.controller.UserController - Update payload: CreateProfileRequest(employeeName=Prashant Kiran Yadav, email=yprashantkiran@gmail.com, mobileNo=8446861516, employeeId=PSCS836, joiningDesignation=Jr. Software Test Engineer, currentDesignation=Software Test Engineer, department=IT, currentAddress=Dhumal mala, near theur phata, Kunjirwadi, Pune -412201, permanentAddress=Dhumal mala, near theur phata, Kunjirwadi, Pune -412201, accountNo=369201504327, bankName=ICICI Bank, joiningCTC=366000.0, currentCTC=547176.0, dateOfBirth=1988-06-10, offerDate=2022-08-03, joiningDate=2022-09-06, panNo=AFLPY4911L, company=PSCS, pfType=WITHOUT_PF, identity=MR, documents=[INCREMENT_LETTER, SALARY_SLIP, OFFER_LETTER], documentData={OFFER_LETTER={issueDate=2022-08-03, probationPeriod=3}, INCREMENT_LETTER={issueDate=2025-04-01}, SALARY_SLIP={startMonth=2026-04, endMonth=2026-06, salaryWorkdays={2026-04=30, 2026-05=31, 2026-06=30}}})
2026-07-21 17:48:36 [http-nio-8080-exec-1] INFO  c.e.D.service.impl.UserServiceImpl - Updating user profile | userId=32 | employeeId=PSCS836
2026-07-21 17:48:36 [http-nio-8080-exec-1] WARN  com.zaxxer.hikari.pool.PoolBase - HikariPool-1 - Failed to validate connection com.mysql.cj.jdbc.ConnectionImpl@7d9d5f0e (No operations allowed after connection closed.). Possibly consider using a shorter maxLifetime value.
2026-07-21 17:48:36 [http-nio-8080-exec-1] WARN  com.zaxxer.hikari.pool.PoolBase - HikariPool-1 - Failed to validate connection com.mysql.cj.jdbc.ConnectionImpl@6ade2c9a (No operations allowed after connection closed.). Possibly consider using a shorter maxLifetime value.
2026-07-21 17:48:36 [http-nio-8080-exec-1] WARN  com.zaxxer.hikari.pool.PoolBase - HikariPool-1 - Failed to validate connection com.mysql.cj.jdbc.ConnectionImpl@20883e59 (No operations allowed after connection closed.). Possibly consider using a shorter maxLifetime value.
2026-07-21 17:48:36 [http-nio-8080-exec-1] DEBUG c.e.D.service.impl.UserServiceImpl - Existing user fetched | userId=32 | oldEmployeeId=PSCS836
2026-07-21 17:48:36 [http-nio-8080-exec-1] DEBUG c.e.D.service.impl.UserServiceImpl - Updating documents | userId=32
2026-07-21 17:48:36 [http-nio-8080-exec-1] INFO  c.e.D.service.impl.UserServiceImpl - User profile updated successfully | userId=32 | timeTaken=608ms
2026-07-21 17:48:36 [http-nio-8080-exec-1] INFO  c.e.D.controller.UserController - Profile updated successfully for userId=32, employeeId=PSCS836
2026-07-21 17:49:19 [http-nio-8080-exec-4] INFO  c.e.Docgen_Backend.config.JwtFilter - JWT validated successfully for userId=6a311365ec2c34f3d9e4f06e
2026-07-21 17:49:19 [http-nio-8080-exec-4] INFO  c.e.D.controller.UserController - PATCH /api/v2/users/32 - Update request received for employeeId=PSCS836
2026-07-21 17:49:19 [http-nio-8080-exec-4] DEBUG c.e.D.controller.UserController - Update payload: CreateProfileRequest(employeeName=Prashant Kiran Yadav, email=yprashantkiran@gmail.com, mobileNo=8446861516, employeeId=PSCS836, joiningDesignation=Jr. Software Test Engineer, currentDesignation=Software Test Engineer, department=IT, currentAddress=Dhumal mala, near theur phata, Kunjirwadi, Pune -412201, permanentAddress=Dhumal mala, near theur phata, Kunjirwadi, Pune -412201, accountNo=369201504327, bankName=ICICI Bank, joiningCTC=366000.0, currentCTC=547176.0, dateOfBirth=1988-06-10, offerDate=2022-08-03, joiningDate=2022-09-06, panNo=AFLPY4911L, company=PSCS, pfType=WITHOUT_PF, identity=MR, documents=[INCREMENT_LETTER, SALARY_SLIP, OFFER_LETTER], documentData={OFFER_LETTER={issueDate=2022-08-03, probationPeriod=3}, INCREMENT_LETTER={issueDate=2025-04-01}, SALARY_SLIP={startMonth=2026-04, endMonth=2026-06, salaryWorkdays={2026-04=30, 2026-05=31, 2026-06=30}}})
2026-07-21 17:49:19 [http-nio-8080-exec-4] INFO  c.e.D.service.impl.UserServiceImpl - Updating user profile | userId=32 | employeeId=PSCS836
2026-07-21 17:49:19 [http-nio-8080-exec-4] WARN  com.zaxxer.hikari.pool.PoolBase - HikariPool-1 - Failed to validate connection com.mysql.cj.jdbc.ConnectionImpl@6faed170 (No operations allowed after connection closed.). Possibly consider using a shorter maxLifetime value.
2026-07-21 17:49:19 [http-nio-8080-exec-4] WARN  com.zaxxer.hikari.pool.PoolBase - HikariPool-1 - Failed to validate connection com.mysql.cj.jdbc.ConnectionImpl@14aab3bc (No operations allowed after connection closed.). Possibly consider using a shorter maxLifetime value.
2026-07-21 17:49:19 [http-nio-8080-exec-4] WARN  com.zaxxer.hikari.pool.PoolBase - HikariPool-1 - Failed to validate connection com.mysql.cj.jdbc.ConnectionImpl@62f11e87 (No operations allowed after connection closed.). Possibly consider using a shorter maxLifetime value.
2026-07-21 17:49:20 [http-nio-8080-exec-4] DEBUG c.e.D.service.impl.UserServiceImpl - Existing user fetched | userId=32 | oldEmployeeId=PSCS836
2026-07-21 17:49:20 [http-nio-8080-exec-4] DEBUG c.e.D.service.impl.UserServiceImpl - Updating documents | userId=32
2026-07-21 17:49:20 [http-nio-8080-exec-4] INFO  c.e.D.service.impl.UserServiceImpl - User profile updated successfully | userId=32 | timeTaken=449ms
2026-07-21 17:49:20 [http-nio-8080-exec-4] INFO  c.e.D.controller.UserController - Profile updated successfully for userId=32, employeeId=PSCS836
2026-07-21 17:51:01 [HikariPool-1:housekeeper] WARN  com.zaxxer.hikari.pool.PoolBase - HikariPool-1 - Failed to validate connection com.mysql.cj.jdbc.ConnectionImpl@3a20504a (No operations allowed after connection closed.). Possibly consider using a shorter maxLifetime value.
2026-07-21 17:51:04 [HikariPool-1:housekeeper] WARN  com.zaxxer.hikari.pool.PoolBase - HikariPool-1 - Failed to validate connection com.mysql.cj.jdbc.ConnectionImpl@7956536a (No operations allowed after connection closed.). Possibly consider using a shorter maxLifetime value.
2026-07-21 17:51:12 [HikariPool-1:housekeeper] WARN  com.zaxxer.hikari.pool.PoolBase - HikariPool-1 - Failed to validate connection com.mysql.cj.jdbc.ConnectionImpl@6c763acf (No operations allowed after connection closed.). Possibly consider using a shorter maxLifetime value.
2026-07-21 17:52:43 [HikariPool-1:housekeeper] WARN  com.zaxxer.hikari.pool.PoolBase - HikariPool-1 - Failed to validate connection com.mysql.cj.jdbc.ConnectionImpl@3f04f15b (No operations allowed after connection closed.). Possibly consider using a shorter maxLifetime value.
2026-07-21 17:52:57 [HikariPool-1:housekeeper] WARN  com.zaxxer.hikari.pool.PoolBase - HikariPool-1 - Failed to validate connection com.mysql.cj.jdbc.ConnectionImpl@297fc4df (No operations allowed after connection closed.). Possibly consider using a shorter maxLifetime value.
2026-07-21 17:54:35 [HikariPool-1:housekeeper] WARN  com.zaxxer.hikari.pool.PoolBase - HikariPool-1 - Failed to validate connection com.mysql.cj.jdbc.ConnectionImpl@11dec65 (No operations allowed after connection closed.). Possibly consider using a shorter maxLifetime value.
2026-07-21 17:54:46 [HikariPool-1:housekeeper] WARN  com.zaxxer.hikari.pool.PoolBase - HikariPool-1 - Failed to validate connection com.mysql.cj.jdbc.ConnectionImpl@33327948 (No operations allowed after connection closed.). Possibly consider using a shorter maxLifetime value.
2026-07-21 17:56:22 [HikariPool-1:housekeeper] WARN  com.zaxxer.hikari.pool.PoolBase - HikariPool-1 - Failed to validate connection com.mysql.cj.jdbc.ConnectionImpl@1eabf956 (No operations allowed after connection closed.). Possibly consider using a shorter maxLifetime value.
2026-07-21 17:56:42 [HikariPool-1:housekeeper] WARN  com.zaxxer.hikari.pool.PoolBase - HikariPool-1 - Failed to validate connection com.mysql.cj.jdbc.ConnectionImpl@3acae5fc (No operations allowed after connection closed.). Possibly consider using a shorter maxLifetime value.
2026-07-21 17:58:10 [HikariPool-1:housekeeper] WARN  com.zaxxer.hikari.pool.PoolBase - HikariPool-1 - Failed to validate connection com.mysql.cj.jdbc.ConnectionImpl@5114c191 (No operations allowed after connection closed.). Possibly consider using a shorter maxLifetime value.
2026-07-21 17:58:33 [HikariPool-1:housekeeper] WARN  com.zaxxer.hikari.pool.PoolBase - HikariPool-1 - Failed to validate connection com.mysql.cj.jdbc.ConnectionImpl@37bbc31c (No operations allowed after connection closed.). Possibly consider using a shorter maxLifetime value.
2026-07-21 17:59:48 [HikariPool-1:housekeeper] WARN  com.zaxxer.hikari.pool.PoolBase - HikariPool-1 - Failed to validate connection com.mysql.cj.jdbc.ConnectionImpl@778b471c (No operations allowed after connection closed.). Possibly consider using a shorter maxLifetime value.
2026-07-21 18:00:35 [HikariPool-1:housekeeper] WARN  com.zaxxer.hikari.pool.PoolBase - HikariPool-1 - Failed to validate connection com.mysql.cj.jdbc.ConnectionImpl@5d7499c6 (No operations allowed after connection closed.). Possibly consider using a shorter maxLifetime value.
2026-07-21 18:01:34 [HikariPool-1:housekeeper] WARN  com.zaxxer.hikari.pool.PoolBase - HikariPool-1 - Failed to validate connection com.mysql.cj.jdbc.ConnectionImpl@50188ded (No operations allowed after connection closed.). Possibly consider using a shorter maxLifetime value.
2026-07-21 18:02:33 [HikariPool-1:housekeeper] WARN  com.zaxxer.hikari.pool.PoolBase - HikariPool-1 - Failed to validate connection com.mysql.cj.jdbc.ConnectionImpl@6d5a2c83 (No operations allowed after connection closed.). Possibly consider using a shorter maxLifetime value.
2026-07-21 18:03:28 [HikariPool-1:housekeeper] WARN  com.zaxxer.hikari.pool.PoolBase - HikariPool-1 - Failed to validate connection com.mysql.cj.jdbc.ConnectionImpl@3041a0f4 (No operations allowed after connection closed.). Possibly consider using a shorter maxLifetime value.
2026-07-21 18:04:14 [HikariPool-1:housekeeper] WARN  com.zaxxer.hikari.pool.PoolBase - HikariPool-1 - Failed to validate connection com.mysql.cj.jdbc.ConnectionImpl@51ec86dc (No operations allowed after connection closed.). Possibly consider using a shorter maxLifetime value.
2026-07-21 18:05:18 [HikariPool-1:housekeeper] WARN  com.zaxxer.hikari.pool.PoolBase - HikariPool-1 - Failed to validate connection com.mysql.cj.jdbc.ConnectionImpl@59b32102 (No operations allowed after connection closed.). Possibly consider using a shorter maxLifetime value.
2026-07-21 18:05:45 [http-nio-8080-exec-6] INFO  c.e.Docgen_Backend.config.JwtFilter - JWT validated successfully for userId=6a311365ec2c34f3d9e4f06e
2026-07-21 18:05:45 [http-nio-8080-exec-6] INFO  c.e.D.controller.UserController - GET /api/v2/users - Fetch all users request received | page=0, size=8, sortBy=id, direction=desc
2026-07-21 18:05:45 [http-nio-8080-exec-6] WARN  com.zaxxer.hikari.pool.PoolBase - HikariPool-1 - Failed to validate connection com.mysql.cj.jdbc.ConnectionImpl@e94339c (No operations allowed after connection closed.). Possibly consider using a shorter maxLifetime value.
2026-07-21 18:06:05 [http-nio-8080-exec-2] INFO  c.e.Docgen_Backend.config.JwtFilter - JWT validated successfully for userId=6a311365ec2c34f3d9e4f06e
2026-07-21 18:06:05 [http-nio-8080-exec-2] INFO  c.e.D.controller.UserController - GET /api/v2/users - Fetch all users request received | page=0, size=8, sortBy=id, direction=desc
2026-07-21 18:06:15 [http-nio-8080-exec-6] WARN  org.hibernate.orm.jdbc.error - HHH000247: ErrorCode: 0, SQLState: 08S01
2026-07-21 18:06:15 [http-nio-8080-exec-6] WARN  org.hibernate.orm.jdbc.error - HikariPool-1 - Connection is not available, request timed out after 30012ms (total=0, active=0, idle=0, waiting=1)
2026-07-21 18:06:15 [http-nio-8080-exec-6] WARN  org.hibernate.orm.jdbc.error - HHH000247: ErrorCode: 0, SQLState: 08S01
2026-07-21 18:06:15 [http-nio-8080-exec-6] WARN  org.hibernate.orm.jdbc.error - HikariPool-1 - Connection is not available, request timed out after 30012ms (total=0, active=0, idle=0, waiting=1)
2026-07-21 18:06:15 [http-nio-8080-exec-6] ERROR c.e.D.e.GlobalExceptionHandler - Unexpected error occurred
org.springframework.transaction.CannotCreateTransactionException: Could not open JPA EntityManager for transaction
	at org.springframework.orm.jpa.JpaTransactionManager.doBegin(JpaTransactionManager.java:457)
	at org.springframework.transaction.support.AbstractPlatformTransactionManager.startTransaction(AbstractPlatformTransactionManager.java:532)
	at org.springframework.transaction.support.AbstractPlatformTransactionManager.getTransaction(AbstractPlatformTransactionManager.java:405)
	at org.springframework.transaction.interceptor.TransactionAspectSupport.createTransactionIfNecessary(TransactionAspectSupport.java:628)
	at org.springframework.transaction.interceptor.TransactionAspectSupport.invokeWithinTransaction(TransactionAspectSupport.java:365)
	at org.springframework.transaction.interceptor.TransactionInterceptor.invoke(TransactionInterceptor.java:130)
	at org.springframework.aop.framework.ReflectiveMethodInvocation.proceed(ReflectiveMethodInvocation.java:179)
	at org.springframework.dao.support.PersistenceExceptionTranslationInterceptor.invoke(PersistenceExceptionTranslationInterceptor.java:135)
	at org.springframework.aop.framework.ReflectiveMethodInvocation.proceed(ReflectiveMethodInvocation.java:179)
	at org.springframework.data.jpa.repository.support.CrudMethodMetadataPostProcessor$CrudMethodMetadataPopulatingMethodInterceptor.invoke(CrudMethodMetadataPostProcessor.java:166)
	at org.springframework.aop.framework.ReflectiveMethodInvocation.proceed(ReflectiveMethodInvocation.java:179)
	at org.springframework.aop.framework.JdkDynamicAopProxy.invoke(JdkDynamicAopProxy.java:222)
	at jdk.proxy4/jdk.proxy4.$Proxy163.findAll(Unknown Source)
	at com.example.Docgen_Backend.service.impl.UserServiceImpl.getAllUserProfiles(UserServiceImpl.java:345)
	at java.base/jdk.internal.reflect.DirectMethodHandleAccessor.invoke(DirectMethodHandleAccessor.java:103)
	at java.base/java.lang.reflect.Method.invoke(Method.java:580)
	at org.springframework.aop.support.AopUtils.invokeJoinpointUsingReflection(AopUtils.java:359)
	at org.springframework.aop.framework.CglibAopProxy$DynamicAdvisedInterceptor.intercept(CglibAopProxy.java:715)
	at com.example.Docgen_Backend.service.impl.UserServiceImpl$$SpringCGLIB$$0.getAllUserProfiles(<generated>)
	at com.example.Docgen_Backend.controller.UserController.getAllUserProfiles(UserController.java:107)
	at java.base/jdk.internal.reflect.DirectMethodHandleAccessor.invoke(DirectMethodHandleAccessor.java:103)
	at java.base/java.lang.reflect.Method.invoke(Method.java:580)
	at org.springframework.web.method.support.InvocableHandlerMethod.doInvoke(InvocableHandlerMethod.java:252)
	at org.springframework.web.method.support.InvocableHandlerMethod.invokeForRequest(InvocableHandlerMethod.java:184)
	at org.springframework.web.servlet.mvc.method.annotation.ServletInvocableHandlerMethod.invokeAndHandle(ServletInvocableHandlerMethod.java:117)
	at org.springframework.web.servlet.mvc.method.annotation.RequestMappingHandlerAdapter.invokeHandlerMethod(RequestMappingHandlerAdapter.java:934)
	at org.springframework.web.servlet.mvc.method.annotation.RequestMappingHandlerAdapter.handleInternal(RequestMappingHandlerAdapter.java:853)
	at org.springframework.web.servlet.mvc.method.AbstractHandlerMethodAdapter.handle(AbstractHandlerMethodAdapter.java:86)
	at org.springframework.web.servlet.DispatcherServlet.doDispatch(DispatcherServlet.java:963)
	at org.springframework.web.servlet.DispatcherServlet.doService(DispatcherServlet.java:866)
	at org.springframework.web.servlet.FrameworkServlet.processRequest(FrameworkServlet.java:1000)
	at org.springframework.web.servlet.FrameworkServlet.doGet(FrameworkServlet.java:892)
	at jakarta.servlet.http.HttpServlet.service(HttpServlet.java:622)
	at org.springframework.web.servlet.FrameworkServlet.service(FrameworkServlet.java:874)
	at jakarta.servlet.http.HttpServlet.service(HttpServlet.java:710)
	at org.apache.catalina.core.ApplicationFilterChain.doFilter(ApplicationFilterChain.java:128)
	at org.apache.tomcat.websocket.server.WsFilter.doFilter(WsFilter.java:53)
	at org.apache.catalina.core.ApplicationFilterChain.doFilter(ApplicationFilterChain.java:107)
	at org.springframework.web.filter.OncePerRequestFilter.doFilter(OncePerRequestFilter.java:110)
	at org.apache.catalina.core.ApplicationFilterChain.doFilter(ApplicationFilterChain.java:107)
	at org.springframework.web.filter.CompositeFilter$VirtualFilterChain.doFilter(CompositeFilter.java:108)
	at org.springframework.security.web.FilterChainProxy.lambda$doFilterInternal$3(FilterChainProxy.java:235)
	at org.springframework.security.web.FilterChainProxy$VirtualFilterChain.doFilter(FilterChainProxy.java:376)
	at org.springframework.security.web.access.intercept.AuthorizationFilter.doFilter(AuthorizationFilter.java:101)
	at org.springframework.security.web.FilterChainProxy$VirtualFilterChain.doFilter(FilterChainProxy.java:385)
	at org.springframework.security.web.access.ExceptionTranslationFilter.doFilter(ExceptionTranslationFilter.java:126)
	at org.springframework.security.web.access.ExceptionTranslationFilter.doFilter(ExceptionTranslationFilter.java:120)
	at org.springframework.security.web.FilterChainProxy$VirtualFilterChain.doFilter(FilterChainProxy.java:385)
	at org.springframework.security.web.session.SessionManagementFilter.doFilter(SessionManagementFilter.java:132)
	at org.springframework.security.web.session.SessionManagementFilter.doFilter(SessionManagementFilter.java:86)
	at org.springframework.security.web.FilterChainProxy$VirtualFilterChain.doFilter(FilterChainProxy.java:385)
	at org.springframework.security.web.authentication.AnonymousAuthenticationFilter.doFilter(AnonymousAuthenticationFilter.java:100)
	at org.springframework.security.web.FilterChainProxy$VirtualFilterChain.doFilter(FilterChainProxy.java:385)
	at org.springframework.security.web.servletapi.SecurityContextHolderAwareRequestFilter.doFilter(SecurityContextHolderAwareRequestFilter.java:181)
	at org.springframework.security.web.FilterChainProxy$VirtualFilterChain.doFilter(FilterChainProxy.java:385)
	at org.springframework.security.web.savedrequest.RequestCacheAwareFilter.doFilter(RequestCacheAwareFilter.java:63)
	at org.springframework.security.web.FilterChainProxy$VirtualFilterChain.doFilter(FilterChainProxy.java:385)
	at com.example.Docgen_Backend.config.JwtFilter.doFilterInternal(JwtFilter.java:111)
	at org.springframework.web.filter.OncePerRequestFilter.doFilter(OncePerRequestFilter.java:116)
	at org.springframework.security.web.FilterChainProxy$VirtualFilterChain.doFilter(FilterChainProxy.java:385)
	at org.springframework.security.web.authentication.logout.LogoutFilter.doFilter(LogoutFilter.java:110)
	at org.springframework.security.web.authentication.logout.LogoutFilter.doFilter(LogoutFilter.java:96)
	at org.springframework.security.web.FilterChainProxy$VirtualFilterChain.doFilter(FilterChainProxy.java:385)
	at org.springframework.web.filter.CorsFilter.doFilterInternal(CorsFilter.java:91)
	at org.springframework.web.filter.OncePerRequestFilter.doFilter(OncePerRequestFilter.java:116)
	at org.springframework.security.web.FilterChainProxy$VirtualFilterChain.doFilter(FilterChainProxy.java:385)
	at org.springframework.security.web.header.HeaderWriterFilter.doHeadersAfter(HeaderWriterFilter.java:90)
	at org.springframework.security.web.header.HeaderWriterFilter.doFilterInternal(HeaderWriterFilter.java:75)
	at org.springframework.web.filter.OncePerRequestFilter.doFilter(OncePerRequestFilter.java:116)
	at org.springframework.security.web.FilterChainProxy$VirtualFilterChain.doFilter(FilterChainProxy.java:385)
	at org.springframework.security.web.context.SecurityContextHolderFilter.doFilter(SecurityContextHolderFilter.java:82)
	at org.springframework.security.web.context.SecurityContextHolderFilter.doFilter(SecurityContextHolderFilter.java:69)
	at org.springframework.security.web.FilterChainProxy$VirtualFilterChain.doFilter(FilterChainProxy.java:385)
	at org.springframework.security.web.context.request.async.WebAsyncManagerIntegrationFilter.doFilterInternal(WebAsyncManagerIntegrationFilter.java:62)
	at org.springframework.web.filter.OncePerRequestFilter.doFilter(OncePerRequestFilter.java:116)
	at org.springframework.security.web.FilterChainProxy$VirtualFilterChain.doFilter(FilterChainProxy.java:385)
	at org.springframework.security.web.session.DisableEncodeUrlFilter.doFilterInternal(DisableEncodeUrlFilter.java:42)
	at org.springframework.web.filter.OncePerRequestFilter.doFilter(OncePerRequestFilter.java:116)
	at org.springframework.security.web.FilterChainProxy$VirtualFilterChain.doFilter(FilterChainProxy.java:385)
	at org.springframework.security.web.FilterChainProxy.doFilterInternal(FilterChainProxy.java:237)
	at org.springframework.security.web.FilterChainProxy.doFilter(FilterChainProxy.java:195)
	at org.springframework.web.filter.CompositeFilter$VirtualFilterChain.doFilter(CompositeFilter.java:113)
	at org.springframework.web.filter.ServletRequestPathFilter.doFilter(ServletRequestPathFilter.java:52)
	at org.springframework.web.filter.CompositeFilter$VirtualFilterChain.doFilter(CompositeFilter.java:113)
	at org.springframework.web.filter.CompositeFilter.doFilter(CompositeFilter.java:74)
	at org.springframework.security.config.annotation.web.configuration.WebSecurityConfiguration$CompositeFilterChainProxy.doFilter(WebSecurityConfiguration.java:317)
	at org.springframework.web.filter.DelegatingFilterProxy.invokeDelegate(DelegatingFilterProxy.java:355)
	at org.springframework.web.filter.DelegatingFilterProxy.doFilter(DelegatingFilterProxy.java:272)
	at org.apache.catalina.core.ApplicationFilterChain.doFilter(ApplicationFilterChain.java:107)
	at org.springframework.web.filter.RequestContextFilter.doFilterInternal(RequestContextFilter.java:100)
	at org.springframework.web.filter.OncePerRequestFilter.doFilter(OncePerRequestFilter.java:116)
	at org.apache.catalina.core.ApplicationFilterChain.doFilter(ApplicationFilterChain.java:107)
	at org.springframework.web.filter.FormContentFilter.doFilterInternal(FormContentFilter.java:93)
	at org.springframework.web.filter.OncePerRequestFilter.doFilter(OncePerRequestFilter.java:116)
	at org.apache.catalina.core.ApplicationFilterChain.doFilter(ApplicationFilterChain.java:107)
	at org.springframework.web.filter.CharacterEncodingFilter.doFilterInternal(CharacterEncodingFilter.java:199)
	at org.springframework.web.filter.OncePerRequestFilter.doFilter(OncePerRequestFilter.java:116)
	at org.apache.catalina.core.ApplicationFilterChain.doFilter(ApplicationFilterChain.java:107)
	at org.apache.catalina.core.StandardWrapperValve.invoke(StandardWrapperValve.java:165)
	at org.apache.catalina.core.StandardContextValve.invoke(StandardContextValve.java:77)
	at org.apache.catalina.authenticator.AuthenticatorBase.invoke(AuthenticatorBase.java:492)
	at org.apache.catalina.core.StandardHostValve.invoke(StandardHostValve.java:113)
	at org.apache.catalina.valves.ErrorReportValve.invoke(ErrorReportValve.java:83)
	at org.apache.catalina.core.StandardEngineValve.invoke(StandardEngineValve.java:72)
	at org.apache.catalina.connector.CoyoteAdapter.service(CoyoteAdapter.java:341)
	at org.apache.coyote.http11.Http11Processor.service(Http11Processor.java:397)
	at org.apache.coyote.AbstractProcessorLight.process(AbstractProcessorLight.java:63)
	at org.apache.coyote.AbstractProtocol$ConnectionHandler.process(AbstractProtocol.java:903)
	at org.apache.tomcat.util.net.NioEndpoint$SocketProcessor.doRun(NioEndpoint.java:1801)
	at org.apache.tomcat.util.net.SocketProcessorBase.run(SocketProcessorBase.java:52)
	at org.apache.tomcat.util.threads.ThreadPoolExecutor.runWorker(ThreadPoolExecutor.java:946)
	at org.apache.tomcat.util.threads.ThreadPoolExecutor$Worker.run(ThreadPoolExecutor.java:480)
	at org.apache.tomcat.util.threads.TaskThread$WrappingRunnable.run(TaskThread.java:57)
	at java.base/java.lang.Thread.run(Thread.java:1583)
Caused by: org.hibernate.exception.JDBCConnectionException: Unable to acquire JDBC Connection [HikariPool-1 - Connection is not available, request timed out after 30012ms (total=0, active=0, idle=0, waiting=1)] [n/a]
	at org.hibernate.exception.internal.SQLExceptionTypeDelegate.convert(SQLExceptionTypeDelegate.java:49)
	at org.hibernate.exception.internal.StandardSQLExceptionConverter.convert(StandardSQLExceptionConverter.java:34)
	at org.hibernate.engine.jdbc.spi.SqlExceptionHelper.convert(SqlExceptionHelper.java:115)
	at org.hibernate.engine.jdbc.spi.SqlExceptionHelper.convert(SqlExceptionHelper.java:101)
	at org.hibernate.resource.jdbc.internal.LogicalConnectionManagedImpl.acquire(LogicalConnectionManagedImpl.java:190)
	at org.hibernate.resource.jdbc.internal.LogicalConnectionManagedImpl.acquireConnectionIfNeeded(LogicalConnectionManagedImpl.java:87)
	at org.hibernate.resource.jdbc.internal.LogicalConnectionManagedImpl.getPhysicalConnection(LogicalConnectionManagedImpl.java:126)
	at org.springframework.orm.jpa.vendor.HibernateJpaDialect.beginTransaction(HibernateJpaDialect.java:135)
	at org.springframework.orm.jpa.JpaTransactionManager.doBegin(JpaTransactionManager.java:411)
	... 113 common frames omitted
Caused by: java.sql.SQLTransientConnectionException: HikariPool-1 - Connection is not available, request timed out after 30012ms (total=0, active=0, idle=0, waiting=1)
	at com.zaxxer.hikari.pool.HikariPool.createTimeoutException(HikariPool.java:714)
	at com.zaxxer.hikari.pool.HikariPool.getConnection(HikariPool.java:184)
	at com.zaxxer.hikari.pool.HikariPool.getConnection(HikariPool.java:142)
	at com.zaxxer.hikari.HikariDataSource.getConnection(HikariDataSource.java:127)
	at org.hibernate.engine.jdbc.connections.internal.DataSourceConnectionProvider.getConnection(DataSourceConnectionProvider.java:137)
	at org.hibernate.internal.NonContextualJdbcConnectionAccess.obtainConnection(NonContextualJdbcConnectionAccess.java:47)
	at org.hibernate.resource.jdbc.internal.LogicalConnectionManagedImpl.acquire(LogicalConnectionManagedImpl.java:187)
	... 117 common frames omitted
Caused by: com.mysql.cj.jdbc.exceptions.CommunicationsException: Communications link failure

The last packet sent successfully to the server was 0 milliseconds ago. The driver has not received any packets from the server.
	at com.mysql.cj.jdbc.exceptions.SQLError.createCommunicationsException(SQLError.java:165)
	at com.mysql.cj.jdbc.exceptions.SQLExceptionsMapping.translateException(SQLExceptionsMapping.java:55)
	at com.mysql.cj.jdbc.ConnectionImpl.createNewIO(ConnectionImpl.java:840)
	at com.mysql.cj.jdbc.ConnectionImpl.<init>(ConnectionImpl.java:416)
	at com.mysql.cj.jdbc.ConnectionImpl.getInstance(ConnectionImpl.java:237)
	at com.mysql.cj.jdbc.NonRegisteringDriver.connect(NonRegisteringDriver.java:180)
	at com.zaxxer.hikari.util.DriverDataSource.getConnection(DriverDataSource.java:144)
	at com.zaxxer.hikari.pool.PoolBase.newConnection(PoolBase.java:373)
	at com.zaxxer.hikari.pool.PoolBase.newPoolEntry(PoolBase.java:210)
	at com.zaxxer.hikari.pool.HikariPool.createPoolEntry(HikariPool.java:488)
	at com.zaxxer.hikari.pool.HikariPool$PoolEntryCreator.call(HikariPool.java:752)
	at com.zaxxer.hikari.pool.HikariPool$PoolEntryCreator.call(HikariPool.java:731)
	at java.base/java.util.concurrent.FutureTask.run(FutureTask.java:317)
	at java.base/java.util.concurrent.ThreadPoolExecutor.runWorker(ThreadPoolExecutor.java:1144)
	at java.base/java.util.concurrent.ThreadPoolExecutor$Worker.run(ThreadPoolExecutor.java:642)
	... 1 common frames omitted
Caused by: com.mysql.cj.exceptions.CJCommunicationsException: Communications link failure

The last packet sent successfully to the server was 0 milliseconds ago. The driver has not received any packets from the server.
	at java.base/jdk.internal.reflect.DirectConstructorHandleAccessor.newInstance(DirectConstructorHandleAccessor.java:62)
	at java.base/java.lang.reflect.Constructor.newInstanceWithCaller(Constructor.java:502)
	at java.base/java.lang.reflect.Constructor.newInstance(Constructor.java:486)
	at com.mysql.cj.exceptions.ExceptionFactory.createException(ExceptionFactory.java:52)
	at com.mysql.cj.exceptions.ExceptionFactory.createException(ExceptionFactory.java:95)
	at com.mysql.cj.exceptions.ExceptionFactory.createException(ExceptionFactory.java:140)
	at com.mysql.cj.exceptions.ExceptionFactory.createCommunicationsException(ExceptionFactory.java:156)
	at com.mysql.cj.protocol.a.NativeSocketConnection.connect(NativeSocketConnection.java:79)
	at com.mysql.cj.NativeSession.connect(NativeSession.java:142)
	at com.mysql.cj.jdbc.ConnectionImpl.connectOneTryOnly(ConnectionImpl.java:964)
	at com.mysql.cj.jdbc.ConnectionImpl.createNewIO(ConnectionImpl.java:828)
	... 13 common frames omitted
Caused by: java.net.UnknownHostException: No such host is known (auth-db948.hstgr.io)
	at java.base/java.net.Inet6AddressImpl.lookupAllHostAddr(Native Method)
	at java.base/java.net.Inet6AddressImpl.lookupAllHostAddr(Inet6AddressImpl.java:52)
	at java.base/java.net.InetAddress$PlatformResolver.lookupByName(InetAddress.java:1211)
	at java.base/java.net.InetAddress.getAddressesFromNameService(InetAddress.java:1828)
	at java.base/java.net.InetAddress$NameServiceAddresses.get(InetAddress.java:1139)
	at java.base/java.net.InetAddress.getAllByName0(InetAddress.java:1818)
	at java.base/java.net.InetAddress.getAllByName(InetAddress.java:1688)
	at com.mysql.cj.protocol.StandardSocketFactory.connect(StandardSocketFactory.java:121)
	at com.mysql.cj.protocol.a.NativeSocketConnection.connect(NativeSocketConnection.java:53)
	... 16 common frames omitted
2026-07-21 18:06:15 [http-nio-8080-exec-6] WARN  o.s.w.s.m.m.a.ExceptionHandlerExceptionResolver - Resolved [org.springframework.transaction.CannotCreateTransactionException: Could not open JPA EntityManager for transaction]
2026-07-21 18:06:24 [http-nio-8080-exec-1] INFO  c.e.Docgen_Backend.config.JwtFilter - JWT validated successfully for userId=6a311365ec2c34f3d9e4f06e
2026-07-21 18:06:24 [http-nio-8080-exec-1] INFO  c.e.D.controller.UserController - GET /api/v2/users - Fetch all users request received | page=0, size=8, sortBy=id, direction=desc
2026-07-21 18:06:35 [HikariPool-1:connection-adder] WARN  com.zaxxer.hikari.pool.PoolBase - HikariPool-1 - Pool is empty, failed to create/setup connection (978a9d89-4a3f-4303-b773-3420f2616ec3)
com.mysql.cj.jdbc.exceptions.CommunicationsException: Communications link failure

The last packet sent successfully to the server was 0 milliseconds ago. The driver has not received any packets from the server.
	at com.mysql.cj.jdbc.exceptions.SQLError.createCommunicationsException(SQLError.java:165)
	at com.mysql.cj.jdbc.exceptions.SQLExceptionsMapping.translateException(SQLExceptionsMapping.java:55)
	at com.mysql.cj.jdbc.ConnectionImpl.createNewIO(ConnectionImpl.java:840)
	at com.mysql.cj.jdbc.ConnectionImpl.<init>(ConnectionImpl.java:416)
	at com.mysql.cj.jdbc.ConnectionImpl.getInstance(ConnectionImpl.java:237)
	at com.mysql.cj.jdbc.NonRegisteringDriver.connect(NonRegisteringDriver.java:180)
	at com.zaxxer.hikari.util.DriverDataSource.getConnection(DriverDataSource.java:144)
	at com.zaxxer.hikari.pool.PoolBase.newConnection(PoolBase.java:373)
	at com.zaxxer.hikari.pool.PoolBase.newPoolEntry(PoolBase.java:210)
	at com.zaxxer.hikari.pool.HikariPool.createPoolEntry(HikariPool.java:488)
	at com.zaxxer.hikari.pool.HikariPool$PoolEntryCreator.call(HikariPool.java:752)
	at com.zaxxer.hikari.pool.HikariPool$PoolEntryCreator.call(HikariPool.java:731)
	at java.base/java.util.concurrent.FutureTask.run(FutureTask.java:317)
	at java.base/java.util.concurrent.ThreadPoolExecutor.runWorker(ThreadPoolExecutor.java:1144)
	at java.base/java.util.concurrent.ThreadPoolExecutor$Worker.run(ThreadPoolExecutor.java:642)
	at java.base/java.lang.Thread.run(Thread.java:1583)
Caused by: com.mysql.cj.exceptions.CJCommunicationsException: Communications link failure

The last packet sent successfully to the server was 0 milliseconds ago. The driver has not received any packets from the server.
	at java.base/jdk.internal.reflect.DirectConstructorHandleAccessor.newInstance(DirectConstructorHandleAccessor.java:62)
	at java.base/java.lang.reflect.Constructor.newInstanceWithCaller(Constructor.java:502)
	at java.base/java.lang.reflect.Constructor.newInstance(Constructor.java:486)
	at com.mysql.cj.exceptions.ExceptionFactory.createException(ExceptionFactory.java:52)
	at com.mysql.cj.exceptions.ExceptionFactory.createException(ExceptionFactory.java:95)
	at com.mysql.cj.exceptions.ExceptionFactory.createException(ExceptionFactory.java:140)
	at com.mysql.cj.exceptions.ExceptionFactory.createCommunicationsException(ExceptionFactory.java:156)
	at com.mysql.cj.protocol.a.NativeSocketConnection.connect(NativeSocketConnection.java:79)
	at com.mysql.cj.NativeSession.connect(NativeSession.java:142)
	at com.mysql.cj.jdbc.ConnectionImpl.connectOneTryOnly(ConnectionImpl.java:964)
	at com.mysql.cj.jdbc.ConnectionImpl.createNewIO(ConnectionImpl.java:828)
	... 13 common frames omitted
Caused by: java.net.UnknownHostException: No such host is known (auth-db948.hstgr.io)
	at java.base/java.net.Inet6AddressImpl.lookupAllHostAddr(Native Method)
	at java.base/java.net.Inet6AddressImpl.lookupAllHostAddr(Inet6AddressImpl.java:52)
	at java.base/java.net.InetAddress$PlatformResolver.lookupByName(InetAddress.java:1211)
	at java.base/java.net.InetAddress.getAddressesFromNameService(InetAddress.java:1828)
	at java.base/java.net.InetAddress$NameServiceAddresses.get(InetAddress.java:1139)
	at java.base/java.net.InetAddress.getAllByName0(InetAddress.java:1818)
	at java.base/java.net.InetAddress.getAllByName(InetAddress.java:1688)
	at com.mysql.cj.protocol.StandardSocketFactory.connect(StandardSocketFactory.java:121)
	at com.mysql.cj.protocol.a.NativeSocketConnection.connect(NativeSocketConnection.java:53)
	... 16 common frames omitted
2026-07-21 18:06:35 [http-nio-8080-exec-2] WARN  org.hibernate.orm.jdbc.error - HHH000247: ErrorCode: 0, SQLState: 08S01
2026-07-21 18:06:35 [http-nio-8080-exec-2] WARN  org.hibernate.orm.jdbc.error - HikariPool-1 - Connection is not available, request timed out after 30000ms (total=0, active=0, idle=0, waiting=1)
2026-07-21 18:06:35 [http-nio-8080-exec-2] WARN  org.hibernate.orm.jdbc.error - HHH000247: ErrorCode: 0, SQLState: 08S01
2026-07-21 18:06:35 [http-nio-8080-exec-2] WARN  org.hibernate.orm.jdbc.error - HikariPool-1 - Connection is not available, request timed out after 30000ms (total=0, active=0, idle=0, waiting=1)
2026-07-21 18:06:35 [http-nio-8080-exec-2] ERROR c.e.D.e.GlobalExceptionHandler - Unexpected error occurred
org.springframework.transaction.CannotCreateTransactionException: Could not open JPA EntityManager for transaction
	at org.springframework.orm.jpa.JpaTransactionManager.doBegin(JpaTransactionManager.java:457)
	at org.springframework.transaction.support.AbstractPlatformTransactionManager.startTransaction(AbstractPlatformTransactionManager.java:532)
	at org.springframework.transaction.support.AbstractPlatformTransactionManager.getTransaction(AbstractPlatformTransactionManager.java:405)
	at org.springframework.transaction.interceptor.TransactionAspectSupport.createTransactionIfNecessary(TransactionAspectSupport.java:628)
	at org.springframework.transaction.interceptor.TransactionAspectSupport.invokeWithinTransaction(TransactionAspectSupport.java:365)
	at org.springframework.transaction.interceptor.TransactionInterceptor.invoke(TransactionInterceptor.java:130)
	at org.springframework.aop.framework.ReflectiveMethodInvocation.proceed(ReflectiveMethodInvocation.java:179)
	at org.springframework.dao.support.PersistenceExceptionTranslationInterceptor.invoke(PersistenceExceptionTranslationInterceptor.java:135)
	at org.springframework.aop.framework.ReflectiveMethodInvocation.proceed(ReflectiveMethodInvocation.java:179)
	at org.springframework.data.jpa.repository.support.CrudMethodMetadataPostProcessor$CrudMethodMetadataPopulatingMethodInterceptor.invoke(CrudMethodMetadataPostProcessor.java:166)
	at org.springframework.aop.framework.ReflectiveMethodInvocation.proceed(ReflectiveMethodInvocation.java:179)
	at org.springframework.aop.framework.JdkDynamicAopProxy.invoke(JdkDynamicAopProxy.java:222)
	at jdk.proxy4/jdk.proxy4.$Proxy163.findAll(Unknown Source)
	at com.example.Docgen_Backend.service.impl.UserServiceImpl.getAllUserProfiles(UserServiceImpl.java:345)
	at java.base/jdk.internal.reflect.DirectMethodHandleAccessor.invoke(DirectMethodHandleAccessor.java:103)
	at java.base/java.lang.reflect.Method.invoke(Method.java:580)
	at org.springframework.aop.support.AopUtils.invokeJoinpointUsingReflection(AopUtils.java:359)
	at org.springframework.aop.framework.CglibAopProxy$DynamicAdvisedInterceptor.intercept(CglibAopProxy.java:715)
	at com.example.Docgen_Backend.service.impl.UserServiceImpl$$SpringCGLIB$$0.getAllUserProfiles(<generated>)
	at com.example.Docgen_Backend.controller.UserController.getAllUserProfiles(UserController.java:107)
	at java.base/jdk.internal.reflect.DirectMethodHandleAccessor.invoke(DirectMethodHandleAccessor.java:103)
	at java.base/java.lang.reflect.Method.invoke(Method.java:580)
	at org.springframework.web.method.support.InvocableHandlerMethod.doInvoke(InvocableHandlerMethod.java:252)
	at org.springframework.web.method.support.InvocableHandlerMethod.invokeForRequest(InvocableHandlerMethod.java:184)
	at org.springframework.web.servlet.mvc.method.annotation.ServletInvocableHandlerMethod.invokeAndHandle(ServletInvocableHandlerMethod.java:117)
	at org.springframework.web.servlet.mvc.method.annotation.RequestMappingHandlerAdapter.invokeHandlerMethod(RequestMappingHandlerAdapter.java:934)
	at org.springframework.web.servlet.mvc.method.annotation.RequestMappingHandlerAdapter.handleInternal(RequestMappingHandlerAdapter.java:853)
	at org.springframework.web.servlet.mvc.method.AbstractHandlerMethodAdapter.handle(AbstractHandlerMethodAdapter.java:86)
	at org.springframework.web.servlet.DispatcherServlet.doDispatch(DispatcherServlet.java:963)
	at org.springframework.web.servlet.DispatcherServlet.doService(DispatcherServlet.java:866)
	at org.springframework.web.servlet.FrameworkServlet.processRequest(FrameworkServlet.java:1000)
	at org.springframework.web.servlet.FrameworkServlet.doGet(FrameworkServlet.java:892)
	at jakarta.servlet.http.HttpServlet.service(HttpServlet.java:622)
	at org.springframework.web.servlet.FrameworkServlet.service(FrameworkServlet.java:874)
	at jakarta.servlet.http.HttpServlet.service(HttpServlet.java:710)
	at org.apache.catalina.core.ApplicationFilterChain.doFilter(ApplicationFilterChain.java:128)
	at org.apache.tomcat.websocket.server.WsFilter.doFilter(WsFilter.java:53)
	at org.apache.catalina.core.ApplicationFilterChain.doFilter(ApplicationFilterChain.java:107)
	at org.springframework.web.filter.OncePerRequestFilter.doFilter(OncePerRequestFilter.java:110)
	at org.apache.catalina.core.ApplicationFilterChain.doFilter(ApplicationFilterChain.java:107)
	at org.springframework.web.filter.CompositeFilter$VirtualFilterChain.doFilter(CompositeFilter.java:108)
	at org.springframework.security.web.FilterChainProxy.lambda$doFilterInternal$3(FilterChainProxy.java:235)
	at org.springframework.security.web.FilterChainProxy$VirtualFilterChain.doFilter(FilterChainProxy.java:376)
	at org.springframework.security.web.access.intercept.AuthorizationFilter.doFilter(AuthorizationFilter.java:101)
	at org.springframework.security.web.FilterChainProxy$VirtualFilterChain.doFilter(FilterChainProxy.java:385)
	at org.springframework.security.web.access.ExceptionTranslationFilter.doFilter(ExceptionTranslationFilter.java:126)
	at org.springframework.security.web.access.ExceptionTranslationFilter.doFilter(ExceptionTranslationFilter.java:120)
	at org.springframework.security.web.FilterChainProxy$VirtualFilterChain.doFilter(FilterChainProxy.java:385)
	at org.springframework.security.web.session.SessionManagementFilter.doFilter(SessionManagementFilter.java:132)
	at org.springframework.security.web.session.SessionManagementFilter.doFilter(SessionManagementFilter.java:86)
	at org.springframework.security.web.FilterChainProxy$VirtualFilterChain.doFilter(FilterChainProxy.java:385)
	at org.springframework.security.web.authentication.AnonymousAuthenticationFilter.doFilter(AnonymousAuthenticationFilter.java:100)
	at org.springframework.security.web.FilterChainProxy$VirtualFilterChain.doFilter(FilterChainProxy.java:385)
	at org.springframework.security.web.servletapi.SecurityContextHolderAwareRequestFilter.doFilter(SecurityContextHolderAwareRequestFilter.java:181)
	at org.springframework.security.web.FilterChainProxy$VirtualFilterChain.doFilter(FilterChainProxy.java:385)
	at org.springframework.security.web.savedrequest.RequestCacheAwareFilter.doFilter(RequestCacheAwareFilter.java:63)
	at org.springframework.security.web.FilterChainProxy$VirtualFilterChain.doFilter(FilterChainProxy.java:385)
	at com.example.Docgen_Backend.config.JwtFilter.doFilterInternal(JwtFilter.java:111)
	at org.springframework.web.filter.OncePerRequestFilter.doFilter(OncePerRequestFilter.java:116)
	at org.springframework.security.web.FilterChainProxy$VirtualFilterChain.doFilter(FilterChainProxy.java:385)
	at org.springframework.security.web.authentication.logout.LogoutFilter.doFilter(LogoutFilter.java:110)
	at org.springframework.security.web.authentication.logout.LogoutFilter.doFilter(LogoutFilter.java:96)
	at org.springframework.security.web.FilterChainProxy$VirtualFilterChain.doFilter(FilterChainProxy.java:385)
	at org.springframework.web.filter.CorsFilter.doFilterInternal(CorsFilter.java:91)
	at org.springframework.web.filter.OncePerRequestFilter.doFilter(OncePerRequestFilter.java:116)
	at org.springframework.security.web.FilterChainProxy$VirtualFilterChain.doFilter(FilterChainProxy.java:385)
	at org.springframework.security.web.header.HeaderWriterFilter.doHeadersAfter(HeaderWriterFilter.java:90)
	at org.springframework.security.web.header.HeaderWriterFilter.doFilterInternal(HeaderWriterFilter.java:75)
	at org.springframework.web.filter.OncePerRequestFilter.doFilter(OncePerRequestFilter.java:116)
	at org.springframework.security.web.FilterChainProxy$VirtualFilterChain.doFilter(FilterChainProxy.java:385)
	at org.springframework.security.web.context.SecurityContextHolderFilter.doFilter(SecurityContextHolderFilter.java:82)
	at org.springframework.security.web.context.SecurityContextHolderFilter.doFilter(SecurityContextHolderFilter.java:69)
	at org.springframework.security.web.FilterChainProxy$VirtualFilterChain.doFilter(FilterChainProxy.java:385)
	at org.springframework.security.web.context.request.async.WebAsyncManagerIntegrationFilter.doFilterInternal(WebAsyncManagerIntegrationFilter.java:62)
	at org.springframework.web.filter.OncePerRequestFilter.doFilter(OncePerRequestFilter.java:116)
	at org.springframework.security.web.FilterChainProxy$VirtualFilterChain.doFilter(FilterChainProxy.java:385)
	at org.springframework.security.web.session.DisableEncodeUrlFilter.doFilterInternal(DisableEncodeUrlFilter.java:42)
	at org.springframework.web.filter.OncePerRequestFilter.doFilter(OncePerRequestFilter.java:116)
	at org.springframework.security.web.FilterChainProxy$VirtualFilterChain.doFilter(FilterChainProxy.java:385)
	at org.springframework.security.web.FilterChainProxy.doFilterInternal(FilterChainProxy.java:237)
	at org.springframework.security.web.FilterChainProxy.doFilter(FilterChainProxy.java:195)
	at org.springframework.web.filter.CompositeFilter$VirtualFilterChain.doFilter(CompositeFilter.java:113)
	at org.springframework.web.filter.ServletRequestPathFilter.doFilter(ServletRequestPathFilter.java:52)
	at org.springframework.web.filter.CompositeFilter$VirtualFilterChain.doFilter(CompositeFilter.java:113)
	at org.springframework.web.filter.CompositeFilter.doFilter(CompositeFilter.java:74)
	at org.springframework.security.config.annotation.web.configuration.WebSecurityConfiguration$CompositeFilterChainProxy.doFilter(WebSecurityConfiguration.java:317)
	at org.springframework.web.filter.DelegatingFilterProxy.invokeDelegate(DelegatingFilterProxy.java:355)
	at org.springframework.web.filter.DelegatingFilterProxy.doFilter(DelegatingFilterProxy.java:272)
	at org.apache.catalina.core.ApplicationFilterChain.doFilter(ApplicationFilterChain.java:107)
	at org.springframework.web.filter.RequestContextFilter.doFilterInternal(RequestContextFilter.java:100)
	at org.springframework.web.filter.OncePerRequestFilter.doFilter(OncePerRequestFilter.java:116)
	at org.apache.catalina.core.ApplicationFilterChain.doFilter(ApplicationFilterChain.java:107)
	at org.springframework.web.filter.FormContentFilter.doFilterInternal(FormContentFilter.java:93)
	at org.springframework.web.filter.OncePerRequestFilter.doFilter(OncePerRequestFilter.java:116)
	at org.apache.catalina.core.ApplicationFilterChain.doFilter(ApplicationFilterChain.java:107)
	at org.springframework.web.filter.CharacterEncodingFilter.doFilterInternal(CharacterEncodingFilter.java:199)
	at org.springframework.web.filter.OncePerRequestFilter.doFilter(OncePerRequestFilter.java:116)
	at org.apache.catalina.core.ApplicationFilterChain.doFilter(ApplicationFilterChain.java:107)
	at org.apache.catalina.core.StandardWrapperValve.invoke(StandardWrapperValve.java:165)
	at org.apache.catalina.core.StandardContextValve.invoke(StandardContextValve.java:77)
	at org.apache.catalina.authenticator.AuthenticatorBase.invoke(AuthenticatorBase.java:492)
	at org.apache.catalina.core.StandardHostValve.invoke(StandardHostValve.java:113)
	at org.apache.catalina.valves.ErrorReportValve.invoke(ErrorReportValve.java:83)
	at org.apache.catalina.core.StandardEngineValve.invoke(StandardEngineValve.java:72)
	at org.apache.catalina.connector.CoyoteAdapter.service(CoyoteAdapter.java:341)
	at org.apache.coyote.http11.Http11Processor.service(Http11Processor.java:397)
	at org.apache.coyote.AbstractProcessorLight.process(AbstractProcessorLight.java:63)
	at org.apache.coyote.AbstractProtocol$ConnectionHandler.process(AbstractProtocol.java:903)
	at org.apache.tomcat.util.net.NioEndpoint$SocketProcessor.doRun(NioEndpoint.java:1801)
	at org.apache.tomcat.util.net.SocketProcessorBase.run(SocketProcessorBase.java:52)
	at org.apache.tomcat.util.threads.ThreadPoolExecutor.runWorker(ThreadPoolExecutor.java:946)
	at org.apache.tomcat.util.threads.ThreadPoolExecutor$Worker.run(ThreadPoolExecutor.java:480)
	at org.apache.tomcat.util.threads.TaskThread$WrappingRunnable.run(TaskThread.java:57)
	at java.base/java.lang.Thread.run(Thread.java:1583)
Caused by: org.hibernate.exception.JDBCConnectionException: Unable to acquire JDBC Connection [HikariPool-1 - Connection is not available, request timed out after 30000ms (total=0, active=0, idle=0, waiting=1)] [n/a]
	at org.hibernate.exception.internal.SQLExceptionTypeDelegate.convert(SQLExceptionTypeDelegate.java:49)
	at org.hibernate.exception.internal.StandardSQLExceptionConverter.convert(StandardSQLExceptionConverter.java:34)
	at org.hibernate.engine.jdbc.spi.SqlExceptionHelper.convert(SqlExceptionHelper.java:115)
	at org.hibernate.engine.jdbc.spi.SqlExceptionHelper.convert(SqlExceptionHelper.java:101)
	at org.hibernate.resource.jdbc.internal.LogicalConnectionManagedImpl.acquire(LogicalConnectionManagedImpl.java:190)
	at org.hibernate.resource.jdbc.internal.LogicalConnectionManagedImpl.acquireConnectionIfNeeded(LogicalConnectionManagedImpl.java:87)
	at org.hibernate.resource.jdbc.internal.LogicalConnectionManagedImpl.getPhysicalConnection(LogicalConnectionManagedImpl.java:126)
	at org.springframework.orm.jpa.vendor.HibernateJpaDialect.beginTransaction(HibernateJpaDialect.java:135)
	at org.springframework.orm.jpa.JpaTransactionManager.doBegin(JpaTransactionManager.java:411)
	... 113 common frames omitted
Caused by: java.sql.SQLTransientConnectionException: HikariPool-1 - Connection is not available, request timed out after 30000ms (total=0, active=0, idle=0, waiting=1)
	at com.zaxxer.hikari.pool.HikariPool.createTimeoutException(HikariPool.java:714)
	at com.zaxxer.hikari.pool.HikariPool.getConnection(HikariPool.java:184)
	at com.zaxxer.hikari.pool.HikariPool.getConnection(HikariPool.java:142)
	at com.zaxxer.hikari.HikariDataSource.getConnection(HikariDataSource.java:127)
	at org.hibernate.engine.jdbc.connections.internal.DataSourceConnectionProvider.getConnection(DataSourceConnectionProvider.java:137)
	at org.hibernate.internal.NonContextualJdbcConnectionAccess.obtainConnection(NonContextualJdbcConnectionAccess.java:47)
	at org.hibernate.resource.jdbc.internal.LogicalConnectionManagedImpl.acquire(LogicalConnectionManagedImpl.java:187)
	... 117 common frames omitted
Caused by: com.mysql.cj.jdbc.exceptions.CommunicationsException: Communications link failure

The last packet sent successfully to the server was 0 milliseconds ago. The driver has not received any packets from the server.
	at com.mysql.cj.jdbc.exceptions.SQLError.createCommunicationsException(SQLError.java:165)
	at com.mysql.cj.jdbc.exceptions.SQLExceptionsMapping.translateException(SQLExceptionsMapping.java:55)
	at com.mysql.cj.jdbc.ConnectionImpl.createNewIO(ConnectionImpl.java:840)
	at com.mysql.cj.jdbc.ConnectionImpl.<init>(ConnectionImpl.java:416)
	at com.mysql.cj.jdbc.ConnectionImpl.getInstance(ConnectionImpl.java:237)
	at com.mysql.cj.jdbc.NonRegisteringDriver.connect(NonRegisteringDriver.java:180)
	at com.zaxxer.hikari.util.DriverDataSource.getConnection(DriverDataSource.java:144)
	at com.zaxxer.hikari.pool.PoolBase.newConnection(PoolBase.java:373)
	at com.zaxxer.hikari.pool.PoolBase.newPoolEntry(PoolBase.java:210)
	at com.zaxxer.hikari.pool.HikariPool.createPoolEntry(HikariPool.java:488)
	at com.zaxxer.hikari.pool.HikariPool$PoolEntryCreator.call(HikariPool.java:752)
	at com.zaxxer.hikari.pool.HikariPool$PoolEntryCreator.call(HikariPool.java:731)
	at java.base/java.util.concurrent.FutureTask.run(FutureTask.java:317)
	at java.base/java.util.concurrent.ThreadPoolExecutor.runWorker(ThreadPoolExecutor.java:1144)
	at java.base/java.util.concurrent.ThreadPoolExecutor$Worker.run(ThreadPoolExecutor.java:642)
	... 1 common frames omitted
Caused by: com.mysql.cj.exceptions.CJCommunicationsException: Communications link failure

The last packet sent successfully to the server was 0 milliseconds ago. The driver has not received any packets from the server.
	at java.base/jdk.internal.reflect.DirectConstructorHandleAccessor.newInstance(DirectConstructorHandleAccessor.java:62)
	at java.base/java.lang.reflect.Constructor.newInstanceWithCaller(Constructor.java:502)
	at java.base/java.lang.reflect.Constructor.newInstance(Constructor.java:486)
	at com.mysql.cj.exceptions.ExceptionFactory.createException(ExceptionFactory.java:52)
	at com.mysql.cj.exceptions.ExceptionFactory.createException(ExceptionFactory.java:95)
	at com.mysql.cj.exceptions.ExceptionFactory.createException(ExceptionFactory.java:140)
	at com.mysql.cj.exceptions.ExceptionFactory.createCommunicationsException(ExceptionFactory.java:156)
	at com.mysql.cj.protocol.a.NativeSocketConnection.connect(NativeSocketConnection.java:79)
	at com.mysql.cj.NativeSession.connect(NativeSession.java:142)
	at com.mysql.cj.jdbc.ConnectionImpl.connectOneTryOnly(ConnectionImpl.java:964)
	at com.mysql.cj.jdbc.ConnectionImpl.createNewIO(ConnectionImpl.java:828)
	... 13 common frames omitted
Caused by: java.net.UnknownHostException: No such host is known (auth-db948.hstgr.io)
	at java.base/java.net.Inet6AddressImpl.lookupAllHostAddr(Native Method)
	at java.base/java.net.Inet6AddressImpl.lookupAllHostAddr(Inet6AddressImpl.java:52)
	at java.base/java.net.InetAddress$PlatformResolver.lookupByName(InetAddress.java:1211)
	at java.base/java.net.InetAddress.getAddressesFromNameService(InetAddress.java:1828)
	at java.base/java.net.InetAddress$NameServiceAddresses.get(InetAddress.java:1139)
	at java.base/java.net.InetAddress.getAllByName0(InetAddress.java:1818)
	at java.base/java.net.InetAddress.getAllByName(InetAddress.java:1688)
	at com.mysql.cj.protocol.StandardSocketFactory.connect(StandardSocketFactory.java:121)
	at com.mysql.cj.protocol.a.NativeSocketConnection.connect(NativeSocketConnection.java:53)
	... 16 common frames omitted
2026-07-21 18:06:35 [http-nio-8080-exec-2] WARN  o.s.w.s.m.m.a.ExceptionHandlerExceptionResolver - Resolved [org.springframework.transaction.CannotCreateTransactionException: Could not open JPA EntityManager for transaction]
2026-07-21 18:06:44 [http-nio-8080-exec-10] INFO  c.e.Docgen_Backend.config.JwtFilter - JWT validated successfully for userId=6a311365ec2c34f3d9e4f06e
2026-07-21 18:06:44 [http-nio-8080-exec-10] INFO  c.e.D.controller.UserController - GET /api/v2/users - Fetch all users request received | page=0, size=8, sortBy=id, direction=desc
2026-07-21 18:07:11 [http-nio-8080-exec-1] INFO  c.e.D.controller.UserController - Fetched 8 users on page 0 of 3
2026-07-21 18:07:15 [http-nio-8080-exec-10] INFO  c.e.D.controller.UserController - Fetched 8 users on page 0 of 3
2026-07-21 18:08:32 [HikariPool-1:housekeeper] WARN  com.zaxxer.hikari.pool.PoolBase - HikariPool-1 - Failed to validate connection com.mysql.cj.jdbc.ConnectionImpl@5211c1a8 (No operations allowed after connection closed.). Possibly consider using a shorter maxLifetime value.
2026-07-21 18:08:34 [HikariPool-1:housekeeper] WARN  com.zaxxer.hikari.pool.PoolBase - HikariPool-1 - Failed to validate connection com.mysql.cj.jdbc.ConnectionImpl@1693034 (No operations allowed after connection closed.). Possibly consider using a shorter maxLifetime value.
2026-07-21 18:08:47 [HikariPool-1:housekeeper] WARN  com.zaxxer.hikari.pool.PoolBase - HikariPool-1 - Failed to validate connection com.mysql.cj.jdbc.ConnectionImpl@5ae825a6 (No operations allowed after connection closed.). Possibly consider using a shorter maxLifetime value.
2026-07-21 18:08:48 [HikariPool-1:housekeeper] WARN  com.zaxxer.hikari.pool.PoolBase - HikariPool-1 - Failed to validate connection com.mysql.cj.jdbc.ConnectionImpl@468c4e47 (No operations allowed after connection closed.). Possibly consider using a shorter maxLifetime value.
2026-07-21 18:08:52 [http-nio-8080-exec-6] INFO  c.e.Docgen_Backend.config.JwtFilter - JWT validated successfully for userId=6a311365ec2c34f3d9e4f06e
2026-07-21 18:08:52 [http-nio-8080-exec-6] INFO  c.e.D.controller.UserController - GET /api/v2/users/32 - Fetch request received
2026-07-21 18:08:52 [http-nio-8080-exec-6] INFO  c.e.D.service.impl.UserServiceImpl - Fetching user profile for edit | userId=32
2026-07-21 18:08:52 [http-nio-8080-exec-6] DEBUG c.e.D.service.impl.UserServiceImpl - User found | userId=32 | employeeId=PSCS836
2026-07-21 18:08:52 [http-nio-8080-exec-6] INFO  c.e.D.service.impl.UserServiceImpl - User profile fetched successfully | userId=32 | timeTaken=489ms
2026-07-21 18:08:52 [http-nio-8080-exec-6] INFO  c.e.D.controller.UserController - Profile fetched successfully for userId=32
2026-07-21 18:08:52 [http-nio-8080-exec-6] DEBUG c.e.D.controller.UserController - Fetched profile data: UserProfileResponseDTO(id=32, employeeName=Prashant Kiran Yadav, employeeId=PSCS836, email=yprashantkiran@gmail.com, mobileNo=8446861516, joiningDesignation=Jr. Software Test Engineer, currentDesignation=Software Test Engineer, department=IT, company=PSCS, identity=MR, pfType=WITHOUT_PF, accountNo=369201504327, bankName=ICICI Bank, currentAddress=Dhumal mala, near theur phata, Kunjirwadi, Pune -412201, permanentAddress=Dhumal mala, near theur phata, Kunjirwadi, Pune -412201, joiningCTC=366000.0, currentCTC=547176.0, dateOfBirth=1988-06-10, offerDate=2022-08-03, joiningDate=2022-09-06, panNo=AFLPY4911L, documents={APPOINTMENT_LETTER=DocumentResponseDTO(generated=false, data=null), INTERNSHIP_LETTER=DocumentResponseDTO(generated=false, data=null), EXPERIENCE_LETTER=DocumentResponseDTO(generated=false, data=null), FULL_AND_FINAL=DocumentResponseDTO(generated=false, data=null), CONFIRMATION_LETTER=DocumentResponseDTO(generated=false, data=null), INCREMENT_LETTER=DocumentResponseDTO(generated=true, data={issueDate=2025-04-01}), RELIEVING_LETTER=DocumentResponseDTO(generated=false, data=null), SALARY_SLIP=DocumentResponseDTO(generated=true, data={startMonth=2026-04, endMonth=2026-06}), COMPLETION_LETTER=DocumentResponseDTO(generated=false, data=null), OFFER_LETTER=DocumentResponseDTO(generated=true, data={issueDate=2022-08-03, probationPeriod=3})})
2026-07-21 18:08:52 [http-nio-8080-exec-9] INFO  c.e.Docgen_Backend.config.JwtFilter - JWT validated successfully for userId=6a311365ec2c34f3d9e4f06e
2026-07-21 18:08:52 [http-nio-8080-exec-9] INFO  c.e.D.controller.UserController - GET /api/v2/users/32 - Fetch request received
2026-07-21 18:08:52 [http-nio-8080-exec-9] INFO  c.e.D.service.impl.UserServiceImpl - Fetching user profile for edit | userId=32
2026-07-21 18:08:53 [http-nio-8080-exec-9] DEBUG c.e.D.service.impl.UserServiceImpl - User found | userId=32 | employeeId=PSCS836
2026-07-21 18:08:53 [http-nio-8080-exec-9] INFO  c.e.D.service.impl.UserServiceImpl - User profile fetched successfully | userId=32 | timeTaken=998ms
2026-07-21 18:08:53 [http-nio-8080-exec-9] INFO  c.e.D.controller.UserController - Profile fetched successfully for userId=32
2026-07-21 18:08:53 [http-nio-8080-exec-9] DEBUG c.e.D.controller.UserController - Fetched profile data: UserProfileResponseDTO(id=32, employeeName=Prashant Kiran Yadav, employeeId=PSCS836, email=yprashantkiran@gmail.com, mobileNo=8446861516, joiningDesignation=Jr. Software Test Engineer, currentDesignation=Software Test Engineer, department=IT, company=PSCS, identity=MR, pfType=WITHOUT_PF, accountNo=369201504327, bankName=ICICI Bank, currentAddress=Dhumal mala, near theur phata, Kunjirwadi, Pune -412201, permanentAddress=Dhumal mala, near theur phata, Kunjirwadi, Pune -412201, joiningCTC=366000.0, currentCTC=547176.0, dateOfBirth=1988-06-10, offerDate=2022-08-03, joiningDate=2022-09-06, panNo=AFLPY4911L, documents={APPOINTMENT_LETTER=DocumentResponseDTO(generated=false, data=null), INTERNSHIP_LETTER=DocumentResponseDTO(generated=false, data=null), EXPERIENCE_LETTER=DocumentResponseDTO(generated=false, data=null), FULL_AND_FINAL=DocumentResponseDTO(generated=false, data=null), CONFIRMATION_LETTER=DocumentResponseDTO(generated=false, data=null), INCREMENT_LETTER=DocumentResponseDTO(generated=true, data={issueDate=2025-04-01}), RELIEVING_LETTER=DocumentResponseDTO(generated=false, data=null), SALARY_SLIP=DocumentResponseDTO(generated=true, data={startMonth=2026-04, endMonth=2026-06}), COMPLETION_LETTER=DocumentResponseDTO(generated=false, data=null), OFFER_LETTER=DocumentResponseDTO(generated=true, data={issueDate=2022-08-03, probationPeriod=3})})
2026-07-21 18:08:56 [http-nio-8080-exec-2] INFO  c.e.Docgen_Backend.config.JwtFilter - JWT validated successfully for userId=6a311365ec2c34f3d9e4f06e
2026-07-21 18:08:56 [http-nio-8080-exec-2] INFO  c.e.D.controller.UserController - PATCH /api/v2/users/32 - Update request received for employeeId=PSCS836
2026-07-21 18:08:56 [http-nio-8080-exec-2] DEBUG c.e.D.controller.UserController - Update payload: CreateProfileRequest(employeeName=Prashant Kiran Yadav, email=yprashantkiran@gmail.com, mobileNo=8446861516, employeeId=PSCS836, joiningDesignation=Jr. Software Test Engineer, currentDesignation=Software Test Engineer, department=IT, currentAddress=Dhumal mala, near theur phata, Kunjirwadi, Pune -412201, permanentAddress=Dhumal mala, near theur phata, Kunjirwadi, Pune -412201, accountNo=369201504327, bankName=ICICI Bank, joiningCTC=366000.0, currentCTC=547176.0, dateOfBirth=1988-06-10, offerDate=2022-08-03, joiningDate=2022-09-06, panNo=AFLPY4911L, company=PSCS, pfType=WITHOUT_PF, identity=MR, documents=[INCREMENT_LETTER, SALARY_SLIP, OFFER_LETTER], documentData={OFFER_LETTER={issueDate=2022-08-03, probationPeriod=3}, INCREMENT_LETTER={issueDate=2025-04-01}, SALARY_SLIP={startMonth=2026-04, endMonth=2026-06, salaryWorkdays={2026-04=30, 2026-05=31, 2026-06=30}}})
2026-07-21 18:08:56 [http-nio-8080-exec-2] INFO  c.e.D.service.impl.UserServiceImpl - Updating user profile | userId=32 | employeeId=PSCS836
2026-07-21 18:08:57 [http-nio-8080-exec-2] DEBUG c.e.D.service.impl.UserServiceImpl - Existing user fetched | userId=32 | oldEmployeeId=PSCS836
2026-07-21 18:08:57 [http-nio-8080-exec-2] DEBUG c.e.D.service.impl.UserServiceImpl - Updating documents | userId=32
2026-07-21 18:08:57 [http-nio-8080-exec-2] INFO  c.e.D.service.impl.UserServiceImpl - User profile updated successfully | userId=32 | timeTaken=561ms
2026-07-21 18:08:57 [http-nio-8080-exec-2] INFO  c.e.D.controller.UserController - Profile updated successfully for userId=32, employeeId=PSCS836
2026-07-21 18:10:37 [HikariPool-1:housekeeper] WARN  com.zaxxer.hikari.pool.PoolBase - HikariPool-1 - Failed to validate connection com.mysql.cj.jdbc.ConnectionImpl@e2c2e32 (No operations allowed after connection closed.). Possibly consider using a shorter maxLifetime value.
2026-07-21 18:10:46 [HikariPool-1:housekeeper] WARN  com.zaxxer.hikari.pool.PoolBase - HikariPool-1 - Failed to validate connection com.mysql.cj.jdbc.ConnectionImpl@5607e80b (No operations allowed after connection closed.). Possibly consider using a shorter maxLifetime value.
2026-07-21 18:11:44 [SpringApplicationShutdownHook] INFO  o.s.boot.tomcat.GracefulShutdown - Commencing graceful shutdown. Waiting for active requests to complete
2026-07-21 18:11:44 [tomcat-shutdown] INFO  o.s.boot.tomcat.GracefulShutdown - Graceful shutdown complete
2026-07-21 18:11:44 [SpringApplicationShutdownHook] INFO  o.s.o.j.LocalContainerEntityManagerFactoryBean - Closing JPA EntityManagerFactory for persistence unit 'default'
2026-07-21 18:11:44 [SpringApplicationShutdownHook] INFO  com.zaxxer.hikari.HikariDataSource - HikariPool-1 - Shutdown initiated...
2026-07-21 18:11:44 [SpringApplicationShutdownHook] INFO  com.zaxxer.hikari.HikariDataSource - HikariPool-1 - Shutdown completed.
2026-07-21 19:45:09 [background-preinit] INFO  o.h.validator.internal.util.Version - HV000001: Hibernate Validator 9.0.1.Final
2026-07-21 19:45:09 [restartedMain] INFO  c.e.D.DocgenBackendApplication - Starting DocgenBackendApplication using Java 21.0.9 with PID 10236 (E:\DocGen New Front V2\Docgen-Backend\target\classes started by prath in E:\DocGen New Front V2\Docgen-Backend)
2026-07-21 19:45:09 [restartedMain] DEBUG c.e.D.DocgenBackendApplication - Running with Spring Boot v4.0.6, Spring v7.0.7
2026-07-21 19:45:09 [restartedMain] INFO  c.e.D.DocgenBackendApplication - No active profile set, falling back to 1 default profile: "default"
2026-07-21 19:45:09 [restartedMain] INFO  o.s.b.d.e.DevToolsPropertyDefaultsPostProcessor - Devtools property defaults active! Set 'spring.devtools.add-properties' to 'false' to disable
2026-07-21 19:45:09 [restartedMain] INFO  o.s.b.d.e.DevToolsPropertyDefaultsPostProcessor - For additional web related logging consider setting the 'logging.level.web' property to 'DEBUG'
2026-07-21 19:45:10 [restartedMain] INFO  o.s.d.r.c.RepositoryConfigurationDelegate - Bootstrapping Spring Data JPA repositories in DEFAULT mode.
2026-07-21 19:45:10 [restartedMain] INFO  o.s.d.r.c.RepositoryConfigurationDelegate - Finished Spring Data repository scanning in 71 ms. Found 3 JPA repository interfaces.
2026-07-21 19:45:11 [restartedMain] INFO  o.s.boot.tomcat.TomcatWebServer - Tomcat initialized with port 8080 (http)
2026-07-21 19:45:11 [restartedMain] INFO  o.a.coyote.http11.Http11NioProtocol - Initializing ProtocolHandler ["http-nio-8080"]
2026-07-21 19:45:11 [restartedMain] INFO  o.a.catalina.core.StandardService - Starting service [Tomcat]
2026-07-21 19:45:11 [restartedMain] INFO  o.a.catalina.core.StandardEngine - Starting Servlet engine: [Apache Tomcat/11.0.21]
2026-07-21 19:45:11 [restartedMain] INFO  o.s.b.w.c.s.WebApplicationContextInitializer - Root WebApplicationContext: initialization completed in 2038 ms
2026-07-21 19:45:12 [restartedMain] DEBUG c.e.Docgen_Backend.config.JwtFilter - Filter 'jwtFilter' configured for use
2026-07-21 19:45:12 [restartedMain] INFO  org.hibernate.orm.jpa - HHH008540: Processing PersistenceUnitInfo [name: default]
2026-07-21 19:45:12 [restartedMain] INFO  org.hibernate.orm.core - HHH000001: Hibernate ORM core version 7.2.12.Final
2026-07-21 19:45:12 [restartedMain] INFO  o.s.o.j.p.SpringPersistenceUnitInfo - No LoadTimeWeaver setup: ignoring JPA class transformer
2026-07-21 19:45:12 [restartedMain] INFO  com.zaxxer.hikari.HikariDataSource - HikariPool-1 - Starting...
2026-07-21 19:45:13 [restartedMain] INFO  com.zaxxer.hikari.pool.HikariPool - HikariPool-1 - Added connection com.mysql.cj.jdbc.ConnectionImpl@237b9413
2026-07-21 19:45:13 [restartedMain] INFO  com.zaxxer.hikari.HikariDataSource - HikariPool-1 - Start completed.
2026-07-21 19:45:14 [restartedMain] WARN  org.hibernate.orm.jdbc - HHH100045: Could not obtain connection metadata: java.sql.SQLSyntaxErrorException: Unknown column 'RESERVED' in 'WHERE'
2026-07-21 19:45:14 [restartedMain] WARN  org.hibernate.orm.deprecation - HHH90000025: MySQLDialect does not need to be specified explicitly using 'hibernate.dialect' (remove the property setting and it will be selected by default)
2026-07-21 19:45:14 [restartedMain] INFO  o.hibernate.orm.connections.pooling - HHH10001005: Database info:
	Database JDBC URL [undefined/unknown]
	Database driver: undefined/unknown
	Database dialect: MySQLDialect
	Database version: 8.0
	Default catalog/schema: unknown/unknown
	Autocommit mode: undefined/unknown
	Isolation level: NONE [default NONE]
	JDBC fetch size: undefined/unknown
	Pool: DataSourceConnectionProvider
	Minimum pool size: undefined/unknown
	Maximum pool size: undefined/unknown
2026-07-21 19:45:15 [restartedMain] INFO  org.hibernate.orm.core - HHH000489: No JTA platform available (set 'hibernate.transaction.jta.platform' to enable JTA platform integration)
2026-07-21 19:45:23 [restartedMain] INFO  o.s.o.j.LocalContainerEntityManagerFactoryBean - Initialized JPA EntityManagerFactory for persistence unit 'default'
2026-07-21 19:45:23 [restartedMain] INFO  o.s.d.j.r.q.QueryEnhancerFactories - Hibernate is in classpath; If applicable, HQL parser will be used.
2026-07-21 19:45:23 [restartedMain] INFO  o.s.s.c.a.a.c.InitializeUserDetailsBeanManagerConfigurer$InitializeUserDetailsManagerConfigurer - Global AuthenticationManager configured with UserDetailsService bean with name customUserDetailsService
2026-07-21 19:45:23 [restartedMain] WARN  o.s.b.j.a.JpaBaseConfiguration$JpaWebConfiguration - spring.jpa.open-in-view is enabled by default. Therefore, database queries may be performed during view rendering. Explicitly configure spring.jpa.open-in-view to disable this warning
2026-07-21 19:45:24 [restartedMain] INFO  o.a.coyote.http11.Http11NioProtocol - Starting ProtocolHandler ["http-nio-8080"]
2026-07-21 19:45:24 [restartedMain] INFO  o.s.boot.tomcat.TomcatWebServer - Tomcat started on port 8080 (http) with context path '/'
2026-07-21 19:45:24 [restartedMain] INFO  c.e.D.DocgenBackendApplication - Started DocgenBackendApplication in 15.098 seconds (process running for 16.06)
2026-07-21 19:47:00 [HikariPool-1:housekeeper] WARN  com.zaxxer.hikari.pool.PoolBase - HikariPool-1 - Failed to validate connection com.mysql.cj.jdbc.ConnectionImpl@237b9413 (No operations allowed after connection closed.). Possibly consider using a shorter maxLifetime value.
2026-07-21 19:47:02 [HikariPool-1:housekeeper] WARN  com.zaxxer.hikari.pool.PoolBase - HikariPool-1 - Failed to validate connection com.mysql.cj.jdbc.ConnectionImpl@620414a4 (No operations allowed after connection closed.). Possibly consider using a shorter maxLifetime value.
2026-07-21 19:47:03 [HikariPool-1:housekeeper] WARN  com.zaxxer.hikari.pool.PoolBase - HikariPool-1 - Failed to validate connection com.mysql.cj.jdbc.ConnectionImpl@3565daf4 (No operations allowed after connection closed.). Possibly consider using a shorter maxLifetime value.
2026-07-21 19:49:01 [HikariPool-1:housekeeper] WARN  com.zaxxer.hikari.pool.PoolBase - HikariPool-1 - Failed to validate connection com.mysql.cj.jdbc.ConnectionImpl@455b283a (No operations allowed after connection closed.). Possibly consider using a shorter maxLifetime value.
2026-07-21 19:49:02 [HikariPool-1:housekeeper] WARN  com.zaxxer.hikari.pool.PoolBase - HikariPool-1 - Failed to validate connection com.mysql.cj.jdbc.ConnectionImpl@681170d3 (No operations allowed after connection closed.). Possibly consider using a shorter maxLifetime value.
2026-07-21 19:50:52 [HikariPool-1:housekeeper] WARN  com.zaxxer.hikari.pool.PoolBase - HikariPool-1 - Failed to validate connection com.mysql.cj.jdbc.ConnectionImpl@73b8b55f (No operations allowed after connection closed.). Possibly consider using a shorter maxLifetime value.
2026-07-21 19:50:59 [HikariPool-1:housekeeper] WARN  com.zaxxer.hikari.pool.PoolBase - HikariPool-1 - Failed to validate connection com.mysql.cj.jdbc.ConnectionImpl@52f12e98 (No operations allowed after connection closed.). Possibly consider using a shorter maxLifetime value.
2026-07-21 19:52:31 [HikariPool-1:housekeeper] WARN  com.zaxxer.hikari.pool.PoolBase - HikariPool-1 - Failed to validate connection com.mysql.cj.jdbc.ConnectionImpl@72112df (No operations allowed after connection closed.). Possibly consider using a shorter maxLifetime value.
2026-07-21 19:52:51 [HikariPool-1:housekeeper] WARN  com.zaxxer.hikari.pool.PoolBase - HikariPool-1 - Failed to validate connection com.mysql.cj.jdbc.ConnectionImpl@411382f7 (No operations allowed after connection closed.). Possibly consider using a shorter maxLifetime value.
2026-07-21 19:53:37 [http-nio-8080-exec-1] INFO  o.a.c.c.C.[Tomcat].[localhost].[/] - Initializing Spring DispatcherServlet 'dispatcherServlet'
2026-07-21 19:53:37 [http-nio-8080-exec-1] INFO  o.s.web.servlet.DispatcherServlet - Initializing Servlet 'dispatcherServlet'
2026-07-21 19:53:37 [http-nio-8080-exec-1] INFO  o.s.web.servlet.DispatcherServlet - Completed initialization in 3 ms
2026-07-21 19:53:37 [http-nio-8080-exec-3] INFO  c.e.Docgen_Backend.config.JwtFilter - JWT validated successfully for userId=6a311365ec2c34f3d9e4f06e
2026-07-21 19:53:37 [http-nio-8080-exec-3] INFO  c.e.D.controller.UserController - POST /api/v2/users/create-profile - Request received for employeeId=null
2026-07-21 19:53:37 [http-nio-8080-exec-3] DEBUG c.e.D.controller.UserController - Full request payload: CreateProfileRequest(employeeName=Dushant Sunil Rohane, email=dushantrohane@outlook.com, mobileNo=8862091374, employeeId=null, joiningDesignation=Power BI Developer, currentDesignation=Power BI Developer, department=IT, currentAddress=At post gadchnadur, Chandrapur,442908, permanentAddress=At post gadchnadur, Chandrapur,442908, accountNo=38812654268, bankName=SBI Bank, joiningCTC=300000.0, currentCTC=325008.0, dateOfBirth=2002-11-15, offerDate=2025-04-24, joiningDate=2025-05-05, panNo=FAGPR4436E, company=RPBS, pfType=WITHOUT_PF, identity=MR, documents=[SALARY_SLIP, OFFER_LETTER, INCREMENT_LETTER, EXPERIENCE_LETTER, RELIEVING_LETTER], documentData={OFFER_LETTER={issueDate=2025-04-24, probationPeriod=3}, INCREMENT_LETTER={issueDate=2026-04-01}, EXPERIENCE_LETTER={relievingDate=2026-07-24, issueDate=2026-07-24}, RELIEVING_LETTER={relievingDate=2026-07-24, issueDate=2026-07-24}, SALARY_SLIP={startMonth=2026-04, endMonth=2026-06, salaryWorkdays={2026-04=30, 2026-05=31, 2026-06=30}}})
2026-07-21 19:53:37 [http-nio-8080-exec-3] WARN  com.zaxxer.hikari.pool.PoolBase - HikariPool-1 - Failed to validate connection com.mysql.cj.jdbc.ConnectionImpl@47f435b6 (No operations allowed after connection closed.). Possibly consider using a shorter maxLifetime value.
2026-07-21 19:53:37 [http-nio-8080-exec-3] WARN  com.zaxxer.hikari.pool.PoolBase - HikariPool-1 - Failed to validate connection com.mysql.cj.jdbc.ConnectionImpl@6a44d03f (No operations allowed after connection closed.). Possibly consider using a shorter maxLifetime value.
2026-07-21 19:53:38 [http-nio-8080-exec-3] INFO  c.e.D.service.impl.UserServiceImpl - Generated employeeId=RPBS002 for company=RPBS
2026-07-21 19:53:38 [http-nio-8080-exec-3] INFO  c.e.D.service.impl.UserServiceImpl - User profile created successfully for employeeId=RPBS002
2026-07-21 19:53:38 [http-nio-8080-exec-3] INFO  c.e.D.controller.UserController - Profile created successfully for employeeId=RPBS002
2026-07-21 19:54:12 [http-nio-8080-exec-4] INFO  c.e.Docgen_Backend.config.JwtFilter - JWT validated successfully for userId=6a311365ec2c34f3d9e4f06e
2026-07-21 19:54:12 [http-nio-8080-exec-4] ERROR c.e.D.e.GlobalExceptionHandler - Unexpected error occurred
org.springframework.web.method.annotation.MethodArgumentTypeMismatchException: Method parameter 'id': Failed to convert value of type 'java.lang.String' to required type 'java.lang.Long'; For input string: "undefined"
	at org.springframework.web.method.annotation.AbstractNamedValueMethodArgumentResolver.convertIfNecessary(AbstractNamedValueMethodArgumentResolver.java:295)
	at org.springframework.web.method.annotation.AbstractNamedValueMethodArgumentResolver.resolveArgument(AbstractNamedValueMethodArgumentResolver.java:134)
	at org.springframework.web.method.support.HandlerMethodArgumentResolverComposite.resolveArgument(HandlerMethodArgumentResolverComposite.java:122)
	at org.springframework.web.method.support.InvocableHandlerMethod.getMethodArgumentValues(InvocableHandlerMethod.java:224)
	at org.springframework.web.method.support.InvocableHandlerMethod.invokeForRequest(InvocableHandlerMethod.java:174)
	at org.springframework.web.servlet.mvc.method.annotation.ServletInvocableHandlerMethod.invokeAndHandle(ServletInvocableHandlerMethod.java:117)
	at org.springframework.web.servlet.mvc.method.annotation.RequestMappingHandlerAdapter.invokeHandlerMethod(RequestMappingHandlerAdapter.java:934)
	at org.springframework.web.servlet.mvc.method.annotation.RequestMappingHandlerAdapter.handleInternal(RequestMappingHandlerAdapter.java:853)
	at org.springframework.web.servlet.mvc.method.AbstractHandlerMethodAdapter.handle(AbstractHandlerMethodAdapter.java:86)
	at org.springframework.web.servlet.DispatcherServlet.doDispatch(DispatcherServlet.java:963)
	at org.springframework.web.servlet.DispatcherServlet.doService(DispatcherServlet.java:866)
	at org.springframework.web.servlet.FrameworkServlet.processRequest(FrameworkServlet.java:1000)
	at org.springframework.web.servlet.FrameworkServlet.service(FrameworkServlet.java:877)
	at jakarta.servlet.http.HttpServlet.service(HttpServlet.java:710)
	at org.apache.catalina.core.ApplicationFilterChain.doFilter(ApplicationFilterChain.java:128)
	at org.apache.tomcat.websocket.server.WsFilter.doFilter(WsFilter.java:53)
	at org.apache.catalina.core.ApplicationFilterChain.doFilter(ApplicationFilterChain.java:107)
	at org.springframework.web.filter.OncePerRequestFilter.doFilter(OncePerRequestFilter.java:110)
	at org.apache.catalina.core.ApplicationFilterChain.doFilter(ApplicationFilterChain.java:107)
	at org.springframework.web.filter.CompositeFilter$VirtualFilterChain.doFilter(CompositeFilter.java:108)
	at org.springframework.security.web.FilterChainProxy.lambda$doFilterInternal$3(FilterChainProxy.java:235)
	at org.springframework.security.web.FilterChainProxy$VirtualFilterChain.doFilter(FilterChainProxy.java:376)
	at org.springframework.security.web.access.intercept.AuthorizationFilter.doFilter(AuthorizationFilter.java:101)
	at org.springframework.security.web.FilterChainProxy$VirtualFilterChain.doFilter(FilterChainProxy.java:385)
	at org.springframework.security.web.access.ExceptionTranslationFilter.doFilter(ExceptionTranslationFilter.java:126)
	at org.springframework.security.web.access.ExceptionTranslationFilter.doFilter(ExceptionTranslationFilter.java:120)
	at org.springframework.security.web.FilterChainProxy$VirtualFilterChain.doFilter(FilterChainProxy.java:385)
	at org.springframework.security.web.session.SessionManagementFilter.doFilter(SessionManagementFilter.java:132)
	at org.springframework.security.web.session.SessionManagementFilter.doFilter(SessionManagementFilter.java:86)
	at org.springframework.security.web.FilterChainProxy$VirtualFilterChain.doFilter(FilterChainProxy.java:385)
	at org.springframework.security.web.authentication.AnonymousAuthenticationFilter.doFilter(AnonymousAuthenticationFilter.java:100)
	at org.springframework.security.web.FilterChainProxy$VirtualFilterChain.doFilter(FilterChainProxy.java:385)
	at org.springframework.security.web.servletapi.SecurityContextHolderAwareRequestFilter.doFilter(SecurityContextHolderAwareRequestFilter.java:181)
	at org.springframework.security.web.FilterChainProxy$VirtualFilterChain.doFilter(FilterChainProxy.java:385)
	at org.springframework.security.web.savedrequest.RequestCacheAwareFilter.doFilter(RequestCacheAwareFilter.java:63)
	at org.springframework.security.web.FilterChainProxy$VirtualFilterChain.doFilter(FilterChainProxy.java:385)
	at com.example.Docgen_Backend.config.JwtFilter.doFilterInternal(JwtFilter.java:111)
	at org.springframework.web.filter.OncePerRequestFilter.doFilter(OncePerRequestFilter.java:116)
	at org.springframework.security.web.FilterChainProxy$VirtualFilterChain.doFilter(FilterChainProxy.java:385)
	at org.springframework.security.web.authentication.logout.LogoutFilter.doFilter(LogoutFilter.java:110)
	at org.springframework.security.web.authentication.logout.LogoutFilter.doFilter(LogoutFilter.java:96)
	at org.springframework.security.web.FilterChainProxy$VirtualFilterChain.doFilter(FilterChainProxy.java:385)
	at org.springframework.web.filter.CorsFilter.doFilterInternal(CorsFilter.java:91)
	at org.springframework.web.filter.OncePerRequestFilter.doFilter(OncePerRequestFilter.java:116)
	at org.springframework.security.web.FilterChainProxy$VirtualFilterChain.doFilter(FilterChainProxy.java:385)
	at org.springframework.security.web.header.HeaderWriterFilter.doHeadersAfter(HeaderWriterFilter.java:90)
	at org.springframework.security.web.header.HeaderWriterFilter.doFilterInternal(HeaderWriterFilter.java:75)
	at org.springframework.web.filter.OncePerRequestFilter.doFilter(OncePerRequestFilter.java:116)
	at org.springframework.security.web.FilterChainProxy$VirtualFilterChain.doFilter(FilterChainProxy.java:385)
	at org.springframework.security.web.context.SecurityContextHolderFilter.doFilter(SecurityContextHolderFilter.java:82)
	at org.springframework.security.web.context.SecurityContextHolderFilter.doFilter(SecurityContextHolderFilter.java:69)
	at org.springframework.security.web.FilterChainProxy$VirtualFilterChain.doFilter(FilterChainProxy.java:385)
	at org.springframework.security.web.context.request.async.WebAsyncManagerIntegrationFilter.doFilterInternal(WebAsyncManagerIntegrationFilter.java:62)
	at org.springframework.web.filter.OncePerRequestFilter.doFilter(OncePerRequestFilter.java:116)
	at org.springframework.security.web.FilterChainProxy$VirtualFilterChain.doFilter(FilterChainProxy.java:385)
	at org.springframework.security.web.session.DisableEncodeUrlFilter.doFilterInternal(DisableEncodeUrlFilter.java:42)
	at org.springframework.web.filter.OncePerRequestFilter.doFilter(OncePerRequestFilter.java:116)
	at org.springframework.security.web.FilterChainProxy$VirtualFilterChain.doFilter(FilterChainProxy.java:385)
	at org.springframework.security.web.FilterChainProxy.doFilterInternal(FilterChainProxy.java:237)
	at org.springframework.security.web.FilterChainProxy.doFilter(FilterChainProxy.java:195)
	at org.springframework.web.filter.CompositeFilter$VirtualFilterChain.doFilter(CompositeFilter.java:113)
	at org.springframework.web.filter.ServletRequestPathFilter.doFilter(ServletRequestPathFilter.java:52)
	at org.springframework.web.filter.CompositeFilter$VirtualFilterChain.doFilter(CompositeFilter.java:113)
	at org.springframework.web.filter.CompositeFilter.doFilter(CompositeFilter.java:74)
	at org.springframework.security.config.annotation.web.configuration.WebSecurityConfiguration$CompositeFilterChainProxy.doFilter(WebSecurityConfiguration.java:317)
	at org.springframework.web.filter.DelegatingFilterProxy.invokeDelegate(DelegatingFilterProxy.java:355)
	at org.springframework.web.filter.DelegatingFilterProxy.doFilter(DelegatingFilterProxy.java:272)
	at org.apache.catalina.core.ApplicationFilterChain.doFilter(ApplicationFilterChain.java:107)
	at org.springframework.web.filter.RequestContextFilter.doFilterInternal(RequestContextFilter.java:100)
	at org.springframework.web.filter.OncePerRequestFilter.doFilter(OncePerRequestFilter.java:116)
	at org.apache.catalina.core.ApplicationFilterChain.doFilter(ApplicationFilterChain.java:107)
	at org.springframework.web.filter.FormContentFilter.doFilterInternal(FormContentFilter.java:93)
	at org.springframework.web.filter.OncePerRequestFilter.doFilter(OncePerRequestFilter.java:116)
	at org.apache.catalina.core.ApplicationFilterChain.doFilter(ApplicationFilterChain.java:107)
	at org.springframework.web.filter.CharacterEncodingFilter.doFilterInternal(CharacterEncodingFilter.java:199)
	at org.springframework.web.filter.OncePerRequestFilter.doFilter(OncePerRequestFilter.java:116)
	at org.apache.catalina.core.ApplicationFilterChain.doFilter(ApplicationFilterChain.java:107)
	at org.apache.catalina.core.StandardWrapperValve.invoke(StandardWrapperValve.java:165)
	at org.apache.catalina.core.StandardContextValve.invoke(StandardContextValve.java:77)
	at org.apache.catalina.authenticator.AuthenticatorBase.invoke(AuthenticatorBase.java:492)
	at org.apache.catalina.core.StandardHostValve.invoke(StandardHostValve.java:113)
	at org.apache.catalina.valves.ErrorReportValve.invoke(ErrorReportValve.java:83)
	at org.apache.catalina.core.StandardEngineValve.invoke(StandardEngineValve.java:72)
	at org.apache.catalina.connector.CoyoteAdapter.service(CoyoteAdapter.java:341)
	at org.apache.coyote.http11.Http11Processor.service(Http11Processor.java:397)
	at org.apache.coyote.AbstractProcessorLight.process(AbstractProcessorLight.java:63)
	at org.apache.coyote.AbstractProtocol$ConnectionHandler.process(AbstractProtocol.java:903)
	at org.apache.tomcat.util.net.NioEndpoint$SocketProcessor.doRun(NioEndpoint.java:1801)
	at org.apache.tomcat.util.net.SocketProcessorBase.run(SocketProcessorBase.java:52)
	at org.apache.tomcat.util.threads.ThreadPoolExecutor.runWorker(ThreadPoolExecutor.java:946)
	at org.apache.tomcat.util.threads.ThreadPoolExecutor$Worker.run(ThreadPoolExecutor.java:480)
	at org.apache.tomcat.util.threads.TaskThread$WrappingRunnable.run(TaskThread.java:57)
	at java.base/java.lang.Thread.run(Thread.java:1583)
Caused by: java.lang.NumberFormatException: For input string: "undefined"
	at java.base/java.lang.NumberFormatException.forInputString(NumberFormatException.java:67)
	at java.base/java.lang.Long.parseLong(Long.java:709)
	at java.base/java.lang.Long.valueOf(Long.java:1157)
	at org.springframework.util.NumberUtils.parseNumber(NumberUtils.java:204)
	at org.springframework.beans.propertyeditors.CustomNumberEditor.setAsText(CustomNumberEditor.java:115)
	at org.springframework.beans.TypeConverterDelegate.doConvertTextValue(TypeConverterDelegate.java:434)
	at org.springframework.beans.TypeConverterDelegate.doConvertValue(TypeConverterDelegate.java:407)
	at org.springframework.beans.TypeConverterDelegate.convertIfNecessary(TypeConverterDelegate.java:158)
	at org.springframework.beans.TypeConverterSupport.convertIfNecessary(TypeConverterSupport.java:75)
	at org.springframework.beans.TypeConverterSupport.convertIfNecessary(TypeConverterSupport.java:51)
	at org.springframework.validation.DataBinder.convertIfNecessary(DataBinder.java:843)
	at org.springframework.web.method.annotation.AbstractNamedValueMethodArgumentResolver.convertIfNecessary(AbstractNamedValueMethodArgumentResolver.java:287)
	... 92 common frames omitted
2026-07-21 19:54:12 [http-nio-8080-exec-4] WARN  o.s.w.s.m.m.a.ExceptionHandlerExceptionResolver - Resolved [org.springframework.web.method.annotation.MethodArgumentTypeMismatchException: Method parameter 'id': Failed to convert value of type 'java.lang.String' to required type 'java.lang.Long'; For input string: "undefined"]
2026-07-21 19:54:34 [http-nio-8080-exec-5] INFO  c.e.Docgen_Backend.config.JwtFilter - JWT validated successfully for userId=6a311365ec2c34f3d9e4f06e
2026-07-21 19:54:34 [http-nio-8080-exec-5] ERROR c.e.D.e.GlobalExceptionHandler - Unexpected error occurred
org.springframework.web.method.annotation.MethodArgumentTypeMismatchException: Method parameter 'id': Failed to convert value of type 'java.lang.String' to required type 'java.lang.Long'; For input string: "undefined"
	at org.springframework.web.method.annotation.AbstractNamedValueMethodArgumentResolver.convertIfNecessary(AbstractNamedValueMethodArgumentResolver.java:295)
	at org.springframework.web.method.annotation.AbstractNamedValueMethodArgumentResolver.resolveArgument(AbstractNamedValueMethodArgumentResolver.java:134)
	at org.springframework.web.method.support.HandlerMethodArgumentResolverComposite.resolveArgument(HandlerMethodArgumentResolverComposite.java:122)
	at org.springframework.web.method.support.InvocableHandlerMethod.getMethodArgumentValues(InvocableHandlerMethod.java:224)
	at org.springframework.web.method.support.InvocableHandlerMethod.invokeForRequest(InvocableHandlerMethod.java:174)
	at org.springframework.web.servlet.mvc.method.annotation.ServletInvocableHandlerMethod.invokeAndHandle(ServletInvocableHandlerMethod.java:117)
	at org.springframework.web.servlet.mvc.method.annotation.RequestMappingHandlerAdapter.invokeHandlerMethod(RequestMappingHandlerAdapter.java:934)
	at org.springframework.web.servlet.mvc.method.annotation.RequestMappingHandlerAdapter.handleInternal(RequestMappingHandlerAdapter.java:853)
	at org.springframework.web.servlet.mvc.method.AbstractHandlerMethodAdapter.handle(AbstractHandlerMethodAdapter.java:86)
	at org.springframework.web.servlet.DispatcherServlet.doDispatch(DispatcherServlet.java:963)
	at org.springframework.web.servlet.DispatcherServlet.doService(DispatcherServlet.java:866)
	at org.springframework.web.servlet.FrameworkServlet.processRequest(FrameworkServlet.java:1000)
	at org.springframework.web.servlet.FrameworkServlet.service(FrameworkServlet.java:877)
	at jakarta.servlet.http.HttpServlet.service(HttpServlet.java:710)
	at org.apache.catalina.core.ApplicationFilterChain.doFilter(ApplicationFilterChain.java:128)
	at org.apache.tomcat.websocket.server.WsFilter.doFilter(WsFilter.java:53)
	at org.apache.catalina.core.ApplicationFilterChain.doFilter(ApplicationFilterChain.java:107)
	at org.springframework.web.filter.OncePerRequestFilter.doFilter(OncePerRequestFilter.java:110)
	at org.apache.catalina.core.ApplicationFilterChain.doFilter(ApplicationFilterChain.java:107)
	at org.springframework.web.filter.CompositeFilter$VirtualFilterChain.doFilter(CompositeFilter.java:108)
	at org.springframework.security.web.FilterChainProxy.lambda$doFilterInternal$3(FilterChainProxy.java:235)
	at org.springframework.security.web.FilterChainProxy$VirtualFilterChain.doFilter(FilterChainProxy.java:376)
	at org.springframework.security.web.access.intercept.AuthorizationFilter.doFilter(AuthorizationFilter.java:101)
	at org.springframework.security.web.FilterChainProxy$VirtualFilterChain.doFilter(FilterChainProxy.java:385)
	at org.springframework.security.web.access.ExceptionTranslationFilter.doFilter(ExceptionTranslationFilter.java:126)
	at org.springframework.security.web.access.ExceptionTranslationFilter.doFilter(ExceptionTranslationFilter.java:120)
	at org.springframework.security.web.FilterChainProxy$VirtualFilterChain.doFilter(FilterChainProxy.java:385)
	at org.springframework.security.web.session.SessionManagementFilter.doFilter(SessionManagementFilter.java:132)
	at org.springframework.security.web.session.SessionManagementFilter.doFilter(SessionManagementFilter.java:86)
	at org.springframework.security.web.FilterChainProxy$VirtualFilterChain.doFilter(FilterChainProxy.java:385)
	at org.springframework.security.web.authentication.AnonymousAuthenticationFilter.doFilter(AnonymousAuthenticationFilter.java:100)
	at org.springframework.security.web.FilterChainProxy$VirtualFilterChain.doFilter(FilterChainProxy.java:385)
	at org.springframework.security.web.servletapi.SecurityContextHolderAwareRequestFilter.doFilter(SecurityContextHolderAwareRequestFilter.java:181)
	at org.springframework.security.web.FilterChainProxy$VirtualFilterChain.doFilter(FilterChainProxy.java:385)
	at org.springframework.security.web.savedrequest.RequestCacheAwareFilter.doFilter(RequestCacheAwareFilter.java:63)
	at org.springframework.security.web.FilterChainProxy$VirtualFilterChain.doFilter(FilterChainProxy.java:385)
	at com.example.Docgen_Backend.config.JwtFilter.doFilterInternal(JwtFilter.java:111)
	at org.springframework.web.filter.OncePerRequestFilter.doFilter(OncePerRequestFilter.java:116)
	at org.springframework.security.web.FilterChainProxy$VirtualFilterChain.doFilter(FilterChainProxy.java:385)
	at org.springframework.security.web.authentication.logout.LogoutFilter.doFilter(LogoutFilter.java:110)
	at org.springframework.security.web.authentication.logout.LogoutFilter.doFilter(LogoutFilter.java:96)
	at org.springframework.security.web.FilterChainProxy$VirtualFilterChain.doFilter(FilterChainProxy.java:385)
	at org.springframework.web.filter.CorsFilter.doFilterInternal(CorsFilter.java:91)
	at org.springframework.web.filter.OncePerRequestFilter.doFilter(OncePerRequestFilter.java:116)
	at org.springframework.security.web.FilterChainProxy$VirtualFilterChain.doFilter(FilterChainProxy.java:385)
	at org.springframework.security.web.header.HeaderWriterFilter.doHeadersAfter(HeaderWriterFilter.java:90)
	at org.springframework.security.web.header.HeaderWriterFilter.doFilterInternal(HeaderWriterFilter.java:75)
	at org.springframework.web.filter.OncePerRequestFilter.doFilter(OncePerRequestFilter.java:116)
	at org.springframework.security.web.FilterChainProxy$VirtualFilterChain.doFilter(FilterChainProxy.java:385)
	at org.springframework.security.web.context.SecurityContextHolderFilter.doFilter(SecurityContextHolderFilter.java:82)
	at org.springframework.security.web.context.SecurityContextHolderFilter.doFilter(SecurityContextHolderFilter.java:69)
	at org.springframework.security.web.FilterChainProxy$VirtualFilterChain.doFilter(FilterChainProxy.java:385)
	at org.springframework.security.web.context.request.async.WebAsyncManagerIntegrationFilter.doFilterInternal(WebAsyncManagerIntegrationFilter.java:62)
	at org.springframework.web.filter.OncePerRequestFilter.doFilter(OncePerRequestFilter.java:116)
	at org.springframework.security.web.FilterChainProxy$VirtualFilterChain.doFilter(FilterChainProxy.java:385)
	at org.springframework.security.web.session.DisableEncodeUrlFilter.doFilterInternal(DisableEncodeUrlFilter.java:42)
	at org.springframework.web.filter.OncePerRequestFilter.doFilter(OncePerRequestFilter.java:116)
	at org.springframework.security.web.FilterChainProxy$VirtualFilterChain.doFilter(FilterChainProxy.java:385)
	at org.springframework.security.web.FilterChainProxy.doFilterInternal(FilterChainProxy.java:237)
	at org.springframework.security.web.FilterChainProxy.doFilter(FilterChainProxy.java:195)
	at org.springframework.web.filter.CompositeFilter$VirtualFilterChain.doFilter(CompositeFilter.java:113)
	at org.springframework.web.filter.ServletRequestPathFilter.doFilter(ServletRequestPathFilter.java:52)
	at org.springframework.web.filter.CompositeFilter$VirtualFilterChain.doFilter(CompositeFilter.java:113)
	at org.springframework.web.filter.CompositeFilter.doFilter(CompositeFilter.java:74)
	at org.springframework.security.config.annotation.web.configuration.WebSecurityConfiguration$CompositeFilterChainProxy.doFilter(WebSecurityConfiguration.java:317)
	at org.springframework.web.filter.DelegatingFilterProxy.invokeDelegate(DelegatingFilterProxy.java:355)
	at org.springframework.web.filter.DelegatingFilterProxy.doFilter(DelegatingFilterProxy.java:272)
	at org.apache.catalina.core.ApplicationFilterChain.doFilter(ApplicationFilterChain.java:107)
	at org.springframework.web.filter.RequestContextFilter.doFilterInternal(RequestContextFilter.java:100)
	at org.springframework.web.filter.OncePerRequestFilter.doFilter(OncePerRequestFilter.java:116)
	at org.apache.catalina.core.ApplicationFilterChain.doFilter(ApplicationFilterChain.java:107)
	at org.springframework.web.filter.FormContentFilter.doFilterInternal(FormContentFilter.java:93)
	at org.springframework.web.filter.OncePerRequestFilter.doFilter(OncePerRequestFilter.java:116)
	at org.apache.catalina.core.ApplicationFilterChain.doFilter(ApplicationFilterChain.java:107)
	at org.springframework.web.filter.CharacterEncodingFilter.doFilterInternal(CharacterEncodingFilter.java:199)
	at org.springframework.web.filter.OncePerRequestFilter.doFilter(OncePerRequestFilter.java:116)
	at org.apache.catalina.core.ApplicationFilterChain.doFilter(ApplicationFilterChain.java:107)
	at org.apache.catalina.core.StandardWrapperValve.invoke(StandardWrapperValve.java:165)
	at org.apache.catalina.core.StandardContextValve.invoke(StandardContextValve.java:77)
	at org.apache.catalina.authenticator.AuthenticatorBase.invoke(AuthenticatorBase.java:492)
	at org.apache.catalina.core.StandardHostValve.invoke(StandardHostValve.java:113)
	at org.apache.catalina.valves.ErrorReportValve.invoke(ErrorReportValve.java:83)
	at org.apache.catalina.core.StandardEngineValve.invoke(StandardEngineValve.java:72)
	at org.apache.catalina.connector.CoyoteAdapter.service(CoyoteAdapter.java:341)
	at org.apache.coyote.http11.Http11Processor.service(Http11Processor.java:397)
	at org.apache.coyote.AbstractProcessorLight.process(AbstractProcessorLight.java:63)
	at org.apache.coyote.AbstractProtocol$ConnectionHandler.process(AbstractProtocol.java:903)
	at org.apache.tomcat.util.net.NioEndpoint$SocketProcessor.doRun(NioEndpoint.java:1801)
	at org.apache.tomcat.util.net.SocketProcessorBase.run(SocketProcessorBase.java:52)
	at org.apache.tomcat.util.threads.ThreadPoolExecutor.runWorker(ThreadPoolExecutor.java:946)
	at org.apache.tomcat.util.threads.ThreadPoolExecutor$Worker.run(ThreadPoolExecutor.java:480)
	at org.apache.tomcat.util.threads.TaskThread$WrappingRunnable.run(TaskThread.java:57)
	at java.base/java.lang.Thread.run(Thread.java:1583)
Caused by: java.lang.NumberFormatException: For input string: "undefined"
	at java.base/java.lang.NumberFormatException.forInputString(NumberFormatException.java:67)
	at java.base/java.lang.Long.parseLong(Long.java:709)
	at java.base/java.lang.Long.valueOf(Long.java:1157)
	at org.springframework.util.NumberUtils.parseNumber(NumberUtils.java:204)
	at org.springframework.beans.propertyeditors.CustomNumberEditor.setAsText(CustomNumberEditor.java:115)
	at org.springframework.beans.TypeConverterDelegate.doConvertTextValue(TypeConverterDelegate.java:434)
	at org.springframework.beans.TypeConverterDelegate.doConvertValue(TypeConverterDelegate.java:407)
	at org.springframework.beans.TypeConverterDelegate.convertIfNecessary(TypeConverterDelegate.java:158)
	at org.springframework.beans.TypeConverterSupport.convertIfNecessary(TypeConverterSupport.java:75)
	at org.springframework.beans.TypeConverterSupport.convertIfNecessary(TypeConverterSupport.java:51)
	at org.springframework.validation.DataBinder.convertIfNecessary(DataBinder.java:843)
	at org.springframework.web.method.annotation.AbstractNamedValueMethodArgumentResolver.convertIfNecessary(AbstractNamedValueMethodArgumentResolver.java:287)
	... 92 common frames omitted
2026-07-21 19:54:34 [http-nio-8080-exec-5] WARN  o.s.w.s.m.m.a.ExceptionHandlerExceptionResolver - Resolved [org.springframework.web.method.annotation.MethodArgumentTypeMismatchException: Method parameter 'id': Failed to convert value of type 'java.lang.String' to required type 'java.lang.Long'; For input string: "undefined"]
2026-07-21 19:55:18 [HikariPool-1:housekeeper] WARN  com.zaxxer.hikari.pool.PoolBase - HikariPool-1 - Failed to validate connection com.mysql.cj.jdbc.ConnectionImpl@55eaa5e4 (No operations allowed after connection closed.). Possibly consider using a shorter maxLifetime value.
2026-07-21 19:55:25 [HikariPool-1:housekeeper] WARN  com.zaxxer.hikari.pool.PoolBase - HikariPool-1 - Failed to validate connection com.mysql.cj.jdbc.ConnectionImpl@7d5da476 (No operations allowed after connection closed.). Possibly consider using a shorter maxLifetime value.
2026-07-21 19:55:36 [HikariPool-1:housekeeper] WARN  com.zaxxer.hikari.pool.PoolBase - HikariPool-1 - Failed to validate connection com.mysql.cj.jdbc.ConnectionImpl@301b9897 (No operations allowed after connection closed.). Possibly consider using a shorter maxLifetime value.
2026-07-21 19:56:43 [http-nio-8080-exec-9] INFO  c.e.Docgen_Backend.config.JwtFilter - JWT validated successfully for userId=6a311365ec2c34f3d9e4f06e
2026-07-21 19:56:43 [http-nio-8080-exec-9] INFO  c.e.D.controller.UserController - GET /api/v2/users - Fetch all users request received | page=0, size=8, sortBy=id, direction=desc
2026-07-21 19:56:43 [http-nio-8080-exec-9] WARN  com.zaxxer.hikari.pool.PoolBase - HikariPool-1 - Failed to validate connection com.mysql.cj.jdbc.ConnectionImpl@40fbdcdf (No operations allowed after connection closed.). Possibly consider using a shorter maxLifetime value.
2026-07-21 19:56:43 [http-nio-8080-exec-9] WARN  com.zaxxer.hikari.pool.PoolBase - HikariPool-1 - Failed to validate connection com.mysql.cj.jdbc.ConnectionImpl@335dfdc5 (No operations allowed after connection closed.). Possibly consider using a shorter maxLifetime value.
2026-07-21 19:56:45 [http-nio-8080-exec-9] INFO  c.e.D.controller.UserController - Fetched 8 users on page 0 of 3
2026-07-21 19:56:46 [http-nio-8080-exec-10] INFO  c.e.Docgen_Backend.config.JwtFilter - JWT validated successfully for userId=6a311365ec2c34f3d9e4f06e
2026-07-21 19:56:46 [http-nio-8080-exec-10] INFO  c.e.D.controller.UserController - GET /api/v2/users - Fetch all users request received | page=0, size=8, sortBy=id, direction=desc
2026-07-21 19:56:48 [http-nio-8080-exec-10] INFO  c.e.D.controller.UserController - Fetched 8 users on page 0 of 3
2026-07-21 19:56:57 [http-nio-8080-exec-2] INFO  c.e.Docgen_Backend.config.JwtFilter - JWT validated successfully for userId=6a311365ec2c34f3d9e4f06e
2026-07-21 19:56:57 [http-nio-8080-exec-2] INFO  c.e.D.controller.UserController - GET /api/v2/users - Fetch all users request received | page=0, size=8, sortBy=id, direction=desc
2026-07-21 19:57:00 [http-nio-8080-exec-2] INFO  c.e.D.controller.UserController - Fetched 8 users on page 0 of 3
2026-07-21 19:57:00 [http-nio-8080-exec-4] INFO  c.e.Docgen_Backend.config.JwtFilter - JWT validated successfully for userId=6a311365ec2c34f3d9e4f06e
2026-07-21 19:57:00 [http-nio-8080-exec-4] INFO  c.e.D.controller.UserController - GET /api/v2/users - Fetch all users request received | page=0, size=8, sortBy=id, direction=desc
2026-07-21 19:57:02 [http-nio-8080-exec-7] INFO  c.e.Docgen_Backend.config.JwtFilter - JWT validated successfully for userId=6a311365ec2c34f3d9e4f06e
2026-07-21 19:57:02 [http-nio-8080-exec-7] INFO  c.e.D.controller.UserController - GET /api/v2/users/33 - Fetch request received
2026-07-21 19:57:02 [http-nio-8080-exec-7] INFO  c.e.D.service.impl.UserServiceImpl - Fetching user profile for edit | userId=33
2026-07-21 19:57:03 [http-nio-8080-exec-7] DEBUG c.e.D.service.impl.UserServiceImpl - User found | userId=33 | employeeId=RPBS825
2026-07-21 19:57:03 [http-nio-8080-exec-7] INFO  c.e.D.service.impl.UserServiceImpl - User profile fetched successfully | userId=33 | timeTaken=719ms
2026-07-21 19:57:03 [http-nio-8080-exec-7] INFO  c.e.D.controller.UserController - Profile fetched successfully for userId=33
2026-07-21 19:57:03 [http-nio-8080-exec-7] DEBUG c.e.D.controller.UserController - Fetched profile data: UserProfileResponseDTO(id=33, employeeName=Dushant Sunil Rohane, employeeId=RPBS825, email=dushantrohane@outlook.com, mobileNo=8862091374, joiningDesignation=Power BI Developer, currentDesignation=Power BI Developer, department=IT, company=RPBS, identity=MR, pfType=WITHOUT_PF, accountNo=38812654268, bankName=SBI Bank, currentAddress=At post gadchnadur, Chandrapur,442908, permanentAddress=At post gadchnadur, Chandrapur,442908, joiningCTC=300000.0, currentCTC=325008.0, dateOfBirth=2002-11-15, offerDate=2025-04-24, joiningDate=2025-05-05, panNo=FAGPR4436E, documents={APPOINTMENT_LETTER=DocumentResponseDTO(generated=false, data=null), INTERNSHIP_LETTER=DocumentResponseDTO(generated=false, data=null), EXPERIENCE_LETTER=DocumentResponseDTO(generated=true, data={issueDate=2026-07-24, relievingDate=2026-07-24}), FULL_AND_FINAL=DocumentResponseDTO(generated=false, data=null), CONFIRMATION_LETTER=DocumentResponseDTO(generated=false, data=null), INCREMENT_LETTER=DocumentResponseDTO(generated=true, data={issueDate=2026-04-01}), RELIEVING_LETTER=DocumentResponseDTO(generated=true, data={issueDate=2026-07-24, relievingDate=2026-07-24}), SALARY_SLIP=DocumentResponseDTO(generated=true, data={startMonth=2026-04, endMonth=2026-06}), COMPLETION_LETTER=DocumentResponseDTO(generated=false, data=null), OFFER_LETTER=DocumentResponseDTO(generated=true, data={issueDate=2025-04-24, probationPeriod=3})})
2026-07-21 19:57:03 [http-nio-8080-exec-7] INFO  c.e.Docgen_Backend.config.JwtFilter - JWT validated successfully for userId=6a311365ec2c34f3d9e4f06e
2026-07-21 19:57:03 [http-nio-8080-exec-7] INFO  c.e.D.controller.UserController - GET /api/v2/users/33 - Fetch request received
2026-07-21 19:57:03 [http-nio-8080-exec-7] INFO  c.e.D.service.impl.UserServiceImpl - Fetching user profile for edit | userId=33
2026-07-21 19:57:03 [http-nio-8080-exec-4] INFO  c.e.D.controller.UserController - Fetched 8 users on page 0 of 3
2026-07-21 19:57:03 [http-nio-8080-exec-7] DEBUG c.e.D.service.impl.UserServiceImpl - User found | userId=33 | employeeId=RPBS825
2026-07-21 19:57:03 [http-nio-8080-exec-7] INFO  c.e.D.service.impl.UserServiceImpl - User profile fetched successfully | userId=33 | timeTaken=428ms
2026-07-21 19:57:03 [http-nio-8080-exec-7] INFO  c.e.D.controller.UserController - Profile fetched successfully for userId=33
2026-07-21 19:57:03 [http-nio-8080-exec-7] DEBUG c.e.D.controller.UserController - Fetched profile data: UserProfileResponseDTO(id=33, employeeName=Dushant Sunil Rohane, employeeId=RPBS825, email=dushantrohane@outlook.com, mobileNo=8862091374, joiningDesignation=Power BI Developer, currentDesignation=Power BI Developer, department=IT, company=RPBS, identity=MR, pfType=WITHOUT_PF, accountNo=38812654268, bankName=SBI Bank, currentAddress=At post gadchnadur, Chandrapur,442908, permanentAddress=At post gadchnadur, Chandrapur,442908, joiningCTC=300000.0, currentCTC=325008.0, dateOfBirth=2002-11-15, offerDate=2025-04-24, joiningDate=2025-05-05, panNo=FAGPR4436E, documents={APPOINTMENT_LETTER=DocumentResponseDTO(generated=false, data=null), INTERNSHIP_LETTER=DocumentResponseDTO(generated=false, data=null), EXPERIENCE_LETTER=DocumentResponseDTO(generated=true, data={issueDate=2026-07-24, relievingDate=2026-07-24}), FULL_AND_FINAL=DocumentResponseDTO(generated=false, data=null), CONFIRMATION_LETTER=DocumentResponseDTO(generated=false, data=null), INCREMENT_LETTER=DocumentResponseDTO(generated=true, data={issueDate=2026-04-01}), RELIEVING_LETTER=DocumentResponseDTO(generated=true, data={issueDate=2026-07-24, relievingDate=2026-07-24}), SALARY_SLIP=DocumentResponseDTO(generated=true, data={startMonth=2026-04, endMonth=2026-06}), COMPLETION_LETTER=DocumentResponseDTO(generated=false, data=null), OFFER_LETTER=DocumentResponseDTO(generated=true, data={issueDate=2025-04-24, probationPeriod=3})})
2026-07-21 19:57:07 [http-nio-8080-exec-10] INFO  c.e.Docgen_Backend.config.JwtFilter - JWT validated successfully for userId=6a311365ec2c34f3d9e4f06e
2026-07-21 19:57:07 [http-nio-8080-exec-10] INFO  c.e.D.controller.UserController - PATCH /api/v2/users/33 - Update request received for employeeId=RPBS825
2026-07-21 19:57:07 [http-nio-8080-exec-10] DEBUG c.e.D.controller.UserController - Update payload: CreateProfileRequest(employeeName=Dushant Sunil Rohane, email=dushantrohane@outlook.com, mobileNo=8862091374, employeeId=RPBS825, joiningDesignation=Power BI Developer, currentDesignation=Power BI Developer, department=IT, currentAddress=At post gadchnadur, Chandrapur,442908, permanentAddress=At post gadchnadur, Chandrapur,442908, accountNo=38812654268, bankName=SBI Bank, joiningCTC=300000.0, currentCTC=325008.0, dateOfBirth=2002-11-15, offerDate=2025-04-24, joiningDate=2025-05-05, panNo=FAGPR4436E, company=RPBS, pfType=WITHOUT_PF, identity=MR, documents=[EXPERIENCE_LETTER, INCREMENT_LETTER, RELIEVING_LETTER, SALARY_SLIP, OFFER_LETTER], documentData={OFFER_LETTER={issueDate=2025-04-24, probationPeriod=3}, INCREMENT_LETTER={issueDate=2026-04-01}, EXPERIENCE_LETTER={relievingDate=2026-07-24, issueDate=2026-07-24}, RELIEVING_LETTER={relievingDate=2026-07-24, issueDate=2026-07-24}, SALARY_SLIP={startMonth=2026-04, endMonth=2026-06, salaryWorkdays={2026-04=30, 2026-05=31, 2026-06=30}}})
2026-07-21 19:57:07 [http-nio-8080-exec-10] INFO  c.e.D.service.impl.UserServiceImpl - Updating user profile | userId=33 | employeeId=RPBS825
2026-07-21 19:57:07 [http-nio-8080-exec-10] DEBUG c.e.D.service.impl.UserServiceImpl - Existing user fetched | userId=33 | oldEmployeeId=RPBS825
2026-07-21 19:57:07 [http-nio-8080-exec-10] DEBUG c.e.D.service.impl.UserServiceImpl - Updating documents | userId=33
2026-07-21 19:57:07 [http-nio-8080-exec-10] INFO  c.e.D.service.impl.UserServiceImpl - User profile updated successfully | userId=33 | timeTaken=503ms
2026-07-21 19:57:07 [http-nio-8080-exec-10] INFO  c.e.D.controller.UserController - Profile updated successfully for userId=33, employeeId=RPBS825
2026-07-21 19:58:25 [HikariPool-1:housekeeper] WARN  com.zaxxer.hikari.pool.PoolBase - HikariPool-1 - Failed to validate connection com.mysql.cj.jdbc.ConnectionImpl@2480c586 (No operations allowed after connection closed.). Possibly consider using a shorter maxLifetime value.
2026-07-21 19:58:27 [HikariPool-1:housekeeper] WARN  com.zaxxer.hikari.pool.PoolBase - HikariPool-1 - Failed to validate connection com.mysql.cj.jdbc.ConnectionImpl@edc3da7 (No operations allowed after connection closed.). Possibly consider using a shorter maxLifetime value.
2026-07-21 19:58:38 [HikariPool-1:housekeeper] WARN  com.zaxxer.hikari.pool.PoolBase - HikariPool-1 - Failed to validate connection com.mysql.cj.jdbc.ConnectionImpl@4f38f864 (No operations allowed after connection closed.). Possibly consider using a shorter maxLifetime value.
2026-07-21 20:00:21 [HikariPool-1:housekeeper] WARN  com.zaxxer.hikari.pool.PoolBase - HikariPool-1 - Failed to validate connection com.mysql.cj.jdbc.ConnectionImpl@71b79e3d (No operations allowed after connection closed.). Possibly consider using a shorter maxLifetime value.
2026-07-21 20:00:26 [HikariPool-1:housekeeper] WARN  com.zaxxer.hikari.pool.PoolBase - HikariPool-1 - Failed to validate connection com.mysql.cj.jdbc.ConnectionImpl@161a94d8 (No operations allowed after connection closed.). Possibly consider using a shorter maxLifetime value.
2026-07-21 20:00:43 [http-nio-8080-exec-5] INFO  c.e.Docgen_Backend.config.JwtFilter - JWT validated successfully for userId=6a311365ec2c34f3d9e4f06e
2026-07-21 20:00:43 [http-nio-8080-exec-5] INFO  c.e.D.controller.UserController - PATCH /api/v2/users/33 - Update request received for employeeId=RPBS825
2026-07-21 20:00:43 [http-nio-8080-exec-5] DEBUG c.e.D.controller.UserController - Update payload: CreateProfileRequest(employeeName=Dushant Sunil Rohane, email=dushantrohane@outlook.com, mobileNo=8862091374, employeeId=RPBS825, joiningDesignation=Power BI Developer, currentDesignation=Power BI Developer, department=IT, currentAddress=At post gadchnadur, Chandrapur,442908, permanentAddress=At post gadchnadur, Chandrapur,442908, accountNo=38812654268, bankName=SBI Bank, joiningCTC=300000.0, currentCTC=325008.0, dateOfBirth=2002-11-15, offerDate=2025-04-24, joiningDate=2025-05-05, panNo=FAGPR4436E, company=RPBS, pfType=WITHOUT_PF, identity=MR, documents=[EXPERIENCE_LETTER, INCREMENT_LETTER, RELIEVING_LETTER, SALARY_SLIP, OFFER_LETTER], documentData={OFFER_LETTER={issueDate=2025-04-24, probationPeriod=3}, INCREMENT_LETTER={issueDate=2026-04-01}, EXPERIENCE_LETTER={relievingDate=2026-07-24, issueDate=2026-07-24}, RELIEVING_LETTER={relievingDate=2026-07-24, issueDate=2026-07-24}, SALARY_SLIP={startMonth=2026-04, endMonth=2026-06, salaryWorkdays={2026-04=30, 2026-05=31, 2026-06=30}}})
2026-07-21 20:00:43 [http-nio-8080-exec-5] INFO  c.e.D.service.impl.UserServiceImpl - Updating user profile | userId=33 | employeeId=RPBS825
2026-07-21 20:00:43 [http-nio-8080-exec-5] WARN  com.zaxxer.hikari.pool.PoolBase - HikariPool-1 - Failed to validate connection com.mysql.cj.jdbc.ConnectionImpl@53d316cc (No operations allowed after connection closed.). Possibly consider using a shorter maxLifetime value.
2026-07-21 20:00:43 [http-nio-8080-exec-5] DEBUG c.e.D.service.impl.UserServiceImpl - Existing user fetched | userId=33 | oldEmployeeId=RPBS825
2026-07-21 20:00:43 [http-nio-8080-exec-5] DEBUG c.e.D.service.impl.UserServiceImpl - Updating documents | userId=33
2026-07-21 20:00:43 [http-nio-8080-exec-5] INFO  c.e.D.service.impl.UserServiceImpl - User profile updated successfully | userId=33 | timeTaken=473ms
2026-07-21 20:00:43 [http-nio-8080-exec-5] INFO  c.e.D.controller.UserController - Profile updated successfully for userId=33, employeeId=RPBS825
2026-07-21 20:02:09 [HikariPool-1:housekeeper] WARN  com.zaxxer.hikari.pool.PoolBase - HikariPool-1 - Failed to validate connection com.mysql.cj.jdbc.ConnectionImpl@4e334fc3 (No operations allowed after connection closed.). Possibly consider using a shorter maxLifetime value.
2026-07-21 20:02:29 [HikariPool-1:housekeeper] WARN  com.zaxxer.hikari.pool.PoolBase - HikariPool-1 - Failed to validate connection com.mysql.cj.jdbc.ConnectionImpl@5027c67c (No operations allowed after connection closed.). Possibly consider using a shorter maxLifetime value.
2026-07-21 20:02:37 [HikariPool-1:housekeeper] WARN  com.zaxxer.hikari.pool.PoolBase - HikariPool-1 - Failed to validate connection com.mysql.cj.jdbc.ConnectionImpl@46402c2b (No operations allowed after connection closed.). Possibly consider using a shorter maxLifetime value.
2026-07-21 20:04:22 [HikariPool-1:housekeeper] WARN  com.zaxxer.hikari.pool.PoolBase - HikariPool-1 - Failed to validate connection com.mysql.cj.jdbc.ConnectionImpl@68f09a20 (No operations allowed after connection closed.). Possibly consider using a shorter maxLifetime value.
2026-07-21 20:04:23 [HikariPool-1:housekeeper] WARN  com.zaxxer.hikari.pool.PoolBase - HikariPool-1 - Failed to validate connection com.mysql.cj.jdbc.ConnectionImpl@74b3be7b (No operations allowed after connection closed.). Possibly consider using a shorter maxLifetime value.
2026-07-21 20:06:00 [HikariPool-1:housekeeper] WARN  com.zaxxer.hikari.pool.PoolBase - HikariPool-1 - Failed to validate connection com.mysql.cj.jdbc.ConnectionImpl@27af0f36 (No operations allowed after connection closed.). Possibly consider using a shorter maxLifetime value.
2026-07-21 20:06:18 [HikariPool-1:housekeeper] WARN  com.zaxxer.hikari.pool.PoolBase - HikariPool-1 - Failed to validate connection com.mysql.cj.jdbc.ConnectionImpl@57419b46 (No operations allowed after connection closed.). Possibly consider using a shorter maxLifetime value.
2026-07-21 20:06:34 [http-nio-8080-exec-4] INFO  c.e.Docgen_Backend.config.JwtFilter - JWT validated successfully for userId=6a311365ec2c34f3d9e4f06e
2026-07-21 20:06:34 [http-nio-8080-exec-4] INFO  c.e.D.controller.UserController - PATCH /api/v2/users/33 - Update request received for employeeId=RPBS825
2026-07-21 20:06:34 [http-nio-8080-exec-4] DEBUG c.e.D.controller.UserController - Update payload: CreateProfileRequest(employeeName=Dushant Sunil Rohane, email=dushantrohane@outlook.com, mobileNo=8862091374, employeeId=RPBS825, joiningDesignation=Power BI Developer, currentDesignation=Power BI Developer, department=IT, currentAddress=At post gadchnadur, Chandrapur,442908, permanentAddress=At post gadchnadur, Chandrapur,442908, accountNo=38812654268, bankName=State Bank of India, joiningCTC=300000.0, currentCTC=325008.0, dateOfBirth=2002-11-15, offerDate=2025-04-24, joiningDate=2025-05-05, panNo=FAGPR4436E, company=RPBS, pfType=WITHOUT_PF, identity=MR, documents=[EXPERIENCE_LETTER, INCREMENT_LETTER, RELIEVING_LETTER, SALARY_SLIP, OFFER_LETTER], documentData={OFFER_LETTER={issueDate=2025-04-24, probationPeriod=3}, INCREMENT_LETTER={issueDate=2026-04-01}, EXPERIENCE_LETTER={relievingDate=2026-07-24, issueDate=2026-07-24}, RELIEVING_LETTER={relievingDate=2026-07-24, issueDate=2026-07-24}, SALARY_SLIP={startMonth=2026-04, endMonth=2026-06, salaryWorkdays={2026-04=30, 2026-05=31, 2026-06=30}}})
2026-07-21 20:06:34 [http-nio-8080-exec-4] INFO  c.e.D.service.impl.UserServiceImpl - Updating user profile | userId=33 | employeeId=RPBS825
2026-07-21 20:06:34 [http-nio-8080-exec-4] WARN  com.zaxxer.hikari.pool.PoolBase - HikariPool-1 - Failed to validate connection com.mysql.cj.jdbc.ConnectionImpl@50625f2c (No operations allowed after connection closed.). Possibly consider using a shorter maxLifetime value.
2026-07-21 20:06:35 [http-nio-8080-exec-4] DEBUG c.e.D.service.impl.UserServiceImpl - Existing user fetched | userId=33 | oldEmployeeId=RPBS825
2026-07-21 20:06:35 [http-nio-8080-exec-4] DEBUG c.e.D.service.impl.UserServiceImpl - Updating documents | userId=33
2026-07-21 20:06:35 [http-nio-8080-exec-4] INFO  c.e.D.service.impl.UserServiceImpl - User profile updated successfully | userId=33 | timeTaken=506ms
2026-07-21 20:06:35 [http-nio-8080-exec-4] INFO  c.e.D.controller.UserController - Profile updated successfully for userId=33, employeeId=RPBS825
2026-07-21 20:08:05 [HikariPool-1:housekeeper] WARN  com.zaxxer.hikari.pool.PoolBase - HikariPool-1 - Failed to validate connection com.mysql.cj.jdbc.ConnectionImpl@61e1d9f7 (No operations allowed after connection closed.). Possibly consider using a shorter maxLifetime value.
2026-07-21 20:08:13 [HikariPool-1:housekeeper] WARN  com.zaxxer.hikari.pool.PoolBase - HikariPool-1 - Failed to validate connection com.mysql.cj.jdbc.ConnectionImpl@649e6bdc (No operations allowed after connection closed.). Possibly consider using a shorter maxLifetime value.
2026-07-21 20:08:30 [HikariPool-1:housekeeper] WARN  com.zaxxer.hikari.pool.PoolBase - HikariPool-1 - Failed to validate connection com.mysql.cj.jdbc.ConnectionImpl@70f151b3 (No operations allowed after connection closed.). Possibly consider using a shorter maxLifetime value.
2026-07-21 20:09:58 [HikariPool-1:housekeeper] WARN  com.zaxxer.hikari.pool.PoolBase - HikariPool-1 - Failed to validate connection com.mysql.cj.jdbc.ConnectionImpl@2ad3379c (No operations allowed after connection closed.). Possibly consider using a shorter maxLifetime value.
2026-07-21 20:10:14 [HikariPool-1:housekeeper] WARN  com.zaxxer.hikari.pool.PoolBase - HikariPool-1 - Failed to validate connection com.mysql.cj.jdbc.ConnectionImpl@4f944ac8 (No operations allowed after connection closed.). Possibly consider using a shorter maxLifetime value.
2026-07-21 20:11:56 [HikariPool-1:housekeeper] WARN  com.zaxxer.hikari.pool.PoolBase - HikariPool-1 - Failed to validate connection com.mysql.cj.jdbc.ConnectionImpl@62890d13 (No operations allowed after connection closed.). Possibly consider using a shorter maxLifetime value.
2026-07-21 20:12:04 [HikariPool-1:housekeeper] WARN  com.zaxxer.hikari.pool.PoolBase - HikariPool-1 - Failed to validate connection com.mysql.cj.jdbc.ConnectionImpl@518ce691 (No operations allowed after connection closed.). Possibly consider using a shorter maxLifetime value.
2026-07-21 20:13:37 [HikariPool-1:housekeeper] WARN  com.zaxxer.hikari.pool.PoolBase - HikariPool-1 - Failed to validate connection com.mysql.cj.jdbc.ConnectionImpl@326a198f (No operations allowed after connection closed.). Possibly consider using a shorter maxLifetime value.
2026-07-21 20:13:48 [HikariPool-1:housekeeper] WARN  com.zaxxer.hikari.pool.PoolBase - HikariPool-1 - Failed to validate connection com.mysql.cj.jdbc.ConnectionImpl@5e73538f (No operations allowed after connection closed.). Possibly consider using a shorter maxLifetime value.
2026-07-21 20:13:51 [SpringApplicationShutdownHook] INFO  o.s.boot.tomcat.GracefulShutdown - Commencing graceful shutdown. Waiting for active requests to complete
2026-07-21 20:13:51 [tomcat-shutdown] INFO  o.s.boot.tomcat.GracefulShutdown - Graceful shutdown complete
2026-07-21 20:13:51 [SpringApplicationShutdownHook] INFO  o.s.o.j.LocalContainerEntityManagerFactoryBean - Closing JPA EntityManagerFactory for persistence unit 'default'
2026-07-21 20:13:51 [SpringApplicationShutdownHook] INFO  com.zaxxer.hikari.HikariDataSource - HikariPool-1 - Shutdown initiated...
2026-07-21 20:13:51 [SpringApplicationShutdownHook] INFO  com.zaxxer.hikari.HikariDataSource - HikariPool-1 - Shutdown completed.
