2026-07-18 11:25:16 [background-preinit] INFO  o.h.validator.internal.util.Version - HV000001: Hibernate Validator 9.0.1.Final
2026-07-18 11:25:16 [restartedMain] INFO  c.e.D.DocgenBackendApplication - Starting DocgenBackendApplication using Java 21.0.9 with PID 26364 (E:\DocGen New Front V2\Docgen-Backend\target\classes started by prath in E:\DocGen New Front V2\Docgen-Backend)
2026-07-18 11:25:16 [restartedMain] DEBUG c.e.D.DocgenBackendApplication - Running with Spring Boot v4.0.6, Spring v7.0.7
2026-07-18 11:25:16 [restartedMain] INFO  c.e.D.DocgenBackendApplication - No active profile set, falling back to 1 default profile: "default"
2026-07-18 11:25:16 [restartedMain] INFO  o.s.b.d.e.DevToolsPropertyDefaultsPostProcessor - Devtools property defaults active! Set 'spring.devtools.add-properties' to 'false' to disable
2026-07-18 11:25:16 [restartedMain] INFO  o.s.b.d.e.DevToolsPropertyDefaultsPostProcessor - For additional web related logging consider setting the 'logging.level.web' property to 'DEBUG'
2026-07-18 11:25:18 [restartedMain] INFO  o.s.d.r.c.RepositoryConfigurationDelegate - Bootstrapping Spring Data JPA repositories in DEFAULT mode.
2026-07-18 11:25:18 [restartedMain] INFO  o.s.d.r.c.RepositoryConfigurationDelegate - Finished Spring Data repository scanning in 112 ms. Found 2 JPA repository interfaces.
2026-07-18 11:25:20 [restartedMain] INFO  o.s.boot.tomcat.TomcatWebServer - Tomcat initialized with port 8080 (http)
2026-07-18 11:25:20 [restartedMain] INFO  o.a.coyote.http11.Http11NioProtocol - Initializing ProtocolHandler ["http-nio-8080"]
2026-07-18 11:25:20 [restartedMain] INFO  o.a.catalina.core.StandardService - Starting service [Tomcat]
2026-07-18 11:25:20 [restartedMain] INFO  o.a.catalina.core.StandardEngine - Starting Servlet engine: [Apache Tomcat/11.0.21]
2026-07-18 11:25:20 [restartedMain] INFO  o.s.b.w.c.s.WebApplicationContextInitializer - Root WebApplicationContext: initialization completed in 3528 ms
2026-07-18 11:25:20 [restartedMain] DEBUG c.e.Docgen_Backend.config.JwtFilter - Filter 'jwtFilter' configured for use
2026-07-18 11:25:20 [restartedMain] INFO  org.hibernate.orm.jpa - HHH008540: Processing PersistenceUnitInfo [name: default]
2026-07-18 11:25:20 [restartedMain] INFO  org.hibernate.orm.core - HHH000001: Hibernate ORM core version 7.2.12.Final
2026-07-18 11:25:21 [restartedMain] INFO  o.s.o.j.p.SpringPersistenceUnitInfo - No LoadTimeWeaver setup: ignoring JPA class transformer
2026-07-18 11:25:21 [restartedMain] INFO  com.zaxxer.hikari.HikariDataSource - HikariPool-1 - Starting...
2026-07-18 11:25:22 [restartedMain] INFO  com.zaxxer.hikari.pool.HikariPool - HikariPool-1 - Added connection com.mysql.cj.jdbc.ConnectionImpl@360e719b
2026-07-18 11:25:22 [restartedMain] INFO  com.zaxxer.hikari.HikariDataSource - HikariPool-1 - Start completed.
2026-07-18 11:25:23 [restartedMain] WARN  org.hibernate.orm.jdbc - HHH100045: Could not obtain connection metadata: java.sql.SQLSyntaxErrorException: Unknown column 'RESERVED' in 'WHERE'
2026-07-18 11:25:23 [restartedMain] WARN  org.hibernate.orm.deprecation - HHH90000025: MySQLDialect does not need to be specified explicitly using 'hibernate.dialect' (remove the property setting and it will be selected by default)
2026-07-18 11:25:23 [restartedMain] INFO  o.hibernate.orm.connections.pooling - HHH10001005: Database info:
	Database JDBC URL [undefined/unknown]
	Database driver: undefined/unknown
	Database dialect: MySQLDialect
	Database version: 8.0
	Default catalog/schema: unknown/unknown
	Autocommit mode: undefined/unknown
	Isolation level: NONE [default NONE]
	JDBC fetch size: undefined/unknown
	Pool: DataSourceConnectionProvider
	Minimum pool size: undefined/unknown
	Maximum pool size: undefined/unknown
2026-07-18 11:25:26 [restartedMain] INFO  org.hibernate.orm.core - HHH000489: No JTA platform available (set 'hibernate.transaction.jta.platform' to enable JTA platform integration)
2026-07-18 11:25:35 [restartedMain] INFO  o.s.o.j.LocalContainerEntityManagerFactoryBean - Initialized JPA EntityManagerFactory for persistence unit 'default'
2026-07-18 11:25:35 [restartedMain] INFO  o.s.d.j.r.q.QueryEnhancerFactories - Hibernate is in classpath; If applicable, HQL parser will be used.
2026-07-18 11:25:35 [restartedMain] INFO  o.s.s.c.a.a.c.InitializeUserDetailsBeanManagerConfigurer$InitializeUserDetailsManagerConfigurer - Global AuthenticationManager configured with UserDetailsService bean with name customUserDetailsService
2026-07-18 11:25:35 [restartedMain] WARN  o.s.b.j.a.JpaBaseConfiguration$JpaWebConfiguration - spring.jpa.open-in-view is enabled by default. Therefore, database queries may be performed during view rendering. Explicitly configure spring.jpa.open-in-view to disable this warning
2026-07-18 11:25:36 [restartedMain] INFO  o.a.coyote.http11.Http11NioProtocol - Starting ProtocolHandler ["http-nio-8080"]
2026-07-18 11:25:36 [restartedMain] INFO  o.s.boot.tomcat.TomcatWebServer - Tomcat started on port 8080 (http) with context path '/'
2026-07-18 11:25:36 [restartedMain] INFO  c.e.D.DocgenBackendApplication - Started DocgenBackendApplication in 21.101 seconds (process running for 22.307)
2026-07-18 11:25:56 [http-nio-8080-exec-2] INFO  o.a.c.c.C.[Tomcat].[localhost].[/] - Initializing Spring DispatcherServlet 'dispatcherServlet'
2026-07-18 11:25:56 [http-nio-8080-exec-2] INFO  o.s.web.servlet.DispatcherServlet - Initializing Servlet 'dispatcherServlet'
2026-07-18 11:25:56 [http-nio-8080-exec-2] INFO  o.s.web.servlet.DispatcherServlet - Completed initialization in 2 ms
2026-07-18 11:25:56 [http-nio-8080-exec-3] WARN  c.e.Docgen_Backend.config.JwtFilter - Invalid JWT token
2026-07-18 11:25:56 [http-nio-8080-exec-4] WARN  c.e.Docgen_Backend.config.JwtFilter - Invalid JWT token
2026-07-18 11:26:15 [http-nio-8080-exec-7] INFO  c.e.Docgen_Backend.config.JwtFilter - JWT validated successfully for userId=6a311365ec2c34f3d9e4f06e
2026-07-18 11:26:15 [http-nio-8080-exec-7] INFO  c.e.D.controller.UserController - GET /api/v2/users - Fetch all users request received | page=0, size=8, sortBy=id, direction=desc
2026-07-18 11:26:15 [http-nio-8080-exec-7] WARN  com.zaxxer.hikari.pool.PoolBase - HikariPool-1 - Failed to validate connection com.mysql.cj.jdbc.ConnectionImpl@360e719b (No operations allowed after connection closed.). Possibly consider using a shorter maxLifetime value.
2026-07-18 11:26:15 [http-nio-8080-exec-7] WARN  com.zaxxer.hikari.pool.PoolBase - HikariPool-1 - Failed to validate connection com.mysql.cj.jdbc.ConnectionImpl@78700f29 (No operations allowed after connection closed.). Possibly consider using a shorter maxLifetime value.
2026-07-18 11:26:15 [http-nio-8080-exec-7] WARN  com.zaxxer.hikari.pool.PoolBase - HikariPool-1 - Failed to validate connection com.mysql.cj.jdbc.ConnectionImpl@22d40ebc (No operations allowed after connection closed.). Possibly consider using a shorter maxLifetime value.
2026-07-18 11:26:19 [http-nio-8080-exec-7] INFO  c.e.D.controller.UserController - Fetched 8 users on page 0 of 2
2026-07-18 11:26:19 [http-nio-8080-exec-8] INFO  c.e.Docgen_Backend.config.JwtFilter - JWT validated successfully for userId=6a311365ec2c34f3d9e4f06e
2026-07-18 11:26:19 [http-nio-8080-exec-8] INFO  c.e.D.controller.UserController - GET /api/v2/users - Fetch all users request received | page=0, size=8, sortBy=id, direction=desc
2026-07-18 11:26:22 [http-nio-8080-exec-8] INFO  c.e.D.controller.UserController - Fetched 8 users on page 0 of 2
2026-07-18 11:27:59 [HikariPool-1:housekeeper] WARN  com.zaxxer.hikari.pool.PoolBase - HikariPool-1 - Failed to validate connection com.mysql.cj.jdbc.ConnectionImpl@33c7258b (No operations allowed after connection closed.). Possibly consider using a shorter maxLifetime value.
2026-07-18 11:28:08 [HikariPool-1:housekeeper] WARN  com.zaxxer.hikari.pool.PoolBase - HikariPool-1 - Failed to validate connection com.mysql.cj.jdbc.ConnectionImpl@23e367e (No operations allowed after connection closed.). Possibly consider using a shorter maxLifetime value.
2026-07-18 11:28:14 [HikariPool-1:housekeeper] WARN  com.zaxxer.hikari.pool.PoolBase - HikariPool-1 - Failed to validate connection com.mysql.cj.jdbc.ConnectionImpl@53e8dac4 (No operations allowed after connection closed.). Possibly consider using a shorter maxLifetime value.
2026-07-18 11:29:45 [HikariPool-1:housekeeper] WARN  com.zaxxer.hikari.pool.PoolBase - HikariPool-1 - Failed to validate connection com.mysql.cj.jdbc.ConnectionImpl@512f4d93 (No operations allowed after connection closed.). Possibly consider using a shorter maxLifetime value.
2026-07-18 11:30:03 [HikariPool-1:housekeeper] WARN  com.zaxxer.hikari.pool.PoolBase - HikariPool-1 - Failed to validate connection com.mysql.cj.jdbc.ConnectionImpl@57a6e595 (No operations allowed after connection closed.). Possibly consider using a shorter maxLifetime value.
2026-07-18 11:31:25 [HikariPool-1:housekeeper] WARN  com.zaxxer.hikari.pool.PoolBase - HikariPool-1 - Failed to validate connection com.mysql.cj.jdbc.ConnectionImpl@5626aef5 (No operations allowed after connection closed.). Possibly consider using a shorter maxLifetime value.
2026-07-18 11:31:50 [HikariPool-1:housekeeper] WARN  com.zaxxer.hikari.pool.PoolBase - HikariPool-1 - Failed to validate connection com.mysql.cj.jdbc.ConnectionImpl@1da5d743 (No operations allowed after connection closed.). Possibly consider using a shorter maxLifetime value.
2026-07-18 11:32:42 [http-nio-8080-exec-2] INFO  c.e.Docgen_Backend.config.JwtFilter - JWT validated successfully for userId=6a311365ec2c34f3d9e4f06e
2026-07-18 11:32:42 [http-nio-8080-exec-2] INFO  c.e.D.controller.UserController - POST /api/v2/users/create-profile - Request received for employeeId=SMDS0338
2026-07-18 11:32:42 [http-nio-8080-exec-2] DEBUG c.e.D.controller.UserController - Full request payload: CreateProfileRequest(employeeName=Komal Kumar Divase, email=komaldivase04@gmail.com, mobileNo=8080415960, employeeId=SMDS0338, joiningDesignation=System Engineer, currentDesignation=Java Developer, department=IT, currentAddress=Wakad, Pune-411033, permanentAddress=null, accountNo=2601279918519568, bankName=AU Small Finance Bank, joiningCTC=350000.0, currentCTC=750000.0, dateOfBirth=2000-02-04, offerDate=2022-04-29, joiningDate=2022-05-05, panNo=HNXPD1087F, company=SMT, pfType=WITH_PF, identity=MRS, documents=[SALARY_SLIP, EXPERIENCE_LETTER, RELIEVING_LETTER], documentData={EXPERIENCE_LETTER={relievingDate=2026-07-17, issueDate=2026-07-17}, RELIEVING_LETTER={relievingDate=2026-07-17, issueDate=2026-07-17}, SALARY_SLIP={startMonth=2026-04, endMonth=2026-06, salaryWorkdays={2026-04=30, 2026-05=31, 2026-06=30}}})
2026-07-18 11:32:42 [http-nio-8080-exec-2] INFO  c.e.D.service.impl.UserServiceImpl - Creating user profile for employeeId=SMDS0338
2026-07-18 11:32:42 [http-nio-8080-exec-2] DEBUG c.e.D.service.impl.UserServiceImpl - Validating request for employeeId=SMDS0338
2026-07-18 11:32:43 [http-nio-8080-exec-2] WARN  com.zaxxer.hikari.pool.PoolBase - HikariPool-1 - Failed to validate connection com.mysql.cj.jdbc.ConnectionImpl@594f08 (No operations allowed after connection closed.). Possibly consider using a shorter maxLifetime value.
2026-07-18 11:32:43 [http-nio-8080-exec-2] WARN  com.zaxxer.hikari.pool.PoolBase - HikariPool-1 - Failed to validate connection com.mysql.cj.jdbc.ConnectionImpl@fe2cc8e (No operations allowed after connection closed.). Possibly consider using a shorter maxLifetime value.
2026-07-18 11:32:43 [http-nio-8080-exec-2] DEBUG c.e.D.service.impl.UserServiceImpl - Building UserProfile entity for employeeId=SMDS0338
2026-07-18 11:32:43 [http-nio-8080-exec-2] INFO  c.e.D.service.impl.UserServiceImpl - Current Address : Wakad, Pune-411033
2026-07-18 11:32:43 [http-nio-8080-exec-2] INFO  c.e.D.service.impl.UserServiceImpl - Permanent Address : null
2026-07-18 11:32:43 [http-nio-8080-exec-2] INFO  c.e.D.service.impl.UserServiceImpl - Joining CTC : 350000.0
2026-07-18 11:32:43 [http-nio-8080-exec-2] INFO  c.e.D.service.impl.UserServiceImpl - Current CTC : 750000.0
2026-07-18 11:32:43 [http-nio-8080-exec-2] DEBUG c.e.D.service.impl.UserServiceImpl - Processing documents for employeeId=SMDS0338 | documents=[SALARY_SLIP, EXPERIENCE_LETTER, RELIEVING_LETTER]
2026-07-18 11:32:43 [http-nio-8080-exec-2] DEBUG c.e.D.service.impl.UserServiceImpl - Saving user profile to database for employeeId=SMDS0338
2026-07-18 11:32:43 [http-nio-8080-exec-2] INFO  c.e.D.service.impl.UserServiceImpl - User profile created successfully for employeeId=SMDS0338
2026-07-18 11:32:43 [http-nio-8080-exec-2] INFO  c.e.D.controller.UserController - Profile created successfully for employeeId=SMDS0338
2026-07-18 11:33:26 [http-nio-8080-exec-5] INFO  c.e.Docgen_Backend.config.JwtFilter - JWT validated successfully for userId=6a311365ec2c34f3d9e4f06e
2026-07-18 11:33:26 [http-nio-8080-exec-5] INFO  c.e.D.controller.UserController - GET /api/v2/users - Fetch all users request received | page=0, size=8, sortBy=id, direction=desc
2026-07-18 11:33:26 [http-nio-8080-exec-5] WARN  com.zaxxer.hikari.pool.PoolBase - HikariPool-1 - Failed to validate connection com.mysql.cj.jdbc.ConnectionImpl@11af1981 (No operations allowed after connection closed.). Possibly consider using a shorter maxLifetime value.
2026-07-18 11:33:26 [http-nio-8080-exec-5] WARN  com.zaxxer.hikari.pool.PoolBase - HikariPool-1 - Failed to validate connection com.mysql.cj.jdbc.ConnectionImpl@191b47b0 (No operations allowed after connection closed.). Possibly consider using a shorter maxLifetime value.
2026-07-18 11:33:26 [http-nio-8080-exec-5] WARN  com.zaxxer.hikari.pool.PoolBase - HikariPool-1 - Failed to validate connection com.mysql.cj.jdbc.ConnectionImpl@4bb233fe (No operations allowed after connection closed.). Possibly consider using a shorter maxLifetime value.
2026-07-18 11:33:29 [http-nio-8080-exec-5] INFO  c.e.D.controller.UserController - Fetched 8 users on page 0 of 2
2026-07-18 11:33:30 [http-nio-8080-exec-5] INFO  c.e.Docgen_Backend.config.JwtFilter - JWT validated successfully for userId=6a311365ec2c34f3d9e4f06e
2026-07-18 11:33:30 [http-nio-8080-exec-5] INFO  c.e.D.controller.UserController - GET /api/v2/users - Fetch all users request received | page=0, size=8, sortBy=id, direction=desc
2026-07-18 11:33:31 [http-nio-8080-exec-9] INFO  c.e.Docgen_Backend.config.JwtFilter - JWT validated successfully for userId=6a311365ec2c34f3d9e4f06e
2026-07-18 11:33:31 [http-nio-8080-exec-9] INFO  c.e.D.controller.UserController - GET /api/v2/users/22 - Fetch request received
2026-07-18 11:33:31 [http-nio-8080-exec-9] INFO  c.e.D.service.impl.UserServiceImpl - Fetching user profile for edit | userId=22
2026-07-18 11:33:32 [http-nio-8080-exec-9] DEBUG c.e.D.service.impl.UserServiceImpl - User found | userId=22 | employeeId=SMDS0338
2026-07-18 11:33:32 [http-nio-8080-exec-9] INFO  c.e.D.service.impl.UserServiceImpl - User profile fetched successfully | userId=22 | timeTaken=374ms
2026-07-18 11:33:32 [http-nio-8080-exec-9] INFO  c.e.D.controller.UserController - Profile fetched successfully for userId=22
2026-07-18 11:33:32 [http-nio-8080-exec-9] DEBUG c.e.D.controller.UserController - Fetched profile data: UserProfileResponseDTO(id=22, employeeName=Komal Kumar Divase, employeeId=SMDS0338, email=komaldivase04@gmail.com, mobileNo=8080415960, joiningDesignation=System Engineer, currentDesignation=Java Developer, department=IT, company=SMT, identity=MRS, pfType=WITH_PF, accountNo=2601279918519568, bankName=AU Small Finance Bank, currentAddress=Wakad, Pune-411033, permanentAddress=null, joiningCTC=350000.0, currentCTC=750000.0, dateOfBirth=2000-02-04, offerDate=2022-04-29, joiningDate=2022-05-05, panNo=HNXPD1087F, documents={APPOINTMENT_LETTER=DocumentResponseDTO(generated=false, data=null), INTERNSHIP_LETTER=DocumentResponseDTO(generated=false, data=null), EXPERIENCE_LETTER=DocumentResponseDTO(generated=true, data={issueDate=2026-07-17, relievingDate=2026-07-17}), FULL_AND_FINAL=DocumentResponseDTO(generated=false, data=null), CONFIRMATION_LETTER=DocumentResponseDTO(generated=false, data=null), INCREMENT_LETTER=DocumentResponseDTO(generated=false, data=null), RELIEVING_LETTER=DocumentResponseDTO(generated=true, data={issueDate=2026-07-17, relievingDate=2026-07-17}), SALARY_SLIP=DocumentResponseDTO(generated=true, data={startMonth=2026-04, endMonth=2026-06}), COMPLETION_LETTER=DocumentResponseDTO(generated=false, data=null), OFFER_LETTER=DocumentResponseDTO(generated=false, data=null)})
2026-07-18 11:33:32 [http-nio-8080-exec-10] INFO  c.e.Docgen_Backend.config.JwtFilter - JWT validated successfully for userId=6a311365ec2c34f3d9e4f06e
2026-07-18 11:33:32 [http-nio-8080-exec-10] INFO  c.e.D.controller.UserController - GET /api/v2/users/22 - Fetch request received
2026-07-18 11:33:32 [http-nio-8080-exec-10] INFO  c.e.D.service.impl.UserServiceImpl - Fetching user profile for edit | userId=22
2026-07-18 11:33:32 [http-nio-8080-exec-10] DEBUG c.e.D.service.impl.UserServiceImpl - User found | userId=22 | employeeId=SMDS0338
2026-07-18 11:33:32 [http-nio-8080-exec-10] INFO  c.e.D.service.impl.UserServiceImpl - User profile fetched successfully | userId=22 | timeTaken=389ms
2026-07-18 11:33:32 [http-nio-8080-exec-10] INFO  c.e.D.controller.UserController - Profile fetched successfully for userId=22
2026-07-18 11:33:32 [http-nio-8080-exec-10] DEBUG c.e.D.controller.UserController - Fetched profile data: UserProfileResponseDTO(id=22, employeeName=Komal Kumar Divase, employeeId=SMDS0338, email=komaldivase04@gmail.com, mobileNo=8080415960, joiningDesignation=System Engineer, currentDesignation=Java Developer, department=IT, company=SMT, identity=MRS, pfType=WITH_PF, accountNo=2601279918519568, bankName=AU Small Finance Bank, currentAddress=Wakad, Pune-411033, permanentAddress=null, joiningCTC=350000.0, currentCTC=750000.0, dateOfBirth=2000-02-04, offerDate=2022-04-29, joiningDate=2022-05-05, panNo=HNXPD1087F, documents={APPOINTMENT_LETTER=DocumentResponseDTO(generated=false, data=null), INTERNSHIP_LETTER=DocumentResponseDTO(generated=false, data=null), EXPERIENCE_LETTER=DocumentResponseDTO(generated=true, data={issueDate=2026-07-17, relievingDate=2026-07-17}), FULL_AND_FINAL=DocumentResponseDTO(generated=false, data=null), CONFIRMATION_LETTER=DocumentResponseDTO(generated=false, data=null), INCREMENT_LETTER=DocumentResponseDTO(generated=false, data=null), RELIEVING_LETTER=DocumentResponseDTO(generated=true, data={issueDate=2026-07-17, relievingDate=2026-07-17}), SALARY_SLIP=DocumentResponseDTO(generated=true, data={startMonth=2026-04, endMonth=2026-06}), COMPLETION_LETTER=DocumentResponseDTO(generated=false, data=null), OFFER_LETTER=DocumentResponseDTO(generated=false, data=null)})
2026-07-18 11:33:33 [http-nio-8080-exec-5] INFO  c.e.D.controller.UserController - Fetched 8 users on page 0 of 2
2026-07-18 11:33:58 [http-nio-8080-exec-2] INFO  c.e.Docgen_Backend.config.JwtFilter - JWT validated successfully for userId=6a311365ec2c34f3d9e4f06e
2026-07-18 11:33:58 [http-nio-8080-exec-2] INFO  c.e.D.controller.UserController - PATCH /api/v2/users/22 - Update request received for employeeId=SMDS0338
2026-07-18 11:33:58 [http-nio-8080-exec-2] DEBUG c.e.D.controller.UserController - Update payload: CreateProfileRequest(employeeName=Komal Kumar Divase, email=komaldivase04@gmail.com, mobileNo=8080415960, employeeId=SMDS0338, joiningDesignation=System Engineer, currentDesignation=Java Developer, department=IT, currentAddress=Wakad, Pune-411033, permanentAddress=null, accountNo=2601279918519568, bankName=AU Small Finance Bank, joiningCTC=350000.0, currentCTC=750000.0, dateOfBirth=2000-02-04, offerDate=2022-04-29, joiningDate=2022-05-05, panNo=HNXPD1087F, company=SMT, pfType=WITH_PF, identity=MRS, documents=[EXPERIENCE_LETTER, RELIEVING_LETTER, SALARY_SLIP], documentData={EXPERIENCE_LETTER={relievingDate=2026-07-17, issueDate=2026-07-17}, RELIEVING_LETTER={relievingDate=2026-07-17, issueDate=2026-07-17}, SALARY_SLIP={startMonth=2026-04, endMonth=2026-06, salaryWorkdays={2026-04=30, 2026-05=31, 2026-06=30}}})
2026-07-18 11:33:58 [http-nio-8080-exec-2] INFO  c.e.D.service.impl.UserServiceImpl - Updating user profile | userId=22 | employeeId=SMDS0338
2026-07-18 11:33:58 [http-nio-8080-exec-2] WARN  com.zaxxer.hikari.pool.PoolBase - HikariPool-1 - Failed to validate connection com.mysql.cj.jdbc.ConnectionImpl@7d8bcc2b (No operations allowed after connection closed.). Possibly consider using a shorter maxLifetime value.
2026-07-18 11:33:58 [http-nio-8080-exec-2] WARN  com.zaxxer.hikari.pool.PoolBase - HikariPool-1 - Failed to validate connection com.mysql.cj.jdbc.ConnectionImpl@345427c6 (No operations allowed after connection closed.). Possibly consider using a shorter maxLifetime value.
2026-07-18 11:33:58 [http-nio-8080-exec-2] WARN  com.zaxxer.hikari.pool.PoolBase - HikariPool-1 - Failed to validate connection com.mysql.cj.jdbc.ConnectionImpl@6d4bac8b (No operations allowed after connection closed.). Possibly consider using a shorter maxLifetime value.
2026-07-18 11:33:59 [http-nio-8080-exec-2] DEBUG c.e.D.service.impl.UserServiceImpl - Existing user fetched | userId=22 | oldEmployeeId=SMDS0338
2026-07-18 11:33:59 [http-nio-8080-exec-2] DEBUG c.e.D.service.impl.UserServiceImpl - Updating documents | userId=22
2026-07-18 11:33:59 [http-nio-8080-exec-2] INFO  c.e.D.service.impl.UserServiceImpl - User profile updated successfully | userId=22 | timeTaken=635ms
2026-07-18 11:33:59 [http-nio-8080-exec-2] INFO  c.e.D.controller.UserController - Profile updated successfully for userId=22, employeeId=SMDS0338
2026-07-18 11:35:39 [HikariPool-1:housekeeper] WARN  com.zaxxer.hikari.pool.PoolBase - HikariPool-1 - Failed to validate connection com.mysql.cj.jdbc.ConnectionImpl@72ed10c2 (No operations allowed after connection closed.). Possibly consider using a shorter maxLifetime value.
2026-07-18 11:35:41 [HikariPool-1:housekeeper] WARN  com.zaxxer.hikari.pool.PoolBase - HikariPool-1 - Failed to validate connection com.mysql.cj.jdbc.ConnectionImpl@4472f9c5 (No operations allowed after connection closed.). Possibly consider using a shorter maxLifetime value.
2026-07-18 11:35:44 [HikariPool-1:housekeeper] WARN  com.zaxxer.hikari.pool.PoolBase - HikariPool-1 - Failed to validate connection com.mysql.cj.jdbc.ConnectionImpl@2fee13c4 (No operations allowed after connection closed.). Possibly consider using a shorter maxLifetime value.
2026-07-18 11:37:18 [HikariPool-1:housekeeper] WARN  com.zaxxer.hikari.pool.PoolBase - HikariPool-1 - Failed to validate connection com.mysql.cj.jdbc.ConnectionImpl@351f6dfb (No operations allowed after connection closed.). Possibly consider using a shorter maxLifetime value.
2026-07-18 11:37:25 [HikariPool-1:housekeeper] WARN  com.zaxxer.hikari.pool.PoolBase - HikariPool-1 - Failed to validate connection com.mysql.cj.jdbc.ConnectionImpl@6015c436 (No operations allowed after connection closed.). Possibly consider using a shorter maxLifetime value.
2026-07-18 11:38:11 [http-nio-8080-exec-9] INFO  c.e.Docgen_Backend.config.JwtFilter - JWT validated successfully for userId=6a311365ec2c34f3d9e4f06e
2026-07-18 11:38:11 [http-nio-8080-exec-9] INFO  c.e.D.controller.UserController - GET /api/v2/users - Fetch all users request received | page=0, size=8, sortBy=id, direction=desc
2026-07-18 11:38:11 [http-nio-8080-exec-9] WARN  com.zaxxer.hikari.pool.PoolBase - HikariPool-1 - Failed to validate connection com.mysql.cj.jdbc.ConnectionImpl@1e087e2 (No operations allowed after connection closed.). Possibly consider using a shorter maxLifetime value.
2026-07-18 11:38:11 [http-nio-8080-exec-9] WARN  com.zaxxer.hikari.pool.PoolBase - HikariPool-1 - Failed to validate connection com.mysql.cj.jdbc.ConnectionImpl@31e1ed16 (No operations allowed after connection closed.). Possibly consider using a shorter maxLifetime value.
2026-07-18 11:38:15 [http-nio-8080-exec-9] INFO  c.e.D.controller.UserController - Fetched 8 users on page 0 of 2
2026-07-18 11:38:16 [http-nio-8080-exec-10] INFO  c.e.Docgen_Backend.config.JwtFilter - JWT validated successfully for userId=6a311365ec2c34f3d9e4f06e
2026-07-18 11:38:16 [http-nio-8080-exec-10] INFO  c.e.D.controller.UserController - GET /api/v2/users - Fetch all users request received | page=0, size=8, sortBy=id, direction=desc
2026-07-18 11:38:17 [http-nio-8080-exec-2] INFO  c.e.Docgen_Backend.config.JwtFilter - JWT validated successfully for userId=6a311365ec2c34f3d9e4f06e
2026-07-18 11:38:17 [http-nio-8080-exec-2] INFO  c.e.D.controller.UserController - GET /api/v2/users/22 - Fetch request received
2026-07-18 11:38:17 [http-nio-8080-exec-2] INFO  c.e.D.service.impl.UserServiceImpl - Fetching user profile for edit | userId=22
2026-07-18 11:38:17 [http-nio-8080-exec-2] DEBUG c.e.D.service.impl.UserServiceImpl - User found | userId=22 | employeeId=SMDS0338
2026-07-18 11:38:17 [http-nio-8080-exec-2] INFO  c.e.D.service.impl.UserServiceImpl - User profile fetched successfully | userId=22 | timeTaken=450ms
2026-07-18 11:38:17 [http-nio-8080-exec-2] INFO  c.e.D.controller.UserController - Profile fetched successfully for userId=22
2026-07-18 11:38:17 [http-nio-8080-exec-2] DEBUG c.e.D.controller.UserController - Fetched profile data: UserProfileResponseDTO(id=22, employeeName=Komal Kumar Divase, employeeId=SMDS0338, email=komaldivase04@gmail.com, mobileNo=8080415960, joiningDesignation=System Engineer, currentDesignation=Java Developer, department=IT, company=SMT, identity=MRS, pfType=WITH_PF, accountNo=2601279918519568, bankName=AU Small Finance Bank, currentAddress=Wakad, Pune-411033, permanentAddress=null, joiningCTC=350000.0, currentCTC=750000.0, dateOfBirth=2000-02-04, offerDate=2022-04-29, joiningDate=2022-05-05, panNo=HNXPD1087F, documents={APPOINTMENT_LETTER=DocumentResponseDTO(generated=false, data=null), INTERNSHIP_LETTER=DocumentResponseDTO(generated=false, data=null), EXPERIENCE_LETTER=DocumentResponseDTO(generated=true, data={issueDate=2026-07-17, relievingDate=2026-07-17}), FULL_AND_FINAL=DocumentResponseDTO(generated=false, data=null), CONFIRMATION_LETTER=DocumentResponseDTO(generated=false, data=null), INCREMENT_LETTER=DocumentResponseDTO(generated=false, data=null), RELIEVING_LETTER=DocumentResponseDTO(generated=true, data={issueDate=2026-07-17, relievingDate=2026-07-17}), SALARY_SLIP=DocumentResponseDTO(generated=true, data={startMonth=2026-04, endMonth=2026-06}), COMPLETION_LETTER=DocumentResponseDTO(generated=false, data=null), OFFER_LETTER=DocumentResponseDTO(generated=false, data=null)})
2026-07-18 11:38:17 [http-nio-8080-exec-3] INFO  c.e.Docgen_Backend.config.JwtFilter - JWT validated successfully for userId=6a311365ec2c34f3d9e4f06e
2026-07-18 11:38:17 [http-nio-8080-exec-3] INFO  c.e.D.controller.UserController - GET /api/v2/users/22 - Fetch request received
2026-07-18 11:38:17 [http-nio-8080-exec-3] INFO  c.e.D.service.impl.UserServiceImpl - Fetching user profile for edit | userId=22
2026-07-18 11:38:18 [http-nio-8080-exec-3] DEBUG c.e.D.service.impl.UserServiceImpl - User found | userId=22 | employeeId=SMDS0338
2026-07-18 11:38:18 [http-nio-8080-exec-3] INFO  c.e.D.service.impl.UserServiceImpl - User profile fetched successfully | userId=22 | timeTaken=474ms
2026-07-18 11:38:18 [http-nio-8080-exec-3] INFO  c.e.D.controller.UserController - Profile fetched successfully for userId=22
2026-07-18 11:38:18 [http-nio-8080-exec-3] DEBUG c.e.D.controller.UserController - Fetched profile data: UserProfileResponseDTO(id=22, employeeName=Komal Kumar Divase, employeeId=SMDS0338, email=komaldivase04@gmail.com, mobileNo=8080415960, joiningDesignation=System Engineer, currentDesignation=Java Developer, department=IT, company=SMT, identity=MRS, pfType=WITH_PF, accountNo=2601279918519568, bankName=AU Small Finance Bank, currentAddress=Wakad, Pune-411033, permanentAddress=null, joiningCTC=350000.0, currentCTC=750000.0, dateOfBirth=2000-02-04, offerDate=2022-04-29, joiningDate=2022-05-05, panNo=HNXPD1087F, documents={APPOINTMENT_LETTER=DocumentResponseDTO(generated=false, data=null), INTERNSHIP_LETTER=DocumentResponseDTO(generated=false, data=null), EXPERIENCE_LETTER=DocumentResponseDTO(generated=true, data={issueDate=2026-07-17, relievingDate=2026-07-17}), FULL_AND_FINAL=DocumentResponseDTO(generated=false, data=null), CONFIRMATION_LETTER=DocumentResponseDTO(generated=false, data=null), INCREMENT_LETTER=DocumentResponseDTO(generated=false, data=null), RELIEVING_LETTER=DocumentResponseDTO(generated=true, data={issueDate=2026-07-17, relievingDate=2026-07-17}), SALARY_SLIP=DocumentResponseDTO(generated=true, data={startMonth=2026-04, endMonth=2026-06}), COMPLETION_LETTER=DocumentResponseDTO(generated=false, data=null), OFFER_LETTER=DocumentResponseDTO(generated=false, data=null)})
2026-07-18 11:38:18 [http-nio-8080-exec-10] INFO  c.e.D.controller.UserController - Fetched 8 users on page 0 of 2
2026-07-18 11:38:38 [http-nio-8080-exec-6] INFO  c.e.Docgen_Backend.config.JwtFilter - JWT validated successfully for userId=6a311365ec2c34f3d9e4f06e
2026-07-18 11:38:38 [http-nio-8080-exec-6] INFO  c.e.D.controller.UserController - PATCH /api/v2/users/22 - Update request received for employeeId=SMDS0338
2026-07-18 11:38:38 [http-nio-8080-exec-6] DEBUG c.e.D.controller.UserController - Update payload: CreateProfileRequest(employeeName=Komal Kumar Divase, email=komaldivase04@gmail.com, mobileNo=8080415960, employeeId=SMDS0338, joiningDesignation=System Engineer, currentDesignation=Java Developer, department=IT, currentAddress=Wakad, Pune-411033, permanentAddress=null, accountNo=2601279918519568, bankName=AU Small Finance Bank, joiningCTC=350000.0, currentCTC=750000.0, dateOfBirth=2000-02-04, offerDate=2022-04-29, joiningDate=2022-05-05, panNo=HNXPD1087F, company=SMT, pfType=WITH_PF, identity=MRS, documents=[EXPERIENCE_LETTER, RELIEVING_LETTER, SALARY_SLIP], documentData={EXPERIENCE_LETTER={relievingDate=2026-07-17, issueDate=2026-07-17}, RELIEVING_LETTER={relievingDate=2026-07-17, issueDate=2026-07-17}, SALARY_SLIP={startMonth=2026-04, endMonth=2026-06, salaryWorkdays={2026-04=30, 2026-05=31, 2026-06=30}}})
2026-07-18 11:38:38 [http-nio-8080-exec-6] INFO  c.e.D.service.impl.UserServiceImpl - Updating user profile | userId=22 | employeeId=SMDS0338
2026-07-18 11:38:38 [http-nio-8080-exec-6] DEBUG c.e.D.service.impl.UserServiceImpl - Existing user fetched | userId=22 | oldEmployeeId=SMDS0338
2026-07-18 11:38:38 [http-nio-8080-exec-6] DEBUG c.e.D.service.impl.UserServiceImpl - Updating documents | userId=22
2026-07-18 11:38:38 [http-nio-8080-exec-6] INFO  c.e.D.service.impl.UserServiceImpl - User profile updated successfully | userId=22 | timeTaken=546ms
2026-07-18 11:38:38 [http-nio-8080-exec-6] INFO  c.e.D.controller.UserController - Profile updated successfully for userId=22, employeeId=SMDS0338
2026-07-18 11:39:51 [HikariPool-1:housekeeper] WARN  com.zaxxer.hikari.pool.PoolBase - HikariPool-1 - Failed to validate connection com.mysql.cj.jdbc.ConnectionImpl@7104597a (No operations allowed after connection closed.). Possibly consider using a shorter maxLifetime value.
2026-07-18 11:39:57 [HikariPool-1:housekeeper] WARN  com.zaxxer.hikari.pool.PoolBase - HikariPool-1 - Failed to validate connection com.mysql.cj.jdbc.ConnectionImpl@5998c26e (No operations allowed after connection closed.). Possibly consider using a shorter maxLifetime value.
2026-07-18 11:40:09 [HikariPool-1:housekeeper] WARN  com.zaxxer.hikari.pool.PoolBase - HikariPool-1 - Failed to validate connection com.mysql.cj.jdbc.ConnectionImpl@610b7eac (No operations allowed after connection closed.). Possibly consider using a shorter maxLifetime value.
2026-07-18 11:41:36 [HikariPool-1:housekeeper] WARN  com.zaxxer.hikari.pool.PoolBase - HikariPool-1 - Failed to validate connection com.mysql.cj.jdbc.ConnectionImpl@7df8a3dc (No operations allowed after connection closed.). Possibly consider using a shorter maxLifetime value.
2026-07-18 11:41:49 [HikariPool-1:housekeeper] WARN  com.zaxxer.hikari.pool.PoolBase - HikariPool-1 - Failed to validate connection com.mysql.cj.jdbc.ConnectionImpl@4c50e3d8 (No operations allowed after connection closed.). Possibly consider using a shorter maxLifetime value.
2026-07-18 11:43:17 [HikariPool-1:housekeeper] WARN  com.zaxxer.hikari.pool.PoolBase - HikariPool-1 - Failed to validate connection com.mysql.cj.jdbc.ConnectionImpl@72d666af (No operations allowed after connection closed.). Possibly consider using a shorter maxLifetime value.
2026-07-18 11:43:27 [HikariPool-1:housekeeper] WARN  com.zaxxer.hikari.pool.PoolBase - HikariPool-1 - Failed to validate connection com.mysql.cj.jdbc.ConnectionImpl@6ffca5f4 (No operations allowed after connection closed.). Possibly consider using a shorter maxLifetime value.
2026-07-18 11:45:04 [HikariPool-1:housekeeper] WARN  com.zaxxer.hikari.pool.PoolBase - HikariPool-1 - Failed to validate connection com.mysql.cj.jdbc.ConnectionImpl@2209c0ec (No operations allowed after connection closed.). Possibly consider using a shorter maxLifetime value.
2026-07-18 11:45:21 [HikariPool-1:housekeeper] WARN  com.zaxxer.hikari.pool.PoolBase - HikariPool-1 - Failed to validate connection com.mysql.cj.jdbc.ConnectionImpl@42a75a9f (No operations allowed after connection closed.). Possibly consider using a shorter maxLifetime value.
2026-07-18 11:46:48 [HikariPool-1:housekeeper] WARN  com.zaxxer.hikari.pool.PoolBase - HikariPool-1 - Failed to validate connection com.mysql.cj.jdbc.ConnectionImpl@14dda0c9 (No operations allowed after connection closed.). Possibly consider using a shorter maxLifetime value.
2026-07-18 11:47:02 [HikariPool-1:housekeeper] WARN  com.zaxxer.hikari.pool.PoolBase - HikariPool-1 - Failed to validate connection com.mysql.cj.jdbc.ConnectionImpl@503fbe85 (No operations allowed after connection closed.). Possibly consider using a shorter maxLifetime value.
2026-07-18 11:48:38 [HikariPool-1:housekeeper] WARN  com.zaxxer.hikari.pool.PoolBase - HikariPool-1 - Failed to validate connection com.mysql.cj.jdbc.ConnectionImpl@292ebfa1 (No operations allowed after connection closed.). Possibly consider using a shorter maxLifetime value.
2026-07-18 11:48:57 [HikariPool-1:housekeeper] WARN  com.zaxxer.hikari.pool.PoolBase - HikariPool-1 - Failed to validate connection com.mysql.cj.jdbc.ConnectionImpl@f2288fb (No operations allowed after connection closed.). Possibly consider using a shorter maxLifetime value.
2026-07-18 11:50:25 [HikariPool-1:housekeeper] WARN  com.zaxxer.hikari.pool.PoolBase - HikariPool-1 - Failed to validate connection com.mysql.cj.jdbc.ConnectionImpl@67215c63 (No operations allowed after connection closed.). Possibly consider using a shorter maxLifetime value.
2026-07-18 11:50:41 [HikariPool-1:housekeeper] WARN  com.zaxxer.hikari.pool.PoolBase - HikariPool-1 - Failed to validate connection com.mysql.cj.jdbc.ConnectionImpl@7892f1b0 (No operations allowed after connection closed.). Possibly consider using a shorter maxLifetime value.
2026-07-18 11:52:12 [SpringApplicationShutdownHook] INFO  o.s.boot.tomcat.GracefulShutdown - Commencing graceful shutdown. Waiting for active requests to complete
2026-07-18 11:52:12 [tomcat-shutdown] INFO  o.s.boot.tomcat.GracefulShutdown - Graceful shutdown complete
2026-07-18 11:52:12 [SpringApplicationShutdownHook] INFO  o.s.o.j.LocalContainerEntityManagerFactoryBean - Closing JPA EntityManagerFactory for persistence unit 'default'
2026-07-18 11:52:12 [SpringApplicationShutdownHook] INFO  com.zaxxer.hikari.HikariDataSource - HikariPool-1 - Shutdown initiated...
2026-07-18 11:52:12 [SpringApplicationShutdownHook] INFO  com.zaxxer.hikari.HikariDataSource - HikariPool-1 - Shutdown completed.
2026-07-18 17:18:21 [background-preinit] INFO  o.h.validator.internal.util.Version - HV000001: Hibernate Validator 9.0.1.Final
2026-07-18 17:18:21 [restartedMain] INFO  c.e.D.DocgenBackendApplication - Starting DocgenBackendApplication using Java 21.0.9 with PID 9740 (E:\DocGen New Front V2\Docgen-Backend\target\classes started by prath in E:\DocGen New Front V2\Docgen-Backend)
2026-07-18 17:18:21 [restartedMain] DEBUG c.e.D.DocgenBackendApplication - Running with Spring Boot v4.0.6, Spring v7.0.7
2026-07-18 17:18:21 [restartedMain] INFO  c.e.D.DocgenBackendApplication - No active profile set, falling back to 1 default profile: "default"
2026-07-18 17:18:21 [restartedMain] INFO  o.s.b.d.e.DevToolsPropertyDefaultsPostProcessor - Devtools property defaults active! Set 'spring.devtools.add-properties' to 'false' to disable
2026-07-18 17:18:21 [restartedMain] INFO  o.s.b.d.e.DevToolsPropertyDefaultsPostProcessor - For additional web related logging consider setting the 'logging.level.web' property to 'DEBUG'
2026-07-18 17:18:21 [restartedMain] INFO  o.s.d.r.c.RepositoryConfigurationDelegate - Bootstrapping Spring Data JPA repositories in DEFAULT mode.
2026-07-18 17:18:22 [restartedMain] INFO  o.s.d.r.c.RepositoryConfigurationDelegate - Finished Spring Data repository scanning in 51 ms. Found 2 JPA repository interfaces.
2026-07-18 17:18:22 [restartedMain] INFO  o.s.boot.tomcat.TomcatWebServer - Tomcat initialized with port 8080 (http)
2026-07-18 17:18:22 [restartedMain] INFO  o.a.coyote.http11.Http11NioProtocol - Initializing ProtocolHandler ["http-nio-8080"]
2026-07-18 17:18:22 [restartedMain] INFO  o.a.catalina.core.StandardService - Starting service [Tomcat]
2026-07-18 17:18:22 [restartedMain] INFO  o.a.catalina.core.StandardEngine - Starting Servlet engine: [Apache Tomcat/11.0.21]
2026-07-18 17:18:22 [restartedMain] INFO  o.s.b.w.c.s.WebApplicationContextInitializer - Root WebApplicationContext: initialization completed in 1362 ms
2026-07-18 17:18:22 [restartedMain] DEBUG c.e.Docgen_Backend.config.JwtFilter - Filter 'jwtFilter' configured for use
2026-07-18 17:18:22 [restartedMain] INFO  org.hibernate.orm.jpa - HHH008540: Processing PersistenceUnitInfo [name: default]
2026-07-18 17:18:22 [restartedMain] INFO  org.hibernate.orm.core - HHH000001: Hibernate ORM core version 7.2.12.Final
2026-07-18 17:18:23 [restartedMain] INFO  o.s.o.j.p.SpringPersistenceUnitInfo - No LoadTimeWeaver setup: ignoring JPA class transformer
2026-07-18 17:18:23 [restartedMain] INFO  com.zaxxer.hikari.HikariDataSource - HikariPool-1 - Starting...
2026-07-18 17:18:23 [restartedMain] INFO  com.zaxxer.hikari.pool.HikariPool - HikariPool-1 - Added connection com.mysql.cj.jdbc.ConnectionImpl@466c07b5
2026-07-18 17:18:23 [restartedMain] INFO  com.zaxxer.hikari.HikariDataSource - HikariPool-1 - Start completed.
2026-07-18 17:18:24 [restartedMain] WARN  org.hibernate.orm.jdbc - HHH100045: Could not obtain connection metadata: java.sql.SQLSyntaxErrorException: Unknown column 'RESERVED' in 'WHERE'
2026-07-18 17:18:24 [restartedMain] WARN  org.hibernate.orm.deprecation - HHH90000025: MySQLDialect does not need to be specified explicitly using 'hibernate.dialect' (remove the property setting and it will be selected by default)
2026-07-18 17:18:24 [restartedMain] INFO  o.hibernate.orm.connections.pooling - HHH10001005: Database info:
	Database JDBC URL [undefined/unknown]
	Database driver: undefined/unknown
	Database dialect: MySQLDialect
	Database version: 8.0
	Default catalog/schema: unknown/unknown
	Autocommit mode: undefined/unknown
	Isolation level: NONE [default NONE]
	JDBC fetch size: undefined/unknown
	Pool: DataSourceConnectionProvider
	Minimum pool size: undefined/unknown
	Maximum pool size: undefined/unknown
2026-07-18 17:18:25 [restartedMain] INFO  org.hibernate.orm.core - HHH000489: No JTA platform available (set 'hibernate.transaction.jta.platform' to enable JTA platform integration)
2026-07-18 17:18:33 [restartedMain] INFO  o.s.o.j.LocalContainerEntityManagerFactoryBean - Initialized JPA EntityManagerFactory for persistence unit 'default'
2026-07-18 17:18:33 [restartedMain] INFO  o.s.d.j.r.q.QueryEnhancerFactories - Hibernate is in classpath; If applicable, HQL parser will be used.
2026-07-18 17:18:33 [restartedMain] INFO  o.s.s.c.a.a.c.InitializeUserDetailsBeanManagerConfigurer$InitializeUserDetailsManagerConfigurer - Global AuthenticationManager configured with UserDetailsService bean with name customUserDetailsService
2026-07-18 17:18:34 [restartedMain] WARN  o.s.b.j.a.JpaBaseConfiguration$JpaWebConfiguration - spring.jpa.open-in-view is enabled by default. Therefore, database queries may be performed during view rendering. Explicitly configure spring.jpa.open-in-view to disable this warning
2026-07-18 17:18:34 [restartedMain] INFO  o.a.coyote.http11.Http11NioProtocol - Starting ProtocolHandler ["http-nio-8080"]
2026-07-18 17:18:34 [restartedMain] INFO  o.s.boot.tomcat.TomcatWebServer - Tomcat started on port 8080 (http) with context path '/'
2026-07-18 17:18:34 [restartedMain] INFO  c.e.D.DocgenBackendApplication - Started DocgenBackendApplication in 13.905 seconds (process running for 14.628)
2026-07-18 17:18:54 [http-nio-8080-exec-2] INFO  o.a.c.c.C.[Tomcat].[localhost].[/] - Initializing Spring DispatcherServlet 'dispatcherServlet'
2026-07-18 17:18:54 [http-nio-8080-exec-2] INFO  o.s.web.servlet.DispatcherServlet - Initializing Servlet 'dispatcherServlet'
2026-07-18 17:18:54 [http-nio-8080-exec-2] INFO  o.s.web.servlet.DispatcherServlet - Completed initialization in 1 ms
2026-07-18 17:18:54 [http-nio-8080-exec-3] INFO  c.e.Docgen_Backend.config.JwtFilter - JWT validated successfully for userId=6a311365ec2c34f3d9e4f06e
2026-07-18 17:18:54 [http-nio-8080-exec-3] INFO  c.e.D.controller.UserController - GET /api/v2/users - Fetch all users request received | page=0, size=8, sortBy=id, direction=desc
2026-07-18 17:18:54 [http-nio-8080-exec-3] WARN  com.zaxxer.hikari.pool.PoolBase - HikariPool-1 - Failed to validate connection com.mysql.cj.jdbc.ConnectionImpl@466c07b5 (No operations allowed after connection closed.). Possibly consider using a shorter maxLifetime value.
2026-07-18 17:18:54 [http-nio-8080-exec-3] WARN  com.zaxxer.hikari.pool.PoolBase - HikariPool-1 - Failed to validate connection com.mysql.cj.jdbc.ConnectionImpl@73655549 (No operations allowed after connection closed.). Possibly consider using a shorter maxLifetime value.
2026-07-18 17:18:54 [http-nio-8080-exec-3] WARN  com.zaxxer.hikari.pool.PoolBase - HikariPool-1 - Failed to validate connection com.mysql.cj.jdbc.ConnectionImpl@66fd0d9d (No operations allowed after connection closed.). Possibly consider using a shorter maxLifetime value.
2026-07-18 17:18:58 [http-nio-8080-exec-3] INFO  c.e.D.controller.UserController - Fetched 8 users on page 0 of 2
2026-07-18 17:18:58 [http-nio-8080-exec-4] INFO  c.e.Docgen_Backend.config.JwtFilter - JWT validated successfully for userId=6a311365ec2c34f3d9e4f06e
2026-07-18 17:18:58 [http-nio-8080-exec-4] INFO  c.e.D.controller.UserController - GET /api/v2/users - Fetch all users request received | page=0, size=8, sortBy=id, direction=desc
2026-07-18 17:19:01 [http-nio-8080-exec-4] INFO  c.e.D.controller.UserController - Fetched 8 users on page 0 of 2
2026-07-18 17:20:37 [HikariPool-1:housekeeper] WARN  com.zaxxer.hikari.pool.PoolBase - HikariPool-1 - Failed to validate connection com.mysql.cj.jdbc.ConnectionImpl@1436f593 (No operations allowed after connection closed.). Possibly consider using a shorter maxLifetime value.
2026-07-18 17:20:37 [HikariPool-1:housekeeper] WARN  com.zaxxer.hikari.pool.PoolBase - HikariPool-1 - Failed to validate connection com.mysql.cj.jdbc.ConnectionImpl@25e82053 (No operations allowed after connection closed.). Possibly consider using a shorter maxLifetime value.
2026-07-18 17:20:39 [HikariPool-1:housekeeper] WARN  com.zaxxer.hikari.pool.PoolBase - HikariPool-1 - Failed to validate connection com.mysql.cj.jdbc.ConnectionImpl@57a0f7d6 (No operations allowed after connection closed.). Possibly consider using a shorter maxLifetime value.
2026-07-18 17:22:05 [http-nio-8080-exec-8] INFO  c.e.Docgen_Backend.config.JwtFilter - JWT validated successfully for userId=6a311365ec2c34f3d9e4f06e
2026-07-18 17:22:05 [http-nio-8080-exec-8] INFO  c.e.D.controller.UserController - GET /api/v2/users - Fetch all users request received | page=0, size=8, sortBy=id, direction=desc
2026-07-18 17:22:05 [http-nio-8080-exec-8] WARN  com.zaxxer.hikari.pool.PoolBase - HikariPool-1 - Failed to validate connection com.mysql.cj.jdbc.ConnectionImpl@4ff62979 (No operations allowed after connection closed.). Possibly consider using a shorter maxLifetime value.
2026-07-18 17:22:06 [http-nio-8080-exec-8] WARN  com.zaxxer.hikari.pool.PoolBase - HikariPool-1 - Failed to validate connection com.mysql.cj.jdbc.ConnectionImpl@147a79d1 (No operations allowed after connection closed.). Possibly consider using a shorter maxLifetime value.
2026-07-18 17:22:09 [http-nio-8080-exec-8] INFO  c.e.D.controller.UserController - Fetched 8 users on page 0 of 2
2026-07-18 17:22:09 [http-nio-8080-exec-10] INFO  c.e.Docgen_Backend.config.JwtFilter - JWT validated successfully for userId=6a311365ec2c34f3d9e4f06e
2026-07-18 17:22:09 [http-nio-8080-exec-10] INFO  c.e.D.controller.UserController - GET /api/v2/users - Fetch all users request received | page=0, size=8, sortBy=id, direction=desc
2026-07-18 17:22:11 [http-nio-8080-exec-3] INFO  c.e.Docgen_Backend.config.JwtFilter - JWT validated successfully for userId=6a311365ec2c34f3d9e4f06e
2026-07-18 17:22:11 [http-nio-8080-exec-3] INFO  c.e.D.controller.UserController - GET /api/v2/users/23 - Fetch request received
2026-07-18 17:22:11 [http-nio-8080-exec-3] INFO  c.e.D.service.impl.UserServiceImpl - Fetching user profile for edit | userId=23
2026-07-18 17:22:11 [http-nio-8080-exec-3] DEBUG c.e.D.service.impl.UserServiceImpl - User found | userId=23 | employeeId=SMDS0347
2026-07-18 17:22:11 [http-nio-8080-exec-3] INFO  c.e.D.service.impl.UserServiceImpl - User profile fetched successfully | userId=23 | timeTaken=362ms
2026-07-18 17:22:11 [http-nio-8080-exec-3] INFO  c.e.D.controller.UserController - Profile fetched successfully for userId=23
2026-07-18 17:22:11 [http-nio-8080-exec-3] DEBUG c.e.D.controller.UserController - Fetched profile data: UserProfileResponseDTO(id=23, employeeName=Anil Jejurkar, employeeId=SMDS0347, email=aniljejurkar.9922@gmail.com, mobileNo=9112892729, joiningDesignation=null, currentDesignation=null, department=Information Technology, company=SMT, identity=MR, pfType=WITH_PF, accountNo=067010110011164, bankName=Bank of india, currentAddress=null, permanentAddress=null, joiningCTC=null, currentCTC=null, dateOfBirth=1992-05-29, offerDate=2022-04-21, joiningDate=2022-05-02, panNo=BBTPJ7835H, documents={APPOINTMENT_LETTER=DocumentResponseDTO(generated=false, data=null), INTERNSHIP_LETTER=DocumentResponseDTO(generated=false, data=null), EXPERIENCE_LETTER=DocumentResponseDTO(generated=true, data={issueDate=2026-07-18, relievingDate=2026-07-19}), FULL_AND_FINAL=DocumentResponseDTO(generated=false, data=null), CONFIRMATION_LETTER=DocumentResponseDTO(generated=false, data=null), INCREMENT_LETTER=DocumentResponseDTO(generated=false, data=null), RELIEVING_LETTER=DocumentResponseDTO(generated=false, data=null), SALARY_SLIP=DocumentResponseDTO(generated=false, data=null), COMPLETION_LETTER=DocumentResponseDTO(generated=false, data=null), OFFER_LETTER=DocumentResponseDTO(generated=false, data=null)})
2026-07-18 17:22:11 [http-nio-8080-exec-4] INFO  c.e.Docgen_Backend.config.JwtFilter - JWT validated successfully for userId=6a311365ec2c34f3d9e4f06e
2026-07-18 17:22:11 [http-nio-8080-exec-4] INFO  c.e.D.controller.UserController - GET /api/v2/users/23 - Fetch request received
2026-07-18 17:22:11 [http-nio-8080-exec-4] INFO  c.e.D.service.impl.UserServiceImpl - Fetching user profile for edit | userId=23
2026-07-18 17:22:11 [http-nio-8080-exec-4] DEBUG c.e.D.service.impl.UserServiceImpl - User found | userId=23 | employeeId=SMDS0347
2026-07-18 17:22:11 [http-nio-8080-exec-4] INFO  c.e.D.service.impl.UserServiceImpl - User profile fetched successfully | userId=23 | timeTaken=229ms
2026-07-18 17:22:11 [http-nio-8080-exec-4] INFO  c.e.D.controller.UserController - Profile fetched successfully for userId=23
2026-07-18 17:22:11 [http-nio-8080-exec-4] DEBUG c.e.D.controller.UserController - Fetched profile data: UserProfileResponseDTO(id=23, employeeName=Anil Jejurkar, employeeId=SMDS0347, email=aniljejurkar.9922@gmail.com, mobileNo=9112892729, joiningDesignation=null, currentDesignation=null, department=Information Technology, company=SMT, identity=MR, pfType=WITH_PF, accountNo=067010110011164, bankName=Bank of india, currentAddress=null, permanentAddress=null, joiningCTC=null, currentCTC=null, dateOfBirth=1992-05-29, offerDate=2022-04-21, joiningDate=2022-05-02, panNo=BBTPJ7835H, documents={APPOINTMENT_LETTER=DocumentResponseDTO(generated=false, data=null), INTERNSHIP_LETTER=DocumentResponseDTO(generated=false, data=null), EXPERIENCE_LETTER=DocumentResponseDTO(generated=true, data={issueDate=2026-07-18, relievingDate=2026-07-19}), FULL_AND_FINAL=DocumentResponseDTO(generated=false, data=null), CONFIRMATION_LETTER=DocumentResponseDTO(generated=false, data=null), INCREMENT_LETTER=DocumentResponseDTO(generated=false, data=null), RELIEVING_LETTER=DocumentResponseDTO(generated=false, data=null), SALARY_SLIP=DocumentResponseDTO(generated=false, data=null), COMPLETION_LETTER=DocumentResponseDTO(generated=false, data=null), OFFER_LETTER=DocumentResponseDTO(generated=false, data=null)})
2026-07-18 17:22:12 [http-nio-8080-exec-10] INFO  c.e.D.controller.UserController - Fetched 8 users on page 0 of 2
2026-07-18 17:22:16 [http-nio-8080-exec-7] INFO  c.e.Docgen_Backend.config.JwtFilter - JWT validated successfully for userId=6a311365ec2c34f3d9e4f06e
2026-07-18 17:22:16 [http-nio-8080-exec-7] INFO  c.e.D.controller.UserController - GET /api/v2/users - Fetch all users request received | page=0, size=8, sortBy=id, direction=desc
2026-07-18 17:22:19 [http-nio-8080-exec-7] INFO  c.e.D.controller.UserController - Fetched 8 users on page 0 of 2
2026-07-18 17:22:19 [http-nio-8080-exec-9] INFO  c.e.Docgen_Backend.config.JwtFilter - JWT validated successfully for userId=6a311365ec2c34f3d9e4f06e
2026-07-18 17:22:19 [http-nio-8080-exec-9] INFO  c.e.D.controller.UserController - GET /api/v2/users - Fetch all users request received | page=0, size=8, sortBy=id, direction=desc
2026-07-18 17:22:20 [http-nio-8080-exec-2] INFO  c.e.Docgen_Backend.config.JwtFilter - JWT validated successfully for userId=6a311365ec2c34f3d9e4f06e
2026-07-18 17:22:20 [http-nio-8080-exec-2] INFO  c.e.D.controller.UserController - GET /api/v2/users/22 - Fetch request received
2026-07-18 17:22:20 [http-nio-8080-exec-2] INFO  c.e.D.service.impl.UserServiceImpl - Fetching user profile for edit | userId=22
2026-07-18 17:22:20 [http-nio-8080-exec-2] DEBUG c.e.D.service.impl.UserServiceImpl - User found | userId=22 | employeeId=SMDS0338
2026-07-18 17:22:20 [http-nio-8080-exec-2] INFO  c.e.D.service.impl.UserServiceImpl - User profile fetched successfully | userId=22 | timeTaken=317ms
2026-07-18 17:22:20 [http-nio-8080-exec-2] INFO  c.e.D.controller.UserController - Profile fetched successfully for userId=22
2026-07-18 17:22:20 [http-nio-8080-exec-2] DEBUG c.e.D.controller.UserController - Fetched profile data: UserProfileResponseDTO(id=22, employeeName=Komal Kumar Divase, employeeId=SMDS0338, email=komaldivase04@gmail.com, mobileNo=8080415960, joiningDesignation=System Engineer, currentDesignation=Java Developer, department=IT, company=SMT, identity=MRS, pfType=WITH_PF, accountNo=2601279918519568, bankName=AU Small Finance Bank, currentAddress=Wakad, Pune-411033, permanentAddress=null, joiningCTC=350000.0, currentCTC=750000.0, dateOfBirth=2000-02-04, offerDate=2022-04-29, joiningDate=2022-05-05, panNo=HNXPD1087F, documents={APPOINTMENT_LETTER=DocumentResponseDTO(generated=false, data=null), INTERNSHIP_LETTER=DocumentResponseDTO(generated=false, data=null), EXPERIENCE_LETTER=DocumentResponseDTO(generated=true, data={issueDate=2026-07-17, relievingDate=2026-07-17}), FULL_AND_FINAL=DocumentResponseDTO(generated=false, data=null), CONFIRMATION_LETTER=DocumentResponseDTO(generated=false, data=null), INCREMENT_LETTER=DocumentResponseDTO(generated=false, data=null), RELIEVING_LETTER=DocumentResponseDTO(generated=true, data={issueDate=2026-07-17, relievingDate=2026-07-17}), SALARY_SLIP=DocumentResponseDTO(generated=true, data={startMonth=2026-04, endMonth=2026-06}), COMPLETION_LETTER=DocumentResponseDTO(generated=false, data=null), OFFER_LETTER=DocumentResponseDTO(generated=false, data=null)})
2026-07-18 17:22:20 [http-nio-8080-exec-3] INFO  c.e.Docgen_Backend.config.JwtFilter - JWT validated successfully for userId=6a311365ec2c34f3d9e4f06e
2026-07-18 17:22:20 [http-nio-8080-exec-3] INFO  c.e.D.controller.UserController - GET /api/v2/users/22 - Fetch request received
2026-07-18 17:22:20 [http-nio-8080-exec-3] INFO  c.e.D.service.impl.UserServiceImpl - Fetching user profile for edit | userId=22
2026-07-18 17:22:21 [http-nio-8080-exec-3] DEBUG c.e.D.service.impl.UserServiceImpl - User found | userId=22 | employeeId=SMDS0338
2026-07-18 17:22:21 [http-nio-8080-exec-3] INFO  c.e.D.service.impl.UserServiceImpl - User profile fetched successfully | userId=22 | timeTaken=546ms
2026-07-18 17:22:21 [http-nio-8080-exec-3] INFO  c.e.D.controller.UserController - Profile fetched successfully for userId=22
2026-07-18 17:22:21 [http-nio-8080-exec-3] DEBUG c.e.D.controller.UserController - Fetched profile data: UserProfileResponseDTO(id=22, employeeName=Komal Kumar Divase, employeeId=SMDS0338, email=komaldivase04@gmail.com, mobileNo=8080415960, joiningDesignation=System Engineer, currentDesignation=Java Developer, department=IT, company=SMT, identity=MRS, pfType=WITH_PF, accountNo=2601279918519568, bankName=AU Small Finance Bank, currentAddress=Wakad, Pune-411033, permanentAddress=null, joiningCTC=350000.0, currentCTC=750000.0, dateOfBirth=2000-02-04, offerDate=2022-04-29, joiningDate=2022-05-05, panNo=HNXPD1087F, documents={APPOINTMENT_LETTER=DocumentResponseDTO(generated=false, data=null), INTERNSHIP_LETTER=DocumentResponseDTO(generated=false, data=null), EXPERIENCE_LETTER=DocumentResponseDTO(generated=true, data={issueDate=2026-07-17, relievingDate=2026-07-17}), FULL_AND_FINAL=DocumentResponseDTO(generated=false, data=null), CONFIRMATION_LETTER=DocumentResponseDTO(generated=false, data=null), INCREMENT_LETTER=DocumentResponseDTO(generated=false, data=null), RELIEVING_LETTER=DocumentResponseDTO(generated=true, data={issueDate=2026-07-17, relievingDate=2026-07-17}), SALARY_SLIP=DocumentResponseDTO(generated=true, data={startMonth=2026-04, endMonth=2026-06}), COMPLETION_LETTER=DocumentResponseDTO(generated=false, data=null), OFFER_LETTER=DocumentResponseDTO(generated=false, data=null)})
2026-07-18 17:22:22 [http-nio-8080-exec-9] INFO  c.e.D.controller.UserController - Fetched 8 users on page 0 of 2
2026-07-18 17:22:23 [http-nio-8080-exec-5] INFO  c.e.Docgen_Backend.config.JwtFilter - JWT validated successfully for userId=6a311365ec2c34f3d9e4f06e
2026-07-18 17:22:23 [http-nio-8080-exec-5] INFO  c.e.D.controller.UserController - GET /api/v2/users - Fetch all users request received | page=0, size=8, sortBy=id, direction=desc
2026-07-18 17:22:28 [http-nio-8080-exec-5] INFO  c.e.D.controller.UserController - Fetched 8 users on page 0 of 2
2026-07-18 17:22:29 [http-nio-8080-exec-6] INFO  c.e.Docgen_Backend.config.JwtFilter - JWT validated successfully for userId=6a311365ec2c34f3d9e4f06e
2026-07-18 17:22:29 [http-nio-8080-exec-6] INFO  c.e.D.controller.UserController - GET /api/v2/users - Fetch all users request received | page=0, size=8, sortBy=id, direction=desc
2026-07-18 17:22:31 [http-nio-8080-exec-6] INFO  c.e.D.controller.UserController - Fetched 8 users on page 0 of 2
2026-07-18 17:22:31 [http-nio-8080-exec-1] INFO  c.e.Docgen_Backend.config.JwtFilter - JWT validated successfully for userId=6a311365ec2c34f3d9e4f06e
2026-07-18 17:22:31 [http-nio-8080-exec-1] INFO  c.e.D.controller.UserController - GET /api/v2/users/23 - Fetch request received
2026-07-18 17:22:31 [http-nio-8080-exec-1] INFO  c.e.D.service.impl.UserServiceImpl - Fetching user profile for edit | userId=23
2026-07-18 17:22:31 [http-nio-8080-exec-1] DEBUG c.e.D.service.impl.UserServiceImpl - User found | userId=23 | employeeId=SMDS0347
2026-07-18 17:22:31 [http-nio-8080-exec-1] INFO  c.e.D.service.impl.UserServiceImpl - User profile fetched successfully | userId=23 | timeTaken=266ms
2026-07-18 17:22:31 [http-nio-8080-exec-1] INFO  c.e.D.controller.UserController - Profile fetched successfully for userId=23
2026-07-18 17:22:31 [http-nio-8080-exec-1] DEBUG c.e.D.controller.UserController - Fetched profile data: UserProfileResponseDTO(id=23, employeeName=Anil Jejurkar, employeeId=SMDS0347, email=aniljejurkar.9922@gmail.com, mobileNo=9112892729, joiningDesignation=null, currentDesignation=null, department=Information Technology, company=SMT, identity=MR, pfType=WITH_PF, accountNo=067010110011164, bankName=Bank of india, currentAddress=null, permanentAddress=null, joiningCTC=null, currentCTC=null, dateOfBirth=1992-05-29, offerDate=2022-04-21, joiningDate=2022-05-02, panNo=BBTPJ7835H, documents={APPOINTMENT_LETTER=DocumentResponseDTO(generated=false, data=null), INTERNSHIP_LETTER=DocumentResponseDTO(generated=false, data=null), EXPERIENCE_LETTER=DocumentResponseDTO(generated=true, data={issueDate=2026-07-18, relievingDate=2026-07-19}), FULL_AND_FINAL=DocumentResponseDTO(generated=false, data=null), CONFIRMATION_LETTER=DocumentResponseDTO(generated=false, data=null), INCREMENT_LETTER=DocumentResponseDTO(generated=false, data=null), RELIEVING_LETTER=DocumentResponseDTO(generated=false, data=null), SALARY_SLIP=DocumentResponseDTO(generated=false, data=null), COMPLETION_LETTER=DocumentResponseDTO(generated=false, data=null), OFFER_LETTER=DocumentResponseDTO(generated=false, data=null)})
2026-07-18 17:22:31 [http-nio-8080-exec-2] INFO  c.e.Docgen_Backend.config.JwtFilter - JWT validated successfully for userId=6a311365ec2c34f3d9e4f06e
2026-07-18 17:22:31 [http-nio-8080-exec-2] INFO  c.e.D.controller.UserController - GET /api/v2/users/23 - Fetch request received
2026-07-18 17:22:31 [http-nio-8080-exec-2] INFO  c.e.D.service.impl.UserServiceImpl - Fetching user profile for edit | userId=23
2026-07-18 17:22:31 [http-nio-8080-exec-2] DEBUG c.e.D.service.impl.UserServiceImpl - User found | userId=23 | employeeId=SMDS0347
2026-07-18 17:22:31 [http-nio-8080-exec-2] INFO  c.e.D.service.impl.UserServiceImpl - User profile fetched successfully | userId=23 | timeTaken=245ms
2026-07-18 17:22:31 [http-nio-8080-exec-2] INFO  c.e.D.controller.UserController - Profile fetched successfully for userId=23
2026-07-18 17:22:31 [http-nio-8080-exec-2] DEBUG c.e.D.controller.UserController - Fetched profile data: UserProfileResponseDTO(id=23, employeeName=Anil Jejurkar, employeeId=SMDS0347, email=aniljejurkar.9922@gmail.com, mobileNo=9112892729, joiningDesignation=null, currentDesignation=null, department=Information Technology, company=SMT, identity=MR, pfType=WITH_PF, accountNo=067010110011164, bankName=Bank of india, currentAddress=null, permanentAddress=null, joiningCTC=null, currentCTC=null, dateOfBirth=1992-05-29, offerDate=2022-04-21, joiningDate=2022-05-02, panNo=BBTPJ7835H, documents={APPOINTMENT_LETTER=DocumentResponseDTO(generated=false, data=null), INTERNSHIP_LETTER=DocumentResponseDTO(generated=false, data=null), EXPERIENCE_LETTER=DocumentResponseDTO(generated=true, data={issueDate=2026-07-18, relievingDate=2026-07-19}), FULL_AND_FINAL=DocumentResponseDTO(generated=false, data=null), CONFIRMATION_LETTER=DocumentResponseDTO(generated=false, data=null), INCREMENT_LETTER=DocumentResponseDTO(generated=false, data=null), RELIEVING_LETTER=DocumentResponseDTO(generated=false, data=null), SALARY_SLIP=DocumentResponseDTO(generated=false, data=null), COMPLETION_LETTER=DocumentResponseDTO(generated=false, data=null), OFFER_LETTER=DocumentResponseDTO(generated=false, data=null)})
2026-07-18 17:23:52 [http-nio-8080-exec-5] INFO  c.e.Docgen_Backend.config.JwtFilter - JWT validated successfully for userId=6a311365ec2c34f3d9e4f06e
2026-07-18 17:23:52 [http-nio-8080-exec-5] INFO  c.e.D.controller.UserController - PATCH /api/v2/users/23 - Update request received for employeeId=SMDS0347
2026-07-18 17:23:52 [http-nio-8080-exec-5] DEBUG c.e.D.controller.UserController - Update payload: CreateProfileRequest(employeeName=Anil Jejurkar, email=prathamesh69bhavsar@gmail.com, mobileNo=8007454299, employeeId=SMDS0347, joiningDesignation=Java Developer, currentDesignation=Senior Software Developer, department=Information Technology, currentAddress=N-42,VD-1/3/1,Sawta Nager,Cidco,Trimurti Chowk, permanentAddress=null, accountNo=067010110011164, bankName=Bank of india, joiningCTC=360000.0, currentCTC=800000.0, dateOfBirth=1992-05-29, offerDate=2022-04-21, joiningDate=2022-05-02, panNo=BBTPJ7835H, company=SMT, pfType=WITH_PF, identity=MR, documents=[EXPERIENCE_LETTER, SALARY_SLIP], documentData={EXPERIENCE_LETTER={relievingDate=2026-07-19, issueDate=2026-07-18}, SALARY_SLIP={startMonth=2026-03, endMonth=2026-06, salaryWorkdays={2026-03=31, 2026-04=30, 2026-05=31, 2026-06=30}}})
2026-07-18 17:23:52 [http-nio-8080-exec-5] INFO  c.e.D.service.impl.UserServiceImpl - Updating user profile | userId=23 | employeeId=SMDS0347
2026-07-18 17:23:52 [http-nio-8080-exec-5] WARN  com.zaxxer.hikari.pool.PoolBase - HikariPool-1 - Failed to validate connection com.mysql.cj.jdbc.ConnectionImpl@16ef672f (No operations allowed after connection closed.). Possibly consider using a shorter maxLifetime value.
2026-07-18 17:23:52 [http-nio-8080-exec-5] WARN  com.zaxxer.hikari.pool.PoolBase - HikariPool-1 - Failed to validate connection com.mysql.cj.jdbc.ConnectionImpl@7258d2ef (No operations allowed after connection closed.). Possibly consider using a shorter maxLifetime value.
2026-07-18 17:23:52 [http-nio-8080-exec-5] WARN  com.zaxxer.hikari.pool.PoolBase - HikariPool-1 - Failed to validate connection com.mysql.cj.jdbc.ConnectionImpl@34beef3b (No operations allowed after connection closed.). Possibly consider using a shorter maxLifetime value.
2026-07-18 17:23:52 [http-nio-8080-exec-5] DEBUG c.e.D.service.impl.UserServiceImpl - Existing user fetched | userId=23 | oldEmployeeId=SMDS0347
2026-07-18 17:23:52 [http-nio-8080-exec-5] DEBUG c.e.D.service.impl.UserServiceImpl - Updating documents | userId=23
2026-07-18 17:23:52 [http-nio-8080-exec-5] INFO  c.e.D.service.impl.UserServiceImpl - User profile updated successfully | userId=23 | timeTaken=618ms
2026-07-18 17:23:52 [http-nio-8080-exec-5] INFO  c.e.D.controller.UserController - Profile updated successfully for userId=23, employeeId=SMDS0347
2026-07-18 17:25:33 [HikariPool-1:housekeeper] WARN  com.zaxxer.hikari.pool.PoolBase - HikariPool-1 - Failed to validate connection com.mysql.cj.jdbc.ConnectionImpl@74190adc (No operations allowed after connection closed.). Possibly consider using a shorter maxLifetime value.
2026-07-18 17:25:35 [HikariPool-1:housekeeper] WARN  com.zaxxer.hikari.pool.PoolBase - HikariPool-1 - Failed to validate connection com.mysql.cj.jdbc.ConnectionImpl@1ceae4c2 (No operations allowed after connection closed.). Possibly consider using a shorter maxLifetime value.
2026-07-18 17:25:46 [HikariPool-1:housekeeper] WARN  com.zaxxer.hikari.pool.PoolBase - HikariPool-1 - Failed to validate connection com.mysql.cj.jdbc.ConnectionImpl@4ca4bece (No operations allowed after connection closed.). Possibly consider using a shorter maxLifetime value.
2026-07-18 17:27:30 [http-nio-8080-exec-1] INFO  c.e.Docgen_Backend.config.JwtFilter - JWT validated successfully for userId=6a311365ec2c34f3d9e4f06e
2026-07-18 17:27:30 [http-nio-8080-exec-1] INFO  c.e.D.controller.UserController - GET /api/v2/users - Fetch all users request received | page=0, size=8, sortBy=id, direction=desc
2026-07-18 17:27:30 [http-nio-8080-exec-1] WARN  com.zaxxer.hikari.pool.PoolBase - HikariPool-1 - Failed to validate connection com.mysql.cj.jdbc.ConnectionImpl@4ccc6944 (No operations allowed after connection closed.). Possibly consider using a shorter maxLifetime value.
2026-07-18 17:27:30 [http-nio-8080-exec-1] WARN  com.zaxxer.hikari.pool.PoolBase - HikariPool-1 - Failed to validate connection com.mysql.cj.jdbc.ConnectionImpl@3543ac97 (No operations allowed after connection closed.). Possibly consider using a shorter maxLifetime value.
2026-07-18 17:27:34 [http-nio-8080-exec-1] INFO  c.e.D.controller.UserController - Fetched 8 users on page 0 of 2
2026-07-18 17:27:34 [http-nio-8080-exec-2] INFO  c.e.Docgen_Backend.config.JwtFilter - JWT validated successfully for userId=6a311365ec2c34f3d9e4f06e
2026-07-18 17:27:34 [http-nio-8080-exec-2] INFO  c.e.D.controller.UserController - GET /api/v2/users - Fetch all users request received | page=0, size=8, sortBy=id, direction=desc
2026-07-18 17:27:35 [http-nio-8080-exec-9] INFO  c.e.Docgen_Backend.config.JwtFilter - JWT validated successfully for userId=6a311365ec2c34f3d9e4f06e
2026-07-18 17:27:35 [http-nio-8080-exec-9] INFO  c.e.D.controller.UserController - GET /api/v2/users/23 - Fetch request received
2026-07-18 17:27:35 [http-nio-8080-exec-9] INFO  c.e.D.service.impl.UserServiceImpl - Fetching user profile for edit | userId=23
2026-07-18 17:27:35 [http-nio-8080-exec-9] DEBUG c.e.D.service.impl.UserServiceImpl - User found | userId=23 | employeeId=SMDS0347
2026-07-18 17:27:35 [http-nio-8080-exec-9] INFO  c.e.D.service.impl.UserServiceImpl - User profile fetched successfully | userId=23 | timeTaken=249ms
2026-07-18 17:27:35 [http-nio-8080-exec-9] INFO  c.e.D.controller.UserController - Profile fetched successfully for userId=23
2026-07-18 17:27:35 [http-nio-8080-exec-9] DEBUG c.e.D.controller.UserController - Fetched profile data: UserProfileResponseDTO(id=23, employeeName=Anil Jejurkar, employeeId=SMDS0347, email=prathamesh69bhavsar@gmail.com, mobileNo=8007454299, joiningDesignation=Java Developer, currentDesignation=Senior Software Developer, department=Information Technology, company=SMT, identity=MR, pfType=WITH_PF, accountNo=067010110011164, bankName=Bank of india, currentAddress=N-42,VD-1/3/1,Sawta Nager,Cidco,Trimurti Chowk, permanentAddress=null, joiningCTC=360000.0, currentCTC=800000.0, dateOfBirth=1992-05-29, offerDate=2022-04-21, joiningDate=2022-05-02, panNo=BBTPJ7835H, documents={APPOINTMENT_LETTER=DocumentResponseDTO(generated=false, data=null), INTERNSHIP_LETTER=DocumentResponseDTO(generated=false, data=null), EXPERIENCE_LETTER=DocumentResponseDTO(generated=true, data={issueDate=2026-07-18, relievingDate=2026-07-19}), FULL_AND_FINAL=DocumentResponseDTO(generated=false, data=null), CONFIRMATION_LETTER=DocumentResponseDTO(generated=false, data=null), INCREMENT_LETTER=DocumentResponseDTO(generated=false, data=null), RELIEVING_LETTER=DocumentResponseDTO(generated=false, data=null), SALARY_SLIP=DocumentResponseDTO(generated=true, data={startMonth=2026-03, endMonth=2026-06}), COMPLETION_LETTER=DocumentResponseDTO(generated=false, data=null), OFFER_LETTER=DocumentResponseDTO(generated=false, data=null)})
2026-07-18 17:27:35 [http-nio-8080-exec-9] INFO  c.e.Docgen_Backend.config.JwtFilter - JWT validated successfully for userId=6a311365ec2c34f3d9e4f06e
2026-07-18 17:27:35 [http-nio-8080-exec-9] INFO  c.e.D.controller.UserController - GET /api/v2/users/23 - Fetch request received
2026-07-18 17:27:35 [http-nio-8080-exec-9] INFO  c.e.D.service.impl.UserServiceImpl - Fetching user profile for edit | userId=23
2026-07-18 17:27:36 [http-nio-8080-exec-9] DEBUG c.e.D.service.impl.UserServiceImpl - User found | userId=23 | employeeId=SMDS0347
2026-07-18 17:27:36 [http-nio-8080-exec-9] INFO  c.e.D.service.impl.UserServiceImpl - User profile fetched successfully | userId=23 | timeTaken=237ms
2026-07-18 17:27:36 [http-nio-8080-exec-9] INFO  c.e.D.controller.UserController - Profile fetched successfully for userId=23
2026-07-18 17:27:36 [http-nio-8080-exec-9] DEBUG c.e.D.controller.UserController - Fetched profile data: UserProfileResponseDTO(id=23, employeeName=Anil Jejurkar, employeeId=SMDS0347, email=prathamesh69bhavsar@gmail.com, mobileNo=8007454299, joiningDesignation=Java Developer, currentDesignation=Senior Software Developer, department=Information Technology, company=SMT, identity=MR, pfType=WITH_PF, accountNo=067010110011164, bankName=Bank of india, currentAddress=N-42,VD-1/3/1,Sawta Nager,Cidco,Trimurti Chowk, permanentAddress=null, joiningCTC=360000.0, currentCTC=800000.0, dateOfBirth=1992-05-29, offerDate=2022-04-21, joiningDate=2022-05-02, panNo=BBTPJ7835H, documents={APPOINTMENT_LETTER=DocumentResponseDTO(generated=false, data=null), INTERNSHIP_LETTER=DocumentResponseDTO(generated=false, data=null), EXPERIENCE_LETTER=DocumentResponseDTO(generated=true, data={issueDate=2026-07-18, relievingDate=2026-07-19}), FULL_AND_FINAL=DocumentResponseDTO(generated=false, data=null), CONFIRMATION_LETTER=DocumentResponseDTO(generated=false, data=null), INCREMENT_LETTER=DocumentResponseDTO(generated=false, data=null), RELIEVING_LETTER=DocumentResponseDTO(generated=false, data=null), SALARY_SLIP=DocumentResponseDTO(generated=true, data={startMonth=2026-03, endMonth=2026-06}), COMPLETION_LETTER=DocumentResponseDTO(generated=false, data=null), OFFER_LETTER=DocumentResponseDTO(generated=false, data=null)})
2026-07-18 17:27:36 [http-nio-8080-exec-2] INFO  c.e.D.controller.UserController - Fetched 8 users on page 0 of 2
2026-07-18 17:29:09 [HikariPool-1:housekeeper] WARN  com.zaxxer.hikari.pool.PoolBase - HikariPool-1 - Failed to validate connection com.mysql.cj.jdbc.ConnectionImpl@2da730d2 (No operations allowed after connection closed.). Possibly consider using a shorter maxLifetime value.
2026-07-18 17:29:21 [HikariPool-1:housekeeper] WARN  com.zaxxer.hikari.pool.PoolBase - HikariPool-1 - Failed to validate connection com.mysql.cj.jdbc.ConnectionImpl@f1b9d94 (No operations allowed after connection closed.). Possibly consider using a shorter maxLifetime value.
2026-07-18 17:29:29 [HikariPool-1:housekeeper] WARN  com.zaxxer.hikari.pool.PoolBase - HikariPool-1 - Failed to validate connection com.mysql.cj.jdbc.ConnectionImpl@5322a3e9 (No operations allowed after connection closed.). Possibly consider using a shorter maxLifetime value.
2026-07-18 17:31:01 [HikariPool-1:housekeeper] WARN  com.zaxxer.hikari.pool.PoolBase - HikariPool-1 - Failed to validate connection com.mysql.cj.jdbc.ConnectionImpl@66aa2248 (No operations allowed after connection closed.). Possibly consider using a shorter maxLifetime value.
2026-07-18 17:31:13 [HikariPool-1:housekeeper] WARN  com.zaxxer.hikari.pool.PoolBase - HikariPool-1 - Failed to validate connection com.mysql.cj.jdbc.ConnectionImpl@5eebcd96 (No operations allowed after connection closed.). Possibly consider using a shorter maxLifetime value.
2026-07-18 17:32:07 [http-nio-8080-exec-3] INFO  c.e.Docgen_Backend.config.JwtFilter - JWT validated successfully for userId=6a311365ec2c34f3d9e4f06e
2026-07-18 17:32:07 [http-nio-8080-exec-3] INFO  c.e.D.controller.UserController - GET /api/v2/users - Fetch all users request received | page=0, size=8, sortBy=id, direction=desc
2026-07-18 17:32:07 [http-nio-8080-exec-3] WARN  com.zaxxer.hikari.pool.PoolBase - HikariPool-1 - Failed to validate connection com.mysql.cj.jdbc.ConnectionImpl@1b83de0a (No operations allowed after connection closed.). Possibly consider using a shorter maxLifetime value.
2026-07-18 17:32:07 [http-nio-8080-exec-3] WARN  com.zaxxer.hikari.pool.PoolBase - HikariPool-1 - Failed to validate connection com.mysql.cj.jdbc.ConnectionImpl@7bf38b4a (No operations allowed after connection closed.). Possibly consider using a shorter maxLifetime value.
2026-07-18 17:32:10 [http-nio-8080-exec-3] INFO  c.e.D.controller.UserController - Fetched 8 users on page 0 of 2
2026-07-18 17:32:10 [http-nio-8080-exec-4] INFO  c.e.Docgen_Backend.config.JwtFilter - JWT validated successfully for userId=6a311365ec2c34f3d9e4f06e
2026-07-18 17:32:10 [http-nio-8080-exec-4] INFO  c.e.D.controller.UserController - GET /api/v2/users - Fetch all users request received | page=0, size=8, sortBy=id, direction=desc
2026-07-18 17:32:12 [http-nio-8080-exec-4] INFO  c.e.D.controller.UserController - Fetched 8 users on page 0 of 2
2026-07-18 17:32:13 [http-nio-8080-exec-2] INFO  c.e.Docgen_Backend.config.JwtFilter - JWT validated successfully for userId=6a311365ec2c34f3d9e4f06e
2026-07-18 17:32:13 [http-nio-8080-exec-2] INFO  c.e.D.controller.UserController - GET /api/v2/users/23 - Fetch request received
2026-07-18 17:32:13 [http-nio-8080-exec-2] INFO  c.e.D.service.impl.UserServiceImpl - Fetching user profile for edit | userId=23
2026-07-18 17:32:13 [http-nio-8080-exec-2] DEBUG c.e.D.service.impl.UserServiceImpl - User found | userId=23 | employeeId=SMDS0347
2026-07-18 17:32:13 [http-nio-8080-exec-2] INFO  c.e.D.service.impl.UserServiceImpl - User profile fetched successfully | userId=23 | timeTaken=309ms
2026-07-18 17:32:13 [http-nio-8080-exec-2] INFO  c.e.D.controller.UserController - Profile fetched successfully for userId=23
2026-07-18 17:32:13 [http-nio-8080-exec-2] DEBUG c.e.D.controller.UserController - Fetched profile data: UserProfileResponseDTO(id=23, employeeName=Anil Jejurkar, employeeId=SMDS0347, email=prathamesh69bhavsar@gmail.com, mobileNo=8007454299, joiningDesignation=Java Developer, currentDesignation=Senior Software Developer, department=Information Technology, company=SMT, identity=MR, pfType=WITH_PF, accountNo=067010110011164, bankName=Bank of india, currentAddress=N-42,VD-1/3/1,Sawta Nager,Cidco,Trimurti Chowk, permanentAddress=null, joiningCTC=360000.0, currentCTC=800000.0, dateOfBirth=1992-05-29, offerDate=2022-04-21, joiningDate=2022-05-02, panNo=BBTPJ7835H, documents={APPOINTMENT_LETTER=DocumentResponseDTO(generated=false, data=null), INTERNSHIP_LETTER=DocumentResponseDTO(generated=false, data=null), EXPERIENCE_LETTER=DocumentResponseDTO(generated=true, data={issueDate=2026-07-18, relievingDate=2026-07-19}), FULL_AND_FINAL=DocumentResponseDTO(generated=false, data=null), CONFIRMATION_LETTER=DocumentResponseDTO(generated=false, data=null), INCREMENT_LETTER=DocumentResponseDTO(generated=false, data=null), RELIEVING_LETTER=DocumentResponseDTO(generated=false, data=null), SALARY_SLIP=DocumentResponseDTO(generated=true, data={startMonth=2026-03, endMonth=2026-06}), COMPLETION_LETTER=DocumentResponseDTO(generated=false, data=null), OFFER_LETTER=DocumentResponseDTO(generated=false, data=null)})
2026-07-18 17:32:13 [http-nio-8080-exec-2] INFO  c.e.Docgen_Backend.config.JwtFilter - JWT validated successfully for userId=6a311365ec2c34f3d9e4f06e
2026-07-18 17:32:13 [http-nio-8080-exec-2] INFO  c.e.D.controller.UserController - GET /api/v2/users/23 - Fetch request received
2026-07-18 17:32:13 [http-nio-8080-exec-2] INFO  c.e.D.service.impl.UserServiceImpl - Fetching user profile for edit | userId=23
2026-07-18 17:32:13 [http-nio-8080-exec-2] DEBUG c.e.D.service.impl.UserServiceImpl - User found | userId=23 | employeeId=SMDS0347
2026-07-18 17:32:13 [http-nio-8080-exec-2] INFO  c.e.D.service.impl.UserServiceImpl - User profile fetched successfully | userId=23 | timeTaken=307ms
2026-07-18 17:32:13 [http-nio-8080-exec-2] INFO  c.e.D.controller.UserController - Profile fetched successfully for userId=23
2026-07-18 17:32:13 [http-nio-8080-exec-2] DEBUG c.e.D.controller.UserController - Fetched profile data: UserProfileResponseDTO(id=23, employeeName=Anil Jejurkar, employeeId=SMDS0347, email=prathamesh69bhavsar@gmail.com, mobileNo=8007454299, joiningDesignation=Java Developer, currentDesignation=Senior Software Developer, department=Information Technology, company=SMT, identity=MR, pfType=WITH_PF, accountNo=067010110011164, bankName=Bank of india, currentAddress=N-42,VD-1/3/1,Sawta Nager,Cidco,Trimurti Chowk, permanentAddress=null, joiningCTC=360000.0, currentCTC=800000.0, dateOfBirth=1992-05-29, offerDate=2022-04-21, joiningDate=2022-05-02, panNo=BBTPJ7835H, documents={APPOINTMENT_LETTER=DocumentResponseDTO(generated=false, data=null), INTERNSHIP_LETTER=DocumentResponseDTO(generated=false, data=null), EXPERIENCE_LETTER=DocumentResponseDTO(generated=true, data={issueDate=2026-07-18, relievingDate=2026-07-19}), FULL_AND_FINAL=DocumentResponseDTO(generated=false, data=null), CONFIRMATION_LETTER=DocumentResponseDTO(generated=false, data=null), INCREMENT_LETTER=DocumentResponseDTO(generated=false, data=null), RELIEVING_LETTER=DocumentResponseDTO(generated=false, data=null), SALARY_SLIP=DocumentResponseDTO(generated=true, data={startMonth=2026-03, endMonth=2026-06}), COMPLETION_LETTER=DocumentResponseDTO(generated=false, data=null), OFFER_LETTER=DocumentResponseDTO(generated=false, data=null)})
2026-07-18 17:32:24 [http-nio-8080-exec-1] INFO  c.e.Docgen_Backend.config.JwtFilter - JWT validated successfully for userId=6a311365ec2c34f3d9e4f06e
2026-07-18 17:32:24 [http-nio-8080-exec-1] INFO  c.e.D.controller.UserController - GET /api/v2/users - Fetch all users request received | page=0, size=8, sortBy=id, direction=desc
2026-07-18 17:32:26 [http-nio-8080-exec-1] INFO  c.e.D.controller.UserController - Fetched 8 users on page 0 of 2
2026-07-18 17:32:27 [http-nio-8080-exec-1] INFO  c.e.Docgen_Backend.config.JwtFilter - JWT validated successfully for userId=6a311365ec2c34f3d9e4f06e
2026-07-18 17:32:27 [http-nio-8080-exec-1] INFO  c.e.D.controller.UserController - GET /api/v2/users - Fetch all users request received | page=0, size=8, sortBy=id, direction=desc
2026-07-18 17:32:28 [http-nio-8080-exec-9] INFO  c.e.Docgen_Backend.config.JwtFilter - JWT validated successfully for userId=6a311365ec2c34f3d9e4f06e
2026-07-18 17:32:28 [http-nio-8080-exec-9] INFO  c.e.D.controller.UserController - GET /api/v2/users/23 - Fetch request received
2026-07-18 17:32:28 [http-nio-8080-exec-9] INFO  c.e.D.service.impl.UserServiceImpl - Fetching user profile for edit | userId=23
2026-07-18 17:32:28 [http-nio-8080-exec-9] DEBUG c.e.D.service.impl.UserServiceImpl - User found | userId=23 | employeeId=SMDS0347
2026-07-18 17:32:28 [http-nio-8080-exec-9] INFO  c.e.D.service.impl.UserServiceImpl - User profile fetched successfully | userId=23 | timeTaken=422ms
2026-07-18 17:32:28 [http-nio-8080-exec-9] INFO  c.e.D.controller.UserController - Profile fetched successfully for userId=23
2026-07-18 17:32:28 [http-nio-8080-exec-9] DEBUG c.e.D.controller.UserController - Fetched profile data: UserProfileResponseDTO(id=23, employeeName=Anil Jejurkar, employeeId=SMDS0347, email=prathamesh69bhavsar@gmail.com, mobileNo=8007454299, joiningDesignation=Java Developer, currentDesignation=Senior Software Developer, department=Information Technology, company=SMT, identity=MR, pfType=WITH_PF, accountNo=067010110011164, bankName=Bank of india, currentAddress=N-42,VD-1/3/1,Sawta Nager,Cidco,Trimurti Chowk, permanentAddress=null, joiningCTC=360000.0, currentCTC=800000.0, dateOfBirth=1992-05-29, offerDate=2022-04-21, joiningDate=2022-05-02, panNo=BBTPJ7835H, documents={APPOINTMENT_LETTER=DocumentResponseDTO(generated=false, data=null), INTERNSHIP_LETTER=DocumentResponseDTO(generated=false, data=null), EXPERIENCE_LETTER=DocumentResponseDTO(generated=true, data={issueDate=2026-07-18, relievingDate=2026-07-19}), FULL_AND_FINAL=DocumentResponseDTO(generated=false, data=null), CONFIRMATION_LETTER=DocumentResponseDTO(generated=false, data=null), INCREMENT_LETTER=DocumentResponseDTO(generated=false, data=null), RELIEVING_LETTER=DocumentResponseDTO(generated=false, data=null), SALARY_SLIP=DocumentResponseDTO(generated=true, data={startMonth=2026-03, endMonth=2026-06}), COMPLETION_LETTER=DocumentResponseDTO(generated=false, data=null), OFFER_LETTER=DocumentResponseDTO(generated=false, data=null)})
2026-07-18 17:32:28 [http-nio-8080-exec-4] INFO  c.e.Docgen_Backend.config.JwtFilter - JWT validated successfully for userId=6a311365ec2c34f3d9e4f06e
2026-07-18 17:32:28 [http-nio-8080-exec-4] INFO  c.e.D.controller.UserController - GET /api/v2/users/23 - Fetch request received
2026-07-18 17:32:28 [http-nio-8080-exec-4] INFO  c.e.D.service.impl.UserServiceImpl - Fetching user profile for edit | userId=23
2026-07-18 17:32:28 [http-nio-8080-exec-4] DEBUG c.e.D.service.impl.UserServiceImpl - User found | userId=23 | employeeId=SMDS0347
2026-07-18 17:32:28 [http-nio-8080-exec-4] INFO  c.e.D.service.impl.UserServiceImpl - User profile fetched successfully | userId=23 | timeTaken=295ms
2026-07-18 17:32:28 [http-nio-8080-exec-4] INFO  c.e.D.controller.UserController - Profile fetched successfully for userId=23
2026-07-18 17:32:28 [http-nio-8080-exec-4] DEBUG c.e.D.controller.UserController - Fetched profile data: UserProfileResponseDTO(id=23, employeeName=Anil Jejurkar, employeeId=SMDS0347, email=prathamesh69bhavsar@gmail.com, mobileNo=8007454299, joiningDesignation=Java Developer, currentDesignation=Senior Software Developer, department=Information Technology, company=SMT, identity=MR, pfType=WITH_PF, accountNo=067010110011164, bankName=Bank of india, currentAddress=N-42,VD-1/3/1,Sawta Nager,Cidco,Trimurti Chowk, permanentAddress=null, joiningCTC=360000.0, currentCTC=800000.0, dateOfBirth=1992-05-29, offerDate=2022-04-21, joiningDate=2022-05-02, panNo=BBTPJ7835H, documents={APPOINTMENT_LETTER=DocumentResponseDTO(generated=false, data=null), INTERNSHIP_LETTER=DocumentResponseDTO(generated=false, data=null), EXPERIENCE_LETTER=DocumentResponseDTO(generated=true, data={issueDate=2026-07-18, relievingDate=2026-07-19}), FULL_AND_FINAL=DocumentResponseDTO(generated=false, data=null), CONFIRMATION_LETTER=DocumentResponseDTO(generated=false, data=null), INCREMENT_LETTER=DocumentResponseDTO(generated=false, data=null), RELIEVING_LETTER=DocumentResponseDTO(generated=false, data=null), SALARY_SLIP=DocumentResponseDTO(generated=true, data={startMonth=2026-03, endMonth=2026-06}), COMPLETION_LETTER=DocumentResponseDTO(generated=false, data=null), OFFER_LETTER=DocumentResponseDTO(generated=false, data=null)})
2026-07-18 17:32:29 [http-nio-8080-exec-1] INFO  c.e.D.controller.UserController - Fetched 8 users on page 0 of 2
2026-07-18 17:33:05 [http-nio-8080-exec-7] INFO  c.e.Docgen_Backend.config.JwtFilter - JWT validated successfully for userId=6a311365ec2c34f3d9e4f06e
2026-07-18 17:33:05 [http-nio-8080-exec-7] INFO  c.e.D.controller.UserController - GET /api/v2/users - Fetch all users request received | page=0, size=8, sortBy=id, direction=desc
2026-07-18 17:33:05 [http-nio-8080-exec-7] WARN  com.zaxxer.hikari.pool.PoolBase - HikariPool-1 - Failed to validate connection com.mysql.cj.jdbc.ConnectionImpl@3f19a13b (No operations allowed after connection closed.). Possibly consider using a shorter maxLifetime value.
2026-07-18 17:33:05 [http-nio-8080-exec-7] WARN  com.zaxxer.hikari.pool.PoolBase - HikariPool-1 - Failed to validate connection com.mysql.cj.jdbc.ConnectionImpl@653dd788 (No operations allowed after connection closed.). Possibly consider using a shorter maxLifetime value.
2026-07-18 17:33:05 [http-nio-8080-exec-7] WARN  com.zaxxer.hikari.pool.PoolBase - HikariPool-1 - Failed to validate connection com.mysql.cj.jdbc.ConnectionImpl@3d073e53 (No operations allowed after connection closed.). Possibly consider using a shorter maxLifetime value.
2026-07-18 17:33:07 [http-nio-8080-exec-7] INFO  c.e.D.controller.UserController - Fetched 8 users on page 0 of 2
2026-07-18 17:33:08 [http-nio-8080-exec-5] INFO  c.e.Docgen_Backend.config.JwtFilter - JWT validated successfully for userId=6a311365ec2c34f3d9e4f06e
2026-07-18 17:33:08 [http-nio-8080-exec-5] INFO  c.e.D.controller.UserController - GET /api/v2/users - Fetch all users request received | page=0, size=8, sortBy=id, direction=desc
2026-07-18 17:33:08 [http-nio-8080-exec-10] INFO  c.e.Docgen_Backend.config.JwtFilter - JWT validated successfully for userId=6a311365ec2c34f3d9e4f06e
2026-07-18 17:33:08 [http-nio-8080-exec-10] INFO  c.e.D.controller.UserController - GET /api/v2/users/23 - Fetch request received
2026-07-18 17:33:08 [http-nio-8080-exec-10] INFO  c.e.D.service.impl.UserServiceImpl - Fetching user profile for edit | userId=23
2026-07-18 17:33:09 [http-nio-8080-exec-10] DEBUG c.e.D.service.impl.UserServiceImpl - User found | userId=23 | employeeId=SMDS0347
2026-07-18 17:33:09 [http-nio-8080-exec-10] INFO  c.e.D.service.impl.UserServiceImpl - User profile fetched successfully | userId=23 | timeTaken=312ms
2026-07-18 17:33:09 [http-nio-8080-exec-10] INFO  c.e.D.controller.UserController - Profile fetched successfully for userId=23
2026-07-18 17:33:09 [http-nio-8080-exec-10] DEBUG c.e.D.controller.UserController - Fetched profile data: UserProfileResponseDTO(id=23, employeeName=Anil Jejurkar, employeeId=SMDS0347, email=prathamesh69bhavsar@gmail.com, mobileNo=8007454299, joiningDesignation=Java Developer, currentDesignation=Senior Software Developer, department=Information Technology, company=SMT, identity=MR, pfType=WITH_PF, accountNo=067010110011164, bankName=Bank of india, currentAddress=N-42,VD-1/3/1,Sawta Nager,Cidco,Trimurti Chowk, permanentAddress=null, joiningCTC=360000.0, currentCTC=800000.0, dateOfBirth=1992-05-29, offerDate=2022-04-21, joiningDate=2022-05-02, panNo=BBTPJ7835H, documents={APPOINTMENT_LETTER=DocumentResponseDTO(generated=false, data=null), INTERNSHIP_LETTER=DocumentResponseDTO(generated=false, data=null), EXPERIENCE_LETTER=DocumentResponseDTO(generated=true, data={issueDate=2026-07-18, relievingDate=2026-07-19}), FULL_AND_FINAL=DocumentResponseDTO(generated=false, data=null), CONFIRMATION_LETTER=DocumentResponseDTO(generated=false, data=null), INCREMENT_LETTER=DocumentResponseDTO(generated=false, data=null), RELIEVING_LETTER=DocumentResponseDTO(generated=false, data=null), SALARY_SLIP=DocumentResponseDTO(generated=true, data={startMonth=2026-03, endMonth=2026-06}), COMPLETION_LETTER=DocumentResponseDTO(generated=false, data=null), OFFER_LETTER=DocumentResponseDTO(generated=false, data=null)})
2026-07-18 17:33:09 [http-nio-8080-exec-10] INFO  c.e.Docgen_Backend.config.JwtFilter - JWT validated successfully for userId=6a311365ec2c34f3d9e4f06e
2026-07-18 17:33:09 [http-nio-8080-exec-10] INFO  c.e.D.controller.UserController - GET /api/v2/users/23 - Fetch request received
2026-07-18 17:33:09 [http-nio-8080-exec-10] INFO  c.e.D.service.impl.UserServiceImpl - Fetching user profile for edit | userId=23
2026-07-18 17:33:09 [http-nio-8080-exec-10] DEBUG c.e.D.service.impl.UserServiceImpl - User found | userId=23 | employeeId=SMDS0347
2026-07-18 17:33:09 [http-nio-8080-exec-10] INFO  c.e.D.service.impl.UserServiceImpl - User profile fetched successfully | userId=23 | timeTaken=311ms
2026-07-18 17:33:09 [http-nio-8080-exec-10] INFO  c.e.D.controller.UserController - Profile fetched successfully for userId=23
2026-07-18 17:33:09 [http-nio-8080-exec-10] DEBUG c.e.D.controller.UserController - Fetched profile data: UserProfileResponseDTO(id=23, employeeName=Anil Jejurkar, employeeId=SMDS0347, email=prathamesh69bhavsar@gmail.com, mobileNo=8007454299, joiningDesignation=Java Developer, currentDesignation=Senior Software Developer, department=Information Technology, company=SMT, identity=MR, pfType=WITH_PF, accountNo=067010110011164, bankName=Bank of india, currentAddress=N-42,VD-1/3/1,Sawta Nager,Cidco,Trimurti Chowk, permanentAddress=null, joiningCTC=360000.0, currentCTC=800000.0, dateOfBirth=1992-05-29, offerDate=2022-04-21, joiningDate=2022-05-02, panNo=BBTPJ7835H, documents={APPOINTMENT_LETTER=DocumentResponseDTO(generated=false, data=null), INTERNSHIP_LETTER=DocumentResponseDTO(generated=false, data=null), EXPERIENCE_LETTER=DocumentResponseDTO(generated=true, data={issueDate=2026-07-18, relievingDate=2026-07-19}), FULL_AND_FINAL=DocumentResponseDTO(generated=false, data=null), CONFIRMATION_LETTER=DocumentResponseDTO(generated=false, data=null), INCREMENT_LETTER=DocumentResponseDTO(generated=false, data=null), RELIEVING_LETTER=DocumentResponseDTO(generated=false, data=null), SALARY_SLIP=DocumentResponseDTO(generated=true, data={startMonth=2026-03, endMonth=2026-06}), COMPLETION_LETTER=DocumentResponseDTO(generated=false, data=null), OFFER_LETTER=DocumentResponseDTO(generated=false, data=null)})
2026-07-18 17:33:10 [http-nio-8080-exec-5] INFO  c.e.D.controller.UserController - Fetched 8 users on page 0 of 2
2026-07-18 17:34:27 [http-nio-8080-exec-6] INFO  c.e.Docgen_Backend.config.JwtFilter - JWT validated successfully for userId=6a311365ec2c34f3d9e4f06e
2026-07-18 17:34:27 [http-nio-8080-exec-6] INFO  c.e.D.controller.UserController - GET /api/v2/users - Fetch all users request received | page=0, size=8, sortBy=id, direction=desc
2026-07-18 17:34:27 [http-nio-8080-exec-6] WARN  com.zaxxer.hikari.pool.PoolBase - HikariPool-1 - Failed to validate connection com.mysql.cj.jdbc.ConnectionImpl@41017016 (No operations allowed after connection closed.). Possibly consider using a shorter maxLifetime value.
2026-07-18 17:34:27 [http-nio-8080-exec-6] WARN  com.zaxxer.hikari.pool.PoolBase - HikariPool-1 - Failed to validate connection com.mysql.cj.jdbc.ConnectionImpl@b23fcd3 (No operations allowed after connection closed.). Possibly consider using a shorter maxLifetime value.
2026-07-18 17:34:27 [http-nio-8080-exec-6] WARN  com.zaxxer.hikari.pool.PoolBase - HikariPool-1 - Failed to validate connection com.mysql.cj.jdbc.ConnectionImpl@1fb37bd9 (No operations allowed after connection closed.). Possibly consider using a shorter maxLifetime value.
2026-07-18 17:34:30 [http-nio-8080-exec-6] INFO  c.e.D.controller.UserController - Fetched 8 users on page 0 of 2
2026-07-18 17:34:30 [http-nio-8080-exec-3] INFO  c.e.Docgen_Backend.config.JwtFilter - JWT validated successfully for userId=6a311365ec2c34f3d9e4f06e
2026-07-18 17:34:30 [http-nio-8080-exec-3] INFO  c.e.D.controller.UserController - GET /api/v2/users - Fetch all users request received | page=0, size=8, sortBy=id, direction=desc
2026-07-18 17:34:31 [http-nio-8080-exec-5] INFO  c.e.Docgen_Backend.config.JwtFilter - JWT validated successfully for userId=6a311365ec2c34f3d9e4f06e
2026-07-18 17:34:31 [http-nio-8080-exec-5] INFO  c.e.D.controller.UserController - GET /api/v2/users/23 - Fetch request received
2026-07-18 17:34:31 [http-nio-8080-exec-5] INFO  c.e.D.service.impl.UserServiceImpl - Fetching user profile for edit | userId=23
2026-07-18 17:34:32 [http-nio-8080-exec-5] DEBUG c.e.D.service.impl.UserServiceImpl - User found | userId=23 | employeeId=SMDS0347
2026-07-18 17:34:32 [http-nio-8080-exec-5] INFO  c.e.D.service.impl.UserServiceImpl - User profile fetched successfully | userId=23 | timeTaken=340ms
2026-07-18 17:34:32 [http-nio-8080-exec-5] INFO  c.e.D.controller.UserController - Profile fetched successfully for userId=23
2026-07-18 17:34:32 [http-nio-8080-exec-5] DEBUG c.e.D.controller.UserController - Fetched profile data: UserProfileResponseDTO(id=23, employeeName=Anil Jejurkar, employeeId=SMDS0347, email=prathamesh69bhavsar@gmail.com, mobileNo=8007454299, joiningDesignation=Java Developer, currentDesignation=Senior Software Developer, department=Information Technology, company=SMT, identity=MR, pfType=WITH_PF, accountNo=067010110011164, bankName=Bank of india, currentAddress=N-42,VD-1/3/1,Sawta Nager,Cidco,Trimurti Chowk, permanentAddress=null, joiningCTC=360000.0, currentCTC=800000.0, dateOfBirth=1992-05-29, offerDate=2022-04-21, joiningDate=2022-05-02, panNo=BBTPJ7835H, documents={APPOINTMENT_LETTER=DocumentResponseDTO(generated=false, data=null), INTERNSHIP_LETTER=DocumentResponseDTO(generated=false, data=null), EXPERIENCE_LETTER=DocumentResponseDTO(generated=true, data={issueDate=2026-07-18, relievingDate=2026-07-19}), FULL_AND_FINAL=DocumentResponseDTO(generated=false, data=null), CONFIRMATION_LETTER=DocumentResponseDTO(generated=false, data=null), INCREMENT_LETTER=DocumentResponseDTO(generated=false, data=null), RELIEVING_LETTER=DocumentResponseDTO(generated=false, data=null), SALARY_SLIP=DocumentResponseDTO(generated=true, data={startMonth=2026-03, endMonth=2026-06}), COMPLETION_LETTER=DocumentResponseDTO(generated=false, data=null), OFFER_LETTER=DocumentResponseDTO(generated=false, data=null)})
2026-07-18 17:34:32 [http-nio-8080-exec-4] INFO  c.e.Docgen_Backend.config.JwtFilter - JWT validated successfully for userId=6a311365ec2c34f3d9e4f06e
2026-07-18 17:34:32 [http-nio-8080-exec-4] INFO  c.e.D.controller.UserController - GET /api/v2/users/23 - Fetch request received
2026-07-18 17:34:32 [http-nio-8080-exec-4] INFO  c.e.D.service.impl.UserServiceImpl - Fetching user profile for edit | userId=23
2026-07-18 17:34:32 [http-nio-8080-exec-4] DEBUG c.e.D.service.impl.UserServiceImpl - User found | userId=23 | employeeId=SMDS0347
2026-07-18 17:34:32 [http-nio-8080-exec-4] INFO  c.e.D.service.impl.UserServiceImpl - User profile fetched successfully | userId=23 | timeTaken=377ms
2026-07-18 17:34:32 [http-nio-8080-exec-4] INFO  c.e.D.controller.UserController - Profile fetched successfully for userId=23
2026-07-18 17:34:32 [http-nio-8080-exec-4] DEBUG c.e.D.controller.UserController - Fetched profile data: UserProfileResponseDTO(id=23, employeeName=Anil Jejurkar, employeeId=SMDS0347, email=prathamesh69bhavsar@gmail.com, mobileNo=8007454299, joiningDesignation=Java Developer, currentDesignation=Senior Software Developer, department=Information Technology, company=SMT, identity=MR, pfType=WITH_PF, accountNo=067010110011164, bankName=Bank of india, currentAddress=N-42,VD-1/3/1,Sawta Nager,Cidco,Trimurti Chowk, permanentAddress=null, joiningCTC=360000.0, currentCTC=800000.0, dateOfBirth=1992-05-29, offerDate=2022-04-21, joiningDate=2022-05-02, panNo=BBTPJ7835H, documents={APPOINTMENT_LETTER=DocumentResponseDTO(generated=false, data=null), INTERNSHIP_LETTER=DocumentResponseDTO(generated=false, data=null), EXPERIENCE_LETTER=DocumentResponseDTO(generated=true, data={issueDate=2026-07-18, relievingDate=2026-07-19}), FULL_AND_FINAL=DocumentResponseDTO(generated=false, data=null), CONFIRMATION_LETTER=DocumentResponseDTO(generated=false, data=null), INCREMENT_LETTER=DocumentResponseDTO(generated=false, data=null), RELIEVING_LETTER=DocumentResponseDTO(generated=false, data=null), SALARY_SLIP=DocumentResponseDTO(generated=true, data={startMonth=2026-03, endMonth=2026-06}), COMPLETION_LETTER=DocumentResponseDTO(generated=false, data=null), OFFER_LETTER=DocumentResponseDTO(generated=false, data=null)})
2026-07-18 17:34:34 [http-nio-8080-exec-3] INFO  c.e.D.controller.UserController - Fetched 8 users on page 0 of 2
2026-07-18 17:36:05 [HikariPool-1:housekeeper] WARN  com.zaxxer.hikari.pool.PoolBase - HikariPool-1 - Failed to validate connection com.mysql.cj.jdbc.ConnectionImpl@2bda0d45 (No operations allowed after connection closed.). Possibly consider using a shorter maxLifetime value.
2026-07-18 17:36:08 [HikariPool-1:housekeeper] WARN  com.zaxxer.hikari.pool.PoolBase - HikariPool-1 - Failed to validate connection com.mysql.cj.jdbc.ConnectionImpl@33111809 (No operations allowed after connection closed.). Possibly consider using a shorter maxLifetime value.
2026-07-18 17:36:22 [HikariPool-1:housekeeper] WARN  com.zaxxer.hikari.pool.PoolBase - HikariPool-1 - Failed to validate connection com.mysql.cj.jdbc.ConnectionImpl@1d110e2 (No operations allowed after connection closed.). Possibly consider using a shorter maxLifetime value.
2026-07-18 17:37:50 [HikariPool-1:housekeeper] WARN  com.zaxxer.hikari.pool.PoolBase - HikariPool-1 - Failed to validate connection com.mysql.cj.jdbc.ConnectionImpl@7eaccc8f (No operations allowed after connection closed.). Possibly consider using a shorter maxLifetime value.
2026-07-18 17:38:05 [HikariPool-1:housekeeper] WARN  com.zaxxer.hikari.pool.PoolBase - HikariPool-1 - Failed to validate connection com.mysql.cj.jdbc.ConnectionImpl@4c990c59 (No operations allowed after connection closed.). Possibly consider using a shorter maxLifetime value.
2026-07-18 17:39:39 [HikariPool-1:housekeeper] WARN  com.zaxxer.hikari.pool.PoolBase - HikariPool-1 - Failed to validate connection com.mysql.cj.jdbc.ConnectionImpl@7a50975c (No operations allowed after connection closed.). Possibly consider using a shorter maxLifetime value.
2026-07-18 17:40:01 [HikariPool-1:housekeeper] WARN  com.zaxxer.hikari.pool.PoolBase - HikariPool-1 - Failed to validate connection com.mysql.cj.jdbc.ConnectionImpl@90eba6c (No operations allowed after connection closed.). Possibly consider using a shorter maxLifetime value.
2026-07-18 17:41:35 [HikariPool-1:housekeeper] WARN  com.zaxxer.hikari.pool.PoolBase - HikariPool-1 - Failed to validate connection com.mysql.cj.jdbc.ConnectionImpl@12c6cd14 (No operations allowed after connection closed.). Possibly consider using a shorter maxLifetime value.
2026-07-18 17:41:59 [HikariPool-1:housekeeper] WARN  com.zaxxer.hikari.pool.PoolBase - HikariPool-1 - Failed to validate connection com.mysql.cj.jdbc.ConnectionImpl@6fb575ab (No operations allowed after connection closed.). Possibly consider using a shorter maxLifetime value.
2026-07-18 17:43:27 [HikariPool-1:housekeeper] WARN  com.zaxxer.hikari.pool.PoolBase - HikariPool-1 - Failed to validate connection com.mysql.cj.jdbc.ConnectionImpl@357ee35a (No operations allowed after connection closed.). Possibly consider using a shorter maxLifetime value.
2026-07-18 17:43:45 [HikariPool-1:housekeeper] WARN  com.zaxxer.hikari.pool.PoolBase - HikariPool-1 - Failed to validate connection com.mysql.cj.jdbc.ConnectionImpl@4185df2f (No operations allowed after connection closed.). Possibly consider using a shorter maxLifetime value.
2026-07-18 17:45:15 [HikariPool-1:housekeeper] WARN  com.zaxxer.hikari.pool.PoolBase - HikariPool-1 - Failed to validate connection com.mysql.cj.jdbc.ConnectionImpl@33f7308b (No operations allowed after connection closed.). Possibly consider using a shorter maxLifetime value.
2026-07-18 17:45:31 [HikariPool-1:housekeeper] WARN  com.zaxxer.hikari.pool.PoolBase - HikariPool-1 - Failed to validate connection com.mysql.cj.jdbc.ConnectionImpl@16a701a3 (No operations allowed after connection closed.). Possibly consider using a shorter maxLifetime value.
2026-07-18 17:45:38 [http-nio-8080-exec-6] INFO  c.e.Docgen_Backend.config.JwtFilter - JWT validated successfully for userId=6a311365ec2c34f3d9e4f06e
2026-07-18 17:45:38 [http-nio-8080-exec-6] INFO  c.e.D.controller.UserController - PATCH /api/v2/users/23 - Update request received for employeeId=SMDS0347
2026-07-18 17:45:38 [http-nio-8080-exec-6] DEBUG c.e.D.controller.UserController - Update payload: CreateProfileRequest(employeeName=Anil Jejurkar, email=prathamesh69bhavsar@gmail.com, mobileNo=8007454299, employeeId=SMDS0347, joiningDesignation=Java Developer, currentDesignation=Senior Software Developer, department=Information Technology, currentAddress=N-42,VD-1/3/1,Sawta Nager,Cidco,Trimurti Chowk, permanentAddress=null, accountNo=067010110011164, bankName=Bank of india, joiningCTC=360000.0, currentCTC=800000.0, dateOfBirth=1992-05-29, offerDate=2022-04-21, joiningDate=2022-05-02, panNo=BBTPJ7835H, company=SMT, pfType=WITH_PF, identity=MR, documents=[EXPERIENCE_LETTER, SALARY_SLIP], documentData={EXPERIENCE_LETTER={relievingDate=2026-07-19, issueDate=2026-07-18}, SALARY_SLIP={startMonth=2026-04, endMonth=2026-06, salaryWorkdays={2026-04=30, 2026-05=31, 2026-06=30}}})
2026-07-18 17:45:38 [http-nio-8080-exec-6] INFO  c.e.D.service.impl.UserServiceImpl - Updating user profile | userId=23 | employeeId=SMDS0347
2026-07-18 17:45:38 [http-nio-8080-exec-6] WARN  com.zaxxer.hikari.pool.PoolBase - HikariPool-1 - Failed to validate connection com.mysql.cj.jdbc.ConnectionImpl@680ad42 (No operations allowed after connection closed.). Possibly consider using a shorter maxLifetime value.
2026-07-18 17:45:38 [http-nio-8080-exec-6] DEBUG c.e.D.service.impl.UserServiceImpl - Existing user fetched | userId=23 | oldEmployeeId=SMDS0347
2026-07-18 17:45:38 [http-nio-8080-exec-6] DEBUG c.e.D.service.impl.UserServiceImpl - Updating documents | userId=23
2026-07-18 17:45:39 [http-nio-8080-exec-6] INFO  c.e.D.service.impl.UserServiceImpl - User profile updated successfully | userId=23 | timeTaken=562ms
2026-07-18 17:45:39 [http-nio-8080-exec-6] INFO  c.e.D.controller.UserController - Profile updated successfully for userId=23, employeeId=SMDS0347
2026-07-18 17:47:15 [HikariPool-1:housekeeper] WARN  com.zaxxer.hikari.pool.PoolBase - HikariPool-1 - Failed to validate connection com.mysql.cj.jdbc.ConnectionImpl@66bbb36d (No operations allowed after connection closed.). Possibly consider using a shorter maxLifetime value.
2026-07-18 17:47:19 [HikariPool-1:housekeeper] WARN  com.zaxxer.hikari.pool.PoolBase - HikariPool-1 - Failed to validate connection com.mysql.cj.jdbc.ConnectionImpl@17fc3a8f (No operations allowed after connection closed.). Possibly consider using a shorter maxLifetime value.
2026-07-18 17:47:22 [HikariPool-1:housekeeper] WARN  com.zaxxer.hikari.pool.PoolBase - HikariPool-1 - Failed to validate connection com.mysql.cj.jdbc.ConnectionImpl@6e6f4763 (No operations allowed after connection closed.). Possibly consider using a shorter maxLifetime value.
2026-07-18 17:49:13 [HikariPool-1:housekeeper] WARN  com.zaxxer.hikari.pool.PoolBase - HikariPool-1 - Failed to validate connection com.mysql.cj.jdbc.ConnectionImpl@5574b118 (No operations allowed after connection closed.). Possibly consider using a shorter maxLifetime value.
2026-07-18 17:49:20 [HikariPool-1:housekeeper] WARN  com.zaxxer.hikari.pool.PoolBase - HikariPool-1 - Failed to validate connection com.mysql.cj.jdbc.ConnectionImpl@5e5f92af (No operations allowed after connection closed.). Possibly consider using a shorter maxLifetime value.
2026-07-18 17:50:59 [HikariPool-1:housekeeper] WARN  com.zaxxer.hikari.pool.PoolBase - HikariPool-1 - Failed to validate connection com.mysql.cj.jdbc.ConnectionImpl@3a131672 (No operations allowed after connection closed.). Possibly consider using a shorter maxLifetime value.
2026-07-18 17:51:13 [HikariPool-1:housekeeper] WARN  com.zaxxer.hikari.pool.PoolBase - HikariPool-1 - Failed to validate connection com.mysql.cj.jdbc.ConnectionImpl@3f36b551 (No operations allowed after connection closed.). Possibly consider using a shorter maxLifetime value.
2026-07-18 17:52:40 [HikariPool-1:housekeeper] WARN  com.zaxxer.hikari.pool.PoolBase - HikariPool-1 - Failed to validate connection com.mysql.cj.jdbc.ConnectionImpl@2b0fda78 (No operations allowed after connection closed.). Possibly consider using a shorter maxLifetime value.
2026-07-18 17:53:05 [HikariPool-1:housekeeper] WARN  com.zaxxer.hikari.pool.PoolBase - HikariPool-1 - Failed to validate connection com.mysql.cj.jdbc.ConnectionImpl@481b6375 (No operations allowed after connection closed.). Possibly consider using a shorter maxLifetime value.
2026-07-18 17:53:34 [http-nio-8080-exec-4] INFO  c.e.Docgen_Backend.config.JwtFilter - JWT validated successfully for userId=6a311365ec2c34f3d9e4f06e
2026-07-18 17:53:34 [http-nio-8080-exec-4] INFO  c.e.D.controller.UserController - GET /api/v2/users - Fetch all users request received | page=0, size=8, sortBy=id, direction=desc
2026-07-18 17:53:34 [http-nio-8080-exec-4] WARN  com.zaxxer.hikari.pool.PoolBase - HikariPool-1 - Failed to validate connection com.mysql.cj.jdbc.ConnectionImpl@244a6c4c (No operations allowed after connection closed.). Possibly consider using a shorter maxLifetime value.
2026-07-18 17:53:34 [http-nio-8080-exec-4] WARN  com.zaxxer.hikari.pool.PoolBase - HikariPool-1 - Failed to validate connection com.mysql.cj.jdbc.ConnectionImpl@6dcd3ef4 (No operations allowed after connection closed.). Possibly consider using a shorter maxLifetime value.
2026-07-18 17:53:37 [http-nio-8080-exec-4] INFO  c.e.D.controller.UserController - Fetched 8 users on page 0 of 2
2026-07-18 17:53:37 [http-nio-8080-exec-3] INFO  c.e.Docgen_Backend.config.JwtFilter - JWT validated successfully for userId=6a311365ec2c34f3d9e4f06e
2026-07-18 17:53:37 [http-nio-8080-exec-3] INFO  c.e.D.controller.UserController - GET /api/v2/users - Fetch all users request received | page=0, size=8, sortBy=id, direction=desc
2026-07-18 17:53:38 [http-nio-8080-exec-7] INFO  c.e.Docgen_Backend.config.JwtFilter - JWT validated successfully for userId=6a311365ec2c34f3d9e4f06e
2026-07-18 17:53:38 [http-nio-8080-exec-7] INFO  c.e.D.controller.UserController - GET /api/v2/users/23 - Fetch request received
2026-07-18 17:53:38 [http-nio-8080-exec-7] INFO  c.e.D.service.impl.UserServiceImpl - Fetching user profile for edit | userId=23
2026-07-18 17:53:38 [http-nio-8080-exec-7] DEBUG c.e.D.service.impl.UserServiceImpl - User found | userId=23 | employeeId=SMDS0347
2026-07-18 17:53:38 [http-nio-8080-exec-7] INFO  c.e.D.service.impl.UserServiceImpl - User profile fetched successfully | userId=23 | timeTaken=283ms
2026-07-18 17:53:38 [http-nio-8080-exec-7] INFO  c.e.D.controller.UserController - Profile fetched successfully for userId=23
2026-07-18 17:53:38 [http-nio-8080-exec-7] DEBUG c.e.D.controller.UserController - Fetched profile data: UserProfileResponseDTO(id=23, employeeName=Anil Jejurkar, employeeId=SMDS0347, email=prathamesh69bhavsar@gmail.com, mobileNo=8007454299, joiningDesignation=Java Developer, currentDesignation=Senior Software Developer, department=Information Technology, company=SMT, identity=MR, pfType=WITH_PF, accountNo=067010110011164, bankName=Bank of india, currentAddress=N-42,VD-1/3/1,Sawta Nager,Cidco,Trimurti Chowk, permanentAddress=null, joiningCTC=360000.0, currentCTC=800000.0, dateOfBirth=1992-05-29, offerDate=2022-04-21, joiningDate=2022-05-02, panNo=BBTPJ7835H, documents={APPOINTMENT_LETTER=DocumentResponseDTO(generated=false, data=null), INTERNSHIP_LETTER=DocumentResponseDTO(generated=false, data=null), EXPERIENCE_LETTER=DocumentResponseDTO(generated=true, data={issueDate=2026-07-18, relievingDate=2026-07-19}), FULL_AND_FINAL=DocumentResponseDTO(generated=false, data=null), CONFIRMATION_LETTER=DocumentResponseDTO(generated=false, data=null), INCREMENT_LETTER=DocumentResponseDTO(generated=false, data=null), RELIEVING_LETTER=DocumentResponseDTO(generated=false, data=null), SALARY_SLIP=DocumentResponseDTO(generated=true, data={startMonth=2026-04, endMonth=2026-06}), COMPLETION_LETTER=DocumentResponseDTO(generated=false, data=null), OFFER_LETTER=DocumentResponseDTO(generated=false, data=null)})
2026-07-18 17:53:38 [http-nio-8080-exec-8] INFO  c.e.Docgen_Backend.config.JwtFilter - JWT validated successfully for userId=6a311365ec2c34f3d9e4f06e
2026-07-18 17:53:38 [http-nio-8080-exec-8] INFO  c.e.D.controller.UserController - GET /api/v2/users/23 - Fetch request received
2026-07-18 17:53:38 [http-nio-8080-exec-8] INFO  c.e.D.service.impl.UserServiceImpl - Fetching user profile for edit | userId=23
2026-07-18 17:53:38 [http-nio-8080-exec-8] DEBUG c.e.D.service.impl.UserServiceImpl - User found | userId=23 | employeeId=SMDS0347
2026-07-18 17:53:38 [http-nio-8080-exec-8] INFO  c.e.D.service.impl.UserServiceImpl - User profile fetched successfully | userId=23 | timeTaken=297ms
2026-07-18 17:53:38 [http-nio-8080-exec-8] INFO  c.e.D.controller.UserController - Profile fetched successfully for userId=23
2026-07-18 17:53:38 [http-nio-8080-exec-8] DEBUG c.e.D.controller.UserController - Fetched profile data: UserProfileResponseDTO(id=23, employeeName=Anil Jejurkar, employeeId=SMDS0347, email=prathamesh69bhavsar@gmail.com, mobileNo=8007454299, joiningDesignation=Java Developer, currentDesignation=Senior Software Developer, department=Information Technology, company=SMT, identity=MR, pfType=WITH_PF, accountNo=067010110011164, bankName=Bank of india, currentAddress=N-42,VD-1/3/1,Sawta Nager,Cidco,Trimurti Chowk, permanentAddress=null, joiningCTC=360000.0, currentCTC=800000.0, dateOfBirth=1992-05-29, offerDate=2022-04-21, joiningDate=2022-05-02, panNo=BBTPJ7835H, documents={APPOINTMENT_LETTER=DocumentResponseDTO(generated=false, data=null), INTERNSHIP_LETTER=DocumentResponseDTO(generated=false, data=null), EXPERIENCE_LETTER=DocumentResponseDTO(generated=true, data={issueDate=2026-07-18, relievingDate=2026-07-19}), FULL_AND_FINAL=DocumentResponseDTO(generated=false, data=null), CONFIRMATION_LETTER=DocumentResponseDTO(generated=false, data=null), INCREMENT_LETTER=DocumentResponseDTO(generated=false, data=null), RELIEVING_LETTER=DocumentResponseDTO(generated=false, data=null), SALARY_SLIP=DocumentResponseDTO(generated=true, data={startMonth=2026-04, endMonth=2026-06}), COMPLETION_LETTER=DocumentResponseDTO(generated=false, data=null), OFFER_LETTER=DocumentResponseDTO(generated=false, data=null)})
2026-07-18 17:53:39 [http-nio-8080-exec-3] INFO  c.e.D.controller.UserController - Fetched 8 users on page 0 of 2
2026-07-18 17:53:53 [http-nio-8080-exec-9] INFO  c.e.Docgen_Backend.config.JwtFilter - JWT validated successfully for userId=6a311365ec2c34f3d9e4f06e
2026-07-18 17:53:53 [http-nio-8080-exec-9] INFO  c.e.D.controller.UserController - PATCH /api/v2/users/23 - Update request received for employeeId=SMDS0347
2026-07-18 17:53:53 [http-nio-8080-exec-9] DEBUG c.e.D.controller.UserController - Update payload: CreateProfileRequest(employeeName=Anil Jejurkar, email=prathamesh69bhavsar@gmail.com, mobileNo=8007454299, employeeId=SMDS0347, joiningDesignation=Java Developer, currentDesignation=Senior Software Developer, department=Information Technology, currentAddress=N-42,VD-1/3/1,Sawta Nager,Cidco,Trimurti Chowk, permanentAddress=null, accountNo=067010110011164, bankName=Bank of india, joiningCTC=360000.0, currentCTC=800000.0, dateOfBirth=1992-05-29, offerDate=2022-04-21, joiningDate=2022-05-02, panNo=BBTPJ7835H, company=SMT, pfType=WITH_PF, identity=MR, documents=[EXPERIENCE_LETTER, SALARY_SLIP], documentData={EXPERIENCE_LETTER={relievingDate=2026-07-19, issueDate=2026-07-18}, SALARY_SLIP={startMonth=2026-05, endMonth=2026-06, salaryWorkdays={2026-05=31, 2026-06=30}}})
2026-07-18 17:53:53 [http-nio-8080-exec-9] INFO  c.e.D.service.impl.UserServiceImpl - Updating user profile | userId=23 | employeeId=SMDS0347
2026-07-18 17:53:53 [http-nio-8080-exec-9] DEBUG c.e.D.service.impl.UserServiceImpl - Existing user fetched | userId=23 | oldEmployeeId=SMDS0347
2026-07-18 17:53:53 [http-nio-8080-exec-9] DEBUG c.e.D.service.impl.UserServiceImpl - Updating documents | userId=23
2026-07-18 17:53:53 [http-nio-8080-exec-9] INFO  c.e.D.service.impl.UserServiceImpl - User profile updated successfully | userId=23 | timeTaken=326ms
2026-07-18 17:53:53 [http-nio-8080-exec-9] INFO  c.e.D.controller.UserController - Profile updated successfully for userId=23, employeeId=SMDS0347
2026-07-18 17:54:14 [http-nio-8080-exec-4] INFO  c.e.Docgen_Backend.config.JwtFilter - JWT validated successfully for userId=6a311365ec2c34f3d9e4f06e
2026-07-18 17:54:14 [http-nio-8080-exec-4] INFO  c.e.D.controller.UserController - GET /api/v2/users - Fetch all users request received | page=0, size=8, sortBy=id, direction=desc
2026-07-18 17:54:14 [http-nio-8080-exec-4] WARN  com.zaxxer.hikari.pool.PoolBase - HikariPool-1 - Failed to validate connection com.mysql.cj.jdbc.ConnectionImpl@1f953209 (No operations allowed after connection closed.). Possibly consider using a shorter maxLifetime value.
2026-07-18 17:54:14 [http-nio-8080-exec-4] WARN  com.zaxxer.hikari.pool.PoolBase - HikariPool-1 - Failed to validate connection com.mysql.cj.jdbc.ConnectionImpl@74705f9 (No operations allowed after connection closed.). Possibly consider using a shorter maxLifetime value.
2026-07-18 17:54:14 [http-nio-8080-exec-4] WARN  com.zaxxer.hikari.pool.PoolBase - HikariPool-1 - Failed to validate connection com.mysql.cj.jdbc.ConnectionImpl@2c036291 (No operations allowed after connection closed.). Possibly consider using a shorter maxLifetime value.
2026-07-18 17:54:16 [http-nio-8080-exec-4] INFO  c.e.D.controller.UserController - Fetched 8 users on page 0 of 2
2026-07-18 17:54:16 [http-nio-8080-exec-2] INFO  c.e.Docgen_Backend.config.JwtFilter - JWT validated successfully for userId=6a311365ec2c34f3d9e4f06e
2026-07-18 17:54:16 [http-nio-8080-exec-2] INFO  c.e.D.controller.UserController - GET /api/v2/users - Fetch all users request received | page=0, size=8, sortBy=id, direction=desc
2026-07-18 17:54:17 [http-nio-8080-exec-8] INFO  c.e.Docgen_Backend.config.JwtFilter - JWT validated successfully for userId=6a311365ec2c34f3d9e4f06e
2026-07-18 17:54:17 [http-nio-8080-exec-8] INFO  c.e.D.controller.UserController - GET /api/v2/users/23 - Fetch request received
2026-07-18 17:54:17 [http-nio-8080-exec-8] INFO  c.e.D.service.impl.UserServiceImpl - Fetching user profile for edit | userId=23
2026-07-18 17:54:18 [http-nio-8080-exec-8] DEBUG c.e.D.service.impl.UserServiceImpl - User found | userId=23 | employeeId=SMDS0347
2026-07-18 17:54:18 [http-nio-8080-exec-8] INFO  c.e.D.service.impl.UserServiceImpl - User profile fetched successfully | userId=23 | timeTaken=848ms
2026-07-18 17:54:18 [http-nio-8080-exec-8] INFO  c.e.D.controller.UserController - Profile fetched successfully for userId=23
2026-07-18 17:54:18 [http-nio-8080-exec-8] DEBUG c.e.D.controller.UserController - Fetched profile data: UserProfileResponseDTO(id=23, employeeName=Anil Jejurkar, employeeId=SMDS0347, email=prathamesh69bhavsar@gmail.com, mobileNo=8007454299, joiningDesignation=Java Developer, currentDesignation=Senior Software Developer, department=Information Technology, company=SMT, identity=MR, pfType=WITH_PF, accountNo=067010110011164, bankName=Bank of india, currentAddress=N-42,VD-1/3/1,Sawta Nager,Cidco,Trimurti Chowk, permanentAddress=null, joiningCTC=360000.0, currentCTC=800000.0, dateOfBirth=1992-05-29, offerDate=2022-04-21, joiningDate=2022-05-02, panNo=BBTPJ7835H, documents={APPOINTMENT_LETTER=DocumentResponseDTO(generated=false, data=null), INTERNSHIP_LETTER=DocumentResponseDTO(generated=false, data=null), EXPERIENCE_LETTER=DocumentResponseDTO(generated=true, data={issueDate=2026-07-18, relievingDate=2026-07-19}), FULL_AND_FINAL=DocumentResponseDTO(generated=false, data=null), CONFIRMATION_LETTER=DocumentResponseDTO(generated=false, data=null), INCREMENT_LETTER=DocumentResponseDTO(generated=false, data=null), RELIEVING_LETTER=DocumentResponseDTO(generated=false, data=null), SALARY_SLIP=DocumentResponseDTO(generated=true, data={startMonth=2026-05, endMonth=2026-06}), COMPLETION_LETTER=DocumentResponseDTO(generated=false, data=null), OFFER_LETTER=DocumentResponseDTO(generated=false, data=null)})
2026-07-18 17:54:18 [http-nio-8080-exec-3] INFO  c.e.Docgen_Backend.config.JwtFilter - JWT validated successfully for userId=6a311365ec2c34f3d9e4f06e
2026-07-18 17:54:18 [http-nio-8080-exec-3] INFO  c.e.D.controller.UserController - GET /api/v2/users/23 - Fetch request received
2026-07-18 17:54:18 [http-nio-8080-exec-3] INFO  c.e.D.service.impl.UserServiceImpl - Fetching user profile for edit | userId=23
2026-07-18 17:54:20 [http-nio-8080-exec-3] DEBUG c.e.D.service.impl.UserServiceImpl - User found | userId=23 | employeeId=SMDS0347
2026-07-18 17:54:20 [http-nio-8080-exec-3] INFO  c.e.D.service.impl.UserServiceImpl - User profile fetched successfully | userId=23 | timeTaken=1992ms
2026-07-18 17:54:20 [http-nio-8080-exec-3] INFO  c.e.D.controller.UserController - Profile fetched successfully for userId=23
2026-07-18 17:54:20 [http-nio-8080-exec-3] DEBUG c.e.D.controller.UserController - Fetched profile data: UserProfileResponseDTO(id=23, employeeName=Anil Jejurkar, employeeId=SMDS0347, email=prathamesh69bhavsar@gmail.com, mobileNo=8007454299, joiningDesignation=Java Developer, currentDesignation=Senior Software Developer, department=Information Technology, company=SMT, identity=MR, pfType=WITH_PF, accountNo=067010110011164, bankName=Bank of india, currentAddress=N-42,VD-1/3/1,Sawta Nager,Cidco,Trimurti Chowk, permanentAddress=null, joiningCTC=360000.0, currentCTC=800000.0, dateOfBirth=1992-05-29, offerDate=2022-04-21, joiningDate=2022-05-02, panNo=BBTPJ7835H, documents={APPOINTMENT_LETTER=DocumentResponseDTO(generated=false, data=null), INTERNSHIP_LETTER=DocumentResponseDTO(generated=false, data=null), EXPERIENCE_LETTER=DocumentResponseDTO(generated=true, data={issueDate=2026-07-18, relievingDate=2026-07-19}), FULL_AND_FINAL=DocumentResponseDTO(generated=false, data=null), CONFIRMATION_LETTER=DocumentResponseDTO(generated=false, data=null), INCREMENT_LETTER=DocumentResponseDTO(generated=false, data=null), RELIEVING_LETTER=DocumentResponseDTO(generated=false, data=null), SALARY_SLIP=DocumentResponseDTO(generated=true, data={startMonth=2026-05, endMonth=2026-06}), COMPLETION_LETTER=DocumentResponseDTO(generated=false, data=null), OFFER_LETTER=DocumentResponseDTO(generated=false, data=null)})
2026-07-18 17:54:21 [http-nio-8080-exec-2] INFO  c.e.D.controller.UserController - Fetched 8 users on page 0 of 2
2026-07-18 17:55:53 [HikariPool-1:housekeeper] WARN  com.zaxxer.hikari.pool.PoolBase - HikariPool-1 - Failed to validate connection com.mysql.cj.jdbc.ConnectionImpl@7b145cef (No operations allowed after connection closed.). Possibly consider using a shorter maxLifetime value.
2026-07-18 17:56:07 [HikariPool-1:housekeeper] WARN  com.zaxxer.hikari.pool.PoolBase - HikariPool-1 - Failed to validate connection com.mysql.cj.jdbc.ConnectionImpl@4474c70d (No operations allowed after connection closed.). Possibly consider using a shorter maxLifetime value.
2026-07-18 17:56:07 [HikariPool-1:housekeeper] WARN  com.zaxxer.hikari.pool.PoolBase - HikariPool-1 - Failed to validate connection com.mysql.cj.jdbc.ConnectionImpl@5f7b80b3 (No operations allowed after connection closed.). Possibly consider using a shorter maxLifetime value.
2026-07-18 17:57:56 [HikariPool-1:housekeeper] WARN  com.zaxxer.hikari.pool.PoolBase - HikariPool-1 - Failed to validate connection com.mysql.cj.jdbc.ConnectionImpl@30c1b07d (No operations allowed after connection closed.). Possibly consider using a shorter maxLifetime value.
2026-07-18 17:58:00 [HikariPool-1:housekeeper] WARN  com.zaxxer.hikari.pool.PoolBase - HikariPool-1 - Failed to validate connection com.mysql.cj.jdbc.ConnectionImpl@5e8f646f (No operations allowed after connection closed.). Possibly consider using a shorter maxLifetime value.
2026-07-18 17:59:48 [HikariPool-1:housekeeper] WARN  com.zaxxer.hikari.pool.PoolBase - HikariPool-1 - Failed to validate connection com.mysql.cj.jdbc.ConnectionImpl@5d721915 (No operations allowed after connection closed.). Possibly consider using a shorter maxLifetime value.
2026-07-18 17:59:55 [HikariPool-1:housekeeper] WARN  com.zaxxer.hikari.pool.PoolBase - HikariPool-1 - Failed to validate connection com.mysql.cj.jdbc.ConnectionImpl@48e42835 (No operations allowed after connection closed.). Possibly consider using a shorter maxLifetime value.
2026-07-18 18:00:51 [http-nio-8080-exec-4] INFO  c.e.Docgen_Backend.config.JwtFilter - JWT validated successfully for userId=6a311365ec2c34f3d9e4f06e
2026-07-18 18:00:51 [http-nio-8080-exec-4] INFO  c.e.D.controller.UserController - PATCH /api/v2/users/23 - Update request received for employeeId=SMDS0347
2026-07-18 18:00:51 [http-nio-8080-exec-4] DEBUG c.e.D.controller.UserController - Update payload: CreateProfileRequest(employeeName=Anil Jejurkar, email=prathamesh69bhavsar@gmail.com, mobileNo=8007454299, employeeId=SMDS0347, joiningDesignation=Java Developer, currentDesignation=Senior Software Developer, department=Information Technology, currentAddress=N-42,VD-1/3/1,Sawta Nager,Cidco,Trimurti Chowk, permanentAddress=null, accountNo=067010110011164, bankName=Bank of india, joiningCTC=360000.0, currentCTC=800000.0, dateOfBirth=1992-05-29, offerDate=2022-04-21, joiningDate=2022-05-02, panNo=BBTPJ7835H, company=SMT, pfType=WITH_PF, identity=MR, documents=[EXPERIENCE_LETTER, SALARY_SLIP], documentData={EXPERIENCE_LETTER={relievingDate=2026-07-19, issueDate=2026-07-18}, SALARY_SLIP={startMonth=2026-01, endMonth=2026-06, salaryWorkdays={2026-01=31, 2026-02=28, 2026-03=31, 2026-04=30, 2026-05=31, 2026-06=30}}})
2026-07-18 18:00:51 [http-nio-8080-exec-4] INFO  c.e.D.service.impl.UserServiceImpl - Updating user profile | userId=23 | employeeId=SMDS0347
2026-07-18 18:00:51 [http-nio-8080-exec-4] WARN  com.zaxxer.hikari.pool.PoolBase - HikariPool-1 - Failed to validate connection com.mysql.cj.jdbc.ConnectionImpl@22569103 (No operations allowed after connection closed.). Possibly consider using a shorter maxLifetime value.
2026-07-18 18:00:51 [http-nio-8080-exec-4] WARN  com.zaxxer.hikari.pool.PoolBase - HikariPool-1 - Failed to validate connection com.mysql.cj.jdbc.ConnectionImpl@54aaa665 (No operations allowed after connection closed.). Possibly consider using a shorter maxLifetime value.
2026-07-18 18:00:51 [http-nio-8080-exec-4] DEBUG c.e.D.service.impl.UserServiceImpl - Existing user fetched | userId=23 | oldEmployeeId=SMDS0347
2026-07-18 18:00:51 [http-nio-8080-exec-4] DEBUG c.e.D.service.impl.UserServiceImpl - Updating documents | userId=23
2026-07-18 18:00:51 [http-nio-8080-exec-4] INFO  c.e.D.service.impl.UserServiceImpl - User profile updated successfully | userId=23 | timeTaken=477ms
2026-07-18 18:00:51 [http-nio-8080-exec-4] INFO  c.e.D.controller.UserController - Profile updated successfully for userId=23, employeeId=SMDS0347
2026-07-18 18:02:32 [HikariPool-1:housekeeper] WARN  com.zaxxer.hikari.pool.PoolBase - HikariPool-1 - Failed to validate connection com.mysql.cj.jdbc.ConnectionImpl@209a8743 (No operations allowed after connection closed.). Possibly consider using a shorter maxLifetime value.
2026-07-18 18:02:36 [HikariPool-1:housekeeper] WARN  com.zaxxer.hikari.pool.PoolBase - HikariPool-1 - Failed to validate connection com.mysql.cj.jdbc.ConnectionImpl@41978298 (No operations allowed after connection closed.). Possibly consider using a shorter maxLifetime value.
2026-07-18 18:02:42 [HikariPool-1:housekeeper] WARN  com.zaxxer.hikari.pool.PoolBase - HikariPool-1 - Failed to validate connection com.mysql.cj.jdbc.ConnectionImpl@40712ca1 (No operations allowed after connection closed.). Possibly consider using a shorter maxLifetime value.
2026-07-18 18:04:27 [HikariPool-1:housekeeper] WARN  com.zaxxer.hikari.pool.PoolBase - HikariPool-1 - Failed to validate connection com.mysql.cj.jdbc.ConnectionImpl@419ac5c3 (No operations allowed after connection closed.). Possibly consider using a shorter maxLifetime value.
2026-07-18 18:04:37 [HikariPool-1:housekeeper] WARN  com.zaxxer.hikari.pool.PoolBase - HikariPool-1 - Failed to validate connection com.mysql.cj.jdbc.ConnectionImpl@75393b23 (No operations allowed after connection closed.). Possibly consider using a shorter maxLifetime value.
2026-07-18 18:06:19 [HikariPool-1:housekeeper] WARN  com.zaxxer.hikari.pool.PoolBase - HikariPool-1 - Failed to validate connection com.mysql.cj.jdbc.ConnectionImpl@7e782c51 (No operations allowed after connection closed.). Possibly consider using a shorter maxLifetime value.
2026-07-18 18:06:25 [HikariPool-1:housekeeper] WARN  com.zaxxer.hikari.pool.PoolBase - HikariPool-1 - Failed to validate connection com.mysql.cj.jdbc.ConnectionImpl@5e3db5a4 (No operations allowed after connection closed.). Possibly consider using a shorter maxLifetime value.
2026-07-18 18:06:43 [http-nio-8080-exec-3] INFO  c.e.Docgen_Backend.config.JwtFilter - JWT validated successfully for userId=6a311365ec2c34f3d9e4f06e
2026-07-18 18:06:43 [http-nio-8080-exec-3] INFO  c.e.D.controller.UserController - GET /api/v2/users - Fetch all users request received | page=0, size=8, sortBy=id, direction=desc
2026-07-18 18:06:43 [http-nio-8080-exec-3] WARN  com.zaxxer.hikari.pool.PoolBase - HikariPool-1 - Failed to validate connection com.mysql.cj.jdbc.ConnectionImpl@527fc3b (No operations allowed after connection closed.). Possibly consider using a shorter maxLifetime value.
2026-07-18 18:06:46 [http-nio-8080-exec-3] INFO  c.e.D.controller.UserController - Fetched 8 users on page 0 of 2
2026-07-18 18:06:46 [http-nio-8080-exec-2] INFO  c.e.Docgen_Backend.config.JwtFilter - JWT validated successfully for userId=6a311365ec2c34f3d9e4f06e
2026-07-18 18:06:46 [http-nio-8080-exec-2] INFO  c.e.D.controller.UserController - GET /api/v2/users - Fetch all users request received | page=0, size=8, sortBy=id, direction=desc
2026-07-18 18:06:48 [http-nio-8080-exec-10] INFO  c.e.Docgen_Backend.config.JwtFilter - JWT validated successfully for userId=6a311365ec2c34f3d9e4f06e
2026-07-18 18:06:48 [http-nio-8080-exec-10] INFO  c.e.D.controller.UserController - GET /api/v2/users/23 - Fetch request received
2026-07-18 18:06:48 [http-nio-8080-exec-10] INFO  c.e.D.service.impl.UserServiceImpl - Fetching user profile for edit | userId=23
2026-07-18 18:06:48 [http-nio-8080-exec-2] INFO  c.e.D.controller.UserController - Fetched 8 users on page 0 of 2
2026-07-18 18:06:48 [http-nio-8080-exec-10] DEBUG c.e.D.service.impl.UserServiceImpl - User found | userId=23 | employeeId=SMDS0347
2026-07-18 18:06:48 [http-nio-8080-exec-10] INFO  c.e.D.service.impl.UserServiceImpl - User profile fetched successfully | userId=23 | timeTaken=237ms
2026-07-18 18:06:48 [http-nio-8080-exec-10] INFO  c.e.D.controller.UserController - Profile fetched successfully for userId=23
2026-07-18 18:06:48 [http-nio-8080-exec-10] DEBUG c.e.D.controller.UserController - Fetched profile data: UserProfileResponseDTO(id=23, employeeName=Anil Jejurkar, employeeId=SMDS0347, email=prathamesh69bhavsar@gmail.com, mobileNo=8007454299, joiningDesignation=Java Developer, currentDesignation=Senior Software Developer, department=Information Technology, company=SMT, identity=MR, pfType=WITH_PF, accountNo=067010110011164, bankName=Bank of india, currentAddress=N-42,VD-1/3/1,Sawta Nager,Cidco,Trimurti Chowk, permanentAddress=null, joiningCTC=360000.0, currentCTC=800000.0, dateOfBirth=1992-05-29, offerDate=2022-04-21, joiningDate=2022-05-02, panNo=BBTPJ7835H, documents={APPOINTMENT_LETTER=DocumentResponseDTO(generated=false, data=null), INTERNSHIP_LETTER=DocumentResponseDTO(generated=false, data=null), EXPERIENCE_LETTER=DocumentResponseDTO(generated=true, data={issueDate=2026-07-18, relievingDate=2026-07-19}), FULL_AND_FINAL=DocumentResponseDTO(generated=false, data=null), CONFIRMATION_LETTER=DocumentResponseDTO(generated=false, data=null), INCREMENT_LETTER=DocumentResponseDTO(generated=false, data=null), RELIEVING_LETTER=DocumentResponseDTO(generated=false, data=null), SALARY_SLIP=DocumentResponseDTO(generated=true, data={startMonth=2026-01, endMonth=2026-06}), COMPLETION_LETTER=DocumentResponseDTO(generated=false, data=null), OFFER_LETTER=DocumentResponseDTO(generated=false, data=null)})
2026-07-18 18:06:48 [http-nio-8080-exec-5] INFO  c.e.Docgen_Backend.config.JwtFilter - JWT validated successfully for userId=6a311365ec2c34f3d9e4f06e
2026-07-18 18:06:48 [http-nio-8080-exec-5] INFO  c.e.D.controller.UserController - GET /api/v2/users/23 - Fetch request received
2026-07-18 18:06:48 [http-nio-8080-exec-5] INFO  c.e.D.service.impl.UserServiceImpl - Fetching user profile for edit | userId=23
2026-07-18 18:06:49 [http-nio-8080-exec-5] DEBUG c.e.D.service.impl.UserServiceImpl - User found | userId=23 | employeeId=SMDS0347
2026-07-18 18:06:49 [http-nio-8080-exec-5] INFO  c.e.D.service.impl.UserServiceImpl - User profile fetched successfully | userId=23 | timeTaken=280ms
2026-07-18 18:06:49 [http-nio-8080-exec-5] INFO  c.e.D.controller.UserController - Profile fetched successfully for userId=23
2026-07-18 18:06:49 [http-nio-8080-exec-5] DEBUG c.e.D.controller.UserController - Fetched profile data: UserProfileResponseDTO(id=23, employeeName=Anil Jejurkar, employeeId=SMDS0347, email=prathamesh69bhavsar@gmail.com, mobileNo=8007454299, joiningDesignation=Java Developer, currentDesignation=Senior Software Developer, department=Information Technology, company=SMT, identity=MR, pfType=WITH_PF, accountNo=067010110011164, bankName=Bank of india, currentAddress=N-42,VD-1/3/1,Sawta Nager,Cidco,Trimurti Chowk, permanentAddress=null, joiningCTC=360000.0, currentCTC=800000.0, dateOfBirth=1992-05-29, offerDate=2022-04-21, joiningDate=2022-05-02, panNo=BBTPJ7835H, documents={APPOINTMENT_LETTER=DocumentResponseDTO(generated=false, data=null), INTERNSHIP_LETTER=DocumentResponseDTO(generated=false, data=null), EXPERIENCE_LETTER=DocumentResponseDTO(generated=true, data={issueDate=2026-07-18, relievingDate=2026-07-19}), FULL_AND_FINAL=DocumentResponseDTO(generated=false, data=null), CONFIRMATION_LETTER=DocumentResponseDTO(generated=false, data=null), INCREMENT_LETTER=DocumentResponseDTO(generated=false, data=null), RELIEVING_LETTER=DocumentResponseDTO(generated=false, data=null), SALARY_SLIP=DocumentResponseDTO(generated=true, data={startMonth=2026-01, endMonth=2026-06}), COMPLETION_LETTER=DocumentResponseDTO(generated=false, data=null), OFFER_LETTER=DocumentResponseDTO(generated=false, data=null)})
2026-07-18 18:07:06 [http-nio-8080-exec-1] INFO  c.e.Docgen_Backend.config.JwtFilter - JWT validated successfully for userId=6a311365ec2c34f3d9e4f06e
2026-07-18 18:07:06 [http-nio-8080-exec-1] INFO  c.e.D.controller.UserController - PATCH /api/v2/users/23 - Update request received for employeeId=SMDS0347
2026-07-18 18:07:06 [http-nio-8080-exec-1] DEBUG c.e.D.controller.UserController - Update payload: CreateProfileRequest(employeeName=Anil Jejurkar, email=prathamesh69bhavsar@gmail.com, mobileNo=8007454299, employeeId=SMDS0347, joiningDesignation=Java Developer, currentDesignation=Senior Software Developer, department=Information Technology, currentAddress=N-42,VD-1/3/1,Sawta Nager,Cidco,Trimurti Chowk, permanentAddress=null, accountNo=067010110011164, bankName=Bank of india, joiningCTC=360000.0, currentCTC=800000.0, dateOfBirth=1992-05-29, offerDate=2022-04-21, joiningDate=2022-05-02, panNo=BBTPJ7835H, company=SMT, pfType=WITH_PF, identity=MR, documents=[EXPERIENCE_LETTER, SALARY_SLIP, OFFER_LETTER], documentData={OFFER_LETTER={issueDate=2026-07-18, probationPeriod=3}, EXPERIENCE_LETTER={relievingDate=2026-07-19, issueDate=2026-07-18}, SALARY_SLIP={startMonth=2026-01, endMonth=2026-06, salaryWorkdays={2026-01=31, 2026-02=28, 2026-03=31, 2026-04=30, 2026-05=31, 2026-06=30}}})
2026-07-18 18:07:06 [http-nio-8080-exec-1] INFO  c.e.D.service.impl.UserServiceImpl - Updating user profile | userId=23 | employeeId=SMDS0347
2026-07-18 18:07:06 [http-nio-8080-exec-1] DEBUG c.e.D.service.impl.UserServiceImpl - Existing user fetched | userId=23 | oldEmployeeId=SMDS0347
2026-07-18 18:07:06 [http-nio-8080-exec-1] DEBUG c.e.D.service.impl.UserServiceImpl - Updating documents | userId=23
2026-07-18 18:07:06 [http-nio-8080-exec-1] INFO  c.e.D.service.impl.UserServiceImpl - User profile updated successfully | userId=23 | timeTaken=629ms
2026-07-18 18:07:06 [http-nio-8080-exec-1] INFO  c.e.D.controller.UserController - Profile updated successfully for userId=23, employeeId=SMDS0347
2026-07-18 18:07:47 [SpringApplicationShutdownHook] INFO  o.s.boot.tomcat.GracefulShutdown - Commencing graceful shutdown. Waiting for active requests to complete
2026-07-18 18:07:47 [tomcat-shutdown] INFO  o.s.boot.tomcat.GracefulShutdown - Graceful shutdown complete
2026-07-18 18:07:47 [SpringApplicationShutdownHook] INFO  o.s.o.j.LocalContainerEntityManagerFactoryBean - Closing JPA EntityManagerFactory for persistence unit 'default'
2026-07-18 18:07:47 [SpringApplicationShutdownHook] INFO  com.zaxxer.hikari.HikariDataSource - HikariPool-1 - Shutdown initiated...
2026-07-18 18:07:47 [SpringApplicationShutdownHook] INFO  com.zaxxer.hikari.HikariDataSource - HikariPool-1 - Shutdown completed.
2026-07-18 18:07:56 [background-preinit] INFO  o.h.validator.internal.util.Version - HV000001: Hibernate Validator 9.0.1.Final
2026-07-18 18:07:56 [restartedMain] INFO  c.e.D.DocgenBackendApplication - Starting DocgenBackendApplication using Java 21.0.9 with PID 26188 (E:\DocGen New Front V2\Docgen-Backend\target\classes started by prath in E:\DocGen New Front V2\Docgen-Backend)
2026-07-18 18:07:56 [restartedMain] DEBUG c.e.D.DocgenBackendApplication - Running with Spring Boot v4.0.6, Spring v7.0.7
2026-07-18 18:07:56 [restartedMain] INFO  c.e.D.DocgenBackendApplication - No active profile set, falling back to 1 default profile: "default"
2026-07-18 18:07:56 [restartedMain] INFO  o.s.b.d.e.DevToolsPropertyDefaultsPostProcessor - Devtools property defaults active! Set 'spring.devtools.add-properties' to 'false' to disable
2026-07-18 18:07:56 [restartedMain] INFO  o.s.b.d.e.DevToolsPropertyDefaultsPostProcessor - For additional web related logging consider setting the 'logging.level.web' property to 'DEBUG'
2026-07-18 18:07:57 [restartedMain] INFO  o.s.d.r.c.RepositoryConfigurationDelegate - Bootstrapping Spring Data JPA repositories in DEFAULT mode.
2026-07-18 18:07:57 [restartedMain] INFO  o.s.d.r.c.RepositoryConfigurationDelegate - Finished Spring Data repository scanning in 78 ms. Found 2 JPA repository interfaces.
2026-07-18 18:07:58 [restartedMain] INFO  o.s.boot.tomcat.TomcatWebServer - Tomcat initialized with port 8080 (http)
2026-07-18 18:07:58 [restartedMain] INFO  o.a.coyote.http11.Http11NioProtocol - Initializing ProtocolHandler ["http-nio-8080"]
2026-07-18 18:07:58 [restartedMain] INFO  o.a.catalina.core.StandardService - Starting service [Tomcat]
2026-07-18 18:07:58 [restartedMain] INFO  o.a.catalina.core.StandardEngine - Starting Servlet engine: [Apache Tomcat/11.0.21]
2026-07-18 18:07:58 [restartedMain] INFO  o.s.b.w.c.s.WebApplicationContextInitializer - Root WebApplicationContext: initialization completed in 1948 ms
2026-07-18 18:07:58 [restartedMain] DEBUG c.e.Docgen_Backend.config.JwtFilter - Filter 'jwtFilter' configured for use
2026-07-18 18:07:59 [restartedMain] INFO  org.hibernate.orm.jpa - HHH008540: Processing PersistenceUnitInfo [name: default]
2026-07-18 18:07:59 [restartedMain] INFO  org.hibernate.orm.core - HHH000001: Hibernate ORM core version 7.2.12.Final
2026-07-18 18:07:59 [restartedMain] INFO  o.s.o.j.p.SpringPersistenceUnitInfo - No LoadTimeWeaver setup: ignoring JPA class transformer
2026-07-18 18:07:59 [restartedMain] INFO  com.zaxxer.hikari.HikariDataSource - HikariPool-1 - Starting...
2026-07-18 18:08:00 [restartedMain] INFO  com.zaxxer.hikari.pool.HikariPool - HikariPool-1 - Added connection com.mysql.cj.jdbc.ConnectionImpl@3215dac9
2026-07-18 18:08:00 [restartedMain] INFO  com.zaxxer.hikari.HikariDataSource - HikariPool-1 - Start completed.
2026-07-18 18:08:00 [restartedMain] WARN  org.hibernate.orm.jdbc - HHH100045: Could not obtain connection metadata: java.sql.SQLSyntaxErrorException: Unknown column 'RESERVED' in 'WHERE'
2026-07-18 18:08:00 [restartedMain] WARN  org.hibernate.orm.deprecation - HHH90000025: MySQLDialect does not need to be specified explicitly using 'hibernate.dialect' (remove the property setting and it will be selected by default)
2026-07-18 18:08:00 [restartedMain] INFO  o.hibernate.orm.connections.pooling - HHH10001005: Database info:
	Database JDBC URL [undefined/unknown]
	Database driver: undefined/unknown
	Database dialect: MySQLDialect
	Database version: 8.0
	Default catalog/schema: unknown/unknown
	Autocommit mode: undefined/unknown
	Isolation level: NONE [default NONE]
	JDBC fetch size: undefined/unknown
	Pool: DataSourceConnectionProvider
	Minimum pool size: undefined/unknown
	Maximum pool size: undefined/unknown
2026-07-18 18:08:03 [restartedMain] INFO  org.hibernate.orm.core - HHH000489: No JTA platform available (set 'hibernate.transaction.jta.platform' to enable JTA platform integration)
2026-07-18 18:08:15 [restartedMain] INFO  o.s.o.j.LocalContainerEntityManagerFactoryBean - Initialized JPA EntityManagerFactory for persistence unit 'default'
2026-07-18 18:08:15 [restartedMain] INFO  o.s.d.j.r.q.QueryEnhancerFactories - Hibernate is in classpath; If applicable, HQL parser will be used.
2026-07-18 18:08:16 [restartedMain] INFO  o.s.s.c.a.a.c.InitializeUserDetailsBeanManagerConfigurer$InitializeUserDetailsManagerConfigurer - Global AuthenticationManager configured with UserDetailsService bean with name customUserDetailsService
2026-07-18 18:08:16 [restartedMain] WARN  o.s.b.j.a.JpaBaseConfiguration$JpaWebConfiguration - spring.jpa.open-in-view is enabled by default. Therefore, database queries may be performed during view rendering. Explicitly configure spring.jpa.open-in-view to disable this warning
2026-07-18 18:08:16 [restartedMain] INFO  o.a.coyote.http11.Http11NioProtocol - Starting ProtocolHandler ["http-nio-8080"]
2026-07-18 18:08:16 [restartedMain] INFO  o.s.boot.tomcat.TomcatWebServer - Tomcat started on port 8080 (http) with context path '/'
2026-07-18 18:08:16 [restartedMain] INFO  c.e.D.DocgenBackendApplication - Started DocgenBackendApplication in 20.548 seconds (process running for 21.337)
2026-07-18 18:08:55 [http-nio-8080-exec-1] INFO  o.a.c.c.C.[Tomcat].[localhost].[/] - Initializing Spring DispatcherServlet 'dispatcherServlet'
2026-07-18 18:08:55 [http-nio-8080-exec-1] INFO  o.s.web.servlet.DispatcherServlet - Initializing Servlet 'dispatcherServlet'
2026-07-18 18:08:55 [http-nio-8080-exec-1] INFO  o.s.web.servlet.DispatcherServlet - Completed initialization in 52 ms
2026-07-18 18:08:56 [http-nio-8080-exec-3] INFO  c.e.Docgen_Backend.config.JwtFilter - JWT validated successfully for userId=6a311365ec2c34f3d9e4f06e
2026-07-18 18:08:56 [http-nio-8080-exec-3] INFO  c.e.D.controller.UserController - GET /api/v2/users - Fetch all users request received | page=0, size=8, sortBy=id, direction=desc
2026-07-18 18:08:56 [http-nio-8080-exec-3] WARN  com.zaxxer.hikari.pool.PoolBase - HikariPool-1 - Failed to validate connection com.mysql.cj.jdbc.ConnectionImpl@3215dac9 (No operations allowed after connection closed.). Possibly consider using a shorter maxLifetime value.
2026-07-18 18:08:56 [http-nio-8080-exec-3] WARN  com.zaxxer.hikari.pool.PoolBase - HikariPool-1 - Failed to validate connection com.mysql.cj.jdbc.ConnectionImpl@57f8b0a5 (No operations allowed after connection closed.). Possibly consider using a shorter maxLifetime value.
2026-07-18 18:08:56 [http-nio-8080-exec-3] WARN  com.zaxxer.hikari.pool.PoolBase - HikariPool-1 - Failed to validate connection com.mysql.cj.jdbc.ConnectionImpl@6f1b7ad9 (No operations allowed after connection closed.). Possibly consider using a shorter maxLifetime value.
2026-07-18 18:08:59 [http-nio-8080-exec-3] INFO  c.e.D.controller.UserController - Fetched 8 users on page 0 of 2
2026-07-18 18:09:00 [http-nio-8080-exec-5] INFO  c.e.Docgen_Backend.config.JwtFilter - JWT validated successfully for userId=6a311365ec2c34f3d9e4f06e
2026-07-18 18:09:00 [http-nio-8080-exec-5] INFO  c.e.D.controller.UserController - GET /api/v2/users - Fetch all users request received | page=0, size=8, sortBy=id, direction=desc
2026-07-18 18:09:01 [http-nio-8080-exec-8] INFO  c.e.Docgen_Backend.config.JwtFilter - JWT validated successfully for userId=6a311365ec2c34f3d9e4f06e
2026-07-18 18:09:01 [http-nio-8080-exec-8] INFO  c.e.D.controller.UserController - GET /api/v2/users/23 - Fetch request received
2026-07-18 18:09:01 [http-nio-8080-exec-8] INFO  c.e.D.service.impl.UserServiceImpl - Fetching user profile for edit | userId=23
2026-07-18 18:09:01 [http-nio-8080-exec-8] DEBUG c.e.D.service.impl.UserServiceImpl - User found | userId=23 | employeeId=SMDS0347
2026-07-18 18:09:01 [http-nio-8080-exec-8] INFO  c.e.D.service.impl.UserServiceImpl - User profile fetched successfully | userId=23 | timeTaken=391ms
2026-07-18 18:09:01 [http-nio-8080-exec-8] INFO  c.e.D.controller.UserController - Profile fetched successfully for userId=23
2026-07-18 18:09:01 [http-nio-8080-exec-8] DEBUG c.e.D.controller.UserController - Fetched profile data: UserProfileResponseDTO(id=23, employeeName=Anil Jejurkar, employeeId=SMDS0347, email=prathamesh69bhavsar@gmail.com, mobileNo=8007454299, joiningDesignation=Java Developer, currentDesignation=Senior Software Developer, department=Information Technology, company=SMT, identity=MR, pfType=WITH_PF, accountNo=067010110011164, bankName=Bank of india, currentAddress=N-42,VD-1/3/1,Sawta Nager,Cidco,Trimurti Chowk, permanentAddress=null, joiningCTC=360000.0, currentCTC=800000.0, dateOfBirth=1992-05-29, offerDate=2022-04-21, joiningDate=2022-05-02, panNo=BBTPJ7835H, documents={APPOINTMENT_LETTER=DocumentResponseDTO(generated=false, data=null), INTERNSHIP_LETTER=DocumentResponseDTO(generated=false, data=null), EXPERIENCE_LETTER=DocumentResponseDTO(generated=true, data={issueDate=2026-07-18, relievingDate=2026-07-19}), FULL_AND_FINAL=DocumentResponseDTO(generated=false, data=null), CONFIRMATION_LETTER=DocumentResponseDTO(generated=false, data=null), INCREMENT_LETTER=DocumentResponseDTO(generated=false, data=null), RELIEVING_LETTER=DocumentResponseDTO(generated=false, data=null), SALARY_SLIP=DocumentResponseDTO(generated=true, data={startMonth=2026-01, endMonth=2026-06}), COMPLETION_LETTER=DocumentResponseDTO(generated=false, data=null), OFFER_LETTER=DocumentResponseDTO(generated=true, data={issueDate=2026-07-18, probationPeriod=3})})
2026-07-18 18:09:01 [http-nio-8080-exec-8] INFO  c.e.Docgen_Backend.config.JwtFilter - JWT validated successfully for userId=6a311365ec2c34f3d9e4f06e
2026-07-18 18:09:01 [http-nio-8080-exec-8] INFO  c.e.D.controller.UserController - GET /api/v2/users/23 - Fetch request received
2026-07-18 18:09:01 [http-nio-8080-exec-8] INFO  c.e.D.service.impl.UserServiceImpl - Fetching user profile for edit | userId=23
2026-07-18 18:09:02 [http-nio-8080-exec-8] DEBUG c.e.D.service.impl.UserServiceImpl - User found | userId=23 | employeeId=SMDS0347
2026-07-18 18:09:02 [http-nio-8080-exec-8] INFO  c.e.D.service.impl.UserServiceImpl - User profile fetched successfully | userId=23 | timeTaken=325ms
2026-07-18 18:09:02 [http-nio-8080-exec-8] INFO  c.e.D.controller.UserController - Profile fetched successfully for userId=23
2026-07-18 18:09:02 [http-nio-8080-exec-8] DEBUG c.e.D.controller.UserController - Fetched profile data: UserProfileResponseDTO(id=23, employeeName=Anil Jejurkar, employeeId=SMDS0347, email=prathamesh69bhavsar@gmail.com, mobileNo=8007454299, joiningDesignation=Java Developer, currentDesignation=Senior Software Developer, department=Information Technology, company=SMT, identity=MR, pfType=WITH_PF, accountNo=067010110011164, bankName=Bank of india, currentAddress=N-42,VD-1/3/1,Sawta Nager,Cidco,Trimurti Chowk, permanentAddress=null, joiningCTC=360000.0, currentCTC=800000.0, dateOfBirth=1992-05-29, offerDate=2022-04-21, joiningDate=2022-05-02, panNo=BBTPJ7835H, documents={APPOINTMENT_LETTER=DocumentResponseDTO(generated=false, data=null), INTERNSHIP_LETTER=DocumentResponseDTO(generated=false, data=null), EXPERIENCE_LETTER=DocumentResponseDTO(generated=true, data={issueDate=2026-07-18, relievingDate=2026-07-19}), FULL_AND_FINAL=DocumentResponseDTO(generated=false, data=null), CONFIRMATION_LETTER=DocumentResponseDTO(generated=false, data=null), INCREMENT_LETTER=DocumentResponseDTO(generated=false, data=null), RELIEVING_LETTER=DocumentResponseDTO(generated=false, data=null), SALARY_SLIP=DocumentResponseDTO(generated=true, data={startMonth=2026-01, endMonth=2026-06}), COMPLETION_LETTER=DocumentResponseDTO(generated=false, data=null), OFFER_LETTER=DocumentResponseDTO(generated=true, data={issueDate=2026-07-18, probationPeriod=3})})
2026-07-18 18:09:06 [http-nio-8080-exec-5] INFO  c.e.D.controller.UserController - Fetched 8 users on page 0 of 2
2026-07-18 18:09:06 [http-nio-8080-exec-5] ERROR c.e.D.e.GlobalExceptionHandler - Unexpected error occurred
org.springframework.web.context.request.async.AsyncRequestNotUsableException: ServletResponse failed to flushBuffer: java.io.IOException: An established connection was aborted by the software in your host machine
	at org.springframework.web.context.request.async.StandardServletAsyncWebRequest$LifecycleHttpServletResponse.handleIOException(StandardServletAsyncWebRequest.java:340)
	at org.springframework.web.context.request.async.StandardServletAsyncWebRequest$LifecycleHttpServletResponse.flushBuffer(StandardServletAsyncWebRequest.java:319)
	at org.springframework.http.server.ServletServerHttpResponse.flush(ServletServerHttpResponse.java:126)
	at org.springframework.web.servlet.mvc.method.annotation.HttpEntityMethodProcessor.handleReturnValue(HttpEntityMethodProcessor.java:264)
	at org.springframework.web.servlet.mvc.method.annotation.ResponseEntityReturnValueHandler.handleReturnValue(ResponseEntityReturnValueHandler.java:80)
	at org.springframework.web.method.support.HandlerMethodReturnValueHandlerComposite.handleReturnValue(HandlerMethodReturnValueHandlerComposite.java:77)
	at org.springframework.web.servlet.mvc.method.annotation.ServletInvocableHandlerMethod.invokeAndHandle(ServletInvocableHandlerMethod.java:135)
	at org.springframework.web.servlet.mvc.method.annotation.RequestMappingHandlerAdapter.invokeHandlerMethod(RequestMappingHandlerAdapter.java:934)
	at org.springframework.web.servlet.mvc.method.annotation.RequestMappingHandlerAdapter.handleInternal(RequestMappingHandlerAdapter.java:853)
	at org.springframework.web.servlet.mvc.method.AbstractHandlerMethodAdapter.handle(AbstractHandlerMethodAdapter.java:86)
	at org.springframework.web.servlet.DispatcherServlet.doDispatch(DispatcherServlet.java:963)
	at org.springframework.web.servlet.DispatcherServlet.doService(DispatcherServlet.java:866)
	at org.springframework.web.servlet.FrameworkServlet.processRequest(FrameworkServlet.java:1000)
	at org.springframework.web.servlet.FrameworkServlet.doGet(FrameworkServlet.java:892)
	at jakarta.servlet.http.HttpServlet.service(HttpServlet.java:622)
	at org.springframework.web.servlet.FrameworkServlet.service(FrameworkServlet.java:874)
	at jakarta.servlet.http.HttpServlet.service(HttpServlet.java:710)
	at org.apache.catalina.core.ApplicationFilterChain.doFilter(ApplicationFilterChain.java:128)
	at org.apache.tomcat.websocket.server.WsFilter.doFilter(WsFilter.java:53)
	at org.apache.catalina.core.ApplicationFilterChain.doFilter(ApplicationFilterChain.java:107)
	at org.springframework.web.filter.OncePerRequestFilter.doFilter(OncePerRequestFilter.java:110)
	at org.apache.catalina.core.ApplicationFilterChain.doFilter(ApplicationFilterChain.java:107)
	at org.springframework.web.filter.CompositeFilter$VirtualFilterChain.doFilter(CompositeFilter.java:108)
	at org.springframework.security.web.FilterChainProxy.lambda$doFilterInternal$3(FilterChainProxy.java:235)
	at org.springframework.security.web.FilterChainProxy$VirtualFilterChain.doFilter(FilterChainProxy.java:376)
	at org.springframework.security.web.access.intercept.AuthorizationFilter.doFilter(AuthorizationFilter.java:101)
	at org.springframework.security.web.FilterChainProxy$VirtualFilterChain.doFilter(FilterChainProxy.java:385)
	at org.springframework.security.web.access.ExceptionTranslationFilter.doFilter(ExceptionTranslationFilter.java:126)
	at org.springframework.security.web.access.ExceptionTranslationFilter.doFilter(ExceptionTranslationFilter.java:120)
	at org.springframework.security.web.FilterChainProxy$VirtualFilterChain.doFilter(FilterChainProxy.java:385)
	at org.springframework.security.web.session.SessionManagementFilter.doFilter(SessionManagementFilter.java:132)
	at org.springframework.security.web.session.SessionManagementFilter.doFilter(SessionManagementFilter.java:86)
	at org.springframework.security.web.FilterChainProxy$VirtualFilterChain.doFilter(FilterChainProxy.java:385)
	at org.springframework.security.web.authentication.AnonymousAuthenticationFilter.doFilter(AnonymousAuthenticationFilter.java:100)
	at org.springframework.security.web.FilterChainProxy$VirtualFilterChain.doFilter(FilterChainProxy.java:385)
	at org.springframework.security.web.servletapi.SecurityContextHolderAwareRequestFilter.doFilter(SecurityContextHolderAwareRequestFilter.java:181)
	at org.springframework.security.web.FilterChainProxy$VirtualFilterChain.doFilter(FilterChainProxy.java:385)
	at org.springframework.security.web.savedrequest.RequestCacheAwareFilter.doFilter(RequestCacheAwareFilter.java:63)
	at org.springframework.security.web.FilterChainProxy$VirtualFilterChain.doFilter(FilterChainProxy.java:385)
	at com.example.Docgen_Backend.config.JwtFilter.doFilterInternal(JwtFilter.java:111)
	at org.springframework.web.filter.OncePerRequestFilter.doFilter(OncePerRequestFilter.java:116)
	at org.springframework.security.web.FilterChainProxy$VirtualFilterChain.doFilter(FilterChainProxy.java:385)
	at org.springframework.security.web.authentication.logout.LogoutFilter.doFilter(LogoutFilter.java:110)
	at org.springframework.security.web.authentication.logout.LogoutFilter.doFilter(LogoutFilter.java:96)
	at org.springframework.security.web.FilterChainProxy$VirtualFilterChain.doFilter(FilterChainProxy.java:385)
	at org.springframework.web.filter.CorsFilter.doFilterInternal(CorsFilter.java:91)
	at org.springframework.web.filter.OncePerRequestFilter.doFilter(OncePerRequestFilter.java:116)
	at org.springframework.security.web.FilterChainProxy$VirtualFilterChain.doFilter(FilterChainProxy.java:385)
	at org.springframework.security.web.header.HeaderWriterFilter.doHeadersAfter(HeaderWriterFilter.java:90)
	at org.springframework.security.web.header.HeaderWriterFilter.doFilterInternal(HeaderWriterFilter.java:75)
	at org.springframework.web.filter.OncePerRequestFilter.doFilter(OncePerRequestFilter.java:116)
	at org.springframework.security.web.FilterChainProxy$VirtualFilterChain.doFilter(FilterChainProxy.java:385)
	at org.springframework.security.web.context.SecurityContextHolderFilter.doFilter(SecurityContextHolderFilter.java:82)
	at org.springframework.security.web.context.SecurityContextHolderFilter.doFilter(SecurityContextHolderFilter.java:69)
	at org.springframework.security.web.FilterChainProxy$VirtualFilterChain.doFilter(FilterChainProxy.java:385)
	at org.springframework.security.web.context.request.async.WebAsyncManagerIntegrationFilter.doFilterInternal(WebAsyncManagerIntegrationFilter.java:62)
	at org.springframework.web.filter.OncePerRequestFilter.doFilter(OncePerRequestFilter.java:116)
	at org.springframework.security.web.FilterChainProxy$VirtualFilterChain.doFilter(FilterChainProxy.java:385)
	at org.springframework.security.web.session.DisableEncodeUrlFilter.doFilterInternal(DisableEncodeUrlFilter.java:42)
	at org.springframework.web.filter.OncePerRequestFilter.doFilter(OncePerRequestFilter.java:116)
	at org.springframework.security.web.FilterChainProxy$VirtualFilterChain.doFilter(FilterChainProxy.java:385)
	at org.springframework.security.web.FilterChainProxy.doFilterInternal(FilterChainProxy.java:237)
	at org.springframework.security.web.FilterChainProxy.doFilter(FilterChainProxy.java:195)
	at org.springframework.web.filter.CompositeFilter$VirtualFilterChain.doFilter(CompositeFilter.java:113)
	at org.springframework.web.filter.ServletRequestPathFilter.doFilter(ServletRequestPathFilter.java:52)
	at org.springframework.web.filter.CompositeFilter$VirtualFilterChain.doFilter(CompositeFilter.java:113)
	at org.springframework.web.filter.CompositeFilter.doFilter(CompositeFilter.java:74)
	at org.springframework.security.config.annotation.web.configuration.WebSecurityConfiguration$CompositeFilterChainProxy.doFilter(WebSecurityConfiguration.java:317)
	at org.springframework.web.filter.DelegatingFilterProxy.invokeDelegate(DelegatingFilterProxy.java:355)
	at org.springframework.web.filter.DelegatingFilterProxy.doFilter(DelegatingFilterProxy.java:272)
	at org.apache.catalina.core.ApplicationFilterChain.doFilter(ApplicationFilterChain.java:107)
	at org.springframework.web.filter.RequestContextFilter.doFilterInternal(RequestContextFilter.java:100)
	at org.springframework.web.filter.OncePerRequestFilter.doFilter(OncePerRequestFilter.java:116)
	at org.apache.catalina.core.ApplicationFilterChain.doFilter(ApplicationFilterChain.java:107)
	at org.springframework.web.filter.FormContentFilter.doFilterInternal(FormContentFilter.java:93)
	at org.springframework.web.filter.OncePerRequestFilter.doFilter(OncePerRequestFilter.java:116)
	at org.apache.catalina.core.ApplicationFilterChain.doFilter(ApplicationFilterChain.java:107)
	at org.springframework.web.filter.CharacterEncodingFilter.doFilterInternal(CharacterEncodingFilter.java:199)
	at org.springframework.web.filter.OncePerRequestFilter.doFilter(OncePerRequestFilter.java:116)
	at org.apache.catalina.core.ApplicationFilterChain.doFilter(ApplicationFilterChain.java:107)
	at org.apache.catalina.core.StandardWrapperValve.invoke(StandardWrapperValve.java:165)
	at org.apache.catalina.core.StandardContextValve.invoke(StandardContextValve.java:77)
	at org.apache.catalina.authenticator.AuthenticatorBase.invoke(AuthenticatorBase.java:492)
	at org.apache.catalina.core.StandardHostValve.invoke(StandardHostValve.java:113)
	at org.apache.catalina.valves.ErrorReportValve.invoke(ErrorReportValve.java:83)
	at org.apache.catalina.core.StandardEngineValve.invoke(StandardEngineValve.java:72)
	at org.apache.catalina.connector.CoyoteAdapter.service(CoyoteAdapter.java:341)
	at org.apache.coyote.http11.Http11Processor.service(Http11Processor.java:397)
	at org.apache.coyote.AbstractProcessorLight.process(AbstractProcessorLight.java:63)
	at org.apache.coyote.AbstractProtocol$ConnectionHandler.process(AbstractProtocol.java:903)
	at org.apache.tomcat.util.net.NioEndpoint$SocketProcessor.doRun(NioEndpoint.java:1801)
	at org.apache.tomcat.util.net.SocketProcessorBase.run(SocketProcessorBase.java:52)
	at org.apache.tomcat.util.threads.ThreadPoolExecutor.runWorker(ThreadPoolExecutor.java:946)
	at org.apache.tomcat.util.threads.ThreadPoolExecutor$Worker.run(ThreadPoolExecutor.java:480)
	at org.apache.tomcat.util.threads.TaskThread$WrappingRunnable.run(TaskThread.java:57)
	at java.base/java.lang.Thread.run(Thread.java:1583)
Caused by: org.apache.catalina.connector.ClientAbortException: java.io.IOException: An established connection was aborted by the software in your host machine
	at org.apache.catalina.connector.OutputBuffer.doFlush(OutputBuffer.java:290)
	at org.apache.catalina.connector.OutputBuffer.flush(OutputBuffer.java:252)
	at org.apache.catalina.connector.Response.flushBuffer(Response.java:432)
	at org.apache.catalina.connector.ResponseFacade.flushBuffer(ResponseFacade.java:175)
	at jakarta.servlet.ServletResponseWrapper.flushBuffer(ServletResponseWrapper.java:180)
	at jakarta.servlet.ServletResponseWrapper.flushBuffer(ServletResponseWrapper.java:180)
	at jakarta.servlet.ServletResponseWrapper.flushBuffer(ServletResponseWrapper.java:180)
	at org.springframework.security.web.util.OnCommittedResponseWrapper.flushBuffer(OnCommittedResponseWrapper.java:195)
	at org.springframework.web.context.request.async.StandardServletAsyncWebRequest$LifecycleHttpServletResponse.flushBuffer(StandardServletAsyncWebRequest.java:316)
	... 94 common frames omitted
Caused by: java.io.IOException: An established connection was aborted by the software in your host machine
	at java.base/sun.nio.ch.SocketDispatcher.write0(Native Method)
	at java.base/sun.nio.ch.SocketDispatcher.write(SocketDispatcher.java:54)
	at java.base/sun.nio.ch.IOUtil.writeFromNativeBuffer(IOUtil.java:137)
	at java.base/sun.nio.ch.IOUtil.write(IOUtil.java:102)
	at java.base/sun.nio.ch.IOUtil.write(IOUtil.java:58)
	at java.base/sun.nio.ch.SocketChannelImpl.write(SocketChannelImpl.java:542)
	at org.apache.tomcat.util.net.NioChannel.write(NioChannel.java:129)
	at org.apache.tomcat.util.net.NioEndpoint$NioSocketWrapper.doWrite(NioEndpoint.java:1441)
	at org.apache.tomcat.util.net.SocketWrapperBase.doWrite(SocketWrapperBase.java:747)
	at org.apache.tomcat.util.net.SocketWrapperBase.flushBlocking(SocketWrapperBase.java:713)
	at org.apache.tomcat.util.net.SocketWrapperBase.flush(SocketWrapperBase.java:698)
	at org.apache.coyote.http11.Http11OutputBuffer$SocketOutputBuffer.flush(Http11OutputBuffer.java:563)
	at org.apache.coyote.http11.filters.ChunkedOutputFilter.flush(ChunkedOutputFilter.java:154)
	at org.apache.coyote.http11.Http11OutputBuffer.flush(Http11OutputBuffer.java:216)
	at org.apache.coyote.http11.Http11Processor.flush(Http11Processor.java:1271)
	at org.apache.coyote.AbstractProcessor.action(AbstractProcessor.java:407)
	at org.apache.coyote.Response.action(Response.java:197)
	at org.apache.catalina.connector.OutputBuffer.doFlush(OutputBuffer.java:286)
	... 102 common frames omitted
2026-07-18 18:09:28 [SpringApplicationShutdownHook] INFO  o.s.boot.tomcat.GracefulShutdown - Commencing graceful shutdown. Waiting for active requests to complete
2026-07-18 18:09:28 [tomcat-shutdown] INFO  o.s.boot.tomcat.GracefulShutdown - Graceful shutdown complete
2026-07-18 18:09:28 [SpringApplicationShutdownHook] INFO  o.s.o.j.LocalContainerEntityManagerFactoryBean - Closing JPA EntityManagerFactory for persistence unit 'default'
2026-07-18 18:09:28 [SpringApplicationShutdownHook] INFO  com.zaxxer.hikari.HikariDataSource - HikariPool-1 - Shutdown initiated...
2026-07-18 18:09:28 [SpringApplicationShutdownHook] INFO  com.zaxxer.hikari.HikariDataSource - HikariPool-1 - Shutdown completed.
2026-07-18 18:19:30 [background-preinit] INFO  o.h.validator.internal.util.Version - HV000001: Hibernate Validator 9.0.1.Final
2026-07-18 18:19:30 [restartedMain] INFO  c.e.D.DocgenBackendApplication - Starting DocgenBackendApplication using Java 21.0.9 with PID 27640 (E:\DocGen New Front V2\Docgen-Backend\target\classes started by prath in E:\DocGen New Front V2\Docgen-Backend)
2026-07-18 18:19:30 [restartedMain] DEBUG c.e.D.DocgenBackendApplication - Running with Spring Boot v4.0.6, Spring v7.0.7
2026-07-18 18:19:30 [restartedMain] INFO  c.e.D.DocgenBackendApplication - No active profile set, falling back to 1 default profile: "default"
2026-07-18 18:19:30 [restartedMain] INFO  o.s.b.d.e.DevToolsPropertyDefaultsPostProcessor - Devtools property defaults active! Set 'spring.devtools.add-properties' to 'false' to disable
2026-07-18 18:19:30 [restartedMain] INFO  o.s.b.d.e.DevToolsPropertyDefaultsPostProcessor - For additional web related logging consider setting the 'logging.level.web' property to 'DEBUG'
2026-07-18 18:19:31 [restartedMain] INFO  o.s.d.r.c.RepositoryConfigurationDelegate - Bootstrapping Spring Data JPA repositories in DEFAULT mode.
2026-07-18 18:19:31 [restartedMain] INFO  o.s.d.r.c.RepositoryConfigurationDelegate - Finished Spring Data repository scanning in 75 ms. Found 2 JPA repository interfaces.
2026-07-18 18:19:32 [restartedMain] INFO  o.s.boot.tomcat.TomcatWebServer - Tomcat initialized with port 8080 (http)
2026-07-18 18:19:32 [restartedMain] INFO  o.a.coyote.http11.Http11NioProtocol - Initializing ProtocolHandler ["http-nio-8080"]
2026-07-18 18:19:32 [restartedMain] INFO  o.a.catalina.core.StandardService - Starting service [Tomcat]
2026-07-18 18:19:32 [restartedMain] INFO  o.a.catalina.core.StandardEngine - Starting Servlet engine: [Apache Tomcat/11.0.21]
2026-07-18 18:19:32 [restartedMain] INFO  o.s.b.w.c.s.WebApplicationContextInitializer - Root WebApplicationContext: initialization completed in 1940 ms
2026-07-18 18:19:32 [restartedMain] DEBUG c.e.Docgen_Backend.config.JwtFilter - Filter 'jwtFilter' configured for use
2026-07-18 18:19:32 [restartedMain] INFO  org.hibernate.orm.jpa - HHH008540: Processing PersistenceUnitInfo [name: default]
2026-07-18 18:19:32 [restartedMain] INFO  org.hibernate.orm.core - HHH000001: Hibernate ORM core version 7.2.12.Final
2026-07-18 18:19:33 [restartedMain] INFO  o.s.o.j.p.SpringPersistenceUnitInfo - No LoadTimeWeaver setup: ignoring JPA class transformer
2026-07-18 18:19:33 [restartedMain] INFO  com.zaxxer.hikari.HikariDataSource - HikariPool-1 - Starting...
2026-07-18 18:19:33 [restartedMain] INFO  com.zaxxer.hikari.pool.HikariPool - HikariPool-1 - Added connection com.mysql.cj.jdbc.ConnectionImpl@466c07b5
2026-07-18 18:19:33 [restartedMain] INFO  com.zaxxer.hikari.HikariDataSource - HikariPool-1 - Start completed.
2026-07-18 18:19:34 [restartedMain] WARN  org.hibernate.orm.jdbc - HHH100045: Could not obtain connection metadata: java.sql.SQLSyntaxErrorException: Unknown column 'RESERVED' in 'WHERE'
2026-07-18 18:19:34 [restartedMain] WARN  org.hibernate.orm.deprecation - HHH90000025: MySQLDialect does not need to be specified explicitly using 'hibernate.dialect' (remove the property setting and it will be selected by default)
2026-07-18 18:19:34 [restartedMain] INFO  o.hibernate.orm.connections.pooling - HHH10001005: Database info:
	Database JDBC URL [undefined/unknown]
	Database driver: undefined/unknown
	Database dialect: MySQLDialect
	Database version: 8.0
	Default catalog/schema: unknown/unknown
	Autocommit mode: undefined/unknown
	Isolation level: NONE [default NONE]
	JDBC fetch size: undefined/unknown
	Pool: DataSourceConnectionProvider
	Minimum pool size: undefined/unknown
	Maximum pool size: undefined/unknown
2026-07-18 18:19:35 [restartedMain] INFO  org.hibernate.orm.core - HHH000489: No JTA platform available (set 'hibernate.transaction.jta.platform' to enable JTA platform integration)
2026-07-18 18:19:42 [restartedMain] INFO  o.s.o.j.LocalContainerEntityManagerFactoryBean - Initialized JPA EntityManagerFactory for persistence unit 'default'
2026-07-18 18:19:43 [restartedMain] INFO  o.s.d.j.r.q.QueryEnhancerFactories - Hibernate is in classpath; If applicable, HQL parser will be used.
2026-07-18 18:19:43 [restartedMain] INFO  o.s.s.c.a.a.c.InitializeUserDetailsBeanManagerConfigurer$InitializeUserDetailsManagerConfigurer - Global AuthenticationManager configured with UserDetailsService bean with name customUserDetailsService
2026-07-18 18:19:43 [restartedMain] WARN  o.s.b.j.a.JpaBaseConfiguration$JpaWebConfiguration - spring.jpa.open-in-view is enabled by default. Therefore, database queries may be performed during view rendering. Explicitly configure spring.jpa.open-in-view to disable this warning
2026-07-18 18:19:43 [restartedMain] INFO  o.a.coyote.http11.Http11NioProtocol - Starting ProtocolHandler ["http-nio-8080"]
2026-07-18 18:19:43 [restartedMain] INFO  o.s.boot.tomcat.TomcatWebServer - Tomcat started on port 8080 (http) with context path '/'
2026-07-18 18:19:43 [restartedMain] INFO  c.e.D.DocgenBackendApplication - Started DocgenBackendApplication in 14.656 seconds (process running for 15.496)
2026-07-18 18:19:53 [http-nio-8080-exec-1] INFO  o.a.c.c.C.[Tomcat].[localhost].[/] - Initializing Spring DispatcherServlet 'dispatcherServlet'
2026-07-18 18:19:53 [http-nio-8080-exec-1] INFO  o.s.web.servlet.DispatcherServlet - Initializing Servlet 'dispatcherServlet'
2026-07-18 18:19:53 [http-nio-8080-exec-1] INFO  o.s.web.servlet.DispatcherServlet - Completed initialization in 2 ms
2026-07-18 18:19:53 [http-nio-8080-exec-5] INFO  c.e.Docgen_Backend.config.JwtFilter - JWT validated successfully for userId=6a311365ec2c34f3d9e4f06e
2026-07-18 18:19:54 [http-nio-8080-exec-5] INFO  c.e.D.controller.UserController - GET /api/v2/users - Fetch all users request received | page=0, size=8, sortBy=id, direction=desc
2026-07-18 18:20:00 [http-nio-8080-exec-5] INFO  c.e.D.controller.UserController - Fetched 8 users on page 0 of 2
2026-07-18 18:20:00 [http-nio-8080-exec-4] INFO  c.e.Docgen_Backend.config.JwtFilter - JWT validated successfully for userId=6a311365ec2c34f3d9e4f06e
2026-07-18 18:20:00 [http-nio-8080-exec-4] INFO  c.e.D.controller.UserController - GET /api/v2/users - Fetch all users request received | page=0, size=8, sortBy=id, direction=desc
2026-07-18 18:20:02 [http-nio-8080-exec-7] INFO  c.e.Docgen_Backend.config.JwtFilter - JWT validated successfully for userId=6a311365ec2c34f3d9e4f06e
2026-07-18 18:20:02 [http-nio-8080-exec-7] INFO  c.e.D.controller.UserController - GET /api/v2/users/23 - Fetch request received
2026-07-18 18:20:02 [http-nio-8080-exec-7] INFO  c.e.D.service.impl.UserServiceImpl - Fetching user profile for edit | userId=23
2026-07-18 18:20:02 [http-nio-8080-exec-7] WARN  com.zaxxer.hikari.pool.PoolBase - HikariPool-1 - Failed to validate connection com.mysql.cj.jdbc.ConnectionImpl@bd2a171 (No operations allowed after connection closed.). Possibly consider using a shorter maxLifetime value.
2026-07-18 18:20:02 [http-nio-8080-exec-7] WARN  com.zaxxer.hikari.pool.PoolBase - HikariPool-1 - Failed to validate connection com.mysql.cj.jdbc.ConnectionImpl@29eece62 (No operations allowed after connection closed.). Possibly consider using a shorter maxLifetime value.
2026-07-18 18:20:03 [http-nio-8080-exec-4] INFO  c.e.D.controller.UserController - Fetched 8 users on page 0 of 2
2026-07-18 18:20:03 [http-nio-8080-exec-7] DEBUG c.e.D.service.impl.UserServiceImpl - User found | userId=23 | employeeId=SMDS0347
2026-07-18 18:20:03 [http-nio-8080-exec-7] INFO  c.e.D.service.impl.UserServiceImpl - User profile fetched successfully | userId=23 | timeTaken=504ms
2026-07-18 18:20:03 [http-nio-8080-exec-7] INFO  c.e.D.controller.UserController - Profile fetched successfully for userId=23
2026-07-18 18:20:03 [http-nio-8080-exec-7] DEBUG c.e.D.controller.UserController - Fetched profile data: UserProfileResponseDTO(id=23, employeeName=Anil Jejurkar, employeeId=SMDS0347, email=prathamesh69bhavsar@gmail.com, mobileNo=8007454299, joiningDesignation=Java Developer, currentDesignation=Senior Software Developer, department=Information Technology, company=SMT, identity=MR, pfType=WITH_PF, accountNo=067010110011164, bankName=Bank of india, currentAddress=N-42,VD-1/3/1,Sawta Nager,Cidco,Trimurti Chowk, permanentAddress=null, joiningCTC=360000.0, currentCTC=800000.0, dateOfBirth=1992-05-29, offerDate=2022-04-21, joiningDate=2022-05-02, panNo=BBTPJ7835H, documents={APPOINTMENT_LETTER=DocumentResponseDTO(generated=false, data=null), INTERNSHIP_LETTER=DocumentResponseDTO(generated=false, data=null), EXPERIENCE_LETTER=DocumentResponseDTO(generated=true, data={issueDate=2026-07-18, relievingDate=2026-07-19}), FULL_AND_FINAL=DocumentResponseDTO(generated=false, data=null), CONFIRMATION_LETTER=DocumentResponseDTO(generated=false, data=null), INCREMENT_LETTER=DocumentResponseDTO(generated=false, data=null), RELIEVING_LETTER=DocumentResponseDTO(generated=false, data=null), SALARY_SLIP=DocumentResponseDTO(generated=true, data={startMonth=2026-01, endMonth=2026-06}), COMPLETION_LETTER=DocumentResponseDTO(generated=false, data=null), OFFER_LETTER=DocumentResponseDTO(generated=true, data={issueDate=2026-07-18, probationPeriod=3})})
2026-07-18 18:20:03 [http-nio-8080-exec-8] INFO  c.e.Docgen_Backend.config.JwtFilter - JWT validated successfully for userId=6a311365ec2c34f3d9e4f06e
2026-07-18 18:20:03 [http-nio-8080-exec-8] INFO  c.e.D.controller.UserController - GET /api/v2/users/23 - Fetch request received
2026-07-18 18:20:03 [http-nio-8080-exec-8] INFO  c.e.D.service.impl.UserServiceImpl - Fetching user profile for edit | userId=23
2026-07-18 18:20:03 [http-nio-8080-exec-8] DEBUG c.e.D.service.impl.UserServiceImpl - User found | userId=23 | employeeId=SMDS0347
2026-07-18 18:20:03 [http-nio-8080-exec-8] INFO  c.e.D.service.impl.UserServiceImpl - User profile fetched successfully | userId=23 | timeTaken=431ms
2026-07-18 18:20:03 [http-nio-8080-exec-8] INFO  c.e.D.controller.UserController - Profile fetched successfully for userId=23
2026-07-18 18:20:03 [http-nio-8080-exec-8] DEBUG c.e.D.controller.UserController - Fetched profile data: UserProfileResponseDTO(id=23, employeeName=Anil Jejurkar, employeeId=SMDS0347, email=prathamesh69bhavsar@gmail.com, mobileNo=8007454299, joiningDesignation=Java Developer, currentDesignation=Senior Software Developer, department=Information Technology, company=SMT, identity=MR, pfType=WITH_PF, accountNo=067010110011164, bankName=Bank of india, currentAddress=N-42,VD-1/3/1,Sawta Nager,Cidco,Trimurti Chowk, permanentAddress=null, joiningCTC=360000.0, currentCTC=800000.0, dateOfBirth=1992-05-29, offerDate=2022-04-21, joiningDate=2022-05-02, panNo=BBTPJ7835H, documents={APPOINTMENT_LETTER=DocumentResponseDTO(generated=false, data=null), INTERNSHIP_LETTER=DocumentResponseDTO(generated=false, data=null), EXPERIENCE_LETTER=DocumentResponseDTO(generated=true, data={issueDate=2026-07-18, relievingDate=2026-07-19}), FULL_AND_FINAL=DocumentResponseDTO(generated=false, data=null), CONFIRMATION_LETTER=DocumentResponseDTO(generated=false, data=null), INCREMENT_LETTER=DocumentResponseDTO(generated=false, data=null), RELIEVING_LETTER=DocumentResponseDTO(generated=false, data=null), SALARY_SLIP=DocumentResponseDTO(generated=true, data={startMonth=2026-01, endMonth=2026-06}), COMPLETION_LETTER=DocumentResponseDTO(generated=false, data=null), OFFER_LETTER=DocumentResponseDTO(generated=true, data={issueDate=2026-07-18, probationPeriod=3})})
2026-07-18 18:20:14 [http-nio-8080-exec-10] INFO  c.e.Docgen_Backend.config.JwtFilter - JWT validated successfully for userId=6a311365ec2c34f3d9e4f06e
2026-07-18 18:20:14 [http-nio-8080-exec-10] INFO  c.e.D.controller.UserController - PATCH /api/v2/users/23 - Update request received for employeeId=SMDS0347
2026-07-18 18:20:14 [http-nio-8080-exec-10] DEBUG c.e.D.controller.UserController - Update payload: CreateProfileRequest(employeeName=Anil Jejurkar, email=prathamesh69bhavsar@gmail.com, mobileNo=8007454299, employeeId=SMDS0347, joiningDesignation=Java Developer, currentDesignation=Senior Software Developer, department=Information Technology, currentAddress=N-42,VD-1/3/1,Sawta Nager,Cidco,Trimurti Chowk, permanentAddress=null, accountNo=067010110011164, bankName=Bank of india, joiningCTC=360000.0, currentCTC=800000.0, dateOfBirth=1992-05-29, offerDate=2022-04-21, joiningDate=2022-05-02, panNo=BBTPJ7835H, company=DCS, pfType=WITH_PF, identity=MR, documents=[EXPERIENCE_LETTER, SALARY_SLIP, OFFER_LETTER], documentData={OFFER_LETTER={issueDate=2026-07-18, probationPeriod=3}, EXPERIENCE_LETTER={relievingDate=2026-07-19, issueDate=2026-07-18}, SALARY_SLIP={startMonth=2026-01, endMonth=2026-06, salaryWorkdays={2026-01=31, 2026-02=28, 2026-03=31, 2026-04=30, 2026-05=31, 2026-06=30}}})
2026-07-18 18:20:14 [http-nio-8080-exec-10] INFO  c.e.D.service.impl.UserServiceImpl - Updating user profile | userId=23 | employeeId=SMDS0347
2026-07-18 18:20:15 [http-nio-8080-exec-10] DEBUG c.e.D.service.impl.UserServiceImpl - Existing user fetched | userId=23 | oldEmployeeId=SMDS0347
2026-07-18 18:20:15 [http-nio-8080-exec-10] DEBUG c.e.D.service.impl.UserServiceImpl - Updating documents | userId=23
2026-07-18 18:20:15 [http-nio-8080-exec-10] INFO  c.e.D.service.impl.UserServiceImpl - User profile updated successfully | userId=23 | timeTaken=494ms
2026-07-18 18:20:15 [http-nio-8080-exec-10] INFO  c.e.D.controller.UserController - Profile updated successfully for userId=23, employeeId=SMDS0347
2026-07-18 18:21:18 [HikariPool-1:housekeeper] WARN  com.zaxxer.hikari.pool.PoolBase - HikariPool-1 - Failed to validate connection com.mysql.cj.jdbc.ConnectionImpl@466c07b5 (No operations allowed after connection closed.). Possibly consider using a shorter maxLifetime value.
2026-07-18 18:21:45 [HikariPool-1:housekeeper] WARN  com.zaxxer.hikari.pool.PoolBase - HikariPool-1 - Failed to validate connection com.mysql.cj.jdbc.ConnectionImpl@2f947cb6 (No operations allowed after connection closed.). Possibly consider using a shorter maxLifetime value.
2026-07-18 18:21:47 [HikariPool-1:housekeeper] WARN  com.zaxxer.hikari.pool.PoolBase - HikariPool-1 - Failed to validate connection com.mysql.cj.jdbc.ConnectionImpl@57a0f7d6 (No operations allowed after connection closed.). Possibly consider using a shorter maxLifetime value.
2026-07-18 18:21:57 [HikariPool-1:housekeeper] WARN  com.zaxxer.hikari.pool.PoolBase - HikariPool-1 - Failed to validate connection com.mysql.cj.jdbc.ConnectionImpl@74190adc (No operations allowed after connection closed.). Possibly consider using a shorter maxLifetime value.
2026-07-18 18:23:47 [HikariPool-1:housekeeper] WARN  com.zaxxer.hikari.pool.PoolBase - HikariPool-1 - Failed to validate connection com.mysql.cj.jdbc.ConnectionImpl@1ceae4c2 (No operations allowed after connection closed.). Possibly consider using a shorter maxLifetime value.
2026-07-18 18:23:47 [HikariPool-1:housekeeper] WARN  com.zaxxer.hikari.pool.PoolBase - HikariPool-1 - Failed to validate connection com.mysql.cj.jdbc.ConnectionImpl@7057126c (No operations allowed after connection closed.). Possibly consider using a shorter maxLifetime value.
2026-07-18 18:23:56 [http-nio-8080-exec-6] INFO  c.e.Docgen_Backend.config.JwtFilter - JWT validated successfully for userId=6a311365ec2c34f3d9e4f06e
2026-07-18 18:23:56 [http-nio-8080-exec-6] ERROR c.e.D.e.GlobalExceptionHandler - Unexpected error occurred
org.springframework.web.method.annotation.MethodArgumentTypeMismatchException: Method parameter 'id': Failed to convert value of type 'java.lang.String' to required type 'java.lang.Long'; For input string: "undefined"
	at org.springframework.web.method.annotation.AbstractNamedValueMethodArgumentResolver.convertIfNecessary(AbstractNamedValueMethodArgumentResolver.java:295)
	at org.springframework.web.method.annotation.AbstractNamedValueMethodArgumentResolver.resolveArgument(AbstractNamedValueMethodArgumentResolver.java:134)
	at org.springframework.web.method.support.HandlerMethodArgumentResolverComposite.resolveArgument(HandlerMethodArgumentResolverComposite.java:122)
	at org.springframework.web.method.support.InvocableHandlerMethod.getMethodArgumentValues(InvocableHandlerMethod.java:224)
	at org.springframework.web.method.support.InvocableHandlerMethod.invokeForRequest(InvocableHandlerMethod.java:174)
	at org.springframework.web.servlet.mvc.method.annotation.ServletInvocableHandlerMethod.invokeAndHandle(ServletInvocableHandlerMethod.java:117)
	at org.springframework.web.servlet.mvc.method.annotation.RequestMappingHandlerAdapter.invokeHandlerMethod(RequestMappingHandlerAdapter.java:934)
	at org.springframework.web.servlet.mvc.method.annotation.RequestMappingHandlerAdapter.handleInternal(RequestMappingHandlerAdapter.java:853)
	at org.springframework.web.servlet.mvc.method.AbstractHandlerMethodAdapter.handle(AbstractHandlerMethodAdapter.java:86)
	at org.springframework.web.servlet.DispatcherServlet.doDispatch(DispatcherServlet.java:963)
	at org.springframework.web.servlet.DispatcherServlet.doService(DispatcherServlet.java:866)
	at org.springframework.web.servlet.FrameworkServlet.processRequest(FrameworkServlet.java:1000)
	at org.springframework.web.servlet.FrameworkServlet.service(FrameworkServlet.java:877)
	at jakarta.servlet.http.HttpServlet.service(HttpServlet.java:710)
	at org.apache.catalina.core.ApplicationFilterChain.doFilter(ApplicationFilterChain.java:128)
	at org.apache.tomcat.websocket.server.WsFilter.doFilter(WsFilter.java:53)
	at org.apache.catalina.core.ApplicationFilterChain.doFilter(ApplicationFilterChain.java:107)
	at org.springframework.web.filter.OncePerRequestFilter.doFilter(OncePerRequestFilter.java:110)
	at org.apache.catalina.core.ApplicationFilterChain.doFilter(ApplicationFilterChain.java:107)
	at org.springframework.web.filter.CompositeFilter$VirtualFilterChain.doFilter(CompositeFilter.java:108)
	at org.springframework.security.web.FilterChainProxy.lambda$doFilterInternal$3(FilterChainProxy.java:235)
	at org.springframework.security.web.FilterChainProxy$VirtualFilterChain.doFilter(FilterChainProxy.java:376)
	at org.springframework.security.web.access.intercept.AuthorizationFilter.doFilter(AuthorizationFilter.java:101)
	at org.springframework.security.web.FilterChainProxy$VirtualFilterChain.doFilter(FilterChainProxy.java:385)
	at org.springframework.security.web.access.ExceptionTranslationFilter.doFilter(ExceptionTranslationFilter.java:126)
	at org.springframework.security.web.access.ExceptionTranslationFilter.doFilter(ExceptionTranslationFilter.java:120)
	at org.springframework.security.web.FilterChainProxy$VirtualFilterChain.doFilter(FilterChainProxy.java:385)
	at org.springframework.security.web.session.SessionManagementFilter.doFilter(SessionManagementFilter.java:132)
	at org.springframework.security.web.session.SessionManagementFilter.doFilter(SessionManagementFilter.java:86)
	at org.springframework.security.web.FilterChainProxy$VirtualFilterChain.doFilter(FilterChainProxy.java:385)
	at org.springframework.security.web.authentication.AnonymousAuthenticationFilter.doFilter(AnonymousAuthenticationFilter.java:100)
	at org.springframework.security.web.FilterChainProxy$VirtualFilterChain.doFilter(FilterChainProxy.java:385)
	at org.springframework.security.web.servletapi.SecurityContextHolderAwareRequestFilter.doFilter(SecurityContextHolderAwareRequestFilter.java:181)
	at org.springframework.security.web.FilterChainProxy$VirtualFilterChain.doFilter(FilterChainProxy.java:385)
	at org.springframework.security.web.savedrequest.RequestCacheAwareFilter.doFilter(RequestCacheAwareFilter.java:63)
	at org.springframework.security.web.FilterChainProxy$VirtualFilterChain.doFilter(FilterChainProxy.java:385)
	at com.example.Docgen_Backend.config.JwtFilter.doFilterInternal(JwtFilter.java:111)
	at org.springframework.web.filter.OncePerRequestFilter.doFilter(OncePerRequestFilter.java:116)
	at org.springframework.security.web.FilterChainProxy$VirtualFilterChain.doFilter(FilterChainProxy.java:385)
	at org.springframework.security.web.authentication.logout.LogoutFilter.doFilter(LogoutFilter.java:110)
	at org.springframework.security.web.authentication.logout.LogoutFilter.doFilter(LogoutFilter.java:96)
	at org.springframework.security.web.FilterChainProxy$VirtualFilterChain.doFilter(FilterChainProxy.java:385)
	at org.springframework.web.filter.CorsFilter.doFilterInternal(CorsFilter.java:91)
	at org.springframework.web.filter.OncePerRequestFilter.doFilter(OncePerRequestFilter.java:116)
	at org.springframework.security.web.FilterChainProxy$VirtualFilterChain.doFilter(FilterChainProxy.java:385)
	at org.springframework.security.web.header.HeaderWriterFilter.doHeadersAfter(HeaderWriterFilter.java:90)
	at org.springframework.security.web.header.HeaderWriterFilter.doFilterInternal(HeaderWriterFilter.java:75)
	at org.springframework.web.filter.OncePerRequestFilter.doFilter(OncePerRequestFilter.java:116)
	at org.springframework.security.web.FilterChainProxy$VirtualFilterChain.doFilter(FilterChainProxy.java:385)
	at org.springframework.security.web.context.SecurityContextHolderFilter.doFilter(SecurityContextHolderFilter.java:82)
	at org.springframework.security.web.context.SecurityContextHolderFilter.doFilter(SecurityContextHolderFilter.java:69)
	at org.springframework.security.web.FilterChainProxy$VirtualFilterChain.doFilter(FilterChainProxy.java:385)
	at org.springframework.security.web.context.request.async.WebAsyncManagerIntegrationFilter.doFilterInternal(WebAsyncManagerIntegrationFilter.java:62)
	at org.springframework.web.filter.OncePerRequestFilter.doFilter(OncePerRequestFilter.java:116)
	at org.springframework.security.web.FilterChainProxy$VirtualFilterChain.doFilter(FilterChainProxy.java:385)
	at org.springframework.security.web.session.DisableEncodeUrlFilter.doFilterInternal(DisableEncodeUrlFilter.java:42)
	at org.springframework.web.filter.OncePerRequestFilter.doFilter(OncePerRequestFilter.java:116)
	at org.springframework.security.web.FilterChainProxy$VirtualFilterChain.doFilter(FilterChainProxy.java:385)
	at org.springframework.security.web.FilterChainProxy.doFilterInternal(FilterChainProxy.java:237)
	at org.springframework.security.web.FilterChainProxy.doFilter(FilterChainProxy.java:195)
	at org.springframework.web.filter.CompositeFilter$VirtualFilterChain.doFilter(CompositeFilter.java:113)
	at org.springframework.web.filter.ServletRequestPathFilter.doFilter(ServletRequestPathFilter.java:52)
	at org.springframework.web.filter.CompositeFilter$VirtualFilterChain.doFilter(CompositeFilter.java:113)
	at org.springframework.web.filter.CompositeFilter.doFilter(CompositeFilter.java:74)
	at org.springframework.security.config.annotation.web.configuration.WebSecurityConfiguration$CompositeFilterChainProxy.doFilter(WebSecurityConfiguration.java:317)
	at org.springframework.web.filter.DelegatingFilterProxy.invokeDelegate(DelegatingFilterProxy.java:355)
	at org.springframework.web.filter.DelegatingFilterProxy.doFilter(DelegatingFilterProxy.java:272)
	at org.apache.catalina.core.ApplicationFilterChain.doFilter(ApplicationFilterChain.java:107)
	at org.springframework.web.filter.RequestContextFilter.doFilterInternal(RequestContextFilter.java:100)
	at org.springframework.web.filter.OncePerRequestFilter.doFilter(OncePerRequestFilter.java:116)
	at org.apache.catalina.core.ApplicationFilterChain.doFilter(ApplicationFilterChain.java:107)
	at org.springframework.web.filter.FormContentFilter.doFilterInternal(FormContentFilter.java:93)
	at org.springframework.web.filter.OncePerRequestFilter.doFilter(OncePerRequestFilter.java:116)
	at org.apache.catalina.core.ApplicationFilterChain.doFilter(ApplicationFilterChain.java:107)
	at org.springframework.web.filter.CharacterEncodingFilter.doFilterInternal(CharacterEncodingFilter.java:199)
	at org.springframework.web.filter.OncePerRequestFilter.doFilter(OncePerRequestFilter.java:116)
	at org.apache.catalina.core.ApplicationFilterChain.doFilter(ApplicationFilterChain.java:107)
	at org.apache.catalina.core.StandardWrapperValve.invoke(StandardWrapperValve.java:165)
	at org.apache.catalina.core.StandardContextValve.invoke(StandardContextValve.java:77)
	at org.apache.catalina.authenticator.AuthenticatorBase.invoke(AuthenticatorBase.java:492)
	at org.apache.catalina.core.StandardHostValve.invoke(StandardHostValve.java:113)
	at org.apache.catalina.valves.ErrorReportValve.invoke(ErrorReportValve.java:83)
	at org.apache.catalina.core.StandardEngineValve.invoke(StandardEngineValve.java:72)
	at org.apache.catalina.connector.CoyoteAdapter.service(CoyoteAdapter.java:341)
	at org.apache.coyote.http11.Http11Processor.service(Http11Processor.java:397)
	at org.apache.coyote.AbstractProcessorLight.process(AbstractProcessorLight.java:63)
	at org.apache.coyote.AbstractProtocol$ConnectionHandler.process(AbstractProtocol.java:903)
	at org.apache.tomcat.util.net.NioEndpoint$SocketProcessor.doRun(NioEndpoint.java:1801)
	at org.apache.tomcat.util.net.SocketProcessorBase.run(SocketProcessorBase.java:52)
	at org.apache.tomcat.util.threads.ThreadPoolExecutor.runWorker(ThreadPoolExecutor.java:946)
	at org.apache.tomcat.util.threads.ThreadPoolExecutor$Worker.run(ThreadPoolExecutor.java:480)
	at org.apache.tomcat.util.threads.TaskThread$WrappingRunnable.run(TaskThread.java:57)
	at java.base/java.lang.Thread.run(Thread.java:1583)
Caused by: java.lang.NumberFormatException: For input string: "undefined"
	at java.base/java.lang.NumberFormatException.forInputString(NumberFormatException.java:67)
	at java.base/java.lang.Long.parseLong(Long.java:709)
	at java.base/java.lang.Long.valueOf(Long.java:1157)
	at org.springframework.util.NumberUtils.parseNumber(NumberUtils.java:204)
	at org.springframework.beans.propertyeditors.CustomNumberEditor.setAsText(CustomNumberEditor.java:115)
	at org.springframework.beans.TypeConverterDelegate.doConvertTextValue(TypeConverterDelegate.java:434)
	at org.springframework.beans.TypeConverterDelegate.doConvertValue(TypeConverterDelegate.java:407)
	at org.springframework.beans.TypeConverterDelegate.convertIfNecessary(TypeConverterDelegate.java:158)
	at org.springframework.beans.TypeConverterSupport.convertIfNecessary(TypeConverterSupport.java:75)
	at org.springframework.beans.TypeConverterSupport.convertIfNecessary(TypeConverterSupport.java:51)
	at org.springframework.validation.DataBinder.convertIfNecessary(DataBinder.java:843)
	at org.springframework.web.method.annotation.AbstractNamedValueMethodArgumentResolver.convertIfNecessary(AbstractNamedValueMethodArgumentResolver.java:287)
	... 92 common frames omitted
2026-07-18 18:23:56 [http-nio-8080-exec-6] WARN  o.s.w.s.m.m.a.ExceptionHandlerExceptionResolver - Resolved [org.springframework.web.method.annotation.MethodArgumentTypeMismatchException: Method parameter 'id': Failed to convert value of type 'java.lang.String' to required type 'java.lang.Long'; For input string: "undefined"]
2026-07-18 18:24:31 [http-nio-8080-exec-4] INFO  c.e.Docgen_Backend.config.JwtFilter - JWT validated successfully for userId=6a311365ec2c34f3d9e4f06e
2026-07-18 18:24:31 [http-nio-8080-exec-4] ERROR c.e.D.e.GlobalExceptionHandler - Unexpected error occurred
org.springframework.web.method.annotation.MethodArgumentTypeMismatchException: Method parameter 'id': Failed to convert value of type 'java.lang.String' to required type 'java.lang.Long'; For input string: "undefined"
	at org.springframework.web.method.annotation.AbstractNamedValueMethodArgumentResolver.convertIfNecessary(AbstractNamedValueMethodArgumentResolver.java:295)
	at org.springframework.web.method.annotation.AbstractNamedValueMethodArgumentResolver.resolveArgument(AbstractNamedValueMethodArgumentResolver.java:134)
	at org.springframework.web.method.support.HandlerMethodArgumentResolverComposite.resolveArgument(HandlerMethodArgumentResolverComposite.java:122)
	at org.springframework.web.method.support.InvocableHandlerMethod.getMethodArgumentValues(InvocableHandlerMethod.java:224)
	at org.springframework.web.method.support.InvocableHandlerMethod.invokeForRequest(InvocableHandlerMethod.java:174)
	at org.springframework.web.servlet.mvc.method.annotation.ServletInvocableHandlerMethod.invokeAndHandle(ServletInvocableHandlerMethod.java:117)
	at org.springframework.web.servlet.mvc.method.annotation.RequestMappingHandlerAdapter.invokeHandlerMethod(RequestMappingHandlerAdapter.java:934)
	at org.springframework.web.servlet.mvc.method.annotation.RequestMappingHandlerAdapter.handleInternal(RequestMappingHandlerAdapter.java:853)
	at org.springframework.web.servlet.mvc.method.AbstractHandlerMethodAdapter.handle(AbstractHandlerMethodAdapter.java:86)
	at org.springframework.web.servlet.DispatcherServlet.doDispatch(DispatcherServlet.java:963)
	at org.springframework.web.servlet.DispatcherServlet.doService(DispatcherServlet.java:866)
	at org.springframework.web.servlet.FrameworkServlet.processRequest(FrameworkServlet.java:1000)
	at org.springframework.web.servlet.FrameworkServlet.service(FrameworkServlet.java:877)
	at jakarta.servlet.http.HttpServlet.service(HttpServlet.java:710)
	at org.apache.catalina.core.ApplicationFilterChain.doFilter(ApplicationFilterChain.java:128)
	at org.apache.tomcat.websocket.server.WsFilter.doFilter(WsFilter.java:53)
	at org.apache.catalina.core.ApplicationFilterChain.doFilter(ApplicationFilterChain.java:107)
	at org.springframework.web.filter.OncePerRequestFilter.doFilter(OncePerRequestFilter.java:110)
	at org.apache.catalina.core.ApplicationFilterChain.doFilter(ApplicationFilterChain.java:107)
	at org.springframework.web.filter.CompositeFilter$VirtualFilterChain.doFilter(CompositeFilter.java:108)
	at org.springframework.security.web.FilterChainProxy.lambda$doFilterInternal$3(FilterChainProxy.java:235)
	at org.springframework.security.web.FilterChainProxy$VirtualFilterChain.doFilter(FilterChainProxy.java:376)
	at org.springframework.security.web.access.intercept.AuthorizationFilter.doFilter(AuthorizationFilter.java:101)
	at org.springframework.security.web.FilterChainProxy$VirtualFilterChain.doFilter(FilterChainProxy.java:385)
	at org.springframework.security.web.access.ExceptionTranslationFilter.doFilter(ExceptionTranslationFilter.java:126)
	at org.springframework.security.web.access.ExceptionTranslationFilter.doFilter(ExceptionTranslationFilter.java:120)
	at org.springframework.security.web.FilterChainProxy$VirtualFilterChain.doFilter(FilterChainProxy.java:385)
	at org.springframework.security.web.session.SessionManagementFilter.doFilter(SessionManagementFilter.java:132)
	at org.springframework.security.web.session.SessionManagementFilter.doFilter(SessionManagementFilter.java:86)
	at org.springframework.security.web.FilterChainProxy$VirtualFilterChain.doFilter(FilterChainProxy.java:385)
	at org.springframework.security.web.authentication.AnonymousAuthenticationFilter.doFilter(AnonymousAuthenticationFilter.java:100)
	at org.springframework.security.web.FilterChainProxy$VirtualFilterChain.doFilter(FilterChainProxy.java:385)
	at org.springframework.security.web.servletapi.SecurityContextHolderAwareRequestFilter.doFilter(SecurityContextHolderAwareRequestFilter.java:181)
	at org.springframework.security.web.FilterChainProxy$VirtualFilterChain.doFilter(FilterChainProxy.java:385)
	at org.springframework.security.web.savedrequest.RequestCacheAwareFilter.doFilter(RequestCacheAwareFilter.java:63)
	at org.springframework.security.web.FilterChainProxy$VirtualFilterChain.doFilter(FilterChainProxy.java:385)
	at com.example.Docgen_Backend.config.JwtFilter.doFilterInternal(JwtFilter.java:111)
	at org.springframework.web.filter.OncePerRequestFilter.doFilter(OncePerRequestFilter.java:116)
	at org.springframework.security.web.FilterChainProxy$VirtualFilterChain.doFilter(FilterChainProxy.java:385)
	at org.springframework.security.web.authentication.logout.LogoutFilter.doFilter(LogoutFilter.java:110)
	at org.springframework.security.web.authentication.logout.LogoutFilter.doFilter(LogoutFilter.java:96)
	at org.springframework.security.web.FilterChainProxy$VirtualFilterChain.doFilter(FilterChainProxy.java:385)
	at org.springframework.web.filter.CorsFilter.doFilterInternal(CorsFilter.java:91)
	at org.springframework.web.filter.OncePerRequestFilter.doFilter(OncePerRequestFilter.java:116)
	at org.springframework.security.web.FilterChainProxy$VirtualFilterChain.doFilter(FilterChainProxy.java:385)
	at org.springframework.security.web.header.HeaderWriterFilter.doHeadersAfter(HeaderWriterFilter.java:90)
	at org.springframework.security.web.header.HeaderWriterFilter.doFilterInternal(HeaderWriterFilter.java:75)
	at org.springframework.web.filter.OncePerRequestFilter.doFilter(OncePerRequestFilter.java:116)
	at org.springframework.security.web.FilterChainProxy$VirtualFilterChain.doFilter(FilterChainProxy.java:385)
	at org.springframework.security.web.context.SecurityContextHolderFilter.doFilter(SecurityContextHolderFilter.java:82)
	at org.springframework.security.web.context.SecurityContextHolderFilter.doFilter(SecurityContextHolderFilter.java:69)
	at org.springframework.security.web.FilterChainProxy$VirtualFilterChain.doFilter(FilterChainProxy.java:385)
	at org.springframework.security.web.context.request.async.WebAsyncManagerIntegrationFilter.doFilterInternal(WebAsyncManagerIntegrationFilter.java:62)
	at org.springframework.web.filter.OncePerRequestFilter.doFilter(OncePerRequestFilter.java:116)
	at org.springframework.security.web.FilterChainProxy$VirtualFilterChain.doFilter(FilterChainProxy.java:385)
	at org.springframework.security.web.session.DisableEncodeUrlFilter.doFilterInternal(DisableEncodeUrlFilter.java:42)
	at org.springframework.web.filter.OncePerRequestFilter.doFilter(OncePerRequestFilter.java:116)
	at org.springframework.security.web.FilterChainProxy$VirtualFilterChain.doFilter(FilterChainProxy.java:385)
	at org.springframework.security.web.FilterChainProxy.doFilterInternal(FilterChainProxy.java:237)
	at org.springframework.security.web.FilterChainProxy.doFilter(FilterChainProxy.java:195)
	at org.springframework.web.filter.CompositeFilter$VirtualFilterChain.doFilter(CompositeFilter.java:113)
	at org.springframework.web.filter.ServletRequestPathFilter.doFilter(ServletRequestPathFilter.java:52)
	at org.springframework.web.filter.CompositeFilter$VirtualFilterChain.doFilter(CompositeFilter.java:113)
	at org.springframework.web.filter.CompositeFilter.doFilter(CompositeFilter.java:74)
	at org.springframework.security.config.annotation.web.configuration.WebSecurityConfiguration$CompositeFilterChainProxy.doFilter(WebSecurityConfiguration.java:317)
	at org.springframework.web.filter.DelegatingFilterProxy.invokeDelegate(DelegatingFilterProxy.java:355)
	at org.springframework.web.filter.DelegatingFilterProxy.doFilter(DelegatingFilterProxy.java:272)
	at org.apache.catalina.core.ApplicationFilterChain.doFilter(ApplicationFilterChain.java:107)
	at org.springframework.web.filter.RequestContextFilter.doFilterInternal(RequestContextFilter.java:100)
	at org.springframework.web.filter.OncePerRequestFilter.doFilter(OncePerRequestFilter.java:116)
	at org.apache.catalina.core.ApplicationFilterChain.doFilter(ApplicationFilterChain.java:107)
	at org.springframework.web.filter.FormContentFilter.doFilterInternal(FormContentFilter.java:93)
	at org.springframework.web.filter.OncePerRequestFilter.doFilter(OncePerRequestFilter.java:116)
	at org.apache.catalina.core.ApplicationFilterChain.doFilter(ApplicationFilterChain.java:107)
	at org.springframework.web.filter.CharacterEncodingFilter.doFilterInternal(CharacterEncodingFilter.java:199)
	at org.springframework.web.filter.OncePerRequestFilter.doFilter(OncePerRequestFilter.java:116)
	at org.apache.catalina.core.ApplicationFilterChain.doFilter(ApplicationFilterChain.java:107)
	at org.apache.catalina.core.StandardWrapperValve.invoke(StandardWrapperValve.java:165)
	at org.apache.catalina.core.StandardContextValve.invoke(StandardContextValve.java:77)
	at org.apache.catalina.authenticator.AuthenticatorBase.invoke(AuthenticatorBase.java:492)
	at org.apache.catalina.core.StandardHostValve.invoke(StandardHostValve.java:113)
	at org.apache.catalina.valves.ErrorReportValve.invoke(ErrorReportValve.java:83)
	at org.apache.catalina.core.StandardEngineValve.invoke(StandardEngineValve.java:72)
	at org.apache.catalina.connector.CoyoteAdapter.service(CoyoteAdapter.java:341)
	at org.apache.coyote.http11.Http11Processor.service(Http11Processor.java:397)
	at org.apache.coyote.AbstractProcessorLight.process(AbstractProcessorLight.java:63)
	at org.apache.coyote.AbstractProtocol$ConnectionHandler.process(AbstractProtocol.java:903)
	at org.apache.tomcat.util.net.NioEndpoint$SocketProcessor.doRun(NioEndpoint.java:1801)
	at org.apache.tomcat.util.net.SocketProcessorBase.run(SocketProcessorBase.java:52)
	at org.apache.tomcat.util.threads.ThreadPoolExecutor.runWorker(ThreadPoolExecutor.java:946)
	at org.apache.tomcat.util.threads.ThreadPoolExecutor$Worker.run(ThreadPoolExecutor.java:480)
	at org.apache.tomcat.util.threads.TaskThread$WrappingRunnable.run(TaskThread.java:57)
	at java.base/java.lang.Thread.run(Thread.java:1583)
Caused by: java.lang.NumberFormatException: For input string: "undefined"
	at java.base/java.lang.NumberFormatException.forInputString(NumberFormatException.java:67)
	at java.base/java.lang.Long.parseLong(Long.java:709)
	at java.base/java.lang.Long.valueOf(Long.java:1157)
	at org.springframework.util.NumberUtils.parseNumber(NumberUtils.java:204)
	at org.springframework.beans.propertyeditors.CustomNumberEditor.setAsText(CustomNumberEditor.java:115)
	at org.springframework.beans.TypeConverterDelegate.doConvertTextValue(TypeConverterDelegate.java:434)
	at org.springframework.beans.TypeConverterDelegate.doConvertValue(TypeConverterDelegate.java:407)
	at org.springframework.beans.TypeConverterDelegate.convertIfNecessary(TypeConverterDelegate.java:158)
	at org.springframework.beans.TypeConverterSupport.convertIfNecessary(TypeConverterSupport.java:75)
	at org.springframework.beans.TypeConverterSupport.convertIfNecessary(TypeConverterSupport.java:51)
	at org.springframework.validation.DataBinder.convertIfNecessary(DataBinder.java:843)
	at org.springframework.web.method.annotation.AbstractNamedValueMethodArgumentResolver.convertIfNecessary(AbstractNamedValueMethodArgumentResolver.java:287)
	... 92 common frames omitted
2026-07-18 18:24:31 [http-nio-8080-exec-4] WARN  o.s.w.s.m.m.a.ExceptionHandlerExceptionResolver - Resolved [org.springframework.web.method.annotation.MethodArgumentTypeMismatchException: Method parameter 'id': Failed to convert value of type 'java.lang.String' to required type 'java.lang.Long'; For input string: "undefined"]
2026-07-18 18:25:23 [HikariPool-1:housekeeper] WARN  com.zaxxer.hikari.pool.PoolBase - HikariPool-1 - Failed to validate connection com.mysql.cj.jdbc.ConnectionImpl@2da730d2 (No operations allowed after connection closed.). Possibly consider using a shorter maxLifetime value.
2026-07-18 18:25:36 [HikariPool-1:housekeeper] WARN  com.zaxxer.hikari.pool.PoolBase - HikariPool-1 - Failed to validate connection com.mysql.cj.jdbc.ConnectionImpl@f1b9d94 (No operations allowed after connection closed.). Possibly consider using a shorter maxLifetime value.
2026-07-18 18:27:09 [HikariPool-1:housekeeper] WARN  com.zaxxer.hikari.pool.PoolBase - HikariPool-1 - Failed to validate connection com.mysql.cj.jdbc.ConnectionImpl@5322a3e9 (No operations allowed after connection closed.). Possibly consider using a shorter maxLifetime value.
2026-07-18 18:27:33 [HikariPool-1:housekeeper] WARN  com.zaxxer.hikari.pool.PoolBase - HikariPool-1 - Failed to validate connection com.mysql.cj.jdbc.ConnectionImpl@66aa2248 (No operations allowed after connection closed.). Possibly consider using a shorter maxLifetime value.
2026-07-18 18:28:19 [http-nio-8080-exec-9] INFO  c.e.Docgen_Backend.config.JwtFilter - JWT validated successfully for userId=6a311365ec2c34f3d9e4f06e
2026-07-18 18:28:19 [http-nio-8080-exec-9] ERROR c.e.D.e.GlobalExceptionHandler - Unexpected error occurred
org.springframework.web.method.annotation.MethodArgumentTypeMismatchException: Method parameter 'id': Failed to convert value of type 'java.lang.String' to required type 'java.lang.Long'; For input string: "undefined"
	at org.springframework.web.method.annotation.AbstractNamedValueMethodArgumentResolver.convertIfNecessary(AbstractNamedValueMethodArgumentResolver.java:295)
	at org.springframework.web.method.annotation.AbstractNamedValueMethodArgumentResolver.resolveArgument(AbstractNamedValueMethodArgumentResolver.java:134)
	at org.springframework.web.method.support.HandlerMethodArgumentResolverComposite.resolveArgument(HandlerMethodArgumentResolverComposite.java:122)
	at org.springframework.web.method.support.InvocableHandlerMethod.getMethodArgumentValues(InvocableHandlerMethod.java:224)
	at org.springframework.web.method.support.InvocableHandlerMethod.invokeForRequest(InvocableHandlerMethod.java:174)
	at org.springframework.web.servlet.mvc.method.annotation.ServletInvocableHandlerMethod.invokeAndHandle(ServletInvocableHandlerMethod.java:117)
	at org.springframework.web.servlet.mvc.method.annotation.RequestMappingHandlerAdapter.invokeHandlerMethod(RequestMappingHandlerAdapter.java:934)
	at org.springframework.web.servlet.mvc.method.annotation.RequestMappingHandlerAdapter.handleInternal(RequestMappingHandlerAdapter.java:853)
	at org.springframework.web.servlet.mvc.method.AbstractHandlerMethodAdapter.handle(AbstractHandlerMethodAdapter.java:86)
	at org.springframework.web.servlet.DispatcherServlet.doDispatch(DispatcherServlet.java:963)
	at org.springframework.web.servlet.DispatcherServlet.doService(DispatcherServlet.java:866)
	at org.springframework.web.servlet.FrameworkServlet.processRequest(FrameworkServlet.java:1000)
	at org.springframework.web.servlet.FrameworkServlet.service(FrameworkServlet.java:877)
	at jakarta.servlet.http.HttpServlet.service(HttpServlet.java:710)
	at org.apache.catalina.core.ApplicationFilterChain.doFilter(ApplicationFilterChain.java:128)
	at org.apache.tomcat.websocket.server.WsFilter.doFilter(WsFilter.java:53)
	at org.apache.catalina.core.ApplicationFilterChain.doFilter(ApplicationFilterChain.java:107)
	at org.springframework.web.filter.OncePerRequestFilter.doFilter(OncePerRequestFilter.java:110)
	at org.apache.catalina.core.ApplicationFilterChain.doFilter(ApplicationFilterChain.java:107)
	at org.springframework.web.filter.CompositeFilter$VirtualFilterChain.doFilter(CompositeFilter.java:108)
	at org.springframework.security.web.FilterChainProxy.lambda$doFilterInternal$3(FilterChainProxy.java:235)
	at org.springframework.security.web.FilterChainProxy$VirtualFilterChain.doFilter(FilterChainProxy.java:376)
	at org.springframework.security.web.access.intercept.AuthorizationFilter.doFilter(AuthorizationFilter.java:101)
	at org.springframework.security.web.FilterChainProxy$VirtualFilterChain.doFilter(FilterChainProxy.java:385)
	at org.springframework.security.web.access.ExceptionTranslationFilter.doFilter(ExceptionTranslationFilter.java:126)
	at org.springframework.security.web.access.ExceptionTranslationFilter.doFilter(ExceptionTranslationFilter.java:120)
	at org.springframework.security.web.FilterChainProxy$VirtualFilterChain.doFilter(FilterChainProxy.java:385)
	at org.springframework.security.web.session.SessionManagementFilter.doFilter(SessionManagementFilter.java:132)
	at org.springframework.security.web.session.SessionManagementFilter.doFilter(SessionManagementFilter.java:86)
	at org.springframework.security.web.FilterChainProxy$VirtualFilterChain.doFilter(FilterChainProxy.java:385)
	at org.springframework.security.web.authentication.AnonymousAuthenticationFilter.doFilter(AnonymousAuthenticationFilter.java:100)
	at org.springframework.security.web.FilterChainProxy$VirtualFilterChain.doFilter(FilterChainProxy.java:385)
	at org.springframework.security.web.servletapi.SecurityContextHolderAwareRequestFilter.doFilter(SecurityContextHolderAwareRequestFilter.java:181)
	at org.springframework.security.web.FilterChainProxy$VirtualFilterChain.doFilter(FilterChainProxy.java:385)
	at org.springframework.security.web.savedrequest.RequestCacheAwareFilter.doFilter(RequestCacheAwareFilter.java:63)
	at org.springframework.security.web.FilterChainProxy$VirtualFilterChain.doFilter(FilterChainProxy.java:385)
	at com.example.Docgen_Backend.config.JwtFilter.doFilterInternal(JwtFilter.java:111)
	at org.springframework.web.filter.OncePerRequestFilter.doFilter(OncePerRequestFilter.java:116)
	at org.springframework.security.web.FilterChainProxy$VirtualFilterChain.doFilter(FilterChainProxy.java:385)
	at org.springframework.security.web.authentication.logout.LogoutFilter.doFilter(LogoutFilter.java:110)
	at org.springframework.security.web.authentication.logout.LogoutFilter.doFilter(LogoutFilter.java:96)
	at org.springframework.security.web.FilterChainProxy$VirtualFilterChain.doFilter(FilterChainProxy.java:385)
	at org.springframework.web.filter.CorsFilter.doFilterInternal(CorsFilter.java:91)
	at org.springframework.web.filter.OncePerRequestFilter.doFilter(OncePerRequestFilter.java:116)
	at org.springframework.security.web.FilterChainProxy$VirtualFilterChain.doFilter(FilterChainProxy.java:385)
	at org.springframework.security.web.header.HeaderWriterFilter.doHeadersAfter(HeaderWriterFilter.java:90)
	at org.springframework.security.web.header.HeaderWriterFilter.doFilterInternal(HeaderWriterFilter.java:75)
	at org.springframework.web.filter.OncePerRequestFilter.doFilter(OncePerRequestFilter.java:116)
	at org.springframework.security.web.FilterChainProxy$VirtualFilterChain.doFilter(FilterChainProxy.java:385)
	at org.springframework.security.web.context.SecurityContextHolderFilter.doFilter(SecurityContextHolderFilter.java:82)
	at org.springframework.security.web.context.SecurityContextHolderFilter.doFilter(SecurityContextHolderFilter.java:69)
	at org.springframework.security.web.FilterChainProxy$VirtualFilterChain.doFilter(FilterChainProxy.java:385)
	at org.springframework.security.web.context.request.async.WebAsyncManagerIntegrationFilter.doFilterInternal(WebAsyncManagerIntegrationFilter.java:62)
	at org.springframework.web.filter.OncePerRequestFilter.doFilter(OncePerRequestFilter.java:116)
	at org.springframework.security.web.FilterChainProxy$VirtualFilterChain.doFilter(FilterChainProxy.java:385)
	at org.springframework.security.web.session.DisableEncodeUrlFilter.doFilterInternal(DisableEncodeUrlFilter.java:42)
	at org.springframework.web.filter.OncePerRequestFilter.doFilter(OncePerRequestFilter.java:116)
	at org.springframework.security.web.FilterChainProxy$VirtualFilterChain.doFilter(FilterChainProxy.java:385)
	at org.springframework.security.web.FilterChainProxy.doFilterInternal(FilterChainProxy.java:237)
	at org.springframework.security.web.FilterChainProxy.doFilter(FilterChainProxy.java:195)
	at org.springframework.web.filter.CompositeFilter$VirtualFilterChain.doFilter(CompositeFilter.java:113)
	at org.springframework.web.filter.ServletRequestPathFilter.doFilter(ServletRequestPathFilter.java:52)
	at org.springframework.web.filter.CompositeFilter$VirtualFilterChain.doFilter(CompositeFilter.java:113)
	at org.springframework.web.filter.CompositeFilter.doFilter(CompositeFilter.java:74)
	at org.springframework.security.config.annotation.web.configuration.WebSecurityConfiguration$CompositeFilterChainProxy.doFilter(WebSecurityConfiguration.java:317)
	at org.springframework.web.filter.DelegatingFilterProxy.invokeDelegate(DelegatingFilterProxy.java:355)
	at org.springframework.web.filter.DelegatingFilterProxy.doFilter(DelegatingFilterProxy.java:272)
	at org.apache.catalina.core.ApplicationFilterChain.doFilter(ApplicationFilterChain.java:107)
	at org.springframework.web.filter.RequestContextFilter.doFilterInternal(RequestContextFilter.java:100)
	at org.springframework.web.filter.OncePerRequestFilter.doFilter(OncePerRequestFilter.java:116)
	at org.apache.catalina.core.ApplicationFilterChain.doFilter(ApplicationFilterChain.java:107)
	at org.springframework.web.filter.FormContentFilter.doFilterInternal(FormContentFilter.java:93)
	at org.springframework.web.filter.OncePerRequestFilter.doFilter(OncePerRequestFilter.java:116)
	at org.apache.catalina.core.ApplicationFilterChain.doFilter(ApplicationFilterChain.java:107)
	at org.springframework.web.filter.CharacterEncodingFilter.doFilterInternal(CharacterEncodingFilter.java:199)
	at org.springframework.web.filter.OncePerRequestFilter.doFilter(OncePerRequestFilter.java:116)
	at org.apache.catalina.core.ApplicationFilterChain.doFilter(ApplicationFilterChain.java:107)
	at org.apache.catalina.core.StandardWrapperValve.invoke(StandardWrapperValve.java:165)
	at org.apache.catalina.core.StandardContextValve.invoke(StandardContextValve.java:77)
	at org.apache.catalina.authenticator.AuthenticatorBase.invoke(AuthenticatorBase.java:492)
	at org.apache.catalina.core.StandardHostValve.invoke(StandardHostValve.java:113)
	at org.apache.catalina.valves.ErrorReportValve.invoke(ErrorReportValve.java:83)
	at org.apache.catalina.core.StandardEngineValve.invoke(StandardEngineValve.java:72)
	at org.apache.catalina.connector.CoyoteAdapter.service(CoyoteAdapter.java:341)
	at org.apache.coyote.http11.Http11Processor.service(Http11Processor.java:397)
	at org.apache.coyote.AbstractProcessorLight.process(AbstractProcessorLight.java:63)
	at org.apache.coyote.AbstractProtocol$ConnectionHandler.process(AbstractProtocol.java:903)
	at org.apache.tomcat.util.net.NioEndpoint$SocketProcessor.doRun(NioEndpoint.java:1801)
	at org.apache.tomcat.util.net.SocketProcessorBase.run(SocketProcessorBase.java:52)
	at org.apache.tomcat.util.threads.ThreadPoolExecutor.runWorker(ThreadPoolExecutor.java:946)
	at org.apache.tomcat.util.threads.ThreadPoolExecutor$Worker.run(ThreadPoolExecutor.java:480)
	at org.apache.tomcat.util.threads.TaskThread$WrappingRunnable.run(TaskThread.java:57)
	at java.base/java.lang.Thread.run(Thread.java:1583)
Caused by: java.lang.NumberFormatException: For input string: "undefined"
	at java.base/java.lang.NumberFormatException.forInputString(NumberFormatException.java:67)
	at java.base/java.lang.Long.parseLong(Long.java:709)
	at java.base/java.lang.Long.valueOf(Long.java:1157)
	at org.springframework.util.NumberUtils.parseNumber(NumberUtils.java:204)
	at org.springframework.beans.propertyeditors.CustomNumberEditor.setAsText(CustomNumberEditor.java:115)
	at org.springframework.beans.TypeConverterDelegate.doConvertTextValue(TypeConverterDelegate.java:434)
	at org.springframework.beans.TypeConverterDelegate.doConvertValue(TypeConverterDelegate.java:407)
	at org.springframework.beans.TypeConverterDelegate.convertIfNecessary(TypeConverterDelegate.java:158)
	at org.springframework.beans.TypeConverterSupport.convertIfNecessary(TypeConverterSupport.java:75)
	at org.springframework.beans.TypeConverterSupport.convertIfNecessary(TypeConverterSupport.java:51)
	at org.springframework.validation.DataBinder.convertIfNecessary(DataBinder.java:843)
	at org.springframework.web.method.annotation.AbstractNamedValueMethodArgumentResolver.convertIfNecessary(AbstractNamedValueMethodArgumentResolver.java:287)
	... 92 common frames omitted
2026-07-18 18:28:19 [http-nio-8080-exec-9] WARN  o.s.w.s.m.m.a.ExceptionHandlerExceptionResolver - Resolved [org.springframework.web.method.annotation.MethodArgumentTypeMismatchException: Method parameter 'id': Failed to convert value of type 'java.lang.String' to required type 'java.lang.Long'; For input string: "undefined"]
2026-07-18 18:28:50 [HikariPool-1:housekeeper] WARN  com.zaxxer.hikari.pool.PoolBase - HikariPool-1 - Failed to validate connection com.mysql.cj.jdbc.ConnectionImpl@5eebcd96 (No operations allowed after connection closed.). Possibly consider using a shorter maxLifetime value.
2026-07-18 18:29:11 [HikariPool-1:housekeeper] WARN  com.zaxxer.hikari.pool.PoolBase - HikariPool-1 - Failed to validate connection com.mysql.cj.jdbc.ConnectionImpl@2bda0d45 (No operations allowed after connection closed.). Possibly consider using a shorter maxLifetime value.
2026-07-18 18:30:49 [HikariPool-1:housekeeper] WARN  com.zaxxer.hikari.pool.PoolBase - HikariPool-1 - Failed to validate connection com.mysql.cj.jdbc.ConnectionImpl@33111809 (No operations allowed after connection closed.). Possibly consider using a shorter maxLifetime value.
2026-07-18 18:30:59 [HikariPool-1:housekeeper] WARN  com.zaxxer.hikari.pool.PoolBase - HikariPool-1 - Failed to validate connection com.mysql.cj.jdbc.ConnectionImpl@7a1a95b8 (No operations allowed after connection closed.). Possibly consider using a shorter maxLifetime value.
2026-07-18 18:32:40 [HikariPool-1:housekeeper] WARN  com.zaxxer.hikari.pool.PoolBase - HikariPool-1 - Failed to validate connection com.mysql.cj.jdbc.ConnectionImpl@45c65203 (No operations allowed after connection closed.). Possibly consider using a shorter maxLifetime value.
2026-07-18 18:32:40 [http-nio-8080-exec-1] INFO  c.e.Docgen_Backend.config.JwtFilter - JWT validated successfully for userId=6a311365ec2c34f3d9e4f06e
2026-07-18 18:32:41 [http-nio-8080-exec-1] ERROR c.e.D.e.GlobalExceptionHandler - Unexpected error occurred
org.springframework.web.method.annotation.MethodArgumentTypeMismatchException: Method parameter 'id': Failed to convert value of type 'java.lang.String' to required type 'java.lang.Long'; For input string: "undefined"
	at org.springframework.web.method.annotation.AbstractNamedValueMethodArgumentResolver.convertIfNecessary(AbstractNamedValueMethodArgumentResolver.java:295)
	at org.springframework.web.method.annotation.AbstractNamedValueMethodArgumentResolver.resolveArgument(AbstractNamedValueMethodArgumentResolver.java:134)
	at org.springframework.web.method.support.HandlerMethodArgumentResolverComposite.resolveArgument(HandlerMethodArgumentResolverComposite.java:122)
	at org.springframework.web.method.support.InvocableHandlerMethod.getMethodArgumentValues(InvocableHandlerMethod.java:224)
	at org.springframework.web.method.support.InvocableHandlerMethod.invokeForRequest(InvocableHandlerMethod.java:174)
	at org.springframework.web.servlet.mvc.method.annotation.ServletInvocableHandlerMethod.invokeAndHandle(ServletInvocableHandlerMethod.java:117)
	at org.springframework.web.servlet.mvc.method.annotation.RequestMappingHandlerAdapter.invokeHandlerMethod(RequestMappingHandlerAdapter.java:934)
	at org.springframework.web.servlet.mvc.method.annotation.RequestMappingHandlerAdapter.handleInternal(RequestMappingHandlerAdapter.java:853)
	at org.springframework.web.servlet.mvc.method.AbstractHandlerMethodAdapter.handle(AbstractHandlerMethodAdapter.java:86)
	at org.springframework.web.servlet.DispatcherServlet.doDispatch(DispatcherServlet.java:963)
	at org.springframework.web.servlet.DispatcherServlet.doService(DispatcherServlet.java:866)
	at org.springframework.web.servlet.FrameworkServlet.processRequest(FrameworkServlet.java:1000)
	at org.springframework.web.servlet.FrameworkServlet.service(FrameworkServlet.java:877)
	at jakarta.servlet.http.HttpServlet.service(HttpServlet.java:710)
	at org.apache.catalina.core.ApplicationFilterChain.doFilter(ApplicationFilterChain.java:128)
	at org.apache.tomcat.websocket.server.WsFilter.doFilter(WsFilter.java:53)
	at org.apache.catalina.core.ApplicationFilterChain.doFilter(ApplicationFilterChain.java:107)
	at org.springframework.web.filter.OncePerRequestFilter.doFilter(OncePerRequestFilter.java:110)
	at org.apache.catalina.core.ApplicationFilterChain.doFilter(ApplicationFilterChain.java:107)
	at org.springframework.web.filter.CompositeFilter$VirtualFilterChain.doFilter(CompositeFilter.java:108)
	at org.springframework.security.web.FilterChainProxy.lambda$doFilterInternal$3(FilterChainProxy.java:235)
	at org.springframework.security.web.FilterChainProxy$VirtualFilterChain.doFilter(FilterChainProxy.java:376)
	at org.springframework.security.web.access.intercept.AuthorizationFilter.doFilter(AuthorizationFilter.java:101)
	at org.springframework.security.web.FilterChainProxy$VirtualFilterChain.doFilter(FilterChainProxy.java:385)
	at org.springframework.security.web.access.ExceptionTranslationFilter.doFilter(ExceptionTranslationFilter.java:126)
	at org.springframework.security.web.access.ExceptionTranslationFilter.doFilter(ExceptionTranslationFilter.java:120)
	at org.springframework.security.web.FilterChainProxy$VirtualFilterChain.doFilter(FilterChainProxy.java:385)
	at org.springframework.security.web.session.SessionManagementFilter.doFilter(SessionManagementFilter.java:132)
	at org.springframework.security.web.session.SessionManagementFilter.doFilter(SessionManagementFilter.java:86)
	at org.springframework.security.web.FilterChainProxy$VirtualFilterChain.doFilter(FilterChainProxy.java:385)
	at org.springframework.security.web.authentication.AnonymousAuthenticationFilter.doFilter(AnonymousAuthenticationFilter.java:100)
	at org.springframework.security.web.FilterChainProxy$VirtualFilterChain.doFilter(FilterChainProxy.java:385)
	at org.springframework.security.web.servletapi.SecurityContextHolderAwareRequestFilter.doFilter(SecurityContextHolderAwareRequestFilter.java:181)
	at org.springframework.security.web.FilterChainProxy$VirtualFilterChain.doFilter(FilterChainProxy.java:385)
	at org.springframework.security.web.savedrequest.RequestCacheAwareFilter.doFilter(RequestCacheAwareFilter.java:63)
	at org.springframework.security.web.FilterChainProxy$VirtualFilterChain.doFilter(FilterChainProxy.java:385)
	at com.example.Docgen_Backend.config.JwtFilter.doFilterInternal(JwtFilter.java:111)
	at org.springframework.web.filter.OncePerRequestFilter.doFilter(OncePerRequestFilter.java:116)
	at org.springframework.security.web.FilterChainProxy$VirtualFilterChain.doFilter(FilterChainProxy.java:385)
	at org.springframework.security.web.authentication.logout.LogoutFilter.doFilter(LogoutFilter.java:110)
	at org.springframework.security.web.authentication.logout.LogoutFilter.doFilter(LogoutFilter.java:96)
	at org.springframework.security.web.FilterChainProxy$VirtualFilterChain.doFilter(FilterChainProxy.java:385)
	at org.springframework.web.filter.CorsFilter.doFilterInternal(CorsFilter.java:91)
	at org.springframework.web.filter.OncePerRequestFilter.doFilter(OncePerRequestFilter.java:116)
	at org.springframework.security.web.FilterChainProxy$VirtualFilterChain.doFilter(FilterChainProxy.java:385)
	at org.springframework.security.web.header.HeaderWriterFilter.doHeadersAfter(HeaderWriterFilter.java:90)
	at org.springframework.security.web.header.HeaderWriterFilter.doFilterInternal(HeaderWriterFilter.java:75)
	at org.springframework.web.filter.OncePerRequestFilter.doFilter(OncePerRequestFilter.java:116)
	at org.springframework.security.web.FilterChainProxy$VirtualFilterChain.doFilter(FilterChainProxy.java:385)
	at org.springframework.security.web.context.SecurityContextHolderFilter.doFilter(SecurityContextHolderFilter.java:82)
	at org.springframework.security.web.context.SecurityContextHolderFilter.doFilter(SecurityContextHolderFilter.java:69)
	at org.springframework.security.web.FilterChainProxy$VirtualFilterChain.doFilter(FilterChainProxy.java:385)
	at org.springframework.security.web.context.request.async.WebAsyncManagerIntegrationFilter.doFilterInternal(WebAsyncManagerIntegrationFilter.java:62)
	at org.springframework.web.filter.OncePerRequestFilter.doFilter(OncePerRequestFilter.java:116)
	at org.springframework.security.web.FilterChainProxy$VirtualFilterChain.doFilter(FilterChainProxy.java:385)
	at org.springframework.security.web.session.DisableEncodeUrlFilter.doFilterInternal(DisableEncodeUrlFilter.java:42)
	at org.springframework.web.filter.OncePerRequestFilter.doFilter(OncePerRequestFilter.java:116)
	at org.springframework.security.web.FilterChainProxy$VirtualFilterChain.doFilter(FilterChainProxy.java:385)
	at org.springframework.security.web.FilterChainProxy.doFilterInternal(FilterChainProxy.java:237)
	at org.springframework.security.web.FilterChainProxy.doFilter(FilterChainProxy.java:195)
	at org.springframework.web.filter.CompositeFilter$VirtualFilterChain.doFilter(CompositeFilter.java:113)
	at org.springframework.web.filter.ServletRequestPathFilter.doFilter(ServletRequestPathFilter.java:52)
	at org.springframework.web.filter.CompositeFilter$VirtualFilterChain.doFilter(CompositeFilter.java:113)
	at org.springframework.web.filter.CompositeFilter.doFilter(CompositeFilter.java:74)
	at org.springframework.security.config.annotation.web.configuration.WebSecurityConfiguration$CompositeFilterChainProxy.doFilter(WebSecurityConfiguration.java:317)
	at org.springframework.web.filter.DelegatingFilterProxy.invokeDelegate(DelegatingFilterProxy.java:355)
	at org.springframework.web.filter.DelegatingFilterProxy.doFilter(DelegatingFilterProxy.java:272)
	at org.apache.catalina.core.ApplicationFilterChain.doFilter(ApplicationFilterChain.java:107)
	at org.springframework.web.filter.RequestContextFilter.doFilterInternal(RequestContextFilter.java:100)
	at org.springframework.web.filter.OncePerRequestFilter.doFilter(OncePerRequestFilter.java:116)
	at org.apache.catalina.core.ApplicationFilterChain.doFilter(ApplicationFilterChain.java:107)
	at org.springframework.web.filter.FormContentFilter.doFilterInternal(FormContentFilter.java:93)
	at org.springframework.web.filter.OncePerRequestFilter.doFilter(OncePerRequestFilter.java:116)
	at org.apache.catalina.core.ApplicationFilterChain.doFilter(ApplicationFilterChain.java:107)
	at org.springframework.web.filter.CharacterEncodingFilter.doFilterInternal(CharacterEncodingFilter.java:199)
	at org.springframework.web.filter.OncePerRequestFilter.doFilter(OncePerRequestFilter.java:116)
	at org.apache.catalina.core.ApplicationFilterChain.doFilter(ApplicationFilterChain.java:107)
	at org.apache.catalina.core.StandardWrapperValve.invoke(StandardWrapperValve.java:165)
	at org.apache.catalina.core.StandardContextValve.invoke(StandardContextValve.java:77)
	at org.apache.catalina.authenticator.AuthenticatorBase.invoke(AuthenticatorBase.java:492)
	at org.apache.catalina.core.StandardHostValve.invoke(StandardHostValve.java:113)
	at org.apache.catalina.valves.ErrorReportValve.invoke(ErrorReportValve.java:83)
	at org.apache.catalina.core.StandardEngineValve.invoke(StandardEngineValve.java:72)
	at org.apache.catalina.connector.CoyoteAdapter.service(CoyoteAdapter.java:341)
	at org.apache.coyote.http11.Http11Processor.service(Http11Processor.java:397)
	at org.apache.coyote.AbstractProcessorLight.process(AbstractProcessorLight.java:63)
	at org.apache.coyote.AbstractProtocol$ConnectionHandler.process(AbstractProtocol.java:903)
	at org.apache.tomcat.util.net.NioEndpoint$SocketProcessor.doRun(NioEndpoint.java:1801)
	at org.apache.tomcat.util.net.SocketProcessorBase.run(SocketProcessorBase.java:52)
	at org.apache.tomcat.util.threads.ThreadPoolExecutor.runWorker(ThreadPoolExecutor.java:946)
	at org.apache.tomcat.util.threads.ThreadPoolExecutor$Worker.run(ThreadPoolExecutor.java:480)
	at org.apache.tomcat.util.threads.TaskThread$WrappingRunnable.run(TaskThread.java:57)
	at java.base/java.lang.Thread.run(Thread.java:1583)
Caused by: java.lang.NumberFormatException: For input string: "undefined"
	at java.base/java.lang.NumberFormatException.forInputString(NumberFormatException.java:67)
	at java.base/java.lang.Long.parseLong(Long.java:709)
	at java.base/java.lang.Long.valueOf(Long.java:1157)
	at org.springframework.util.NumberUtils.parseNumber(NumberUtils.java:204)
	at org.springframework.beans.propertyeditors.CustomNumberEditor.setAsText(CustomNumberEditor.java:115)
	at org.springframework.beans.TypeConverterDelegate.doConvertTextValue(TypeConverterDelegate.java:434)
	at org.springframework.beans.TypeConverterDelegate.doConvertValue(TypeConverterDelegate.java:407)
	at org.springframework.beans.TypeConverterDelegate.convertIfNecessary(TypeConverterDelegate.java:158)
	at org.springframework.beans.TypeConverterSupport.convertIfNecessary(TypeConverterSupport.java:75)
	at org.springframework.beans.TypeConverterSupport.convertIfNecessary(TypeConverterSupport.java:51)
	at org.springframework.validation.DataBinder.convertIfNecessary(DataBinder.java:843)
	at org.springframework.web.method.annotation.AbstractNamedValueMethodArgumentResolver.convertIfNecessary(AbstractNamedValueMethodArgumentResolver.java:287)
	... 92 common frames omitted
2026-07-18 18:32:41 [http-nio-8080-exec-1] WARN  o.s.w.s.m.m.a.ExceptionHandlerExceptionResolver - Resolved [org.springframework.web.method.annotation.MethodArgumentTypeMismatchException: Method parameter 'id': Failed to convert value of type 'java.lang.String' to required type 'java.lang.Long'; For input string: "undefined"]
2026-07-18 18:32:57 [HikariPool-1:housekeeper] WARN  com.zaxxer.hikari.pool.PoolBase - HikariPool-1 - Failed to validate connection com.mysql.cj.jdbc.ConnectionImpl@6200e727 (No operations allowed after connection closed.). Possibly consider using a shorter maxLifetime value.
2026-07-18 18:33:12 [http-nio-8080-exec-5] INFO  c.e.Docgen_Backend.config.JwtFilter - JWT validated successfully for userId=6a311365ec2c34f3d9e4f06e
2026-07-18 18:33:12 [http-nio-8080-exec-5] ERROR c.e.D.e.GlobalExceptionHandler - Unexpected error occurred
org.springframework.web.method.annotation.MethodArgumentTypeMismatchException: Method parameter 'id': Failed to convert value of type 'java.lang.String' to required type 'java.lang.Long'; For input string: "undefined"
	at org.springframework.web.method.annotation.AbstractNamedValueMethodArgumentResolver.convertIfNecessary(AbstractNamedValueMethodArgumentResolver.java:295)
	at org.springframework.web.method.annotation.AbstractNamedValueMethodArgumentResolver.resolveArgument(AbstractNamedValueMethodArgumentResolver.java:134)
	at org.springframework.web.method.support.HandlerMethodArgumentResolverComposite.resolveArgument(HandlerMethodArgumentResolverComposite.java:122)
	at org.springframework.web.method.support.InvocableHandlerMethod.getMethodArgumentValues(InvocableHandlerMethod.java:224)
	at org.springframework.web.method.support.InvocableHandlerMethod.invokeForRequest(InvocableHandlerMethod.java:174)
	at org.springframework.web.servlet.mvc.method.annotation.ServletInvocableHandlerMethod.invokeAndHandle(ServletInvocableHandlerMethod.java:117)
	at org.springframework.web.servlet.mvc.method.annotation.RequestMappingHandlerAdapter.invokeHandlerMethod(RequestMappingHandlerAdapter.java:934)
	at org.springframework.web.servlet.mvc.method.annotation.RequestMappingHandlerAdapter.handleInternal(RequestMappingHandlerAdapter.java:853)
	at org.springframework.web.servlet.mvc.method.AbstractHandlerMethodAdapter.handle(AbstractHandlerMethodAdapter.java:86)
	at org.springframework.web.servlet.DispatcherServlet.doDispatch(DispatcherServlet.java:963)
	at org.springframework.web.servlet.DispatcherServlet.doService(DispatcherServlet.java:866)
	at org.springframework.web.servlet.FrameworkServlet.processRequest(FrameworkServlet.java:1000)
	at org.springframework.web.servlet.FrameworkServlet.service(FrameworkServlet.java:877)
	at jakarta.servlet.http.HttpServlet.service(HttpServlet.java:710)
	at org.apache.catalina.core.ApplicationFilterChain.doFilter(ApplicationFilterChain.java:128)
	at org.apache.tomcat.websocket.server.WsFilter.doFilter(WsFilter.java:53)
	at org.apache.catalina.core.ApplicationFilterChain.doFilter(ApplicationFilterChain.java:107)
	at org.springframework.web.filter.OncePerRequestFilter.doFilter(OncePerRequestFilter.java:110)
	at org.apache.catalina.core.ApplicationFilterChain.doFilter(ApplicationFilterChain.java:107)
	at org.springframework.web.filter.CompositeFilter$VirtualFilterChain.doFilter(CompositeFilter.java:108)
	at org.springframework.security.web.FilterChainProxy.lambda$doFilterInternal$3(FilterChainProxy.java:235)
	at org.springframework.security.web.FilterChainProxy$VirtualFilterChain.doFilter(FilterChainProxy.java:376)
	at org.springframework.security.web.access.intercept.AuthorizationFilter.doFilter(AuthorizationFilter.java:101)
	at org.springframework.security.web.FilterChainProxy$VirtualFilterChain.doFilter(FilterChainProxy.java:385)
	at org.springframework.security.web.access.ExceptionTranslationFilter.doFilter(ExceptionTranslationFilter.java:126)
	at org.springframework.security.web.access.ExceptionTranslationFilter.doFilter(ExceptionTranslationFilter.java:120)
	at org.springframework.security.web.FilterChainProxy$VirtualFilterChain.doFilter(FilterChainProxy.java:385)
	at org.springframework.security.web.session.SessionManagementFilter.doFilter(SessionManagementFilter.java:132)
	at org.springframework.security.web.session.SessionManagementFilter.doFilter(SessionManagementFilter.java:86)
	at org.springframework.security.web.FilterChainProxy$VirtualFilterChain.doFilter(FilterChainProxy.java:385)
	at org.springframework.security.web.authentication.AnonymousAuthenticationFilter.doFilter(AnonymousAuthenticationFilter.java:100)
	at org.springframework.security.web.FilterChainProxy$VirtualFilterChain.doFilter(FilterChainProxy.java:385)
	at org.springframework.security.web.servletapi.SecurityContextHolderAwareRequestFilter.doFilter(SecurityContextHolderAwareRequestFilter.java:181)
	at org.springframework.security.web.FilterChainProxy$VirtualFilterChain.doFilter(FilterChainProxy.java:385)
	at org.springframework.security.web.savedrequest.RequestCacheAwareFilter.doFilter(RequestCacheAwareFilter.java:63)
	at org.springframework.security.web.FilterChainProxy$VirtualFilterChain.doFilter(FilterChainProxy.java:385)
	at com.example.Docgen_Backend.config.JwtFilter.doFilterInternal(JwtFilter.java:111)
	at org.springframework.web.filter.OncePerRequestFilter.doFilter(OncePerRequestFilter.java:116)
	at org.springframework.security.web.FilterChainProxy$VirtualFilterChain.doFilter(FilterChainProxy.java:385)
	at org.springframework.security.web.authentication.logout.LogoutFilter.doFilter(LogoutFilter.java:110)
	at org.springframework.security.web.authentication.logout.LogoutFilter.doFilter(LogoutFilter.java:96)
	at org.springframework.security.web.FilterChainProxy$VirtualFilterChain.doFilter(FilterChainProxy.java:385)
	at org.springframework.web.filter.CorsFilter.doFilterInternal(CorsFilter.java:91)
	at org.springframework.web.filter.OncePerRequestFilter.doFilter(OncePerRequestFilter.java:116)
	at org.springframework.security.web.FilterChainProxy$VirtualFilterChain.doFilter(FilterChainProxy.java:385)
	at org.springframework.security.web.header.HeaderWriterFilter.doHeadersAfter(HeaderWriterFilter.java:90)
	at org.springframework.security.web.header.HeaderWriterFilter.doFilterInternal(HeaderWriterFilter.java:75)
	at org.springframework.web.filter.OncePerRequestFilter.doFilter(OncePerRequestFilter.java:116)
	at org.springframework.security.web.FilterChainProxy$VirtualFilterChain.doFilter(FilterChainProxy.java:385)
	at org.springframework.security.web.context.SecurityContextHolderFilter.doFilter(SecurityContextHolderFilter.java:82)
	at org.springframework.security.web.context.SecurityContextHolderFilter.doFilter(SecurityContextHolderFilter.java:69)
	at org.springframework.security.web.FilterChainProxy$VirtualFilterChain.doFilter(FilterChainProxy.java:385)
	at org.springframework.security.web.context.request.async.WebAsyncManagerIntegrationFilter.doFilterInternal(WebAsyncManagerIntegrationFilter.java:62)
	at org.springframework.web.filter.OncePerRequestFilter.doFilter(OncePerRequestFilter.java:116)
	at org.springframework.security.web.FilterChainProxy$VirtualFilterChain.doFilter(FilterChainProxy.java:385)
	at org.springframework.security.web.session.DisableEncodeUrlFilter.doFilterInternal(DisableEncodeUrlFilter.java:42)
	at org.springframework.web.filter.OncePerRequestFilter.doFilter(OncePerRequestFilter.java:116)
	at org.springframework.security.web.FilterChainProxy$VirtualFilterChain.doFilter(FilterChainProxy.java:385)
	at org.springframework.security.web.FilterChainProxy.doFilterInternal(FilterChainProxy.java:237)
	at org.springframework.security.web.FilterChainProxy.doFilter(FilterChainProxy.java:195)
	at org.springframework.web.filter.CompositeFilter$VirtualFilterChain.doFilter(CompositeFilter.java:113)
	at org.springframework.web.filter.ServletRequestPathFilter.doFilter(ServletRequestPathFilter.java:52)
	at org.springframework.web.filter.CompositeFilter$VirtualFilterChain.doFilter(CompositeFilter.java:113)
	at org.springframework.web.filter.CompositeFilter.doFilter(CompositeFilter.java:74)
	at org.springframework.security.config.annotation.web.configuration.WebSecurityConfiguration$CompositeFilterChainProxy.doFilter(WebSecurityConfiguration.java:317)
	at org.springframework.web.filter.DelegatingFilterProxy.invokeDelegate(DelegatingFilterProxy.java:355)
	at org.springframework.web.filter.DelegatingFilterProxy.doFilter(DelegatingFilterProxy.java:272)
	at org.apache.catalina.core.ApplicationFilterChain.doFilter(ApplicationFilterChain.java:107)
	at org.springframework.web.filter.RequestContextFilter.doFilterInternal(RequestContextFilter.java:100)
	at org.springframework.web.filter.OncePerRequestFilter.doFilter(OncePerRequestFilter.java:116)
	at org.apache.catalina.core.ApplicationFilterChain.doFilter(ApplicationFilterChain.java:107)
	at org.springframework.web.filter.FormContentFilter.doFilterInternal(FormContentFilter.java:93)
	at org.springframework.web.filter.OncePerRequestFilter.doFilter(OncePerRequestFilter.java:116)
	at org.apache.catalina.core.ApplicationFilterChain.doFilter(ApplicationFilterChain.java:107)
	at org.springframework.web.filter.CharacterEncodingFilter.doFilterInternal(CharacterEncodingFilter.java:199)
	at org.springframework.web.filter.OncePerRequestFilter.doFilter(OncePerRequestFilter.java:116)
	at org.apache.catalina.core.ApplicationFilterChain.doFilter(ApplicationFilterChain.java:107)
	at org.apache.catalina.core.StandardWrapperValve.invoke(StandardWrapperValve.java:165)
	at org.apache.catalina.core.StandardContextValve.invoke(StandardContextValve.java:77)
	at org.apache.catalina.authenticator.AuthenticatorBase.invoke(AuthenticatorBase.java:492)
	at org.apache.catalina.core.StandardHostValve.invoke(StandardHostValve.java:113)
	at org.apache.catalina.valves.ErrorReportValve.invoke(ErrorReportValve.java:83)
	at org.apache.catalina.core.StandardEngineValve.invoke(StandardEngineValve.java:72)
	at org.apache.catalina.connector.CoyoteAdapter.service(CoyoteAdapter.java:341)
	at org.apache.coyote.http11.Http11Processor.service(Http11Processor.java:397)
	at org.apache.coyote.AbstractProcessorLight.process(AbstractProcessorLight.java:63)
	at org.apache.coyote.AbstractProtocol$ConnectionHandler.process(AbstractProtocol.java:903)
	at org.apache.tomcat.util.net.NioEndpoint$SocketProcessor.doRun(NioEndpoint.java:1801)
	at org.apache.tomcat.util.net.SocketProcessorBase.run(SocketProcessorBase.java:52)
	at org.apache.tomcat.util.threads.ThreadPoolExecutor.runWorker(ThreadPoolExecutor.java:946)
	at org.apache.tomcat.util.threads.ThreadPoolExecutor$Worker.run(ThreadPoolExecutor.java:480)
	at org.apache.tomcat.util.threads.TaskThread$WrappingRunnable.run(TaskThread.java:57)
	at java.base/java.lang.Thread.run(Thread.java:1583)
Caused by: java.lang.NumberFormatException: For input string: "undefined"
	at java.base/java.lang.NumberFormatException.forInputString(NumberFormatException.java:67)
	at java.base/java.lang.Long.parseLong(Long.java:709)
	at java.base/java.lang.Long.valueOf(Long.java:1157)
	at org.springframework.util.NumberUtils.parseNumber(NumberUtils.java:204)
	at org.springframework.beans.propertyeditors.CustomNumberEditor.setAsText(CustomNumberEditor.java:115)
	at org.springframework.beans.TypeConverterDelegate.doConvertTextValue(TypeConverterDelegate.java:434)
	at org.springframework.beans.TypeConverterDelegate.doConvertValue(TypeConverterDelegate.java:407)
	at org.springframework.beans.TypeConverterDelegate.convertIfNecessary(TypeConverterDelegate.java:158)
	at org.springframework.beans.TypeConverterSupport.convertIfNecessary(TypeConverterSupport.java:75)
	at org.springframework.beans.TypeConverterSupport.convertIfNecessary(TypeConverterSupport.java:51)
	at org.springframework.validation.DataBinder.convertIfNecessary(DataBinder.java:843)
	at org.springframework.web.method.annotation.AbstractNamedValueMethodArgumentResolver.convertIfNecessary(AbstractNamedValueMethodArgumentResolver.java:287)
	... 92 common frames omitted
2026-07-18 18:33:12 [http-nio-8080-exec-5] WARN  o.s.w.s.m.m.a.ExceptionHandlerExceptionResolver - Resolved [org.springframework.web.method.annotation.MethodArgumentTypeMismatchException: Method parameter 'id': Failed to convert value of type 'java.lang.String' to required type 'java.lang.Long'; For input string: "undefined"]
2026-07-18 18:34:32 [HikariPool-1:housekeeper] WARN  com.zaxxer.hikari.pool.PoolBase - HikariPool-1 - Failed to validate connection com.mysql.cj.jdbc.ConnectionImpl@d71945f (No operations allowed after connection closed.). Possibly consider using a shorter maxLifetime value.
2026-07-18 18:34:39 [HikariPool-1:housekeeper] WARN  com.zaxxer.hikari.pool.PoolBase - HikariPool-1 - Failed to validate connection com.mysql.cj.jdbc.ConnectionImpl@6c525db5 (No operations allowed after connection closed.). Possibly consider using a shorter maxLifetime value.
2026-07-18 18:35:06 [http-nio-8080-exec-6] INFO  c.e.Docgen_Backend.config.JwtFilter - JWT validated successfully for userId=6a311365ec2c34f3d9e4f06e
2026-07-18 18:35:06 [http-nio-8080-exec-6] ERROR c.e.D.e.GlobalExceptionHandler - Unexpected error occurred
org.springframework.web.method.annotation.MethodArgumentTypeMismatchException: Method parameter 'id': Failed to convert value of type 'java.lang.String' to required type 'java.lang.Long'; For input string: "undefined"
	at org.springframework.web.method.annotation.AbstractNamedValueMethodArgumentResolver.convertIfNecessary(AbstractNamedValueMethodArgumentResolver.java:295)
	at org.springframework.web.method.annotation.AbstractNamedValueMethodArgumentResolver.resolveArgument(AbstractNamedValueMethodArgumentResolver.java:134)
	at org.springframework.web.method.support.HandlerMethodArgumentResolverComposite.resolveArgument(HandlerMethodArgumentResolverComposite.java:122)
	at org.springframework.web.method.support.InvocableHandlerMethod.getMethodArgumentValues(InvocableHandlerMethod.java:224)
	at org.springframework.web.method.support.InvocableHandlerMethod.invokeForRequest(InvocableHandlerMethod.java:174)
	at org.springframework.web.servlet.mvc.method.annotation.ServletInvocableHandlerMethod.invokeAndHandle(ServletInvocableHandlerMethod.java:117)
	at org.springframework.web.servlet.mvc.method.annotation.RequestMappingHandlerAdapter.invokeHandlerMethod(RequestMappingHandlerAdapter.java:934)
	at org.springframework.web.servlet.mvc.method.annotation.RequestMappingHandlerAdapter.handleInternal(RequestMappingHandlerAdapter.java:853)
	at org.springframework.web.servlet.mvc.method.AbstractHandlerMethodAdapter.handle(AbstractHandlerMethodAdapter.java:86)
	at org.springframework.web.servlet.DispatcherServlet.doDispatch(DispatcherServlet.java:963)
	at org.springframework.web.servlet.DispatcherServlet.doService(DispatcherServlet.java:866)
	at org.springframework.web.servlet.FrameworkServlet.processRequest(FrameworkServlet.java:1000)
	at org.springframework.web.servlet.FrameworkServlet.service(FrameworkServlet.java:877)
	at jakarta.servlet.http.HttpServlet.service(HttpServlet.java:710)
	at org.apache.catalina.core.ApplicationFilterChain.doFilter(ApplicationFilterChain.java:128)
	at org.apache.tomcat.websocket.server.WsFilter.doFilter(WsFilter.java:53)
	at org.apache.catalina.core.ApplicationFilterChain.doFilter(ApplicationFilterChain.java:107)
	at org.springframework.web.filter.OncePerRequestFilter.doFilter(OncePerRequestFilter.java:110)
	at org.apache.catalina.core.ApplicationFilterChain.doFilter(ApplicationFilterChain.java:107)
	at org.springframework.web.filter.CompositeFilter$VirtualFilterChain.doFilter(CompositeFilter.java:108)
	at org.springframework.security.web.FilterChainProxy.lambda$doFilterInternal$3(FilterChainProxy.java:235)
	at org.springframework.security.web.FilterChainProxy$VirtualFilterChain.doFilter(FilterChainProxy.java:376)
	at org.springframework.security.web.access.intercept.AuthorizationFilter.doFilter(AuthorizationFilter.java:101)
	at org.springframework.security.web.FilterChainProxy$VirtualFilterChain.doFilter(FilterChainProxy.java:385)
	at org.springframework.security.web.access.ExceptionTranslationFilter.doFilter(ExceptionTranslationFilter.java:126)
	at org.springframework.security.web.access.ExceptionTranslationFilter.doFilter(ExceptionTranslationFilter.java:120)
	at org.springframework.security.web.FilterChainProxy$VirtualFilterChain.doFilter(FilterChainProxy.java:385)
	at org.springframework.security.web.session.SessionManagementFilter.doFilter(SessionManagementFilter.java:132)
	at org.springframework.security.web.session.SessionManagementFilter.doFilter(SessionManagementFilter.java:86)
	at org.springframework.security.web.FilterChainProxy$VirtualFilterChain.doFilter(FilterChainProxy.java:385)
	at org.springframework.security.web.authentication.AnonymousAuthenticationFilter.doFilter(AnonymousAuthenticationFilter.java:100)
	at org.springframework.security.web.FilterChainProxy$VirtualFilterChain.doFilter(FilterChainProxy.java:385)
	at org.springframework.security.web.servletapi.SecurityContextHolderAwareRequestFilter.doFilter(SecurityContextHolderAwareRequestFilter.java:181)
	at org.springframework.security.web.FilterChainProxy$VirtualFilterChain.doFilter(FilterChainProxy.java:385)
	at org.springframework.security.web.savedrequest.RequestCacheAwareFilter.doFilter(RequestCacheAwareFilter.java:63)
	at org.springframework.security.web.FilterChainProxy$VirtualFilterChain.doFilter(FilterChainProxy.java:385)
	at com.example.Docgen_Backend.config.JwtFilter.doFilterInternal(JwtFilter.java:111)
	at org.springframework.web.filter.OncePerRequestFilter.doFilter(OncePerRequestFilter.java:116)
	at org.springframework.security.web.FilterChainProxy$VirtualFilterChain.doFilter(FilterChainProxy.java:385)
	at org.springframework.security.web.authentication.logout.LogoutFilter.doFilter(LogoutFilter.java:110)
	at org.springframework.security.web.authentication.logout.LogoutFilter.doFilter(LogoutFilter.java:96)
	at org.springframework.security.web.FilterChainProxy$VirtualFilterChain.doFilter(FilterChainProxy.java:385)
	at org.springframework.web.filter.CorsFilter.doFilterInternal(CorsFilter.java:91)
	at org.springframework.web.filter.OncePerRequestFilter.doFilter(OncePerRequestFilter.java:116)
	at org.springframework.security.web.FilterChainProxy$VirtualFilterChain.doFilter(FilterChainProxy.java:385)
	at org.springframework.security.web.header.HeaderWriterFilter.doHeadersAfter(HeaderWriterFilter.java:90)
	at org.springframework.security.web.header.HeaderWriterFilter.doFilterInternal(HeaderWriterFilter.java:75)
	at org.springframework.web.filter.OncePerRequestFilter.doFilter(OncePerRequestFilter.java:116)
	at org.springframework.security.web.FilterChainProxy$VirtualFilterChain.doFilter(FilterChainProxy.java:385)
	at org.springframework.security.web.context.SecurityContextHolderFilter.doFilter(SecurityContextHolderFilter.java:82)
	at org.springframework.security.web.context.SecurityContextHolderFilter.doFilter(SecurityContextHolderFilter.java:69)
	at org.springframework.security.web.FilterChainProxy$VirtualFilterChain.doFilter(FilterChainProxy.java:385)
	at org.springframework.security.web.context.request.async.WebAsyncManagerIntegrationFilter.doFilterInternal(WebAsyncManagerIntegrationFilter.java:62)
	at org.springframework.web.filter.OncePerRequestFilter.doFilter(OncePerRequestFilter.java:116)
	at org.springframework.security.web.FilterChainProxy$VirtualFilterChain.doFilter(FilterChainProxy.java:385)
	at org.springframework.security.web.session.DisableEncodeUrlFilter.doFilterInternal(DisableEncodeUrlFilter.java:42)
	at org.springframework.web.filter.OncePerRequestFilter.doFilter(OncePerRequestFilter.java:116)
	at org.springframework.security.web.FilterChainProxy$VirtualFilterChain.doFilter(FilterChainProxy.java:385)
	at org.springframework.security.web.FilterChainProxy.doFilterInternal(FilterChainProxy.java:237)
	at org.springframework.security.web.FilterChainProxy.doFilter(FilterChainProxy.java:195)
	at org.springframework.web.filter.CompositeFilter$VirtualFilterChain.doFilter(CompositeFilter.java:113)
	at org.springframework.web.filter.ServletRequestPathFilter.doFilter(ServletRequestPathFilter.java:52)
	at org.springframework.web.filter.CompositeFilter$VirtualFilterChain.doFilter(CompositeFilter.java:113)
	at org.springframework.web.filter.CompositeFilter.doFilter(CompositeFilter.java:74)
	at org.springframework.security.config.annotation.web.configuration.WebSecurityConfiguration$CompositeFilterChainProxy.doFilter(WebSecurityConfiguration.java:317)
	at org.springframework.web.filter.DelegatingFilterProxy.invokeDelegate(DelegatingFilterProxy.java:355)
	at org.springframework.web.filter.DelegatingFilterProxy.doFilter(DelegatingFilterProxy.java:272)
	at org.apache.catalina.core.ApplicationFilterChain.doFilter(ApplicationFilterChain.java:107)
	at org.springframework.web.filter.RequestContextFilter.doFilterInternal(RequestContextFilter.java:100)
	at org.springframework.web.filter.OncePerRequestFilter.doFilter(OncePerRequestFilter.java:116)
	at org.apache.catalina.core.ApplicationFilterChain.doFilter(ApplicationFilterChain.java:107)
	at org.springframework.web.filter.FormContentFilter.doFilterInternal(FormContentFilter.java:93)
	at org.springframework.web.filter.OncePerRequestFilter.doFilter(OncePerRequestFilter.java:116)
	at org.apache.catalina.core.ApplicationFilterChain.doFilter(ApplicationFilterChain.java:107)
	at org.springframework.web.filter.CharacterEncodingFilter.doFilterInternal(CharacterEncodingFilter.java:199)
	at org.springframework.web.filter.OncePerRequestFilter.doFilter(OncePerRequestFilter.java:116)
	at org.apache.catalina.core.ApplicationFilterChain.doFilter(ApplicationFilterChain.java:107)
	at org.apache.catalina.core.StandardWrapperValve.invoke(StandardWrapperValve.java:165)
	at org.apache.catalina.core.StandardContextValve.invoke(StandardContextValve.java:77)
	at org.apache.catalina.authenticator.AuthenticatorBase.invoke(AuthenticatorBase.java:492)
	at org.apache.catalina.core.StandardHostValve.invoke(StandardHostValve.java:113)
	at org.apache.catalina.valves.ErrorReportValve.invoke(ErrorReportValve.java:83)
	at org.apache.catalina.core.StandardEngineValve.invoke(StandardEngineValve.java:72)
	at org.apache.catalina.connector.CoyoteAdapter.service(CoyoteAdapter.java:341)
	at org.apache.coyote.http11.Http11Processor.service(Http11Processor.java:397)
	at org.apache.coyote.AbstractProcessorLight.process(AbstractProcessorLight.java:63)
	at org.apache.coyote.AbstractProtocol$ConnectionHandler.process(AbstractProtocol.java:903)
	at org.apache.tomcat.util.net.NioEndpoint$SocketProcessor.doRun(NioEndpoint.java:1801)
	at org.apache.tomcat.util.net.SocketProcessorBase.run(SocketProcessorBase.java:52)
	at org.apache.tomcat.util.threads.ThreadPoolExecutor.runWorker(ThreadPoolExecutor.java:946)
	at org.apache.tomcat.util.threads.ThreadPoolExecutor$Worker.run(ThreadPoolExecutor.java:480)
	at org.apache.tomcat.util.threads.TaskThread$WrappingRunnable.run(TaskThread.java:57)
	at java.base/java.lang.Thread.run(Thread.java:1583)
Caused by: java.lang.NumberFormatException: For input string: "undefined"
	at java.base/java.lang.NumberFormatException.forInputString(NumberFormatException.java:67)
	at java.base/java.lang.Long.parseLong(Long.java:709)
	at java.base/java.lang.Long.valueOf(Long.java:1157)
	at org.springframework.util.NumberUtils.parseNumber(NumberUtils.java:204)
	at org.springframework.beans.propertyeditors.CustomNumberEditor.setAsText(CustomNumberEditor.java:115)
	at org.springframework.beans.TypeConverterDelegate.doConvertTextValue(TypeConverterDelegate.java:434)
	at org.springframework.beans.TypeConverterDelegate.doConvertValue(TypeConverterDelegate.java:407)
	at org.springframework.beans.TypeConverterDelegate.convertIfNecessary(TypeConverterDelegate.java:158)
	at org.springframework.beans.TypeConverterSupport.convertIfNecessary(TypeConverterSupport.java:75)
	at org.springframework.beans.TypeConverterSupport.convertIfNecessary(TypeConverterSupport.java:51)
	at org.springframework.validation.DataBinder.convertIfNecessary(DataBinder.java:843)
	at org.springframework.web.method.annotation.AbstractNamedValueMethodArgumentResolver.convertIfNecessary(AbstractNamedValueMethodArgumentResolver.java:287)
	... 92 common frames omitted
2026-07-18 18:35:07 [http-nio-8080-exec-6] WARN  o.s.w.s.m.m.a.ExceptionHandlerExceptionResolver - Resolved [org.springframework.web.method.annotation.MethodArgumentTypeMismatchException: Method parameter 'id': Failed to convert value of type 'java.lang.String' to required type 'java.lang.Long'; For input string: "undefined"]
2026-07-18 18:35:40 [http-nio-8080-exec-4] INFO  c.e.Docgen_Backend.config.JwtFilter - JWT validated successfully for userId=6a311365ec2c34f3d9e4f06e
2026-07-18 18:35:40 [http-nio-8080-exec-4] ERROR c.e.D.e.GlobalExceptionHandler - Unexpected error occurred
org.springframework.web.method.annotation.MethodArgumentTypeMismatchException: Method parameter 'id': Failed to convert value of type 'java.lang.String' to required type 'java.lang.Long'; For input string: "undefined"
	at org.springframework.web.method.annotation.AbstractNamedValueMethodArgumentResolver.convertIfNecessary(AbstractNamedValueMethodArgumentResolver.java:295)
	at org.springframework.web.method.annotation.AbstractNamedValueMethodArgumentResolver.resolveArgument(AbstractNamedValueMethodArgumentResolver.java:134)
	at org.springframework.web.method.support.HandlerMethodArgumentResolverComposite.resolveArgument(HandlerMethodArgumentResolverComposite.java:122)
	at org.springframework.web.method.support.InvocableHandlerMethod.getMethodArgumentValues(InvocableHandlerMethod.java:224)
	at org.springframework.web.method.support.InvocableHandlerMethod.invokeForRequest(InvocableHandlerMethod.java:174)
	at org.springframework.web.servlet.mvc.method.annotation.ServletInvocableHandlerMethod.invokeAndHandle(ServletInvocableHandlerMethod.java:117)
	at org.springframework.web.servlet.mvc.method.annotation.RequestMappingHandlerAdapter.invokeHandlerMethod(RequestMappingHandlerAdapter.java:934)
	at org.springframework.web.servlet.mvc.method.annotation.RequestMappingHandlerAdapter.handleInternal(RequestMappingHandlerAdapter.java:853)
	at org.springframework.web.servlet.mvc.method.AbstractHandlerMethodAdapter.handle(AbstractHandlerMethodAdapter.java:86)
	at org.springframework.web.servlet.DispatcherServlet.doDispatch(DispatcherServlet.java:963)
	at org.springframework.web.servlet.DispatcherServlet.doService(DispatcherServlet.java:866)
	at org.springframework.web.servlet.FrameworkServlet.processRequest(FrameworkServlet.java:1000)
	at org.springframework.web.servlet.FrameworkServlet.service(FrameworkServlet.java:877)
	at jakarta.servlet.http.HttpServlet.service(HttpServlet.java:710)
	at org.apache.catalina.core.ApplicationFilterChain.doFilter(ApplicationFilterChain.java:128)
	at org.apache.tomcat.websocket.server.WsFilter.doFilter(WsFilter.java:53)
	at org.apache.catalina.core.ApplicationFilterChain.doFilter(ApplicationFilterChain.java:107)
	at org.springframework.web.filter.OncePerRequestFilter.doFilter(OncePerRequestFilter.java:110)
	at org.apache.catalina.core.ApplicationFilterChain.doFilter(ApplicationFilterChain.java:107)
	at org.springframework.web.filter.CompositeFilter$VirtualFilterChain.doFilter(CompositeFilter.java:108)
	at org.springframework.security.web.FilterChainProxy.lambda$doFilterInternal$3(FilterChainProxy.java:235)
	at org.springframework.security.web.FilterChainProxy$VirtualFilterChain.doFilter(FilterChainProxy.java:376)
	at org.springframework.security.web.access.intercept.AuthorizationFilter.doFilter(AuthorizationFilter.java:101)
	at org.springframework.security.web.FilterChainProxy$VirtualFilterChain.doFilter(FilterChainProxy.java:385)
	at org.springframework.security.web.access.ExceptionTranslationFilter.doFilter(ExceptionTranslationFilter.java:126)
	at org.springframework.security.web.access.ExceptionTranslationFilter.doFilter(ExceptionTranslationFilter.java:120)
	at org.springframework.security.web.FilterChainProxy$VirtualFilterChain.doFilter(FilterChainProxy.java:385)
	at org.springframework.security.web.session.SessionManagementFilter.doFilter(SessionManagementFilter.java:132)
	at org.springframework.security.web.session.SessionManagementFilter.doFilter(SessionManagementFilter.java:86)
	at org.springframework.security.web.FilterChainProxy$VirtualFilterChain.doFilter(FilterChainProxy.java:385)
	at org.springframework.security.web.authentication.AnonymousAuthenticationFilter.doFilter(AnonymousAuthenticationFilter.java:100)
	at org.springframework.security.web.FilterChainProxy$VirtualFilterChain.doFilter(FilterChainProxy.java:385)
	at org.springframework.security.web.servletapi.SecurityContextHolderAwareRequestFilter.doFilter(SecurityContextHolderAwareRequestFilter.java:181)
	at org.springframework.security.web.FilterChainProxy$VirtualFilterChain.doFilter(FilterChainProxy.java:385)
	at org.springframework.security.web.savedrequest.RequestCacheAwareFilter.doFilter(RequestCacheAwareFilter.java:63)
	at org.springframework.security.web.FilterChainProxy$VirtualFilterChain.doFilter(FilterChainProxy.java:385)
	at com.example.Docgen_Backend.config.JwtFilter.doFilterInternal(JwtFilter.java:111)
	at org.springframework.web.filter.OncePerRequestFilter.doFilter(OncePerRequestFilter.java:116)
	at org.springframework.security.web.FilterChainProxy$VirtualFilterChain.doFilter(FilterChainProxy.java:385)
	at org.springframework.security.web.authentication.logout.LogoutFilter.doFilter(LogoutFilter.java:110)
	at org.springframework.security.web.authentication.logout.LogoutFilter.doFilter(LogoutFilter.java:96)
	at org.springframework.security.web.FilterChainProxy$VirtualFilterChain.doFilter(FilterChainProxy.java:385)
	at org.springframework.web.filter.CorsFilter.doFilterInternal(CorsFilter.java:91)
	at org.springframework.web.filter.OncePerRequestFilter.doFilter(OncePerRequestFilter.java:116)
	at org.springframework.security.web.FilterChainProxy$VirtualFilterChain.doFilter(FilterChainProxy.java:385)
	at org.springframework.security.web.header.HeaderWriterFilter.doHeadersAfter(HeaderWriterFilter.java:90)
	at org.springframework.security.web.header.HeaderWriterFilter.doFilterInternal(HeaderWriterFilter.java:75)
	at org.springframework.web.filter.OncePerRequestFilter.doFilter(OncePerRequestFilter.java:116)
	at org.springframework.security.web.FilterChainProxy$VirtualFilterChain.doFilter(FilterChainProxy.java:385)
	at org.springframework.security.web.context.SecurityContextHolderFilter.doFilter(SecurityContextHolderFilter.java:82)
	at org.springframework.security.web.context.SecurityContextHolderFilter.doFilter(SecurityContextHolderFilter.java:69)
	at org.springframework.security.web.FilterChainProxy$VirtualFilterChain.doFilter(FilterChainProxy.java:385)
	at org.springframework.security.web.context.request.async.WebAsyncManagerIntegrationFilter.doFilterInternal(WebAsyncManagerIntegrationFilter.java:62)
	at org.springframework.web.filter.OncePerRequestFilter.doFilter(OncePerRequestFilter.java:116)
	at org.springframework.security.web.FilterChainProxy$VirtualFilterChain.doFilter(FilterChainProxy.java:385)
	at org.springframework.security.web.session.DisableEncodeUrlFilter.doFilterInternal(DisableEncodeUrlFilter.java:42)
	at org.springframework.web.filter.OncePerRequestFilter.doFilter(OncePerRequestFilter.java:116)
	at org.springframework.security.web.FilterChainProxy$VirtualFilterChain.doFilter(FilterChainProxy.java:385)
	at org.springframework.security.web.FilterChainProxy.doFilterInternal(FilterChainProxy.java:237)
	at org.springframework.security.web.FilterChainProxy.doFilter(FilterChainProxy.java:195)
	at org.springframework.web.filter.CompositeFilter$VirtualFilterChain.doFilter(CompositeFilter.java:113)
	at org.springframework.web.filter.ServletRequestPathFilter.doFilter(ServletRequestPathFilter.java:52)
	at org.springframework.web.filter.CompositeFilter$VirtualFilterChain.doFilter(CompositeFilter.java:113)
	at org.springframework.web.filter.CompositeFilter.doFilter(CompositeFilter.java:74)
	at org.springframework.security.config.annotation.web.configuration.WebSecurityConfiguration$CompositeFilterChainProxy.doFilter(WebSecurityConfiguration.java:317)
	at org.springframework.web.filter.DelegatingFilterProxy.invokeDelegate(DelegatingFilterProxy.java:355)
	at org.springframework.web.filter.DelegatingFilterProxy.doFilter(DelegatingFilterProxy.java:272)
	at org.apache.catalina.core.ApplicationFilterChain.doFilter(ApplicationFilterChain.java:107)
	at org.springframework.web.filter.RequestContextFilter.doFilterInternal(RequestContextFilter.java:100)
	at org.springframework.web.filter.OncePerRequestFilter.doFilter(OncePerRequestFilter.java:116)
	at org.apache.catalina.core.ApplicationFilterChain.doFilter(ApplicationFilterChain.java:107)
	at org.springframework.web.filter.FormContentFilter.doFilterInternal(FormContentFilter.java:93)
	at org.springframework.web.filter.OncePerRequestFilter.doFilter(OncePerRequestFilter.java:116)
	at org.apache.catalina.core.ApplicationFilterChain.doFilter(ApplicationFilterChain.java:107)
	at org.springframework.web.filter.CharacterEncodingFilter.doFilterInternal(CharacterEncodingFilter.java:199)
	at org.springframework.web.filter.OncePerRequestFilter.doFilter(OncePerRequestFilter.java:116)
	at org.apache.catalina.core.ApplicationFilterChain.doFilter(ApplicationFilterChain.java:107)
	at org.apache.catalina.core.StandardWrapperValve.invoke(StandardWrapperValve.java:165)
	at org.apache.catalina.core.StandardContextValve.invoke(StandardContextValve.java:77)
	at org.apache.catalina.authenticator.AuthenticatorBase.invoke(AuthenticatorBase.java:492)
	at org.apache.catalina.core.StandardHostValve.invoke(StandardHostValve.java:113)
	at org.apache.catalina.valves.ErrorReportValve.invoke(ErrorReportValve.java:83)
	at org.apache.catalina.core.StandardEngineValve.invoke(StandardEngineValve.java:72)
	at org.apache.catalina.connector.CoyoteAdapter.service(CoyoteAdapter.java:341)
	at org.apache.coyote.http11.Http11Processor.service(Http11Processor.java:397)
	at org.apache.coyote.AbstractProcessorLight.process(AbstractProcessorLight.java:63)
	at org.apache.coyote.AbstractProtocol$ConnectionHandler.process(AbstractProtocol.java:903)
	at org.apache.tomcat.util.net.NioEndpoint$SocketProcessor.doRun(NioEndpoint.java:1801)
	at org.apache.tomcat.util.net.SocketProcessorBase.run(SocketProcessorBase.java:52)
	at org.apache.tomcat.util.threads.ThreadPoolExecutor.runWorker(ThreadPoolExecutor.java:946)
	at org.apache.tomcat.util.threads.ThreadPoolExecutor$Worker.run(ThreadPoolExecutor.java:480)
	at org.apache.tomcat.util.threads.TaskThread$WrappingRunnable.run(TaskThread.java:57)
	at java.base/java.lang.Thread.run(Thread.java:1583)
Caused by: java.lang.NumberFormatException: For input string: "undefined"
	at java.base/java.lang.NumberFormatException.forInputString(NumberFormatException.java:67)
	at java.base/java.lang.Long.parseLong(Long.java:709)
	at java.base/java.lang.Long.valueOf(Long.java:1157)
	at org.springframework.util.NumberUtils.parseNumber(NumberUtils.java:204)
	at org.springframework.beans.propertyeditors.CustomNumberEditor.setAsText(CustomNumberEditor.java:115)
	at org.springframework.beans.TypeConverterDelegate.doConvertTextValue(TypeConverterDelegate.java:434)
	at org.springframework.beans.TypeConverterDelegate.doConvertValue(TypeConverterDelegate.java:407)
	at org.springframework.beans.TypeConverterDelegate.convertIfNecessary(TypeConverterDelegate.java:158)
	at org.springframework.beans.TypeConverterSupport.convertIfNecessary(TypeConverterSupport.java:75)
	at org.springframework.beans.TypeConverterSupport.convertIfNecessary(TypeConverterSupport.java:51)
	at org.springframework.validation.DataBinder.convertIfNecessary(DataBinder.java:843)
	at org.springframework.web.method.annotation.AbstractNamedValueMethodArgumentResolver.convertIfNecessary(AbstractNamedValueMethodArgumentResolver.java:287)
	... 92 common frames omitted
2026-07-18 18:35:40 [http-nio-8080-exec-4] WARN  o.s.w.s.m.m.a.ExceptionHandlerExceptionResolver - Resolved [org.springframework.web.method.annotation.MethodArgumentTypeMismatchException: Method parameter 'id': Failed to convert value of type 'java.lang.String' to required type 'java.lang.Long'; For input string: "undefined"]
2026-07-18 18:36:17 [HikariPool-1:housekeeper] WARN  com.zaxxer.hikari.pool.PoolBase - HikariPool-1 - Failed to validate connection com.mysql.cj.jdbc.ConnectionImpl@1314707f (No operations allowed after connection closed.). Possibly consider using a shorter maxLifetime value.
2026-07-18 18:36:19 [HikariPool-1:housekeeper] WARN  com.zaxxer.hikari.pool.PoolBase - HikariPool-1 - Failed to validate connection com.mysql.cj.jdbc.ConnectionImpl@11f4321d (No operations allowed after connection closed.). Possibly consider using a shorter maxLifetime value.
2026-07-18 18:37:56 [HikariPool-1:housekeeper] WARN  com.zaxxer.hikari.pool.PoolBase - HikariPool-1 - Failed to validate connection com.mysql.cj.jdbc.ConnectionImpl@357ee35a (No operations allowed after connection closed.). Possibly consider using a shorter maxLifetime value.
2026-07-18 18:38:04 [HikariPool-1:housekeeper] WARN  com.zaxxer.hikari.pool.PoolBase - HikariPool-1 - Failed to validate connection com.mysql.cj.jdbc.ConnectionImpl@4185df2f (No operations allowed after connection closed.). Possibly consider using a shorter maxLifetime value.
2026-07-18 18:39:48 [HikariPool-1:housekeeper] WARN  com.zaxxer.hikari.pool.PoolBase - HikariPool-1 - Failed to validate connection com.mysql.cj.jdbc.ConnectionImpl@33f7308b (No operations allowed after connection closed.). Possibly consider using a shorter maxLifetime value.
2026-07-18 18:39:49 [HikariPool-1:housekeeper] WARN  com.zaxxer.hikari.pool.PoolBase - HikariPool-1 - Failed to validate connection com.mysql.cj.jdbc.ConnectionImpl@16a701a3 (No operations allowed after connection closed.). Possibly consider using a shorter maxLifetime value.
2026-07-18 18:41:34 [HikariPool-1:housekeeper] WARN  com.zaxxer.hikari.pool.PoolBase - HikariPool-1 - Failed to validate connection com.mysql.cj.jdbc.ConnectionImpl@6cc2b516 (No operations allowed after connection closed.). Possibly consider using a shorter maxLifetime value.
2026-07-18 18:41:37 [HikariPool-1:housekeeper] WARN  com.zaxxer.hikari.pool.PoolBase - HikariPool-1 - Failed to validate connection com.mysql.cj.jdbc.ConnectionImpl@39f88e0a (No operations allowed after connection closed.). Possibly consider using a shorter maxLifetime value.
2026-07-18 18:43:20 [HikariPool-1:housekeeper] WARN  com.zaxxer.hikari.pool.PoolBase - HikariPool-1 - Failed to validate connection com.mysql.cj.jdbc.ConnectionImpl@17fc3a8f (No operations allowed after connection closed.). Possibly consider using a shorter maxLifetime value.
2026-07-18 18:43:30 [HikariPool-1:housekeeper] WARN  com.zaxxer.hikari.pool.PoolBase - HikariPool-1 - Failed to validate connection com.mysql.cj.jdbc.ConnectionImpl@5574b118 (No operations allowed after connection closed.). Possibly consider using a shorter maxLifetime value.
2026-07-18 18:45:00 [HikariPool-1:housekeeper] WARN  com.zaxxer.hikari.pool.PoolBase - HikariPool-1 - Failed to validate connection com.mysql.cj.jdbc.ConnectionImpl@5e5f92af (No operations allowed after connection closed.). Possibly consider using a shorter maxLifetime value.
2026-07-18 18:45:15 [HikariPool-1:housekeeper] WARN  com.zaxxer.hikari.pool.PoolBase - HikariPool-1 - Failed to validate connection com.mysql.cj.jdbc.ConnectionImpl@3a131672 (No operations allowed after connection closed.). Possibly consider using a shorter maxLifetime value.
2026-07-18 18:46:05 [http-nio-8080-exec-9] INFO  c.e.Docgen_Backend.config.JwtFilter - JWT validated successfully for userId=6a311365ec2c34f3d9e4f06e
2026-07-18 18:46:05 [http-nio-8080-exec-9] ERROR c.e.D.e.GlobalExceptionHandler - Unexpected error occurred
org.springframework.web.method.annotation.MethodArgumentTypeMismatchException: Method parameter 'id': Failed to convert value of type 'java.lang.String' to required type 'java.lang.Long'; For input string: "undefined"
	at org.springframework.web.method.annotation.AbstractNamedValueMethodArgumentResolver.convertIfNecessary(AbstractNamedValueMethodArgumentResolver.java:295)
	at org.springframework.web.method.annotation.AbstractNamedValueMethodArgumentResolver.resolveArgument(AbstractNamedValueMethodArgumentResolver.java:134)
	at org.springframework.web.method.support.HandlerMethodArgumentResolverComposite.resolveArgument(HandlerMethodArgumentResolverComposite.java:122)
	at org.springframework.web.method.support.InvocableHandlerMethod.getMethodArgumentValues(InvocableHandlerMethod.java:224)
	at org.springframework.web.method.support.InvocableHandlerMethod.invokeForRequest(InvocableHandlerMethod.java:174)
	at org.springframework.web.servlet.mvc.method.annotation.ServletInvocableHandlerMethod.invokeAndHandle(ServletInvocableHandlerMethod.java:117)
	at org.springframework.web.servlet.mvc.method.annotation.RequestMappingHandlerAdapter.invokeHandlerMethod(RequestMappingHandlerAdapter.java:934)
	at org.springframework.web.servlet.mvc.method.annotation.RequestMappingHandlerAdapter.handleInternal(RequestMappingHandlerAdapter.java:853)
	at org.springframework.web.servlet.mvc.method.AbstractHandlerMethodAdapter.handle(AbstractHandlerMethodAdapter.java:86)
	at org.springframework.web.servlet.DispatcherServlet.doDispatch(DispatcherServlet.java:963)
	at org.springframework.web.servlet.DispatcherServlet.doService(DispatcherServlet.java:866)
	at org.springframework.web.servlet.FrameworkServlet.processRequest(FrameworkServlet.java:1000)
	at org.springframework.web.servlet.FrameworkServlet.service(FrameworkServlet.java:877)
	at jakarta.servlet.http.HttpServlet.service(HttpServlet.java:710)
	at org.apache.catalina.core.ApplicationFilterChain.doFilter(ApplicationFilterChain.java:128)
	at org.apache.tomcat.websocket.server.WsFilter.doFilter(WsFilter.java:53)
	at org.apache.catalina.core.ApplicationFilterChain.doFilter(ApplicationFilterChain.java:107)
	at org.springframework.web.filter.OncePerRequestFilter.doFilter(OncePerRequestFilter.java:110)
	at org.apache.catalina.core.ApplicationFilterChain.doFilter(ApplicationFilterChain.java:107)
	at org.springframework.web.filter.CompositeFilter$VirtualFilterChain.doFilter(CompositeFilter.java:108)
	at org.springframework.security.web.FilterChainProxy.lambda$doFilterInternal$3(FilterChainProxy.java:235)
	at org.springframework.security.web.FilterChainProxy$VirtualFilterChain.doFilter(FilterChainProxy.java:376)
	at org.springframework.security.web.access.intercept.AuthorizationFilter.doFilter(AuthorizationFilter.java:101)
	at org.springframework.security.web.FilterChainProxy$VirtualFilterChain.doFilter(FilterChainProxy.java:385)
	at org.springframework.security.web.access.ExceptionTranslationFilter.doFilter(ExceptionTranslationFilter.java:126)
	at org.springframework.security.web.access.ExceptionTranslationFilter.doFilter(ExceptionTranslationFilter.java:120)
	at org.springframework.security.web.FilterChainProxy$VirtualFilterChain.doFilter(FilterChainProxy.java:385)
	at org.springframework.security.web.session.SessionManagementFilter.doFilter(SessionManagementFilter.java:132)
	at org.springframework.security.web.session.SessionManagementFilter.doFilter(SessionManagementFilter.java:86)
	at org.springframework.security.web.FilterChainProxy$VirtualFilterChain.doFilter(FilterChainProxy.java:385)
	at org.springframework.security.web.authentication.AnonymousAuthenticationFilter.doFilter(AnonymousAuthenticationFilter.java:100)
	at org.springframework.security.web.FilterChainProxy$VirtualFilterChain.doFilter(FilterChainProxy.java:385)
	at org.springframework.security.web.servletapi.SecurityContextHolderAwareRequestFilter.doFilter(SecurityContextHolderAwareRequestFilter.java:181)
	at org.springframework.security.web.FilterChainProxy$VirtualFilterChain.doFilter(FilterChainProxy.java:385)
	at org.springframework.security.web.savedrequest.RequestCacheAwareFilter.doFilter(RequestCacheAwareFilter.java:63)
	at org.springframework.security.web.FilterChainProxy$VirtualFilterChain.doFilter(FilterChainProxy.java:385)
	at com.example.Docgen_Backend.config.JwtFilter.doFilterInternal(JwtFilter.java:111)
	at org.springframework.web.filter.OncePerRequestFilter.doFilter(OncePerRequestFilter.java:116)
	at org.springframework.security.web.FilterChainProxy$VirtualFilterChain.doFilter(FilterChainProxy.java:385)
	at org.springframework.security.web.authentication.logout.LogoutFilter.doFilter(LogoutFilter.java:110)
	at org.springframework.security.web.authentication.logout.LogoutFilter.doFilter(LogoutFilter.java:96)
	at org.springframework.security.web.FilterChainProxy$VirtualFilterChain.doFilter(FilterChainProxy.java:385)
	at org.springframework.web.filter.CorsFilter.doFilterInternal(CorsFilter.java:91)
	at org.springframework.web.filter.OncePerRequestFilter.doFilter(OncePerRequestFilter.java:116)
	at org.springframework.security.web.FilterChainProxy$VirtualFilterChain.doFilter(FilterChainProxy.java:385)
	at org.springframework.security.web.header.HeaderWriterFilter.doHeadersAfter(HeaderWriterFilter.java:90)
	at org.springframework.security.web.header.HeaderWriterFilter.doFilterInternal(HeaderWriterFilter.java:75)
	at org.springframework.web.filter.OncePerRequestFilter.doFilter(OncePerRequestFilter.java:116)
	at org.springframework.security.web.FilterChainProxy$VirtualFilterChain.doFilter(FilterChainProxy.java:385)
	at org.springframework.security.web.context.SecurityContextHolderFilter.doFilter(SecurityContextHolderFilter.java:82)
	at org.springframework.security.web.context.SecurityContextHolderFilter.doFilter(SecurityContextHolderFilter.java:69)
	at org.springframework.security.web.FilterChainProxy$VirtualFilterChain.doFilter(FilterChainProxy.java:385)
	at org.springframework.security.web.context.request.async.WebAsyncManagerIntegrationFilter.doFilterInternal(WebAsyncManagerIntegrationFilter.java:62)
	at org.springframework.web.filter.OncePerRequestFilter.doFilter(OncePerRequestFilter.java:116)
	at org.springframework.security.web.FilterChainProxy$VirtualFilterChain.doFilter(FilterChainProxy.java:385)
	at org.springframework.security.web.session.DisableEncodeUrlFilter.doFilterInternal(DisableEncodeUrlFilter.java:42)
	at org.springframework.web.filter.OncePerRequestFilter.doFilter(OncePerRequestFilter.java:116)
	at org.springframework.security.web.FilterChainProxy$VirtualFilterChain.doFilter(FilterChainProxy.java:385)
	at org.springframework.security.web.FilterChainProxy.doFilterInternal(FilterChainProxy.java:237)
	at org.springframework.security.web.FilterChainProxy.doFilter(FilterChainProxy.java:195)
	at org.springframework.web.filter.CompositeFilter$VirtualFilterChain.doFilter(CompositeFilter.java:113)
	at org.springframework.web.filter.ServletRequestPathFilter.doFilter(ServletRequestPathFilter.java:52)
	at org.springframework.web.filter.CompositeFilter$VirtualFilterChain.doFilter(CompositeFilter.java:113)
	at org.springframework.web.filter.CompositeFilter.doFilter(CompositeFilter.java:74)
	at org.springframework.security.config.annotation.web.configuration.WebSecurityConfiguration$CompositeFilterChainProxy.doFilter(WebSecurityConfiguration.java:317)
	at org.springframework.web.filter.DelegatingFilterProxy.invokeDelegate(DelegatingFilterProxy.java:355)
	at org.springframework.web.filter.DelegatingFilterProxy.doFilter(DelegatingFilterProxy.java:272)
	at org.apache.catalina.core.ApplicationFilterChain.doFilter(ApplicationFilterChain.java:107)
	at org.springframework.web.filter.RequestContextFilter.doFilterInternal(RequestContextFilter.java:100)
	at org.springframework.web.filter.OncePerRequestFilter.doFilter(OncePerRequestFilter.java:116)
	at org.apache.catalina.core.ApplicationFilterChain.doFilter(ApplicationFilterChain.java:107)
	at org.springframework.web.filter.FormContentFilter.doFilterInternal(FormContentFilter.java:93)
	at org.springframework.web.filter.OncePerRequestFilter.doFilter(OncePerRequestFilter.java:116)
	at org.apache.catalina.core.ApplicationFilterChain.doFilter(ApplicationFilterChain.java:107)
	at org.springframework.web.filter.CharacterEncodingFilter.doFilterInternal(CharacterEncodingFilter.java:199)
	at org.springframework.web.filter.OncePerRequestFilter.doFilter(OncePerRequestFilter.java:116)
	at org.apache.catalina.core.ApplicationFilterChain.doFilter(ApplicationFilterChain.java:107)
	at org.apache.catalina.core.StandardWrapperValve.invoke(StandardWrapperValve.java:165)
	at org.apache.catalina.core.StandardContextValve.invoke(StandardContextValve.java:77)
	at org.apache.catalina.authenticator.AuthenticatorBase.invoke(AuthenticatorBase.java:492)
	at org.apache.catalina.core.StandardHostValve.invoke(StandardHostValve.java:113)
	at org.apache.catalina.valves.ErrorReportValve.invoke(ErrorReportValve.java:83)
	at org.apache.catalina.core.StandardEngineValve.invoke(StandardEngineValve.java:72)
	at org.apache.catalina.connector.CoyoteAdapter.service(CoyoteAdapter.java:341)
	at org.apache.coyote.http11.Http11Processor.service(Http11Processor.java:397)
	at org.apache.coyote.AbstractProcessorLight.process(AbstractProcessorLight.java:63)
	at org.apache.coyote.AbstractProtocol$ConnectionHandler.process(AbstractProtocol.java:903)
	at org.apache.tomcat.util.net.NioEndpoint$SocketProcessor.doRun(NioEndpoint.java:1801)
	at org.apache.tomcat.util.net.SocketProcessorBase.run(SocketProcessorBase.java:52)
	at org.apache.tomcat.util.threads.ThreadPoolExecutor.runWorker(ThreadPoolExecutor.java:946)
	at org.apache.tomcat.util.threads.ThreadPoolExecutor$Worker.run(ThreadPoolExecutor.java:480)
	at org.apache.tomcat.util.threads.TaskThread$WrappingRunnable.run(TaskThread.java:57)
	at java.base/java.lang.Thread.run(Thread.java:1583)
Caused by: java.lang.NumberFormatException: For input string: "undefined"
	at java.base/java.lang.NumberFormatException.forInputString(NumberFormatException.java:67)
	at java.base/java.lang.Long.parseLong(Long.java:709)
	at java.base/java.lang.Long.valueOf(Long.java:1157)
	at org.springframework.util.NumberUtils.parseNumber(NumberUtils.java:204)
	at org.springframework.beans.propertyeditors.CustomNumberEditor.setAsText(CustomNumberEditor.java:115)
	at org.springframework.beans.TypeConverterDelegate.doConvertTextValue(TypeConverterDelegate.java:434)
	at org.springframework.beans.TypeConverterDelegate.doConvertValue(TypeConverterDelegate.java:407)
	at org.springframework.beans.TypeConverterDelegate.convertIfNecessary(TypeConverterDelegate.java:158)
	at org.springframework.beans.TypeConverterSupport.convertIfNecessary(TypeConverterSupport.java:75)
	at org.springframework.beans.TypeConverterSupport.convertIfNecessary(TypeConverterSupport.java:51)
	at org.springframework.validation.DataBinder.convertIfNecessary(DataBinder.java:843)
	at org.springframework.web.method.annotation.AbstractNamedValueMethodArgumentResolver.convertIfNecessary(AbstractNamedValueMethodArgumentResolver.java:287)
	... 92 common frames omitted
2026-07-18 18:46:05 [http-nio-8080-exec-9] WARN  o.s.w.s.m.m.a.ExceptionHandlerExceptionResolver - Resolved [org.springframework.web.method.annotation.MethodArgumentTypeMismatchException: Method parameter 'id': Failed to convert value of type 'java.lang.String' to required type 'java.lang.Long'; For input string: "undefined"]
2026-07-18 18:46:35 [http-nio-8080-exec-1] INFO  c.e.Docgen_Backend.config.JwtFilter - JWT validated successfully for userId=6a311365ec2c34f3d9e4f06e
2026-07-18 18:46:35 [http-nio-8080-exec-1] ERROR c.e.D.e.GlobalExceptionHandler - Unexpected error occurred
org.springframework.web.method.annotation.MethodArgumentTypeMismatchException: Method parameter 'id': Failed to convert value of type 'java.lang.String' to required type 'java.lang.Long'; For input string: "undefined"
	at org.springframework.web.method.annotation.AbstractNamedValueMethodArgumentResolver.convertIfNecessary(AbstractNamedValueMethodArgumentResolver.java:295)
	at org.springframework.web.method.annotation.AbstractNamedValueMethodArgumentResolver.resolveArgument(AbstractNamedValueMethodArgumentResolver.java:134)
	at org.springframework.web.method.support.HandlerMethodArgumentResolverComposite.resolveArgument(HandlerMethodArgumentResolverComposite.java:122)
	at org.springframework.web.method.support.InvocableHandlerMethod.getMethodArgumentValues(InvocableHandlerMethod.java:224)
	at org.springframework.web.method.support.InvocableHandlerMethod.invokeForRequest(InvocableHandlerMethod.java:174)
	at org.springframework.web.servlet.mvc.method.annotation.ServletInvocableHandlerMethod.invokeAndHandle(ServletInvocableHandlerMethod.java:117)
	at org.springframework.web.servlet.mvc.method.annotation.RequestMappingHandlerAdapter.invokeHandlerMethod(RequestMappingHandlerAdapter.java:934)
	at org.springframework.web.servlet.mvc.method.annotation.RequestMappingHandlerAdapter.handleInternal(RequestMappingHandlerAdapter.java:853)
	at org.springframework.web.servlet.mvc.method.AbstractHandlerMethodAdapter.handle(AbstractHandlerMethodAdapter.java:86)
	at org.springframework.web.servlet.DispatcherServlet.doDispatch(DispatcherServlet.java:963)
	at org.springframework.web.servlet.DispatcherServlet.doService(DispatcherServlet.java:866)
	at org.springframework.web.servlet.FrameworkServlet.processRequest(FrameworkServlet.java:1000)
	at org.springframework.web.servlet.FrameworkServlet.service(FrameworkServlet.java:877)
	at jakarta.servlet.http.HttpServlet.service(HttpServlet.java:710)
	at org.apache.catalina.core.ApplicationFilterChain.doFilter(ApplicationFilterChain.java:128)
	at org.apache.tomcat.websocket.server.WsFilter.doFilter(WsFilter.java:53)
	at org.apache.catalina.core.ApplicationFilterChain.doFilter(ApplicationFilterChain.java:107)
	at org.springframework.web.filter.OncePerRequestFilter.doFilter(OncePerRequestFilter.java:110)
	at org.apache.catalina.core.ApplicationFilterChain.doFilter(ApplicationFilterChain.java:107)
	at org.springframework.web.filter.CompositeFilter$VirtualFilterChain.doFilter(CompositeFilter.java:108)
	at org.springframework.security.web.FilterChainProxy.lambda$doFilterInternal$3(FilterChainProxy.java:235)
	at org.springframework.security.web.FilterChainProxy$VirtualFilterChain.doFilter(FilterChainProxy.java:376)
	at org.springframework.security.web.access.intercept.AuthorizationFilter.doFilter(AuthorizationFilter.java:101)
	at org.springframework.security.web.FilterChainProxy$VirtualFilterChain.doFilter(FilterChainProxy.java:385)
	at org.springframework.security.web.access.ExceptionTranslationFilter.doFilter(ExceptionTranslationFilter.java:126)
	at org.springframework.security.web.access.ExceptionTranslationFilter.doFilter(ExceptionTranslationFilter.java:120)
	at org.springframework.security.web.FilterChainProxy$VirtualFilterChain.doFilter(FilterChainProxy.java:385)
	at org.springframework.security.web.session.SessionManagementFilter.doFilter(SessionManagementFilter.java:132)
	at org.springframework.security.web.session.SessionManagementFilter.doFilter(SessionManagementFilter.java:86)
	at org.springframework.security.web.FilterChainProxy$VirtualFilterChain.doFilter(FilterChainProxy.java:385)
	at org.springframework.security.web.authentication.AnonymousAuthenticationFilter.doFilter(AnonymousAuthenticationFilter.java:100)
	at org.springframework.security.web.FilterChainProxy$VirtualFilterChain.doFilter(FilterChainProxy.java:385)
	at org.springframework.security.web.servletapi.SecurityContextHolderAwareRequestFilter.doFilter(SecurityContextHolderAwareRequestFilter.java:181)
	at org.springframework.security.web.FilterChainProxy$VirtualFilterChain.doFilter(FilterChainProxy.java:385)
	at org.springframework.security.web.savedrequest.RequestCacheAwareFilter.doFilter(RequestCacheAwareFilter.java:63)
	at org.springframework.security.web.FilterChainProxy$VirtualFilterChain.doFilter(FilterChainProxy.java:385)
	at com.example.Docgen_Backend.config.JwtFilter.doFilterInternal(JwtFilter.java:111)
	at org.springframework.web.filter.OncePerRequestFilter.doFilter(OncePerRequestFilter.java:116)
	at org.springframework.security.web.FilterChainProxy$VirtualFilterChain.doFilter(FilterChainProxy.java:385)
	at org.springframework.security.web.authentication.logout.LogoutFilter.doFilter(LogoutFilter.java:110)
	at org.springframework.security.web.authentication.logout.LogoutFilter.doFilter(LogoutFilter.java:96)
	at org.springframework.security.web.FilterChainProxy$VirtualFilterChain.doFilter(FilterChainProxy.java:385)
	at org.springframework.web.filter.CorsFilter.doFilterInternal(CorsFilter.java:91)
	at org.springframework.web.filter.OncePerRequestFilter.doFilter(OncePerRequestFilter.java:116)
	at org.springframework.security.web.FilterChainProxy$VirtualFilterChain.doFilter(FilterChainProxy.java:385)
	at org.springframework.security.web.header.HeaderWriterFilter.doHeadersAfter(HeaderWriterFilter.java:90)
	at org.springframework.security.web.header.HeaderWriterFilter.doFilterInternal(HeaderWriterFilter.java:75)
	at org.springframework.web.filter.OncePerRequestFilter.doFilter(OncePerRequestFilter.java:116)
	at org.springframework.security.web.FilterChainProxy$VirtualFilterChain.doFilter(FilterChainProxy.java:385)
	at org.springframework.security.web.context.SecurityContextHolderFilter.doFilter(SecurityContextHolderFilter.java:82)
	at org.springframework.security.web.context.SecurityContextHolderFilter.doFilter(SecurityContextHolderFilter.java:69)
	at org.springframework.security.web.FilterChainProxy$VirtualFilterChain.doFilter(FilterChainProxy.java:385)
	at org.springframework.security.web.context.request.async.WebAsyncManagerIntegrationFilter.doFilterInternal(WebAsyncManagerIntegrationFilter.java:62)
	at org.springframework.web.filter.OncePerRequestFilter.doFilter(OncePerRequestFilter.java:116)
	at org.springframework.security.web.FilterChainProxy$VirtualFilterChain.doFilter(FilterChainProxy.java:385)
	at org.springframework.security.web.session.DisableEncodeUrlFilter.doFilterInternal(DisableEncodeUrlFilter.java:42)
	at org.springframework.web.filter.OncePerRequestFilter.doFilter(OncePerRequestFilter.java:116)
	at org.springframework.security.web.FilterChainProxy$VirtualFilterChain.doFilter(FilterChainProxy.java:385)
	at org.springframework.security.web.FilterChainProxy.doFilterInternal(FilterChainProxy.java:237)
	at org.springframework.security.web.FilterChainProxy.doFilter(FilterChainProxy.java:195)
	at org.springframework.web.filter.CompositeFilter$VirtualFilterChain.doFilter(CompositeFilter.java:113)
	at org.springframework.web.filter.ServletRequestPathFilter.doFilter(ServletRequestPathFilter.java:52)
	at org.springframework.web.filter.CompositeFilter$VirtualFilterChain.doFilter(CompositeFilter.java:113)
	at org.springframework.web.filter.CompositeFilter.doFilter(CompositeFilter.java:74)
	at org.springframework.security.config.annotation.web.configuration.WebSecurityConfiguration$CompositeFilterChainProxy.doFilter(WebSecurityConfiguration.java:317)
	at org.springframework.web.filter.DelegatingFilterProxy.invokeDelegate(DelegatingFilterProxy.java:355)
	at org.springframework.web.filter.DelegatingFilterProxy.doFilter(DelegatingFilterProxy.java:272)
	at org.apache.catalina.core.ApplicationFilterChain.doFilter(ApplicationFilterChain.java:107)
	at org.springframework.web.filter.RequestContextFilter.doFilterInternal(RequestContextFilter.java:100)
	at org.springframework.web.filter.OncePerRequestFilter.doFilter(OncePerRequestFilter.java:116)
	at org.apache.catalina.core.ApplicationFilterChain.doFilter(ApplicationFilterChain.java:107)
	at org.springframework.web.filter.FormContentFilter.doFilterInternal(FormContentFilter.java:93)
	at org.springframework.web.filter.OncePerRequestFilter.doFilter(OncePerRequestFilter.java:116)
	at org.apache.catalina.core.ApplicationFilterChain.doFilter(ApplicationFilterChain.java:107)
	at org.springframework.web.filter.CharacterEncodingFilter.doFilterInternal(CharacterEncodingFilter.java:199)
	at org.springframework.web.filter.OncePerRequestFilter.doFilter(OncePerRequestFilter.java:116)
	at org.apache.catalina.core.ApplicationFilterChain.doFilter(ApplicationFilterChain.java:107)
	at org.apache.catalina.core.StandardWrapperValve.invoke(StandardWrapperValve.java:165)
	at org.apache.catalina.core.StandardContextValve.invoke(StandardContextValve.java:77)
	at org.apache.catalina.authenticator.AuthenticatorBase.invoke(AuthenticatorBase.java:492)
	at org.apache.catalina.core.StandardHostValve.invoke(StandardHostValve.java:113)
	at org.apache.catalina.valves.ErrorReportValve.invoke(ErrorReportValve.java:83)
	at org.apache.catalina.core.StandardEngineValve.invoke(StandardEngineValve.java:72)
	at org.apache.catalina.connector.CoyoteAdapter.service(CoyoteAdapter.java:341)
	at org.apache.coyote.http11.Http11Processor.service(Http11Processor.java:397)
	at org.apache.coyote.AbstractProcessorLight.process(AbstractProcessorLight.java:63)
	at org.apache.coyote.AbstractProtocol$ConnectionHandler.process(AbstractProtocol.java:903)
	at org.apache.tomcat.util.net.NioEndpoint$SocketProcessor.doRun(NioEndpoint.java:1801)
	at org.apache.tomcat.util.net.SocketProcessorBase.run(SocketProcessorBase.java:52)
	at org.apache.tomcat.util.threads.ThreadPoolExecutor.runWorker(ThreadPoolExecutor.java:946)
	at org.apache.tomcat.util.threads.ThreadPoolExecutor$Worker.run(ThreadPoolExecutor.java:480)
	at org.apache.tomcat.util.threads.TaskThread$WrappingRunnable.run(TaskThread.java:57)
	at java.base/java.lang.Thread.run(Thread.java:1583)
Caused by: java.lang.NumberFormatException: For input string: "undefined"
	at java.base/java.lang.NumberFormatException.forInputString(NumberFormatException.java:67)
	at java.base/java.lang.Long.parseLong(Long.java:709)
	at java.base/java.lang.Long.valueOf(Long.java:1157)
	at org.springframework.util.NumberUtils.parseNumber(NumberUtils.java:204)
	at org.springframework.beans.propertyeditors.CustomNumberEditor.setAsText(CustomNumberEditor.java:115)
	at org.springframework.beans.TypeConverterDelegate.doConvertTextValue(TypeConverterDelegate.java:434)
	at org.springframework.beans.TypeConverterDelegate.doConvertValue(TypeConverterDelegate.java:407)
	at org.springframework.beans.TypeConverterDelegate.convertIfNecessary(TypeConverterDelegate.java:158)
	at org.springframework.beans.TypeConverterSupport.convertIfNecessary(TypeConverterSupport.java:75)
	at org.springframework.beans.TypeConverterSupport.convertIfNecessary(TypeConverterSupport.java:51)
	at org.springframework.validation.DataBinder.convertIfNecessary(DataBinder.java:843)
	at org.springframework.web.method.annotation.AbstractNamedValueMethodArgumentResolver.convertIfNecessary(AbstractNamedValueMethodArgumentResolver.java:287)
	... 92 common frames omitted
2026-07-18 18:46:35 [http-nio-8080-exec-1] WARN  o.s.w.s.m.m.a.ExceptionHandlerExceptionResolver - Resolved [org.springframework.web.method.annotation.MethodArgumentTypeMismatchException: Method parameter 'id': Failed to convert value of type 'java.lang.String' to required type 'java.lang.Long'; For input string: "undefined"]
2026-07-18 18:46:48 [HikariPool-1:housekeeper] WARN  com.zaxxer.hikari.pool.PoolBase - HikariPool-1 - Failed to validate connection com.mysql.cj.jdbc.ConnectionImpl@3f36b551 (No operations allowed after connection closed.). Possibly consider using a shorter maxLifetime value.
2026-07-18 18:47:03 [HikariPool-1:housekeeper] WARN  com.zaxxer.hikari.pool.PoolBase - HikariPool-1 - Failed to validate connection com.mysql.cj.jdbc.ConnectionImpl@2b0fda78 (No operations allowed after connection closed.). Possibly consider using a shorter maxLifetime value.
2026-07-18 18:48:31 [HikariPool-1:housekeeper] WARN  com.zaxxer.hikari.pool.PoolBase - HikariPool-1 - Failed to validate connection com.mysql.cj.jdbc.ConnectionImpl@481b6375 (No operations allowed after connection closed.). Possibly consider using a shorter maxLifetime value.
2026-07-18 18:48:40 [HikariPool-1:housekeeper] WARN  com.zaxxer.hikari.pool.PoolBase - HikariPool-1 - Failed to validate connection com.mysql.cj.jdbc.ConnectionImpl@7b145cef (No operations allowed after connection closed.). Possibly consider using a shorter maxLifetime value.
2026-07-18 18:49:05 [SpringApplicationShutdownHook] INFO  o.s.boot.tomcat.GracefulShutdown - Commencing graceful shutdown. Waiting for active requests to complete
2026-07-18 18:49:05 [tomcat-shutdown] INFO  o.s.boot.tomcat.GracefulShutdown - Graceful shutdown complete
2026-07-18 18:49:05 [SpringApplicationShutdownHook] INFO  o.s.o.j.LocalContainerEntityManagerFactoryBean - Closing JPA EntityManagerFactory for persistence unit 'default'
2026-07-18 18:49:05 [SpringApplicationShutdownHook] INFO  com.zaxxer.hikari.HikariDataSource - HikariPool-1 - Shutdown initiated...
2026-07-18 18:49:05 [SpringApplicationShutdownHook] INFO  com.zaxxer.hikari.HikariDataSource - HikariPool-1 - Shutdown completed.
2026-07-18 18:49:11 [background-preinit] INFO  o.h.validator.internal.util.Version - HV000001: Hibernate Validator 9.0.1.Final
2026-07-18 18:49:11 [restartedMain] INFO  c.e.D.DocgenBackendApplication - Starting DocgenBackendApplication using Java 21.0.9 with PID 27696 (E:\DocGen New Front V2\Docgen-Backend\target\classes started by prath in E:\DocGen New Front V2\Docgen-Backend)
2026-07-18 18:49:11 [restartedMain] DEBUG c.e.D.DocgenBackendApplication - Running with Spring Boot v4.0.6, Spring v7.0.7
2026-07-18 18:49:11 [restartedMain] INFO  c.e.D.DocgenBackendApplication - No active profile set, falling back to 1 default profile: "default"
2026-07-18 18:49:11 [restartedMain] INFO  o.s.b.d.e.DevToolsPropertyDefaultsPostProcessor - Devtools property defaults active! Set 'spring.devtools.add-properties' to 'false' to disable
2026-07-18 18:49:11 [restartedMain] INFO  o.s.b.d.e.DevToolsPropertyDefaultsPostProcessor - For additional web related logging consider setting the 'logging.level.web' property to 'DEBUG'
2026-07-18 18:49:12 [restartedMain] INFO  o.s.d.r.c.RepositoryConfigurationDelegate - Bootstrapping Spring Data JPA repositories in DEFAULT mode.
2026-07-18 18:49:12 [restartedMain] INFO  o.s.d.r.c.RepositoryConfigurationDelegate - Finished Spring Data repository scanning in 48 ms. Found 2 JPA repository interfaces.
2026-07-18 18:49:13 [restartedMain] INFO  o.s.boot.tomcat.TomcatWebServer - Tomcat initialized with port 8080 (http)
2026-07-18 18:49:13 [restartedMain] INFO  o.a.coyote.http11.Http11NioProtocol - Initializing ProtocolHandler ["http-nio-8080"]
2026-07-18 18:49:13 [restartedMain] INFO  o.a.catalina.core.StandardService - Starting service [Tomcat]
2026-07-18 18:49:13 [restartedMain] INFO  o.a.catalina.core.StandardEngine - Starting Servlet engine: [Apache Tomcat/11.0.21]
2026-07-18 18:49:13 [restartedMain] INFO  o.s.b.w.c.s.WebApplicationContextInitializer - Root WebApplicationContext: initialization completed in 1406 ms
2026-07-18 18:49:13 [restartedMain] DEBUG c.e.Docgen_Backend.config.JwtFilter - Filter 'jwtFilter' configured for use
2026-07-18 18:49:13 [restartedMain] INFO  org.hibernate.orm.jpa - HHH008540: Processing PersistenceUnitInfo [name: default]
2026-07-18 18:49:13 [restartedMain] INFO  org.hibernate.orm.core - HHH000001: Hibernate ORM core version 7.2.12.Final
2026-07-18 18:49:13 [restartedMain] INFO  o.s.o.j.p.SpringPersistenceUnitInfo - No LoadTimeWeaver setup: ignoring JPA class transformer
2026-07-18 18:49:13 [restartedMain] INFO  com.zaxxer.hikari.HikariDataSource - HikariPool-1 - Starting...
2026-07-18 18:49:14 [restartedMain] INFO  com.zaxxer.hikari.pool.HikariPool - HikariPool-1 - Added connection com.mysql.cj.jdbc.ConnectionImpl@cc071ad
2026-07-18 18:49:14 [restartedMain] INFO  com.zaxxer.hikari.HikariDataSource - HikariPool-1 - Start completed.
2026-07-18 18:49:14 [restartedMain] WARN  org.hibernate.orm.jdbc - HHH100045: Could not obtain connection metadata: java.sql.SQLSyntaxErrorException: Unknown column 'RESERVED' in 'WHERE'
2026-07-18 18:49:14 [restartedMain] WARN  org.hibernate.orm.deprecation - HHH90000025: MySQLDialect does not need to be specified explicitly using 'hibernate.dialect' (remove the property setting and it will be selected by default)
2026-07-18 18:49:14 [restartedMain] INFO  o.hibernate.orm.connections.pooling - HHH10001005: Database info:
	Database JDBC URL [undefined/unknown]
	Database driver: undefined/unknown
	Database dialect: MySQLDialect
	Database version: 8.0
	Default catalog/schema: unknown/unknown
	Autocommit mode: undefined/unknown
	Isolation level: NONE [default NONE]
	JDBC fetch size: undefined/unknown
	Pool: DataSourceConnectionProvider
	Minimum pool size: undefined/unknown
	Maximum pool size: undefined/unknown
2026-07-18 18:49:15 [restartedMain] INFO  org.hibernate.orm.core - HHH000489: No JTA platform available (set 'hibernate.transaction.jta.platform' to enable JTA platform integration)
2026-07-18 18:49:22 [restartedMain] INFO  o.s.o.j.LocalContainerEntityManagerFactoryBean - Initialized JPA EntityManagerFactory for persistence unit 'default'
2026-07-18 18:49:22 [restartedMain] INFO  o.s.d.j.r.q.QueryEnhancerFactories - Hibernate is in classpath; If applicable, HQL parser will be used.
2026-07-18 18:49:22 [restartedMain] INFO  o.s.s.c.a.a.c.InitializeUserDetailsBeanManagerConfigurer$InitializeUserDetailsManagerConfigurer - Global AuthenticationManager configured with UserDetailsService bean with name customUserDetailsService
2026-07-18 18:49:22 [restartedMain] WARN  o.s.b.j.a.JpaBaseConfiguration$JpaWebConfiguration - spring.jpa.open-in-view is enabled by default. Therefore, database queries may be performed during view rendering. Explicitly configure spring.jpa.open-in-view to disable this warning
2026-07-18 18:49:23 [restartedMain] INFO  o.a.coyote.http11.Http11NioProtocol - Starting ProtocolHandler ["http-nio-8080"]
2026-07-18 18:49:23 [restartedMain] INFO  o.s.boot.tomcat.TomcatWebServer - Tomcat started on port 8080 (http) with context path '/'
2026-07-18 18:49:23 [restartedMain] INFO  c.e.D.DocgenBackendApplication - Started DocgenBackendApplication in 12.231 seconds (process running for 12.942)
2026-07-18 18:50:07 [http-nio-8080-exec-1] INFO  o.a.c.c.C.[Tomcat].[localhost].[/] - Initializing Spring DispatcherServlet 'dispatcherServlet'
2026-07-18 18:50:07 [http-nio-8080-exec-1] INFO  o.s.web.servlet.DispatcherServlet - Initializing Servlet 'dispatcherServlet'
2026-07-18 18:50:07 [http-nio-8080-exec-1] INFO  o.s.web.servlet.DispatcherServlet - Completed initialization in 0 ms
2026-07-18 18:50:07 [http-nio-8080-exec-2] INFO  c.e.Docgen_Backend.config.JwtFilter - JWT validated successfully for userId=6a311365ec2c34f3d9e4f06e
2026-07-18 18:50:07 [http-nio-8080-exec-2] ERROR c.e.D.e.GlobalExceptionHandler - Unexpected error occurred
org.springframework.web.method.annotation.MethodArgumentTypeMismatchException: Method parameter 'id': Failed to convert value of type 'java.lang.String' to required type 'java.lang.Long'; For input string: "undefined"
	at org.springframework.web.method.annotation.AbstractNamedValueMethodArgumentResolver.convertIfNecessary(AbstractNamedValueMethodArgumentResolver.java:295)
	at org.springframework.web.method.annotation.AbstractNamedValueMethodArgumentResolver.resolveArgument(AbstractNamedValueMethodArgumentResolver.java:134)
	at org.springframework.web.method.support.HandlerMethodArgumentResolverComposite.resolveArgument(HandlerMethodArgumentResolverComposite.java:122)
	at org.springframework.web.method.support.InvocableHandlerMethod.getMethodArgumentValues(InvocableHandlerMethod.java:224)
	at org.springframework.web.method.support.InvocableHandlerMethod.invokeForRequest(InvocableHandlerMethod.java:174)
	at org.springframework.web.servlet.mvc.method.annotation.ServletInvocableHandlerMethod.invokeAndHandle(ServletInvocableHandlerMethod.java:117)
	at org.springframework.web.servlet.mvc.method.annotation.RequestMappingHandlerAdapter.invokeHandlerMethod(RequestMappingHandlerAdapter.java:934)
	at org.springframework.web.servlet.mvc.method.annotation.RequestMappingHandlerAdapter.handleInternal(RequestMappingHandlerAdapter.java:853)
	at org.springframework.web.servlet.mvc.method.AbstractHandlerMethodAdapter.handle(AbstractHandlerMethodAdapter.java:86)
	at org.springframework.web.servlet.DispatcherServlet.doDispatch(DispatcherServlet.java:963)
	at org.springframework.web.servlet.DispatcherServlet.doService(DispatcherServlet.java:866)
	at org.springframework.web.servlet.FrameworkServlet.processRequest(FrameworkServlet.java:1000)
	at org.springframework.web.servlet.FrameworkServlet.service(FrameworkServlet.java:877)
	at jakarta.servlet.http.HttpServlet.service(HttpServlet.java:710)
	at org.apache.catalina.core.ApplicationFilterChain.doFilter(ApplicationFilterChain.java:128)
	at org.apache.tomcat.websocket.server.WsFilter.doFilter(WsFilter.java:53)
	at org.apache.catalina.core.ApplicationFilterChain.doFilter(ApplicationFilterChain.java:107)
	at org.springframework.web.filter.OncePerRequestFilter.doFilter(OncePerRequestFilter.java:110)
	at org.apache.catalina.core.ApplicationFilterChain.doFilter(ApplicationFilterChain.java:107)
	at org.springframework.web.filter.CompositeFilter$VirtualFilterChain.doFilter(CompositeFilter.java:108)
	at org.springframework.security.web.FilterChainProxy.lambda$doFilterInternal$3(FilterChainProxy.java:235)
	at org.springframework.security.web.FilterChainProxy$VirtualFilterChain.doFilter(FilterChainProxy.java:376)
	at org.springframework.security.web.access.intercept.AuthorizationFilter.doFilter(AuthorizationFilter.java:101)
	at org.springframework.security.web.FilterChainProxy$VirtualFilterChain.doFilter(FilterChainProxy.java:385)
	at org.springframework.security.web.access.ExceptionTranslationFilter.doFilter(ExceptionTranslationFilter.java:126)
	at org.springframework.security.web.access.ExceptionTranslationFilter.doFilter(ExceptionTranslationFilter.java:120)
	at org.springframework.security.web.FilterChainProxy$VirtualFilterChain.doFilter(FilterChainProxy.java:385)
	at org.springframework.security.web.session.SessionManagementFilter.doFilter(SessionManagementFilter.java:132)
	at org.springframework.security.web.session.SessionManagementFilter.doFilter(SessionManagementFilter.java:86)
	at org.springframework.security.web.FilterChainProxy$VirtualFilterChain.doFilter(FilterChainProxy.java:385)
	at org.springframework.security.web.authentication.AnonymousAuthenticationFilter.doFilter(AnonymousAuthenticationFilter.java:100)
	at org.springframework.security.web.FilterChainProxy$VirtualFilterChain.doFilter(FilterChainProxy.java:385)
	at org.springframework.security.web.servletapi.SecurityContextHolderAwareRequestFilter.doFilter(SecurityContextHolderAwareRequestFilter.java:181)
	at org.springframework.security.web.FilterChainProxy$VirtualFilterChain.doFilter(FilterChainProxy.java:385)
	at org.springframework.security.web.savedrequest.RequestCacheAwareFilter.doFilter(RequestCacheAwareFilter.java:63)
	at org.springframework.security.web.FilterChainProxy$VirtualFilterChain.doFilter(FilterChainProxy.java:385)
	at com.example.Docgen_Backend.config.JwtFilter.doFilterInternal(JwtFilter.java:111)
	at org.springframework.web.filter.OncePerRequestFilter.doFilter(OncePerRequestFilter.java:116)
	at org.springframework.security.web.FilterChainProxy$VirtualFilterChain.doFilter(FilterChainProxy.java:385)
	at org.springframework.security.web.authentication.logout.LogoutFilter.doFilter(LogoutFilter.java:110)
	at org.springframework.security.web.authentication.logout.LogoutFilter.doFilter(LogoutFilter.java:96)
	at org.springframework.security.web.FilterChainProxy$VirtualFilterChain.doFilter(FilterChainProxy.java:385)
	at org.springframework.web.filter.CorsFilter.doFilterInternal(CorsFilter.java:91)
	at org.springframework.web.filter.OncePerRequestFilter.doFilter(OncePerRequestFilter.java:116)
	at org.springframework.security.web.FilterChainProxy$VirtualFilterChain.doFilter(FilterChainProxy.java:385)
	at org.springframework.security.web.header.HeaderWriterFilter.doHeadersAfter(HeaderWriterFilter.java:90)
	at org.springframework.security.web.header.HeaderWriterFilter.doFilterInternal(HeaderWriterFilter.java:75)
	at org.springframework.web.filter.OncePerRequestFilter.doFilter(OncePerRequestFilter.java:116)
	at org.springframework.security.web.FilterChainProxy$VirtualFilterChain.doFilter(FilterChainProxy.java:385)
	at org.springframework.security.web.context.SecurityContextHolderFilter.doFilter(SecurityContextHolderFilter.java:82)
	at org.springframework.security.web.context.SecurityContextHolderFilter.doFilter(SecurityContextHolderFilter.java:69)
	at org.springframework.security.web.FilterChainProxy$VirtualFilterChain.doFilter(FilterChainProxy.java:385)
	at org.springframework.security.web.context.request.async.WebAsyncManagerIntegrationFilter.doFilterInternal(WebAsyncManagerIntegrationFilter.java:62)
	at org.springframework.web.filter.OncePerRequestFilter.doFilter(OncePerRequestFilter.java:116)
	at org.springframework.security.web.FilterChainProxy$VirtualFilterChain.doFilter(FilterChainProxy.java:385)
	at org.springframework.security.web.session.DisableEncodeUrlFilter.doFilterInternal(DisableEncodeUrlFilter.java:42)
	at org.springframework.web.filter.OncePerRequestFilter.doFilter(OncePerRequestFilter.java:116)
	at org.springframework.security.web.FilterChainProxy$VirtualFilterChain.doFilter(FilterChainProxy.java:385)
	at org.springframework.security.web.FilterChainProxy.doFilterInternal(FilterChainProxy.java:237)
	at org.springframework.security.web.FilterChainProxy.doFilter(FilterChainProxy.java:195)
	at org.springframework.web.filter.CompositeFilter$VirtualFilterChain.doFilter(CompositeFilter.java:113)
	at org.springframework.web.filter.ServletRequestPathFilter.doFilter(ServletRequestPathFilter.java:52)
	at org.springframework.web.filter.CompositeFilter$VirtualFilterChain.doFilter(CompositeFilter.java:113)
	at org.springframework.web.filter.CompositeFilter.doFilter(CompositeFilter.java:74)
	at org.springframework.security.config.annotation.web.configuration.WebSecurityConfiguration$CompositeFilterChainProxy.doFilter(WebSecurityConfiguration.java:317)
	at org.springframework.web.filter.DelegatingFilterProxy.invokeDelegate(DelegatingFilterProxy.java:355)
	at org.springframework.web.filter.DelegatingFilterProxy.doFilter(DelegatingFilterProxy.java:272)
	at org.apache.catalina.core.ApplicationFilterChain.doFilter(ApplicationFilterChain.java:107)
	at org.springframework.web.filter.RequestContextFilter.doFilterInternal(RequestContextFilter.java:100)
	at org.springframework.web.filter.OncePerRequestFilter.doFilter(OncePerRequestFilter.java:116)
	at org.apache.catalina.core.ApplicationFilterChain.doFilter(ApplicationFilterChain.java:107)
	at org.springframework.web.filter.FormContentFilter.doFilterInternal(FormContentFilter.java:93)
	at org.springframework.web.filter.OncePerRequestFilter.doFilter(OncePerRequestFilter.java:116)
	at org.apache.catalina.core.ApplicationFilterChain.doFilter(ApplicationFilterChain.java:107)
	at org.springframework.web.filter.CharacterEncodingFilter.doFilterInternal(CharacterEncodingFilter.java:199)
	at org.springframework.web.filter.OncePerRequestFilter.doFilter(OncePerRequestFilter.java:116)
	at org.apache.catalina.core.ApplicationFilterChain.doFilter(ApplicationFilterChain.java:107)
	at org.apache.catalina.core.StandardWrapperValve.invoke(StandardWrapperValve.java:165)
	at org.apache.catalina.core.StandardContextValve.invoke(StandardContextValve.java:77)
	at org.apache.catalina.authenticator.AuthenticatorBase.invoke(AuthenticatorBase.java:492)
	at org.apache.catalina.core.StandardHostValve.invoke(StandardHostValve.java:113)
	at org.apache.catalina.valves.ErrorReportValve.invoke(ErrorReportValve.java:83)
	at org.apache.catalina.core.StandardEngineValve.invoke(StandardEngineValve.java:72)
	at org.apache.catalina.connector.CoyoteAdapter.service(CoyoteAdapter.java:341)
	at org.apache.coyote.http11.Http11Processor.service(Http11Processor.java:397)
	at org.apache.coyote.AbstractProcessorLight.process(AbstractProcessorLight.java:63)
	at org.apache.coyote.AbstractProtocol$ConnectionHandler.process(AbstractProtocol.java:903)
	at org.apache.tomcat.util.net.NioEndpoint$SocketProcessor.doRun(NioEndpoint.java:1801)
	at org.apache.tomcat.util.net.SocketProcessorBase.run(SocketProcessorBase.java:52)
	at org.apache.tomcat.util.threads.ThreadPoolExecutor.runWorker(ThreadPoolExecutor.java:946)
	at org.apache.tomcat.util.threads.ThreadPoolExecutor$Worker.run(ThreadPoolExecutor.java:480)
	at org.apache.tomcat.util.threads.TaskThread$WrappingRunnable.run(TaskThread.java:57)
	at java.base/java.lang.Thread.run(Thread.java:1583)
Caused by: java.lang.NumberFormatException: For input string: "undefined"
	at java.base/java.lang.NumberFormatException.forInputString(NumberFormatException.java:67)
	at java.base/java.lang.Long.parseLong(Long.java:709)
	at java.base/java.lang.Long.valueOf(Long.java:1157)
	at org.springframework.util.NumberUtils.parseNumber(NumberUtils.java:204)
	at org.springframework.beans.propertyeditors.CustomNumberEditor.setAsText(CustomNumberEditor.java:115)
	at org.springframework.beans.TypeConverterDelegate.doConvertTextValue(TypeConverterDelegate.java:434)
	at org.springframework.beans.TypeConverterDelegate.doConvertValue(TypeConverterDelegate.java:407)
	at org.springframework.beans.TypeConverterDelegate.convertIfNecessary(TypeConverterDelegate.java:158)
	at org.springframework.beans.TypeConverterSupport.convertIfNecessary(TypeConverterSupport.java:75)
	at org.springframework.beans.TypeConverterSupport.convertIfNecessary(TypeConverterSupport.java:51)
	at org.springframework.validation.DataBinder.convertIfNecessary(DataBinder.java:843)
	at org.springframework.web.method.annotation.AbstractNamedValueMethodArgumentResolver.convertIfNecessary(AbstractNamedValueMethodArgumentResolver.java:287)
	... 92 common frames omitted
2026-07-18 18:50:07 [http-nio-8080-exec-2] WARN  o.s.w.s.m.m.a.ExceptionHandlerExceptionResolver - Resolved [org.springframework.web.method.annotation.MethodArgumentTypeMismatchException: Method parameter 'id': Failed to convert value of type 'java.lang.String' to required type 'java.lang.Long'; For input string: "undefined"]
2026-07-18 18:50:54 [HikariPool-1:housekeeper] WARN  com.zaxxer.hikari.pool.PoolBase - HikariPool-1 - Failed to validate connection com.mysql.cj.jdbc.ConnectionImpl@62c3a233 (No operations allowed after connection closed.). Possibly consider using a shorter maxLifetime value.
2026-07-18 18:51:04 [HikariPool-1:housekeeper] WARN  com.zaxxer.hikari.pool.PoolBase - HikariPool-1 - Failed to validate connection com.mysql.cj.jdbc.ConnectionImpl@cc071ad (No operations allowed after connection closed.). Possibly consider using a shorter maxLifetime value.
2026-07-18 18:51:04 [HikariPool-1:housekeeper] WARN  com.zaxxer.hikari.pool.PoolBase - HikariPool-1 - Failed to validate connection com.mysql.cj.jdbc.ConnectionImpl@349d73fe (No operations allowed after connection closed.). Possibly consider using a shorter maxLifetime value.
2026-07-18 18:52:54 [HikariPool-1:housekeeper] WARN  com.zaxxer.hikari.pool.PoolBase - HikariPool-1 - Failed to validate connection com.mysql.cj.jdbc.ConnectionImpl@6dc1f874 (No operations allowed after connection closed.). Possibly consider using a shorter maxLifetime value.
2026-07-18 18:52:56 [HikariPool-1:housekeeper] WARN  com.zaxxer.hikari.pool.PoolBase - HikariPool-1 - Failed to validate connection com.mysql.cj.jdbc.ConnectionImpl@41aacc9b (No operations allowed after connection closed.). Possibly consider using a shorter maxLifetime value.
2026-07-18 18:54:46 [HikariPool-1:housekeeper] WARN  com.zaxxer.hikari.pool.PoolBase - HikariPool-1 - Failed to validate connection com.mysql.cj.jdbc.ConnectionImpl@1e7755d3 (No operations allowed after connection closed.). Possibly consider using a shorter maxLifetime value.
2026-07-18 18:54:48 [HikariPool-1:housekeeper] WARN  com.zaxxer.hikari.pool.PoolBase - HikariPool-1 - Failed to validate connection com.mysql.cj.jdbc.ConnectionImpl@794d6f48 (No operations allowed after connection closed.). Possibly consider using a shorter maxLifetime value.
2026-07-18 18:56:30 [HikariPool-1:housekeeper] WARN  com.zaxxer.hikari.pool.PoolBase - HikariPool-1 - Failed to validate connection com.mysql.cj.jdbc.ConnectionImpl@6e14baee (No operations allowed after connection closed.). Possibly consider using a shorter maxLifetime value.
2026-07-18 18:56:36 [HikariPool-1:housekeeper] WARN  com.zaxxer.hikari.pool.PoolBase - HikariPool-1 - Failed to validate connection com.mysql.cj.jdbc.ConnectionImpl@edb48ca (No operations allowed after connection closed.). Possibly consider using a shorter maxLifetime value.
2026-07-18 18:58:11 [HikariPool-1:housekeeper] WARN  com.zaxxer.hikari.pool.PoolBase - HikariPool-1 - Failed to validate connection com.mysql.cj.jdbc.ConnectionImpl@57765bcd (No operations allowed after connection closed.). Possibly consider using a shorter maxLifetime value.
2026-07-18 18:58:15 [HikariPool-1:housekeeper] WARN  com.zaxxer.hikari.pool.PoolBase - HikariPool-1 - Failed to validate connection com.mysql.cj.jdbc.ConnectionImpl@4480df0 (No operations allowed after connection closed.). Possibly consider using a shorter maxLifetime value.
2026-07-18 18:59:52 [HikariPool-1:housekeeper] WARN  com.zaxxer.hikari.pool.PoolBase - HikariPool-1 - Failed to validate connection com.mysql.cj.jdbc.ConnectionImpl@6ad319fe (No operations allowed after connection closed.). Possibly consider using a shorter maxLifetime value.
2026-07-18 19:00:03 [HikariPool-1:housekeeper] WARN  com.zaxxer.hikari.pool.PoolBase - HikariPool-1 - Failed to validate connection com.mysql.cj.jdbc.ConnectionImpl@53d29c89 (No operations allowed after connection closed.). Possibly consider using a shorter maxLifetime value.
2026-07-18 19:01:34 [HikariPool-1:housekeeper] WARN  com.zaxxer.hikari.pool.PoolBase - HikariPool-1 - Failed to validate connection com.mysql.cj.jdbc.ConnectionImpl@655fdb7f (No operations allowed after connection closed.). Possibly consider using a shorter maxLifetime value.
2026-07-18 19:01:55 [HikariPool-1:housekeeper] WARN  com.zaxxer.hikari.pool.PoolBase - HikariPool-1 - Failed to validate connection com.mysql.cj.jdbc.ConnectionImpl@59319d44 (No operations allowed after connection closed.). Possibly consider using a shorter maxLifetime value.
2026-07-18 19:03:20 [HikariPool-1:housekeeper] WARN  com.zaxxer.hikari.pool.PoolBase - HikariPool-1 - Failed to validate connection com.mysql.cj.jdbc.ConnectionImpl@5c65a003 (No operations allowed after connection closed.). Possibly consider using a shorter maxLifetime value.
2026-07-18 19:03:52 [HikariPool-1:housekeeper] WARN  com.zaxxer.hikari.pool.PoolBase - HikariPool-1 - Failed to validate connection com.mysql.cj.jdbc.ConnectionImpl@145017f8 (No operations allowed after connection closed.). Possibly consider using a shorter maxLifetime value.
2026-07-18 19:05:19 [HikariPool-1:housekeeper] WARN  com.zaxxer.hikari.pool.PoolBase - HikariPool-1 - Failed to validate connection com.mysql.cj.jdbc.ConnectionImpl@7254500e (No operations allowed after connection closed.). Possibly consider using a shorter maxLifetime value.
2026-07-18 19:05:44 [HikariPool-1:housekeeper] WARN  com.zaxxer.hikari.pool.PoolBase - HikariPool-1 - Failed to validate connection com.mysql.cj.jdbc.ConnectionImpl@540a4076 (No operations allowed after connection closed.). Possibly consider using a shorter maxLifetime value.
2026-07-18 19:07:08 [HikariPool-1:housekeeper] WARN  com.zaxxer.hikari.pool.PoolBase - HikariPool-1 - Failed to validate connection com.mysql.cj.jdbc.ConnectionImpl@3a77f15 (No operations allowed after connection closed.). Possibly consider using a shorter maxLifetime value.
2026-07-18 19:07:25 [HikariPool-1:housekeeper] WARN  com.zaxxer.hikari.pool.PoolBase - HikariPool-1 - Failed to validate connection com.mysql.cj.jdbc.ConnectionImpl@4e90247b (No operations allowed after connection closed.). Possibly consider using a shorter maxLifetime value.
2026-07-18 19:09:02 [HikariPool-1:housekeeper] WARN  com.zaxxer.hikari.pool.PoolBase - HikariPool-1 - Failed to validate connection com.mysql.cj.jdbc.ConnectionImpl@39117563 (No operations allowed after connection closed.). Possibly consider using a shorter maxLifetime value.
2026-07-18 19:09:03 [HikariPool-1:housekeeper] WARN  com.zaxxer.hikari.pool.PoolBase - HikariPool-1 - Failed to validate connection com.mysql.cj.jdbc.ConnectionImpl@4063306f (No operations allowed after connection closed.). Possibly consider using a shorter maxLifetime value.
2026-07-18 19:10:58 [HikariPool-1:housekeeper] WARN  com.zaxxer.hikari.pool.PoolBase - HikariPool-1 - Failed to validate connection com.mysql.cj.jdbc.ConnectionImpl@76cf37f9 (No operations allowed after connection closed.). Possibly consider using a shorter maxLifetime value.
2026-07-18 19:11:03 [HikariPool-1:housekeeper] WARN  com.zaxxer.hikari.pool.PoolBase - HikariPool-1 - Failed to validate connection com.mysql.cj.jdbc.ConnectionImpl@30dcbf0b (No operations allowed after connection closed.). Possibly consider using a shorter maxLifetime value.
2026-07-18 19:12:40 [HikariPool-1:housekeeper] WARN  com.zaxxer.hikari.pool.PoolBase - HikariPool-1 - Failed to validate connection com.mysql.cj.jdbc.ConnectionImpl@69e51137 (No operations allowed after connection closed.). Possibly consider using a shorter maxLifetime value.
2026-07-18 19:12:49 [HikariPool-1:housekeeper] WARN  com.zaxxer.hikari.pool.PoolBase - HikariPool-1 - Failed to validate connection com.mysql.cj.jdbc.ConnectionImpl@1dd7376e (No operations allowed after connection closed.). Possibly consider using a shorter maxLifetime value.
2026-07-18 19:14:33 [HikariPool-1:housekeeper] WARN  com.zaxxer.hikari.pool.PoolBase - HikariPool-1 - Failed to validate connection com.mysql.cj.jdbc.ConnectionImpl@98b2ba2 (No operations allowed after connection closed.). Possibly consider using a shorter maxLifetime value.
2026-07-18 19:14:39 [HikariPool-1:housekeeper] WARN  com.zaxxer.hikari.pool.PoolBase - HikariPool-1 - Failed to validate connection com.mysql.cj.jdbc.ConnectionImpl@1f736f3b (No operations allowed after connection closed.). Possibly consider using a shorter maxLifetime value.
2026-07-18 19:16:20 [HikariPool-1:housekeeper] WARN  com.zaxxer.hikari.pool.PoolBase - HikariPool-1 - Failed to validate connection com.mysql.cj.jdbc.ConnectionImpl@3015b551 (No operations allowed after connection closed.). Possibly consider using a shorter maxLifetime value.
2026-07-18 19:16:32 [HikariPool-1:housekeeper] WARN  com.zaxxer.hikari.pool.PoolBase - HikariPool-1 - Failed to validate connection com.mysql.cj.jdbc.ConnectionImpl@55da5f6b (No operations allowed after connection closed.). Possibly consider using a shorter maxLifetime value.
2026-07-18 23:47:13 [HikariPool-1:housekeeper] WARN  com.zaxxer.hikari.pool.HikariPool - HikariPool-1 - Thread starvation or clock leap detected (housekeeper delta=4h30m28s157ms26µs600ns).
2026-07-18 23:47:13 [HikariPool-1:housekeeper] WARN  com.zaxxer.hikari.pool.PoolBase - HikariPool-1 - Failed to validate connection com.mysql.cj.jdbc.ConnectionImpl@32b7f390 (No operations allowed after connection closed.). Possibly consider using a shorter maxLifetime value.
2026-07-18 23:47:13 [HikariPool-1:housekeeper] WARN  com.zaxxer.hikari.pool.PoolBase - HikariPool-1 - Failed to validate connection com.mysql.cj.jdbc.ConnectionImpl@437559ed (No operations allowed after connection closed.). Possibly consider using a shorter maxLifetime value.
2026-07-18 23:47:36 [SpringApplicationShutdownHook] INFO  o.s.boot.tomcat.GracefulShutdown - Commencing graceful shutdown. Waiting for active requests to complete
2026-07-18 23:47:37 [tomcat-shutdown] INFO  o.s.boot.tomcat.GracefulShutdown - Graceful shutdown complete
2026-07-18 23:47:37 [SpringApplicationShutdownHook] INFO  o.s.o.j.LocalContainerEntityManagerFactoryBean - Closing JPA EntityManagerFactory for persistence unit 'default'
2026-07-18 23:47:37 [SpringApplicationShutdownHook] INFO  com.zaxxer.hikari.HikariDataSource - HikariPool-1 - Shutdown initiated...
2026-07-18 23:47:37 [SpringApplicationShutdownHook] INFO  com.zaxxer.hikari.HikariDataSource - HikariPool-1 - Shutdown completed.
2026-07-18 23:47:53 [background-preinit] INFO  o.h.validator.internal.util.Version - HV000001: Hibernate Validator 9.0.1.Final
2026-07-18 23:47:53 [restartedMain] INFO  c.e.D.DocgenBackendApplication - Starting DocgenBackendApplication using Java 21.0.9 with PID 23104 (E:\DocGen New Front V2\Docgen-Backend\target\classes started by prath in E:\DocGen New Front V2\Docgen-Backend)
2026-07-18 23:47:53 [restartedMain] DEBUG c.e.D.DocgenBackendApplication - Running with Spring Boot v4.0.6, Spring v7.0.7
2026-07-18 23:47:53 [restartedMain] INFO  c.e.D.DocgenBackendApplication - No active profile set, falling back to 1 default profile: "default"
2026-07-18 23:47:53 [restartedMain] INFO  o.s.b.d.e.DevToolsPropertyDefaultsPostProcessor - Devtools property defaults active! Set 'spring.devtools.add-properties' to 'false' to disable
2026-07-18 23:47:53 [restartedMain] INFO  o.s.b.d.e.DevToolsPropertyDefaultsPostProcessor - For additional web related logging consider setting the 'logging.level.web' property to 'DEBUG'
2026-07-18 23:47:54 [restartedMain] INFO  o.s.d.r.c.RepositoryConfigurationDelegate - Bootstrapping Spring Data JPA repositories in DEFAULT mode.
2026-07-18 23:47:54 [restartedMain] INFO  o.s.d.r.c.RepositoryConfigurationDelegate - Finished Spring Data repository scanning in 65 ms. Found 2 JPA repository interfaces.
2026-07-18 23:47:55 [restartedMain] INFO  o.s.boot.tomcat.TomcatWebServer - Tomcat initialized with port 8080 (http)
2026-07-18 23:47:55 [restartedMain] INFO  o.a.coyote.http11.Http11NioProtocol - Initializing ProtocolHandler ["http-nio-8080"]
2026-07-18 23:47:55 [restartedMain] INFO  o.a.catalina.core.StandardService - Starting service [Tomcat]
2026-07-18 23:47:55 [restartedMain] INFO  o.a.catalina.core.StandardEngine - Starting Servlet engine: [Apache Tomcat/11.0.21]
2026-07-18 23:47:55 [restartedMain] INFO  o.s.b.w.c.s.WebApplicationContextInitializer - Root WebApplicationContext: initialization completed in 1793 ms
2026-07-18 23:47:55 [restartedMain] DEBUG c.e.Docgen_Backend.config.JwtFilter - Filter 'jwtFilter' configured for use
2026-07-18 23:47:55 [restartedMain] INFO  org.hibernate.orm.jpa - HHH008540: Processing PersistenceUnitInfo [name: default]
2026-07-18 23:47:55 [restartedMain] INFO  org.hibernate.orm.core - HHH000001: Hibernate ORM core version 7.2.12.Final
2026-07-18 23:47:56 [restartedMain] INFO  o.s.o.j.p.SpringPersistenceUnitInfo - No LoadTimeWeaver setup: ignoring JPA class transformer
2026-07-18 23:47:56 [restartedMain] INFO  com.zaxxer.hikari.HikariDataSource - HikariPool-1 - Starting...
2026-07-18 23:47:57 [restartedMain] INFO  com.zaxxer.hikari.pool.HikariPool - HikariPool-1 - Added connection com.mysql.cj.jdbc.ConnectionImpl@28f7f2a7
2026-07-18 23:47:57 [restartedMain] INFO  com.zaxxer.hikari.HikariDataSource - HikariPool-1 - Start completed.
2026-07-18 23:47:58 [restartedMain] WARN  org.hibernate.orm.jdbc - HHH100045: Could not obtain connection metadata: java.sql.SQLSyntaxErrorException: Unknown column 'RESERVED' in 'WHERE'
2026-07-18 23:47:58 [restartedMain] WARN  org.hibernate.orm.deprecation - HHH90000025: MySQLDialect does not need to be specified explicitly using 'hibernate.dialect' (remove the property setting and it will be selected by default)
2026-07-18 23:47:58 [restartedMain] INFO  o.hibernate.orm.connections.pooling - HHH10001005: Database info:
	Database JDBC URL [undefined/unknown]
	Database driver: undefined/unknown
	Database dialect: MySQLDialect
	Database version: 8.0
	Default catalog/schema: unknown/unknown
	Autocommit mode: undefined/unknown
	Isolation level: NONE [default NONE]
	JDBC fetch size: undefined/unknown
	Pool: DataSourceConnectionProvider
	Minimum pool size: undefined/unknown
	Maximum pool size: undefined/unknown
2026-07-18 23:48:00 [restartedMain] INFO  org.hibernate.orm.core - HHH000489: No JTA platform available (set 'hibernate.transaction.jta.platform' to enable JTA platform integration)
2026-07-18 23:54:28 [background-preinit] INFO  o.h.validator.internal.util.Version - HV000001: Hibernate Validator 9.0.1.Final
2026-07-18 23:54:28 [restartedMain] INFO  c.e.D.DocgenBackendApplication - Starting DocgenBackendApplication using Java 21.0.9 with PID 10520 (E:\DocGen New Front V2\Docgen-Backend\target\classes started by prath in E:\DocGen New Front V2\Docgen-Backend)
2026-07-18 23:54:28 [restartedMain] DEBUG c.e.D.DocgenBackendApplication - Running with Spring Boot v4.0.6, Spring v7.0.7
2026-07-18 23:54:28 [restartedMain] INFO  c.e.D.DocgenBackendApplication - No active profile set, falling back to 1 default profile: "default"
2026-07-18 23:54:28 [restartedMain] INFO  o.s.b.d.e.DevToolsPropertyDefaultsPostProcessor - Devtools property defaults active! Set 'spring.devtools.add-properties' to 'false' to disable
2026-07-18 23:54:28 [restartedMain] INFO  o.s.b.d.e.DevToolsPropertyDefaultsPostProcessor - For additional web related logging consider setting the 'logging.level.web' property to 'DEBUG'
2026-07-18 23:54:29 [restartedMain] INFO  o.s.d.r.c.RepositoryConfigurationDelegate - Bootstrapping Spring Data JPA repositories in DEFAULT mode.
2026-07-18 23:54:29 [restartedMain] INFO  o.s.d.r.c.RepositoryConfigurationDelegate - Finished Spring Data repository scanning in 49 ms. Found 2 JPA repository interfaces.
2026-07-18 23:54:29 [restartedMain] INFO  o.s.boot.tomcat.TomcatWebServer - Tomcat initialized with port 8080 (http)
2026-07-18 23:54:29 [restartedMain] INFO  o.a.coyote.http11.Http11NioProtocol - Initializing ProtocolHandler ["http-nio-8080"]
2026-07-18 23:54:29 [restartedMain] INFO  o.a.catalina.core.StandardService - Starting service [Tomcat]
2026-07-18 23:54:29 [restartedMain] INFO  o.a.catalina.core.StandardEngine - Starting Servlet engine: [Apache Tomcat/11.0.21]
2026-07-18 23:54:29 [restartedMain] INFO  o.s.b.w.c.s.WebApplicationContextInitializer - Root WebApplicationContext: initialization completed in 1425 ms
2026-07-18 23:54:29 [restartedMain] DEBUG c.e.Docgen_Backend.config.JwtFilter - Filter 'jwtFilter' configured for use
2026-07-18 23:54:29 [restartedMain] INFO  org.hibernate.orm.jpa - HHH008540: Processing PersistenceUnitInfo [name: default]
2026-07-18 23:54:30 [restartedMain] INFO  org.hibernate.orm.core - HHH000001: Hibernate ORM core version 7.2.12.Final
2026-07-18 23:54:30 [restartedMain] INFO  o.s.o.j.p.SpringPersistenceUnitInfo - No LoadTimeWeaver setup: ignoring JPA class transformer
2026-07-18 23:54:30 [restartedMain] INFO  com.zaxxer.hikari.HikariDataSource - HikariPool-1 - Starting...
2026-07-18 23:54:31 [restartedMain] INFO  com.zaxxer.hikari.pool.HikariPool - HikariPool-1 - Added connection com.mysql.cj.jdbc.ConnectionImpl@f693d09
2026-07-18 23:54:31 [restartedMain] INFO  com.zaxxer.hikari.HikariDataSource - HikariPool-1 - Start completed.
2026-07-18 23:54:31 [restartedMain] WARN  org.hibernate.orm.jdbc - HHH100045: Could not obtain connection metadata: java.sql.SQLSyntaxErrorException: Unknown column 'RESERVED' in 'WHERE'
2026-07-18 23:54:31 [restartedMain] WARN  org.hibernate.orm.deprecation - HHH90000025: MySQLDialect does not need to be specified explicitly using 'hibernate.dialect' (remove the property setting and it will be selected by default)
2026-07-18 23:54:31 [restartedMain] INFO  o.hibernate.orm.connections.pooling - HHH10001005: Database info:
	Database JDBC URL [undefined/unknown]
	Database driver: undefined/unknown
	Database dialect: MySQLDialect
	Database version: 8.0
	Default catalog/schema: unknown/unknown
	Autocommit mode: undefined/unknown
	Isolation level: NONE [default NONE]
	JDBC fetch size: undefined/unknown
	Pool: DataSourceConnectionProvider
	Minimum pool size: undefined/unknown
	Maximum pool size: undefined/unknown
2026-07-18 23:54:33 [restartedMain] INFO  org.hibernate.orm.core - HHH000489: No JTA platform available (set 'hibernate.transaction.jta.platform' to enable JTA platform integration)
2026-07-18 23:54:41 [restartedMain] INFO  o.s.o.j.LocalContainerEntityManagerFactoryBean - Initialized JPA EntityManagerFactory for persistence unit 'default'
2026-07-18 23:54:41 [restartedMain] INFO  o.s.d.j.r.q.QueryEnhancerFactories - Hibernate is in classpath; If applicable, HQL parser will be used.
2026-07-18 23:54:41 [restartedMain] INFO  o.s.s.c.a.a.c.InitializeUserDetailsBeanManagerConfigurer$InitializeUserDetailsManagerConfigurer - Global AuthenticationManager configured with UserDetailsService bean with name customUserDetailsService
2026-07-18 23:54:42 [restartedMain] WARN  o.s.b.j.a.JpaBaseConfiguration$JpaWebConfiguration - spring.jpa.open-in-view is enabled by default. Therefore, database queries may be performed during view rendering. Explicitly configure spring.jpa.open-in-view to disable this warning
2026-07-18 23:54:42 [restartedMain] INFO  o.a.coyote.http11.Http11NioProtocol - Starting ProtocolHandler ["http-nio-8080"]
2026-07-18 23:54:43 [restartedMain] INFO  o.s.boot.tomcat.TomcatWebServer - Tomcat started on port 8080 (http) with context path '/'
2026-07-18 23:54:43 [restartedMain] INFO  c.e.D.DocgenBackendApplication - Started DocgenBackendApplication in 15.326 seconds (process running for 15.916)
2026-07-18 23:54:47 [http-nio-8080-exec-1] INFO  o.a.c.c.C.[Tomcat].[localhost].[/] - Initializing Spring DispatcherServlet 'dispatcherServlet'
2026-07-18 23:54:47 [http-nio-8080-exec-1] INFO  o.s.web.servlet.DispatcherServlet - Initializing Servlet 'dispatcherServlet'
2026-07-18 23:54:47 [http-nio-8080-exec-1] INFO  o.s.web.servlet.DispatcherServlet - Completed initialization in 1 ms
2026-07-18 23:54:47 [http-nio-8080-exec-3] INFO  c.e.Docgen_Backend.config.JwtFilter - JWT validated successfully for userId=6a311365ec2c34f3d9e4f06e
2026-07-18 23:54:47 [http-nio-8080-exec-3] INFO  c.e.D.controller.UserController - GET /api/v2/users - Fetch all users request received | page=0, size=8, sortBy=id, direction=desc
2026-07-18 23:54:54 [http-nio-8080-exec-3] INFO  c.e.D.controller.UserController - Fetched 8 users on page 0 of 2
2026-07-18 23:54:55 [http-nio-8080-exec-4] INFO  c.e.Docgen_Backend.config.JwtFilter - JWT validated successfully for userId=6a311365ec2c34f3d9e4f06e
2026-07-18 23:54:55 [http-nio-8080-exec-4] INFO  c.e.D.controller.UserController - GET /api/v2/users - Fetch all users request received | page=0, size=8, sortBy=id, direction=desc
2026-07-18 23:55:01 [http-nio-8080-exec-4] INFO  c.e.D.controller.UserController - Fetched 8 users on page 0 of 2
2026-07-18 23:55:55 [http-nio-8080-exec-7] INFO  c.e.Docgen_Backend.config.JwtFilter - JWT validated successfully for userId=6a311365ec2c34f3d9e4f06e
2026-07-18 23:55:55 [http-nio-8080-exec-7] INFO  c.e.D.controller.UserController - GET /api/v2/users/23 - Fetch request received
2026-07-18 23:55:55 [http-nio-8080-exec-7] INFO  c.e.D.service.impl.UserServiceImpl - Fetching user profile for edit | userId=23
2026-07-18 23:55:55 [http-nio-8080-exec-7] WARN  com.zaxxer.hikari.pool.PoolBase - HikariPool-1 - Failed to validate connection com.mysql.cj.jdbc.ConnectionImpl@f693d09 (No operations allowed after connection closed.). Possibly consider using a shorter maxLifetime value.
2026-07-18 23:55:55 [http-nio-8080-exec-7] WARN  com.zaxxer.hikari.pool.PoolBase - HikariPool-1 - Failed to validate connection com.mysql.cj.jdbc.ConnectionImpl@475cf7e2 (No operations allowed after connection closed.). Possibly consider using a shorter maxLifetime value.
2026-07-18 23:55:55 [http-nio-8080-exec-7] WARN  com.zaxxer.hikari.pool.PoolBase - HikariPool-1 - Failed to validate connection com.mysql.cj.jdbc.ConnectionImpl@5a1d5f05 (No operations allowed after connection closed.). Possibly consider using a shorter maxLifetime value.
2026-07-18 23:55:57 [http-nio-8080-exec-7] DEBUG c.e.D.service.impl.UserServiceImpl - User found | userId=23 | employeeId=SMDS0347
2026-07-18 23:55:57 [http-nio-8080-exec-7] INFO  c.e.D.service.impl.UserServiceImpl - User profile fetched successfully | userId=23 | timeTaken=1386ms
2026-07-18 23:55:57 [http-nio-8080-exec-7] INFO  c.e.D.controller.UserController - Profile fetched successfully for userId=23
2026-07-18 23:55:57 [http-nio-8080-exec-7] DEBUG c.e.D.controller.UserController - Fetched profile data: UserProfileResponseDTO(id=23, employeeName=Anil Jejurkar, employeeId=SMDS0347, email=prathamesh69bhavsar@gmail.com, mobileNo=8007454299, joiningDesignation=Java Developer, currentDesignation=Senior Software Developer, department=Information Technology, company=DCS, identity=MR, pfType=WITH_PF, accountNo=067010110011164, bankName=Bank of india, currentAddress=N-42,VD-1/3/1,Sawta Nager,Cidco,Trimurti Chowk, permanentAddress=null, joiningCTC=360000.0, currentCTC=800000.0, dateOfBirth=1992-05-29, offerDate=2022-04-21, joiningDate=2022-05-02, panNo=BBTPJ7835H, documents={APPOINTMENT_LETTER=DocumentResponseDTO(generated=false, data=null), INTERNSHIP_LETTER=DocumentResponseDTO(generated=false, data=null), EXPERIENCE_LETTER=DocumentResponseDTO(generated=true, data={issueDate=2026-07-18, relievingDate=2026-07-19}), FULL_AND_FINAL=DocumentResponseDTO(generated=false, data=null), CONFIRMATION_LETTER=DocumentResponseDTO(generated=false, data=null), INCREMENT_LETTER=DocumentResponseDTO(generated=false, data=null), RELIEVING_LETTER=DocumentResponseDTO(generated=false, data=null), SALARY_SLIP=DocumentResponseDTO(generated=true, data={startMonth=2026-01, endMonth=2026-06}), COMPLETION_LETTER=DocumentResponseDTO(generated=false, data=null), OFFER_LETTER=DocumentResponseDTO(generated=true, data={issueDate=2026-07-18, probationPeriod=3})})
2026-07-18 23:55:57 [http-nio-8080-exec-8] INFO  c.e.Docgen_Backend.config.JwtFilter - JWT validated successfully for userId=6a311365ec2c34f3d9e4f06e
2026-07-18 23:55:57 [http-nio-8080-exec-8] INFO  c.e.D.controller.UserController - GET /api/v2/users/23 - Fetch request received
2026-07-18 23:55:57 [http-nio-8080-exec-8] INFO  c.e.D.service.impl.UserServiceImpl - Fetching user profile for edit | userId=23
2026-07-18 23:55:58 [http-nio-8080-exec-8] DEBUG c.e.D.service.impl.UserServiceImpl - User found | userId=23 | employeeId=SMDS0347
2026-07-18 23:55:58 [http-nio-8080-exec-8] INFO  c.e.D.service.impl.UserServiceImpl - User profile fetched successfully | userId=23 | timeTaken=733ms
2026-07-18 23:55:58 [http-nio-8080-exec-8] INFO  c.e.D.controller.UserController - Profile fetched successfully for userId=23
2026-07-18 23:55:58 [http-nio-8080-exec-8] DEBUG c.e.D.controller.UserController - Fetched profile data: UserProfileResponseDTO(id=23, employeeName=Anil Jejurkar, employeeId=SMDS0347, email=prathamesh69bhavsar@gmail.com, mobileNo=8007454299, joiningDesignation=Java Developer, currentDesignation=Senior Software Developer, department=Information Technology, company=DCS, identity=MR, pfType=WITH_PF, accountNo=067010110011164, bankName=Bank of india, currentAddress=N-42,VD-1/3/1,Sawta Nager,Cidco,Trimurti Chowk, permanentAddress=null, joiningCTC=360000.0, currentCTC=800000.0, dateOfBirth=1992-05-29, offerDate=2022-04-21, joiningDate=2022-05-02, panNo=BBTPJ7835H, documents={APPOINTMENT_LETTER=DocumentResponseDTO(generated=false, data=null), INTERNSHIP_LETTER=DocumentResponseDTO(generated=false, data=null), EXPERIENCE_LETTER=DocumentResponseDTO(generated=true, data={issueDate=2026-07-18, relievingDate=2026-07-19}), FULL_AND_FINAL=DocumentResponseDTO(generated=false, data=null), CONFIRMATION_LETTER=DocumentResponseDTO(generated=false, data=null), INCREMENT_LETTER=DocumentResponseDTO(generated=false, data=null), RELIEVING_LETTER=DocumentResponseDTO(generated=false, data=null), SALARY_SLIP=DocumentResponseDTO(generated=true, data={startMonth=2026-01, endMonth=2026-06}), COMPLETION_LETTER=DocumentResponseDTO(generated=false, data=null), OFFER_LETTER=DocumentResponseDTO(generated=true, data={issueDate=2026-07-18, probationPeriod=3})})
2026-07-18 23:56:13 [http-nio-8080-exec-10] INFO  c.e.Docgen_Backend.config.JwtFilter - JWT validated successfully for userId=6a311365ec2c34f3d9e4f06e
2026-07-18 23:56:13 [http-nio-8080-exec-10] INFO  c.e.D.controller.UserController - PATCH /api/v2/users/23 - Update request received for employeeId=SMDS0347
2026-07-18 23:56:13 [http-nio-8080-exec-10] DEBUG c.e.D.controller.UserController - Update payload: CreateProfileRequest(employeeName=Anil Jejurkar, email=prathamesh69bhavsar@gmail.com, mobileNo=8007454299, employeeId=SMDS0347, joiningDesignation=Java Developer, currentDesignation=Senior Software Developer, department=Information Technology, currentAddress=N-42,VD-1/3/1,Sawta Nager,Cidco,Trimurti Chowk, permanentAddress=null, accountNo=067010110011164, bankName=Bank of india, joiningCTC=360000.0, currentCTC=800000.0, dateOfBirth=1992-05-29, offerDate=2022-04-21, joiningDate=2022-05-02, panNo=BBTPJ7835H, company=DCS, pfType=WITH_PF, identity=MR, documents=[EXPERIENCE_LETTER, SALARY_SLIP, OFFER_LETTER], documentData={OFFER_LETTER={issueDate=2026-07-18, probationPeriod=8}, EXPERIENCE_LETTER={relievingDate=2026-07-19, issueDate=2026-07-18}, SALARY_SLIP={startMonth=2026-01, endMonth=2026-06, salaryWorkdays={2026-01=31, 2026-02=28, 2026-03=31, 2026-04=30, 2026-05=31, 2026-06=30}}})
2026-07-18 23:56:13 [http-nio-8080-exec-10] INFO  c.e.D.service.impl.UserServiceImpl - Updating user profile | userId=23 | employeeId=SMDS0347
2026-07-18 23:56:14 [http-nio-8080-exec-10] DEBUG c.e.D.service.impl.UserServiceImpl - Existing user fetched | userId=23 | oldEmployeeId=SMDS0347
2026-07-18 23:56:14 [http-nio-8080-exec-10] DEBUG c.e.D.service.impl.UserServiceImpl - Updating documents | userId=23
2026-07-18 23:56:14 [http-nio-8080-exec-10] INFO  c.e.D.service.impl.UserServiceImpl - User profile updated successfully | userId=23 | timeTaken=927ms
2026-07-18 23:56:14 [http-nio-8080-exec-10] INFO  c.e.D.controller.UserController - Profile updated successfully for userId=23, employeeId=SMDS0347
2026-07-18 23:57:37 [HikariPool-1:housekeeper] WARN  com.zaxxer.hikari.pool.PoolBase - HikariPool-1 - Failed to validate connection com.mysql.cj.jdbc.ConnectionImpl@5a73ba33 (No operations allowed after connection closed.). Possibly consider using a shorter maxLifetime value.
2026-07-18 23:57:52 [HikariPool-1:housekeeper] WARN  com.zaxxer.hikari.pool.PoolBase - HikariPool-1 - Failed to validate connection com.mysql.cj.jdbc.ConnectionImpl@6be364f0 (No operations allowed after connection closed.). Possibly consider using a shorter maxLifetime value.
2026-07-18 23:57:53 [HikariPool-1:housekeeper] WARN  com.zaxxer.hikari.pool.PoolBase - HikariPool-1 - Failed to validate connection com.mysql.cj.jdbc.ConnectionImpl@3a5c457c (No operations allowed after connection closed.). Possibly consider using a shorter maxLifetime value.
2026-07-18 23:59:20 [http-nio-8080-exec-4] INFO  c.e.Docgen_Backend.config.JwtFilter - JWT validated successfully for userId=6a311365ec2c34f3d9e4f06e
2026-07-18 23:59:20 [http-nio-8080-exec-4] ERROR c.e.D.e.GlobalExceptionHandler - Unexpected error occurred
org.springframework.web.method.annotation.MethodArgumentTypeMismatchException: Method parameter 'id': Failed to convert value of type 'java.lang.String' to required type 'java.lang.Long'; For input string: "undefined"
	at org.springframework.web.method.annotation.AbstractNamedValueMethodArgumentResolver.convertIfNecessary(AbstractNamedValueMethodArgumentResolver.java:295)
	at org.springframework.web.method.annotation.AbstractNamedValueMethodArgumentResolver.resolveArgument(AbstractNamedValueMethodArgumentResolver.java:134)
	at org.springframework.web.method.support.HandlerMethodArgumentResolverComposite.resolveArgument(HandlerMethodArgumentResolverComposite.java:122)
	at org.springframework.web.method.support.InvocableHandlerMethod.getMethodArgumentValues(InvocableHandlerMethod.java:224)
	at org.springframework.web.method.support.InvocableHandlerMethod.invokeForRequest(InvocableHandlerMethod.java:174)
	at org.springframework.web.servlet.mvc.method.annotation.ServletInvocableHandlerMethod.invokeAndHandle(ServletInvocableHandlerMethod.java:117)
	at org.springframework.web.servlet.mvc.method.annotation.RequestMappingHandlerAdapter.invokeHandlerMethod(RequestMappingHandlerAdapter.java:934)
	at org.springframework.web.servlet.mvc.method.annotation.RequestMappingHandlerAdapter.handleInternal(RequestMappingHandlerAdapter.java:853)
	at org.springframework.web.servlet.mvc.method.AbstractHandlerMethodAdapter.handle(AbstractHandlerMethodAdapter.java:86)
	at org.springframework.web.servlet.DispatcherServlet.doDispatch(DispatcherServlet.java:963)
	at org.springframework.web.servlet.DispatcherServlet.doService(DispatcherServlet.java:866)
	at org.springframework.web.servlet.FrameworkServlet.processRequest(FrameworkServlet.java:1000)
	at org.springframework.web.servlet.FrameworkServlet.service(FrameworkServlet.java:877)
	at jakarta.servlet.http.HttpServlet.service(HttpServlet.java:710)
	at org.apache.catalina.core.ApplicationFilterChain.doFilter(ApplicationFilterChain.java:128)
	at org.apache.tomcat.websocket.server.WsFilter.doFilter(WsFilter.java:53)
	at org.apache.catalina.core.ApplicationFilterChain.doFilter(ApplicationFilterChain.java:107)
	at org.springframework.web.filter.OncePerRequestFilter.doFilter(OncePerRequestFilter.java:110)
	at org.apache.catalina.core.ApplicationFilterChain.doFilter(ApplicationFilterChain.java:107)
	at org.springframework.web.filter.CompositeFilter$VirtualFilterChain.doFilter(CompositeFilter.java:108)
	at org.springframework.security.web.FilterChainProxy.lambda$doFilterInternal$3(FilterChainProxy.java:235)
	at org.springframework.security.web.FilterChainProxy$VirtualFilterChain.doFilter(FilterChainProxy.java:376)
	at org.springframework.security.web.access.intercept.AuthorizationFilter.doFilter(AuthorizationFilter.java:101)
	at org.springframework.security.web.FilterChainProxy$VirtualFilterChain.doFilter(FilterChainProxy.java:385)
	at org.springframework.security.web.access.ExceptionTranslationFilter.doFilter(ExceptionTranslationFilter.java:126)
	at org.springframework.security.web.access.ExceptionTranslationFilter.doFilter(ExceptionTranslationFilter.java:120)
	at org.springframework.security.web.FilterChainProxy$VirtualFilterChain.doFilter(FilterChainProxy.java:385)
	at org.springframework.security.web.session.SessionManagementFilter.doFilter(SessionManagementFilter.java:132)
	at org.springframework.security.web.session.SessionManagementFilter.doFilter(SessionManagementFilter.java:86)
	at org.springframework.security.web.FilterChainProxy$VirtualFilterChain.doFilter(FilterChainProxy.java:385)
	at org.springframework.security.web.authentication.AnonymousAuthenticationFilter.doFilter(AnonymousAuthenticationFilter.java:100)
	at org.springframework.security.web.FilterChainProxy$VirtualFilterChain.doFilter(FilterChainProxy.java:385)
	at org.springframework.security.web.servletapi.SecurityContextHolderAwareRequestFilter.doFilter(SecurityContextHolderAwareRequestFilter.java:181)
	at org.springframework.security.web.FilterChainProxy$VirtualFilterChain.doFilter(FilterChainProxy.java:385)
	at org.springframework.security.web.savedrequest.RequestCacheAwareFilter.doFilter(RequestCacheAwareFilter.java:63)
	at org.springframework.security.web.FilterChainProxy$VirtualFilterChain.doFilter(FilterChainProxy.java:385)
	at com.example.Docgen_Backend.config.JwtFilter.doFilterInternal(JwtFilter.java:111)
	at org.springframework.web.filter.OncePerRequestFilter.doFilter(OncePerRequestFilter.java:116)
	at org.springframework.security.web.FilterChainProxy$VirtualFilterChain.doFilter(FilterChainProxy.java:385)
	at org.springframework.security.web.authentication.logout.LogoutFilter.doFilter(LogoutFilter.java:110)
	at org.springframework.security.web.authentication.logout.LogoutFilter.doFilter(LogoutFilter.java:96)
	at org.springframework.security.web.FilterChainProxy$VirtualFilterChain.doFilter(FilterChainProxy.java:385)
	at org.springframework.web.filter.CorsFilter.doFilterInternal(CorsFilter.java:91)
	at org.springframework.web.filter.OncePerRequestFilter.doFilter(OncePerRequestFilter.java:116)
	at org.springframework.security.web.FilterChainProxy$VirtualFilterChain.doFilter(FilterChainProxy.java:385)
	at org.springframework.security.web.header.HeaderWriterFilter.doHeadersAfter(HeaderWriterFilter.java:90)
	at org.springframework.security.web.header.HeaderWriterFilter.doFilterInternal(HeaderWriterFilter.java:75)
	at org.springframework.web.filter.OncePerRequestFilter.doFilter(OncePerRequestFilter.java:116)
	at org.springframework.security.web.FilterChainProxy$VirtualFilterChain.doFilter(FilterChainProxy.java:385)
	at org.springframework.security.web.context.SecurityContextHolderFilter.doFilter(SecurityContextHolderFilter.java:82)
	at org.springframework.security.web.context.SecurityContextHolderFilter.doFilter(SecurityContextHolderFilter.java:69)
	at org.springframework.security.web.FilterChainProxy$VirtualFilterChain.doFilter(FilterChainProxy.java:385)
	at org.springframework.security.web.context.request.async.WebAsyncManagerIntegrationFilter.doFilterInternal(WebAsyncManagerIntegrationFilter.java:62)
	at org.springframework.web.filter.OncePerRequestFilter.doFilter(OncePerRequestFilter.java:116)
	at org.springframework.security.web.FilterChainProxy$VirtualFilterChain.doFilter(FilterChainProxy.java:385)
	at org.springframework.security.web.session.DisableEncodeUrlFilter.doFilterInternal(DisableEncodeUrlFilter.java:42)
	at org.springframework.web.filter.OncePerRequestFilter.doFilter(OncePerRequestFilter.java:116)
	at org.springframework.security.web.FilterChainProxy$VirtualFilterChain.doFilter(FilterChainProxy.java:385)
	at org.springframework.security.web.FilterChainProxy.doFilterInternal(FilterChainProxy.java:237)
	at org.springframework.security.web.FilterChainProxy.doFilter(FilterChainProxy.java:195)
	at org.springframework.web.filter.CompositeFilter$VirtualFilterChain.doFilter(CompositeFilter.java:113)
	at org.springframework.web.filter.ServletRequestPathFilter.doFilter(ServletRequestPathFilter.java:52)
	at org.springframework.web.filter.CompositeFilter$VirtualFilterChain.doFilter(CompositeFilter.java:113)
	at org.springframework.web.filter.CompositeFilter.doFilter(CompositeFilter.java:74)
	at org.springframework.security.config.annotation.web.configuration.WebSecurityConfiguration$CompositeFilterChainProxy.doFilter(WebSecurityConfiguration.java:317)
	at org.springframework.web.filter.DelegatingFilterProxy.invokeDelegate(DelegatingFilterProxy.java:355)
	at org.springframework.web.filter.DelegatingFilterProxy.doFilter(DelegatingFilterProxy.java:272)
	at org.apache.catalina.core.ApplicationFilterChain.doFilter(ApplicationFilterChain.java:107)
	at org.springframework.web.filter.RequestContextFilter.doFilterInternal(RequestContextFilter.java:100)
	at org.springframework.web.filter.OncePerRequestFilter.doFilter(OncePerRequestFilter.java:116)
	at org.apache.catalina.core.ApplicationFilterChain.doFilter(ApplicationFilterChain.java:107)
	at org.springframework.web.filter.FormContentFilter.doFilterInternal(FormContentFilter.java:93)
	at org.springframework.web.filter.OncePerRequestFilter.doFilter(OncePerRequestFilter.java:116)
	at org.apache.catalina.core.ApplicationFilterChain.doFilter(ApplicationFilterChain.java:107)
	at org.springframework.web.filter.CharacterEncodingFilter.doFilterInternal(CharacterEncodingFilter.java:199)
	at org.springframework.web.filter.OncePerRequestFilter.doFilter(OncePerRequestFilter.java:116)
	at org.apache.catalina.core.ApplicationFilterChain.doFilter(ApplicationFilterChain.java:107)
	at org.apache.catalina.core.StandardWrapperValve.invoke(StandardWrapperValve.java:165)
	at org.apache.catalina.core.StandardContextValve.invoke(StandardContextValve.java:77)
	at org.apache.catalina.authenticator.AuthenticatorBase.invoke(AuthenticatorBase.java:492)
	at org.apache.catalina.core.StandardHostValve.invoke(StandardHostValve.java:113)
	at org.apache.catalina.valves.ErrorReportValve.invoke(ErrorReportValve.java:83)
	at org.apache.catalina.core.StandardEngineValve.invoke(StandardEngineValve.java:72)
	at org.apache.catalina.connector.CoyoteAdapter.service(CoyoteAdapter.java:341)
	at org.apache.coyote.http11.Http11Processor.service(Http11Processor.java:397)
	at org.apache.coyote.AbstractProcessorLight.process(AbstractProcessorLight.java:63)
	at org.apache.coyote.AbstractProtocol$ConnectionHandler.process(AbstractProtocol.java:903)
	at org.apache.tomcat.util.net.NioEndpoint$SocketProcessor.doRun(NioEndpoint.java:1801)
	at org.apache.tomcat.util.net.SocketProcessorBase.run(SocketProcessorBase.java:52)
	at org.apache.tomcat.util.threads.ThreadPoolExecutor.runWorker(ThreadPoolExecutor.java:946)
	at org.apache.tomcat.util.threads.ThreadPoolExecutor$Worker.run(ThreadPoolExecutor.java:480)
	at org.apache.tomcat.util.threads.TaskThread$WrappingRunnable.run(TaskThread.java:57)
	at java.base/java.lang.Thread.run(Thread.java:1583)
Caused by: java.lang.NumberFormatException: For input string: "undefined"
	at java.base/java.lang.NumberFormatException.forInputString(NumberFormatException.java:67)
	at java.base/java.lang.Long.parseLong(Long.java:709)
	at java.base/java.lang.Long.valueOf(Long.java:1157)
	at org.springframework.util.NumberUtils.parseNumber(NumberUtils.java:204)
	at org.springframework.beans.propertyeditors.CustomNumberEditor.setAsText(CustomNumberEditor.java:115)
	at org.springframework.beans.TypeConverterDelegate.doConvertTextValue(TypeConverterDelegate.java:434)
	at org.springframework.beans.TypeConverterDelegate.doConvertValue(TypeConverterDelegate.java:407)
	at org.springframework.beans.TypeConverterDelegate.convertIfNecessary(TypeConverterDelegate.java:158)
	at org.springframework.beans.TypeConverterSupport.convertIfNecessary(TypeConverterSupport.java:75)
	at org.springframework.beans.TypeConverterSupport.convertIfNecessary(TypeConverterSupport.java:51)
	at org.springframework.validation.DataBinder.convertIfNecessary(DataBinder.java:843)
	at org.springframework.web.method.annotation.AbstractNamedValueMethodArgumentResolver.convertIfNecessary(AbstractNamedValueMethodArgumentResolver.java:287)
	... 92 common frames omitted
2026-07-18 23:59:20 [http-nio-8080-exec-4] WARN  o.s.w.s.m.m.a.ExceptionHandlerExceptionResolver - Resolved [org.springframework.web.method.annotation.MethodArgumentTypeMismatchException: Method parameter 'id': Failed to convert value of type 'java.lang.String' to required type 'java.lang.Long'; For input string: "undefined"]
2026-07-18 23:59:30 [HikariPool-1:housekeeper] WARN  com.zaxxer.hikari.pool.PoolBase - HikariPool-1 - Failed to validate connection com.mysql.cj.jdbc.ConnectionImpl@25551e4d (No operations allowed after connection closed.). Possibly consider using a shorter maxLifetime value.
2026-07-18 23:59:32 [http-nio-8080-exec-5] INFO  c.e.Docgen_Backend.config.JwtFilter - JWT validated successfully for userId=6a311365ec2c34f3d9e4f06e
2026-07-18 23:59:32 [http-nio-8080-exec-5] ERROR c.e.D.e.GlobalExceptionHandler - Unexpected error occurred
org.springframework.web.method.annotation.MethodArgumentTypeMismatchException: Method parameter 'id': Failed to convert value of type 'java.lang.String' to required type 'java.lang.Long'; For input string: "undefined"
	at org.springframework.web.method.annotation.AbstractNamedValueMethodArgumentResolver.convertIfNecessary(AbstractNamedValueMethodArgumentResolver.java:295)
	at org.springframework.web.method.annotation.AbstractNamedValueMethodArgumentResolver.resolveArgument(AbstractNamedValueMethodArgumentResolver.java:134)
	at org.springframework.web.method.support.HandlerMethodArgumentResolverComposite.resolveArgument(HandlerMethodArgumentResolverComposite.java:122)
	at org.springframework.web.method.support.InvocableHandlerMethod.getMethodArgumentValues(InvocableHandlerMethod.java:224)
	at org.springframework.web.method.support.InvocableHandlerMethod.invokeForRequest(InvocableHandlerMethod.java:174)
	at org.springframework.web.servlet.mvc.method.annotation.ServletInvocableHandlerMethod.invokeAndHandle(ServletInvocableHandlerMethod.java:117)
	at org.springframework.web.servlet.mvc.method.annotation.RequestMappingHandlerAdapter.invokeHandlerMethod(RequestMappingHandlerAdapter.java:934)
	at org.springframework.web.servlet.mvc.method.annotation.RequestMappingHandlerAdapter.handleInternal(RequestMappingHandlerAdapter.java:853)
	at org.springframework.web.servlet.mvc.method.AbstractHandlerMethodAdapter.handle(AbstractHandlerMethodAdapter.java:86)
	at org.springframework.web.servlet.DispatcherServlet.doDispatch(DispatcherServlet.java:963)
	at org.springframework.web.servlet.DispatcherServlet.doService(DispatcherServlet.java:866)
	at org.springframework.web.servlet.FrameworkServlet.processRequest(FrameworkServlet.java:1000)
	at org.springframework.web.servlet.FrameworkServlet.service(FrameworkServlet.java:877)
	at jakarta.servlet.http.HttpServlet.service(HttpServlet.java:710)
	at org.apache.catalina.core.ApplicationFilterChain.doFilter(ApplicationFilterChain.java:128)
	at org.apache.tomcat.websocket.server.WsFilter.doFilter(WsFilter.java:53)
	at org.apache.catalina.core.ApplicationFilterChain.doFilter(ApplicationFilterChain.java:107)
	at org.springframework.web.filter.OncePerRequestFilter.doFilter(OncePerRequestFilter.java:110)
	at org.apache.catalina.core.ApplicationFilterChain.doFilter(ApplicationFilterChain.java:107)
	at org.springframework.web.filter.CompositeFilter$VirtualFilterChain.doFilter(CompositeFilter.java:108)
	at org.springframework.security.web.FilterChainProxy.lambda$doFilterInternal$3(FilterChainProxy.java:235)
	at org.springframework.security.web.FilterChainProxy$VirtualFilterChain.doFilter(FilterChainProxy.java:376)
	at org.springframework.security.web.access.intercept.AuthorizationFilter.doFilter(AuthorizationFilter.java:101)
	at org.springframework.security.web.FilterChainProxy$VirtualFilterChain.doFilter(FilterChainProxy.java:385)
	at org.springframework.security.web.access.ExceptionTranslationFilter.doFilter(ExceptionTranslationFilter.java:126)
	at org.springframework.security.web.access.ExceptionTranslationFilter.doFilter(ExceptionTranslationFilter.java:120)
	at org.springframework.security.web.FilterChainProxy$VirtualFilterChain.doFilter(FilterChainProxy.java:385)
	at org.springframework.security.web.session.SessionManagementFilter.doFilter(SessionManagementFilter.java:132)
	at org.springframework.security.web.session.SessionManagementFilter.doFilter(SessionManagementFilter.java:86)
	at org.springframework.security.web.FilterChainProxy$VirtualFilterChain.doFilter(FilterChainProxy.java:385)
	at org.springframework.security.web.authentication.AnonymousAuthenticationFilter.doFilter(AnonymousAuthenticationFilter.java:100)
	at org.springframework.security.web.FilterChainProxy$VirtualFilterChain.doFilter(FilterChainProxy.java:385)
	at org.springframework.security.web.servletapi.SecurityContextHolderAwareRequestFilter.doFilter(SecurityContextHolderAwareRequestFilter.java:181)
	at org.springframework.security.web.FilterChainProxy$VirtualFilterChain.doFilter(FilterChainProxy.java:385)
	at org.springframework.security.web.savedrequest.RequestCacheAwareFilter.doFilter(RequestCacheAwareFilter.java:63)
	at org.springframework.security.web.FilterChainProxy$VirtualFilterChain.doFilter(FilterChainProxy.java:385)
	at com.example.Docgen_Backend.config.JwtFilter.doFilterInternal(JwtFilter.java:111)
	at org.springframework.web.filter.OncePerRequestFilter.doFilter(OncePerRequestFilter.java:116)
	at org.springframework.security.web.FilterChainProxy$VirtualFilterChain.doFilter(FilterChainProxy.java:385)
	at org.springframework.security.web.authentication.logout.LogoutFilter.doFilter(LogoutFilter.java:110)
	at org.springframework.security.web.authentication.logout.LogoutFilter.doFilter(LogoutFilter.java:96)
	at org.springframework.security.web.FilterChainProxy$VirtualFilterChain.doFilter(FilterChainProxy.java:385)
	at org.springframework.web.filter.CorsFilter.doFilterInternal(CorsFilter.java:91)
	at org.springframework.web.filter.OncePerRequestFilter.doFilter(OncePerRequestFilter.java:116)
	at org.springframework.security.web.FilterChainProxy$VirtualFilterChain.doFilter(FilterChainProxy.java:385)
	at org.springframework.security.web.header.HeaderWriterFilter.doHeadersAfter(HeaderWriterFilter.java:90)
	at org.springframework.security.web.header.HeaderWriterFilter.doFilterInternal(HeaderWriterFilter.java:75)
	at org.springframework.web.filter.OncePerRequestFilter.doFilter(OncePerRequestFilter.java:116)
	at org.springframework.security.web.FilterChainProxy$VirtualFilterChain.doFilter(FilterChainProxy.java:385)
	at org.springframework.security.web.context.SecurityContextHolderFilter.doFilter(SecurityContextHolderFilter.java:82)
	at org.springframework.security.web.context.SecurityContextHolderFilter.doFilter(SecurityContextHolderFilter.java:69)
	at org.springframework.security.web.FilterChainProxy$VirtualFilterChain.doFilter(FilterChainProxy.java:385)
	at org.springframework.security.web.context.request.async.WebAsyncManagerIntegrationFilter.doFilterInternal(WebAsyncManagerIntegrationFilter.java:62)
	at org.springframework.web.filter.OncePerRequestFilter.doFilter(OncePerRequestFilter.java:116)
	at org.springframework.security.web.FilterChainProxy$VirtualFilterChain.doFilter(FilterChainProxy.java:385)
	at org.springframework.security.web.session.DisableEncodeUrlFilter.doFilterInternal(DisableEncodeUrlFilter.java:42)
	at org.springframework.web.filter.OncePerRequestFilter.doFilter(OncePerRequestFilter.java:116)
	at org.springframework.security.web.FilterChainProxy$VirtualFilterChain.doFilter(FilterChainProxy.java:385)
	at org.springframework.security.web.FilterChainProxy.doFilterInternal(FilterChainProxy.java:237)
	at org.springframework.security.web.FilterChainProxy.doFilter(FilterChainProxy.java:195)
	at org.springframework.web.filter.CompositeFilter$VirtualFilterChain.doFilter(CompositeFilter.java:113)
	at org.springframework.web.filter.ServletRequestPathFilter.doFilter(ServletRequestPathFilter.java:52)
	at org.springframework.web.filter.CompositeFilter$VirtualFilterChain.doFilter(CompositeFilter.java:113)
	at org.springframework.web.filter.CompositeFilter.doFilter(CompositeFilter.java:74)
	at org.springframework.security.config.annotation.web.configuration.WebSecurityConfiguration$CompositeFilterChainProxy.doFilter(WebSecurityConfiguration.java:317)
	at org.springframework.web.filter.DelegatingFilterProxy.invokeDelegate(DelegatingFilterProxy.java:355)
	at org.springframework.web.filter.DelegatingFilterProxy.doFilter(DelegatingFilterProxy.java:272)
	at org.apache.catalina.core.ApplicationFilterChain.doFilter(ApplicationFilterChain.java:107)
	at org.springframework.web.filter.RequestContextFilter.doFilterInternal(RequestContextFilter.java:100)
	at org.springframework.web.filter.OncePerRequestFilter.doFilter(OncePerRequestFilter.java:116)
	at org.apache.catalina.core.ApplicationFilterChain.doFilter(ApplicationFilterChain.java:107)
	at org.springframework.web.filter.FormContentFilter.doFilterInternal(FormContentFilter.java:93)
	at org.springframework.web.filter.OncePerRequestFilter.doFilter(OncePerRequestFilter.java:116)
	at org.apache.catalina.core.ApplicationFilterChain.doFilter(ApplicationFilterChain.java:107)
	at org.springframework.web.filter.CharacterEncodingFilter.doFilterInternal(CharacterEncodingFilter.java:199)
	at org.springframework.web.filter.OncePerRequestFilter.doFilter(OncePerRequestFilter.java:116)
	at org.apache.catalina.core.ApplicationFilterChain.doFilter(ApplicationFilterChain.java:107)
	at org.apache.catalina.core.StandardWrapperValve.invoke(StandardWrapperValve.java:165)
	at org.apache.catalina.core.StandardContextValve.invoke(StandardContextValve.java:77)
	at org.apache.catalina.authenticator.AuthenticatorBase.invoke(AuthenticatorBase.java:492)
	at org.apache.catalina.core.StandardHostValve.invoke(StandardHostValve.java:113)
	at org.apache.catalina.valves.ErrorReportValve.invoke(ErrorReportValve.java:83)
	at org.apache.catalina.core.StandardEngineValve.invoke(StandardEngineValve.java:72)
	at org.apache.catalina.connector.CoyoteAdapter.service(CoyoteAdapter.java:341)
	at org.apache.coyote.http11.Http11Processor.service(Http11Processor.java:397)
	at org.apache.coyote.AbstractProcessorLight.process(AbstractProcessorLight.java:63)
	at org.apache.coyote.AbstractProtocol$ConnectionHandler.process(AbstractProtocol.java:903)
	at org.apache.tomcat.util.net.NioEndpoint$SocketProcessor.doRun(NioEndpoint.java:1801)
	at org.apache.tomcat.util.net.SocketProcessorBase.run(SocketProcessorBase.java:52)
	at org.apache.tomcat.util.threads.ThreadPoolExecutor.runWorker(ThreadPoolExecutor.java:946)
	at org.apache.tomcat.util.threads.ThreadPoolExecutor$Worker.run(ThreadPoolExecutor.java:480)
	at org.apache.tomcat.util.threads.TaskThread$WrappingRunnable.run(TaskThread.java:57)
	at java.base/java.lang.Thread.run(Thread.java:1583)
Caused by: java.lang.NumberFormatException: For input string: "undefined"
	at java.base/java.lang.NumberFormatException.forInputString(NumberFormatException.java:67)
	at java.base/java.lang.Long.parseLong(Long.java:709)
	at java.base/java.lang.Long.valueOf(Long.java:1157)
	at org.springframework.util.NumberUtils.parseNumber(NumberUtils.java:204)
	at org.springframework.beans.propertyeditors.CustomNumberEditor.setAsText(CustomNumberEditor.java:115)
	at org.springframework.beans.TypeConverterDelegate.doConvertTextValue(TypeConverterDelegate.java:434)
	at org.springframework.beans.TypeConverterDelegate.doConvertValue(TypeConverterDelegate.java:407)
	at org.springframework.beans.TypeConverterDelegate.convertIfNecessary(TypeConverterDelegate.java:158)
	at org.springframework.beans.TypeConverterSupport.convertIfNecessary(TypeConverterSupport.java:75)
	at org.springframework.beans.TypeConverterSupport.convertIfNecessary(TypeConverterSupport.java:51)
	at org.springframework.validation.DataBinder.convertIfNecessary(DataBinder.java:843)
	at org.springframework.web.method.annotation.AbstractNamedValueMethodArgumentResolver.convertIfNecessary(AbstractNamedValueMethodArgumentResolver.java:287)
	... 92 common frames omitted
2026-07-18 23:59:32 [http-nio-8080-exec-5] WARN  o.s.w.s.m.m.a.ExceptionHandlerExceptionResolver - Resolved [org.springframework.web.method.annotation.MethodArgumentTypeMismatchException: Method parameter 'id': Failed to convert value of type 'java.lang.String' to required type 'java.lang.Long'; For input string: "undefined"]
2026-07-18 23:59:38 [HikariPool-1:housekeeper] WARN  com.zaxxer.hikari.pool.PoolBase - HikariPool-1 - Failed to validate connection com.mysql.cj.jdbc.ConnectionImpl@66bdc58f (No operations allowed after connection closed.). Possibly consider using a shorter maxLifetime value.
