2026-07-16 12:29:59 [background-preinit] INFO  o.h.validator.internal.util.Version - HV000001: Hibernate Validator 9.0.1.Final
2026-07-16 12:29:59 [restartedMain] INFO  c.e.D.DocgenBackendApplication - Starting DocgenBackendApplication using Java 21.0.9 with PID 27236 (E:\DocGen New Front V2\Docgen-Backend\target\classes started by prath in E:\DocGen New Front V2\Docgen-Backend)
2026-07-16 12:29:59 [restartedMain] DEBUG c.e.D.DocgenBackendApplication - Running with Spring Boot v4.0.6, Spring v7.0.7
2026-07-16 12:29:59 [restartedMain] INFO  c.e.D.DocgenBackendApplication - No active profile set, falling back to 1 default profile: "default"
2026-07-16 12:29:59 [restartedMain] INFO  o.s.b.d.e.DevToolsPropertyDefaultsPostProcessor - Devtools property defaults active! Set 'spring.devtools.add-properties' to 'false' to disable
2026-07-16 12:29:59 [restartedMain] INFO  o.s.b.d.e.DevToolsPropertyDefaultsPostProcessor - For additional web related logging consider setting the 'logging.level.web' property to 'DEBUG'
2026-07-16 12:30:00 [restartedMain] INFO  o.s.d.r.c.RepositoryConfigurationDelegate - Bootstrapping Spring Data JPA repositories in DEFAULT mode.
2026-07-16 12:30:00 [restartedMain] INFO  o.s.d.r.c.RepositoryConfigurationDelegate - Finished Spring Data repository scanning in 47 ms. Found 2 JPA repository interfaces.
2026-07-16 12:30:01 [restartedMain] INFO  o.s.boot.tomcat.TomcatWebServer - Tomcat initialized with port 8080 (http)
2026-07-16 12:30:01 [restartedMain] INFO  o.a.coyote.http11.Http11NioProtocol - Initializing ProtocolHandler ["http-nio-8080"]
2026-07-16 12:30:01 [restartedMain] INFO  o.a.catalina.core.StandardService - Starting service [Tomcat]
2026-07-16 12:30:01 [restartedMain] INFO  o.a.catalina.core.StandardEngine - Starting Servlet engine: [Apache Tomcat/11.0.21]
2026-07-16 12:30:01 [restartedMain] INFO  o.s.b.w.c.s.WebApplicationContextInitializer - Root WebApplicationContext: initialization completed in 1311 ms
2026-07-16 12:30:01 [restartedMain] DEBUG c.e.Docgen_Backend.config.JwtFilter - Filter 'jwtFilter' configured for use
2026-07-16 12:30:01 [restartedMain] INFO  org.hibernate.orm.jpa - HHH008540: Processing PersistenceUnitInfo [name: default]
2026-07-16 12:30:01 [restartedMain] INFO  org.hibernate.orm.core - HHH000001: Hibernate ORM core version 7.2.12.Final
2026-07-16 12:30:01 [restartedMain] INFO  o.s.o.j.p.SpringPersistenceUnitInfo - No LoadTimeWeaver setup: ignoring JPA class transformer
2026-07-16 12:30:01 [restartedMain] INFO  com.zaxxer.hikari.HikariDataSource - HikariPool-1 - Starting...
2026-07-16 12:30:03 [restartedMain] INFO  com.zaxxer.hikari.pool.HikariPool - HikariPool-1 - Added connection com.mysql.cj.jdbc.ConnectionImpl@7acd2639
2026-07-16 12:30:03 [restartedMain] INFO  com.zaxxer.hikari.HikariDataSource - HikariPool-1 - Start completed.
2026-07-16 12:30:03 [restartedMain] WARN  org.hibernate.orm.jdbc - HHH100045: Could not obtain connection metadata: java.sql.SQLSyntaxErrorException: Unknown column 'RESERVED' in 'WHERE'
2026-07-16 12:30:03 [restartedMain] WARN  org.hibernate.orm.deprecation - HHH90000025: MySQLDialect does not need to be specified explicitly using 'hibernate.dialect' (remove the property setting and it will be selected by default)
2026-07-16 12:30:03 [restartedMain] INFO  o.hibernate.orm.connections.pooling - HHH10001005: Database info:
	Database JDBC URL [undefined/unknown]
	Database driver: undefined/unknown
	Database dialect: MySQLDialect
	Database version: 8.0
	Default catalog/schema: unknown/unknown
	Autocommit mode: undefined/unknown
	Isolation level: NONE [default NONE]
	JDBC fetch size: undefined/unknown
	Pool: DataSourceConnectionProvider
	Minimum pool size: undefined/unknown
	Maximum pool size: undefined/unknown
2026-07-16 12:30:04 [restartedMain] INFO  org.hibernate.orm.core - HHH000489: No JTA platform available (set 'hibernate.transaction.jta.platform' to enable JTA platform integration)
2026-07-16 12:30:19 [restartedMain] INFO  o.s.o.j.LocalContainerEntityManagerFactoryBean - Initialized JPA EntityManagerFactory for persistence unit 'default'
2026-07-16 12:30:19 [restartedMain] INFO  o.s.d.j.r.q.QueryEnhancerFactories - Hibernate is in classpath; If applicable, HQL parser will be used.
2026-07-16 12:30:19 [restartedMain] INFO  o.s.s.c.a.a.c.InitializeUserDetailsBeanManagerConfigurer$InitializeUserDetailsManagerConfigurer - Global AuthenticationManager configured with UserDetailsService bean with name customUserDetailsService
2026-07-16 12:30:19 [restartedMain] WARN  o.s.b.j.a.JpaBaseConfiguration$JpaWebConfiguration - spring.jpa.open-in-view is enabled by default. Therefore, database queries may be performed during view rendering. Explicitly configure spring.jpa.open-in-view to disable this warning
2026-07-16 12:30:19 [restartedMain] INFO  o.a.coyote.http11.Http11NioProtocol - Starting ProtocolHandler ["http-nio-8080"]
2026-07-16 12:30:19 [restartedMain] INFO  o.s.boot.tomcat.TomcatWebServer - Tomcat started on port 8080 (http) with context path '/'
2026-07-16 12:30:19 [restartedMain] INFO  c.e.D.DocgenBackendApplication - Started DocgenBackendApplication in 20.733 seconds (process running for 21.433)
2026-07-16 12:30:26 [http-nio-8080-exec-2] INFO  o.a.c.c.C.[Tomcat].[localhost].[/] - Initializing Spring DispatcherServlet 'dispatcherServlet'
2026-07-16 12:30:26 [http-nio-8080-exec-2] INFO  o.s.web.servlet.DispatcherServlet - Initializing Servlet 'dispatcherServlet'
2026-07-16 12:30:26 [http-nio-8080-exec-2] INFO  o.s.web.servlet.DispatcherServlet - Completed initialization in 1 ms
2026-07-16 12:30:26 [http-nio-8080-exec-3] WARN  c.e.Docgen_Backend.config.JwtFilter - Invalid JWT token
2026-07-16 12:30:26 [http-nio-8080-exec-4] WARN  c.e.Docgen_Backend.config.JwtFilter - Invalid JWT token
2026-07-16 12:30:46 [http-nio-8080-exec-7] INFO  c.e.Docgen_Backend.config.JwtFilter - JWT validated successfully for userId=6a311365ec2c34f3d9e4f06e
2026-07-16 12:30:46 [http-nio-8080-exec-7] INFO  c.e.D.controller.UserController - GET /api/v2/users - Fetch all users request received | page=0, size=8, sortBy=id, direction=desc
2026-07-16 12:30:46 [http-nio-8080-exec-7] WARN  com.zaxxer.hikari.pool.PoolBase - HikariPool-1 - Failed to validate connection com.mysql.cj.jdbc.ConnectionImpl@7acd2639 (No operations allowed after connection closed.). Possibly consider using a shorter maxLifetime value.
2026-07-16 12:30:46 [http-nio-8080-exec-7] WARN  com.zaxxer.hikari.pool.PoolBase - HikariPool-1 - Failed to validate connection com.mysql.cj.jdbc.ConnectionImpl@42b3c6fa (No operations allowed after connection closed.). Possibly consider using a shorter maxLifetime value.
2026-07-16 12:30:46 [http-nio-8080-exec-7] WARN  com.zaxxer.hikari.pool.PoolBase - HikariPool-1 - Failed to validate connection com.mysql.cj.jdbc.ConnectionImpl@10cd0323 (No operations allowed after connection closed.). Possibly consider using a shorter maxLifetime value.
2026-07-16 12:30:49 [http-nio-8080-exec-7] INFO  c.e.D.controller.UserController - Fetched 8 users on page 0 of 2
2026-07-16 12:30:50 [http-nio-8080-exec-8] INFO  c.e.Docgen_Backend.config.JwtFilter - JWT validated successfully for userId=6a311365ec2c34f3d9e4f06e
2026-07-16 12:30:50 [http-nio-8080-exec-8] INFO  c.e.D.controller.UserController - GET /api/v2/users - Fetch all users request received | page=0, size=8, sortBy=id, direction=desc
2026-07-16 12:30:52 [http-nio-8080-exec-8] INFO  c.e.D.controller.UserController - Fetched 8 users on page 0 of 2
2026-07-16 12:32:26 [HikariPool-1:housekeeper] WARN  com.zaxxer.hikari.pool.PoolBase - HikariPool-1 - Failed to validate connection com.mysql.cj.jdbc.ConnectionImpl@50ab15f9 (No operations allowed after connection closed.). Possibly consider using a shorter maxLifetime value.
2026-07-16 12:32:30 [HikariPool-1:housekeeper] WARN  com.zaxxer.hikari.pool.PoolBase - HikariPool-1 - Failed to validate connection com.mysql.cj.jdbc.ConnectionImpl@61b18144 (No operations allowed after connection closed.). Possibly consider using a shorter maxLifetime value.
2026-07-16 12:32:38 [HikariPool-1:housekeeper] WARN  com.zaxxer.hikari.pool.PoolBase - HikariPool-1 - Failed to validate connection com.mysql.cj.jdbc.ConnectionImpl@38882483 (No operations allowed after connection closed.). Possibly consider using a shorter maxLifetime value.
2026-07-16 12:34:08 [HikariPool-1:housekeeper] WARN  com.zaxxer.hikari.pool.PoolBase - HikariPool-1 - Failed to validate connection com.mysql.cj.jdbc.ConnectionImpl@370f2efe (No operations allowed after connection closed.). Possibly consider using a shorter maxLifetime value.
2026-07-16 12:34:23 [HikariPool-1:housekeeper] WARN  com.zaxxer.hikari.pool.PoolBase - HikariPool-1 - Failed to validate connection com.mysql.cj.jdbc.ConnectionImpl@238ca91e (No operations allowed after connection closed.). Possibly consider using a shorter maxLifetime value.
2026-07-16 12:35:55 [HikariPool-1:housekeeper] WARN  com.zaxxer.hikari.pool.PoolBase - HikariPool-1 - Failed to validate connection com.mysql.cj.jdbc.ConnectionImpl@7afc963a (No operations allowed after connection closed.). Possibly consider using a shorter maxLifetime value.
2026-07-16 12:36:18 [HikariPool-1:housekeeper] WARN  com.zaxxer.hikari.pool.PoolBase - HikariPool-1 - Failed to validate connection com.mysql.cj.jdbc.ConnectionImpl@2f23b51e (No operations allowed after connection closed.). Possibly consider using a shorter maxLifetime value.
2026-07-16 12:37:35 [HikariPool-1:housekeeper] WARN  com.zaxxer.hikari.pool.PoolBase - HikariPool-1 - Failed to validate connection com.mysql.cj.jdbc.ConnectionImpl@54ebe26c (No operations allowed after connection closed.). Possibly consider using a shorter maxLifetime value.
2026-07-16 12:37:55 [HikariPool-1:housekeeper] WARN  com.zaxxer.hikari.pool.PoolBase - HikariPool-1 - Failed to validate connection com.mysql.cj.jdbc.ConnectionImpl@638679a (No operations allowed after connection closed.). Possibly consider using a shorter maxLifetime value.
2026-07-16 12:39:14 [HikariPool-1:housekeeper] WARN  com.zaxxer.hikari.pool.PoolBase - HikariPool-1 - Failed to validate connection com.mysql.cj.jdbc.ConnectionImpl@fc6ecd (No operations allowed after connection closed.). Possibly consider using a shorter maxLifetime value.
2026-07-16 12:39:47 [HikariPool-1:housekeeper] WARN  com.zaxxer.hikari.pool.PoolBase - HikariPool-1 - Failed to validate connection com.mysql.cj.jdbc.ConnectionImpl@7cff06ae (No operations allowed after connection closed.). Possibly consider using a shorter maxLifetime value.
2026-07-16 12:40:54 [HikariPool-1:housekeeper] WARN  com.zaxxer.hikari.pool.PoolBase - HikariPool-1 - Failed to validate connection com.mysql.cj.jdbc.ConnectionImpl@6cc0a4c8 (No operations allowed after connection closed.). Possibly consider using a shorter maxLifetime value.
2026-07-16 12:41:37 [HikariPool-1:housekeeper] WARN  com.zaxxer.hikari.pool.PoolBase - HikariPool-1 - Failed to validate connection com.mysql.cj.jdbc.ConnectionImpl@246938aa (No operations allowed after connection closed.). Possibly consider using a shorter maxLifetime value.
2026-07-16 12:42:54 [HikariPool-1:housekeeper] WARN  com.zaxxer.hikari.pool.PoolBase - HikariPool-1 - Failed to validate connection com.mysql.cj.jdbc.ConnectionImpl@bc64d3d (No operations allowed after connection closed.). Possibly consider using a shorter maxLifetime value.
2026-07-16 12:43:27 [HikariPool-1:housekeeper] WARN  com.zaxxer.hikari.pool.PoolBase - HikariPool-1 - Failed to validate connection com.mysql.cj.jdbc.ConnectionImpl@7abf9ebe (No operations allowed after connection closed.). Possibly consider using a shorter maxLifetime value.
2026-07-16 12:44:33 [HikariPool-1:housekeeper] WARN  com.zaxxer.hikari.pool.PoolBase - HikariPool-1 - Failed to validate connection com.mysql.cj.jdbc.ConnectionImpl@6b524172 (No operations allowed after connection closed.). Possibly consider using a shorter maxLifetime value.
2026-07-16 12:45:12 [HikariPool-1:housekeeper] WARN  com.zaxxer.hikari.pool.PoolBase - HikariPool-1 - Failed to validate connection com.mysql.cj.jdbc.ConnectionImpl@841834a (No operations allowed after connection closed.). Possibly consider using a shorter maxLifetime value.
2026-07-16 12:46:20 [HikariPool-1:housekeeper] WARN  com.zaxxer.hikari.pool.PoolBase - HikariPool-1 - Failed to validate connection com.mysql.cj.jdbc.ConnectionImpl@1d89d0d (No operations allowed after connection closed.). Possibly consider using a shorter maxLifetime value.
2026-07-16 12:46:49 [HikariPool-1:housekeeper] WARN  com.zaxxer.hikari.pool.PoolBase - HikariPool-1 - Failed to validate connection com.mysql.cj.jdbc.ConnectionImpl@66db58da (No operations allowed after connection closed.). Possibly consider using a shorter maxLifetime value.
2026-07-16 12:48:18 [HikariPool-1:housekeeper] WARN  com.zaxxer.hikari.pool.PoolBase - HikariPool-1 - Failed to validate connection com.mysql.cj.jdbc.ConnectionImpl@1b3bb583 (No operations allowed after connection closed.). Possibly consider using a shorter maxLifetime value.
2026-07-16 12:48:40 [HikariPool-1:housekeeper] WARN  com.zaxxer.hikari.pool.PoolBase - HikariPool-1 - Failed to validate connection com.mysql.cj.jdbc.ConnectionImpl@63ba0802 (No operations allowed after connection closed.). Possibly consider using a shorter maxLifetime value.
2026-07-16 12:50:15 [HikariPool-1:housekeeper] WARN  com.zaxxer.hikari.pool.PoolBase - HikariPool-1 - Failed to validate connection com.mysql.cj.jdbc.ConnectionImpl@8554f42 (No operations allowed after connection closed.). Possibly consider using a shorter maxLifetime value.
2026-07-16 12:50:22 [HikariPool-1:housekeeper] WARN  com.zaxxer.hikari.pool.PoolBase - HikariPool-1 - Failed to validate connection com.mysql.cj.jdbc.ConnectionImpl@38319d90 (No operations allowed after connection closed.). Possibly consider using a shorter maxLifetime value.
2026-07-16 12:51:53 [HikariPool-1:housekeeper] WARN  com.zaxxer.hikari.pool.PoolBase - HikariPool-1 - Failed to validate connection com.mysql.cj.jdbc.ConnectionImpl@77b01d0c (No operations allowed after connection closed.). Possibly consider using a shorter maxLifetime value.
2026-07-16 12:52:18 [HikariPool-1:housekeeper] WARN  com.zaxxer.hikari.pool.PoolBase - HikariPool-1 - Failed to validate connection com.mysql.cj.jdbc.ConnectionImpl@b1e1d3a (No operations allowed after connection closed.). Possibly consider using a shorter maxLifetime value.
2026-07-16 12:53:37 [HikariPool-1:housekeeper] WARN  com.zaxxer.hikari.pool.PoolBase - HikariPool-1 - Failed to validate connection com.mysql.cj.jdbc.ConnectionImpl@420f78ed (No operations allowed after connection closed.). Possibly consider using a shorter maxLifetime value.
2026-07-16 12:54:11 [HikariPool-1:housekeeper] WARN  com.zaxxer.hikari.pool.PoolBase - HikariPool-1 - Failed to validate connection com.mysql.cj.jdbc.ConnectionImpl@382765e5 (No operations allowed after connection closed.). Possibly consider using a shorter maxLifetime value.
2026-07-16 12:55:34 [HikariPool-1:housekeeper] WARN  com.zaxxer.hikari.pool.PoolBase - HikariPool-1 - Failed to validate connection com.mysql.cj.jdbc.ConnectionImpl@369859d2 (No operations allowed after connection closed.). Possibly consider using a shorter maxLifetime value.
2026-07-16 12:56:07 [HikariPool-1:housekeeper] WARN  com.zaxxer.hikari.pool.PoolBase - HikariPool-1 - Failed to validate connection com.mysql.cj.jdbc.ConnectionImpl@2c9a6053 (No operations allowed after connection closed.). Possibly consider using a shorter maxLifetime value.
2026-07-16 12:56:37 [http-nio-8080-exec-3] INFO  c.e.Docgen_Backend.config.JwtFilter - JWT validated successfully for userId=6a311365ec2c34f3d9e4f06e
2026-07-16 12:56:37 [http-nio-8080-exec-3] INFO  c.e.D.controller.UserController - GET /api/v2/users - Fetch all users request received | page=0, size=8, sortBy=id, direction=desc
2026-07-16 12:56:37 [http-nio-8080-exec-3] WARN  com.zaxxer.hikari.pool.PoolBase - HikariPool-1 - Failed to validate connection com.mysql.cj.jdbc.ConnectionImpl@122c93a5 (No operations allowed after connection closed.). Possibly consider using a shorter maxLifetime value.
2026-07-16 12:56:37 [http-nio-8080-exec-3] WARN  com.zaxxer.hikari.pool.PoolBase - HikariPool-1 - Failed to validate connection com.mysql.cj.jdbc.ConnectionImpl@4741dc90 (No operations allowed after connection closed.). Possibly consider using a shorter maxLifetime value.
2026-07-16 12:56:40 [http-nio-8080-exec-3] INFO  c.e.D.controller.UserController - Fetched 8 users on page 0 of 2
2026-07-16 12:56:40 [http-nio-8080-exec-4] INFO  c.e.Docgen_Backend.config.JwtFilter - JWT validated successfully for userId=6a311365ec2c34f3d9e4f06e
2026-07-16 12:56:40 [http-nio-8080-exec-4] INFO  c.e.D.controller.UserController - GET /api/v2/users - Fetch all users request received | page=0, size=8, sortBy=id, direction=desc
2026-07-16 12:56:43 [http-nio-8080-exec-4] INFO  c.e.D.controller.UserController - Fetched 8 users on page 0 of 2
2026-07-16 12:58:14 [HikariPool-1:housekeeper] WARN  com.zaxxer.hikari.pool.PoolBase - HikariPool-1 - Failed to validate connection com.mysql.cj.jdbc.ConnectionImpl@1b94886f (No operations allowed after connection closed.). Possibly consider using a shorter maxLifetime value.
2026-07-16 12:58:19 [HikariPool-1:housekeeper] WARN  com.zaxxer.hikari.pool.PoolBase - HikariPool-1 - Failed to validate connection com.mysql.cj.jdbc.ConnectionImpl@42448573 (No operations allowed after connection closed.). Possibly consider using a shorter maxLifetime value.
2026-07-16 12:58:35 [HikariPool-1:housekeeper] WARN  com.zaxxer.hikari.pool.PoolBase - HikariPool-1 - Failed to validate connection com.mysql.cj.jdbc.ConnectionImpl@2291d193 (No operations allowed after connection closed.). Possibly consider using a shorter maxLifetime value.
2026-07-16 13:00:10 [HikariPool-1:housekeeper] WARN  com.zaxxer.hikari.pool.PoolBase - HikariPool-1 - Failed to validate connection com.mysql.cj.jdbc.ConnectionImpl@660a9541 (No operations allowed after connection closed.). Possibly consider using a shorter maxLifetime value.
2026-07-16 13:00:23 [HikariPool-1:housekeeper] WARN  com.zaxxer.hikari.pool.PoolBase - HikariPool-1 - Failed to validate connection com.mysql.cj.jdbc.ConnectionImpl@183d6205 (No operations allowed after connection closed.). Possibly consider using a shorter maxLifetime value.
2026-07-16 13:02:02 [HikariPool-1:housekeeper] WARN  com.zaxxer.hikari.pool.PoolBase - HikariPool-1 - Failed to validate connection com.mysql.cj.jdbc.ConnectionImpl@358af98d (No operations allowed after connection closed.). Possibly consider using a shorter maxLifetime value.
2026-07-16 13:02:03 [HikariPool-1:housekeeper] WARN  com.zaxxer.hikari.pool.PoolBase - HikariPool-1 - Failed to validate connection com.mysql.cj.jdbc.ConnectionImpl@138fda67 (No operations allowed after connection closed.). Possibly consider using a shorter maxLifetime value.
2026-07-16 13:03:43 [HikariPool-1:housekeeper] WARN  com.zaxxer.hikari.pool.PoolBase - HikariPool-1 - Failed to validate connection com.mysql.cj.jdbc.ConnectionImpl@527331e0 (No operations allowed after connection closed.). Possibly consider using a shorter maxLifetime value.
2026-07-16 13:03:51 [HikariPool-1:housekeeper] WARN  com.zaxxer.hikari.pool.PoolBase - HikariPool-1 - Failed to validate connection com.mysql.cj.jdbc.ConnectionImpl@5d6213ab (No operations allowed after connection closed.). Possibly consider using a shorter maxLifetime value.
2026-07-16 13:05:21 [HikariPool-1:housekeeper] WARN  com.zaxxer.hikari.pool.PoolBase - HikariPool-1 - Failed to validate connection com.mysql.cj.jdbc.ConnectionImpl@7b647d49 (No operations allowed after connection closed.). Possibly consider using a shorter maxLifetime value.
2026-07-16 13:05:42 [HikariPool-1:housekeeper] WARN  com.zaxxer.hikari.pool.PoolBase - HikariPool-1 - Failed to validate connection com.mysql.cj.jdbc.ConnectionImpl@396b8680 (No operations allowed after connection closed.). Possibly consider using a shorter maxLifetime value.
2026-07-16 13:07:05 [HikariPool-1:housekeeper] WARN  com.zaxxer.hikari.pool.PoolBase - HikariPool-1 - Failed to validate connection com.mysql.cj.jdbc.ConnectionImpl@4cf76971 (No operations allowed after connection closed.). Possibly consider using a shorter maxLifetime value.
2026-07-16 13:07:29 [HikariPool-1:housekeeper] WARN  com.zaxxer.hikari.pool.PoolBase - HikariPool-1 - Failed to validate connection com.mysql.cj.jdbc.ConnectionImpl@144e7dd8 (No operations allowed after connection closed.). Possibly consider using a shorter maxLifetime value.
2026-07-16 13:08:53 [HikariPool-1:housekeeper] WARN  com.zaxxer.hikari.pool.PoolBase - HikariPool-1 - Failed to validate connection com.mysql.cj.jdbc.ConnectionImpl@79ba1e8e (No operations allowed after connection closed.). Possibly consider using a shorter maxLifetime value.
2026-07-16 13:09:19 [HikariPool-1:housekeeper] WARN  com.zaxxer.hikari.pool.PoolBase - HikariPool-1 - Failed to validate connection com.mysql.cj.jdbc.ConnectionImpl@4a8a10af (No operations allowed after connection closed.). Possibly consider using a shorter maxLifetime value.
2026-07-16 13:10:34 [HikariPool-1:housekeeper] WARN  com.zaxxer.hikari.pool.PoolBase - HikariPool-1 - Failed to validate connection com.mysql.cj.jdbc.ConnectionImpl@678e85c1 (No operations allowed after connection closed.). Possibly consider using a shorter maxLifetime value.
2026-07-16 13:10:57 [HikariPool-1:housekeeper] WARN  com.zaxxer.hikari.pool.PoolBase - HikariPool-1 - Failed to validate connection com.mysql.cj.jdbc.ConnectionImpl@385074cc (No operations allowed after connection closed.). Possibly consider using a shorter maxLifetime value.
2026-07-16 13:12:14 [HikariPool-1:housekeeper] WARN  com.zaxxer.hikari.pool.PoolBase - HikariPool-1 - Failed to validate connection com.mysql.cj.jdbc.ConnectionImpl@286e9bc1 (No operations allowed after connection closed.). Possibly consider using a shorter maxLifetime value.
2026-07-16 13:12:39 [HikariPool-1:housekeeper] WARN  com.zaxxer.hikari.pool.PoolBase - HikariPool-1 - Failed to validate connection com.mysql.cj.jdbc.ConnectionImpl@19d6888b (No operations allowed after connection closed.). Possibly consider using a shorter maxLifetime value.
2026-07-16 14:05:22 [HikariPool-1:housekeeper] WARN  com.zaxxer.hikari.pool.HikariPool - HikariPool-1 - Thread starvation or clock leap detected (housekeeper delta=52m48s520ms895µs400ns).
2026-07-16 14:05:22 [HikariPool-1:housekeeper] WARN  com.zaxxer.hikari.pool.PoolBase - HikariPool-1 - Failed to validate connection com.mysql.cj.jdbc.ConnectionImpl@133e626e (No operations allowed after connection closed.). Possibly consider using a shorter maxLifetime value.
2026-07-16 14:05:22 [HikariPool-1:housekeeper] WARN  com.zaxxer.hikari.pool.PoolBase - HikariPool-1 - Failed to validate connection com.mysql.cj.jdbc.ConnectionImpl@1ada5eb5 (No operations allowed after connection closed.). Possibly consider using a shorter maxLifetime value.
2026-07-16 14:05:46 [http-nio-8080-exec-9] INFO  c.e.Docgen_Backend.config.JwtFilter - JWT validated successfully for userId=6a311365ec2c34f3d9e4f06e
2026-07-16 14:05:46 [http-nio-8080-exec-9] INFO  c.e.D.controller.UserController - GET /api/v2/users - Fetch all users request received | page=0, size=8, sortBy=id, direction=desc
2026-07-16 14:05:46 [http-nio-8080-exec-9] WARN  com.zaxxer.hikari.pool.PoolBase - HikariPool-1 - Failed to validate connection com.mysql.cj.jdbc.ConnectionImpl@718290ab (No operations allowed after connection closed.). Possibly consider using a shorter maxLifetime value.
2026-07-16 14:05:46 [http-nio-8080-exec-9] WARN  com.zaxxer.hikari.pool.PoolBase - HikariPool-1 - Failed to validate connection com.mysql.cj.jdbc.ConnectionImpl@46bcb10e (No operations allowed after connection closed.). Possibly consider using a shorter maxLifetime value.
2026-07-16 14:05:48 [http-nio-8080-exec-9] INFO  c.e.D.controller.UserController - Fetched 8 users on page 0 of 2
2026-07-16 14:05:48 [http-nio-8080-exec-10] INFO  c.e.Docgen_Backend.config.JwtFilter - JWT validated successfully for userId=6a311365ec2c34f3d9e4f06e
2026-07-16 14:05:48 [http-nio-8080-exec-10] INFO  c.e.D.controller.UserController - GET /api/v2/users - Fetch all users request received | page=0, size=8, sortBy=id, direction=desc
2026-07-16 14:05:51 [http-nio-8080-exec-10] INFO  c.e.D.controller.UserController - Fetched 8 users on page 0 of 2
2026-07-16 14:05:57 [http-nio-8080-exec-3] INFO  c.e.Docgen_Backend.config.JwtFilter - JWT validated successfully for userId=6a311365ec2c34f3d9e4f06e
2026-07-16 14:05:57 [http-nio-8080-exec-3] INFO  c.e.D.controller.UserController - GET /api/v2/users - Fetch all users request received | page=0, size=8, sortBy=id, direction=desc
2026-07-16 14:06:00 [http-nio-8080-exec-3] INFO  c.e.D.controller.UserController - Fetched 8 users on page 0 of 2
2026-07-16 14:06:00 [http-nio-8080-exec-3] INFO  c.e.Docgen_Backend.config.JwtFilter - JWT validated successfully for userId=6a311365ec2c34f3d9e4f06e
2026-07-16 14:06:00 [http-nio-8080-exec-3] INFO  c.e.D.controller.UserController - GET /api/v2/users - Fetch all users request received | page=0, size=8, sortBy=id, direction=desc
2026-07-16 14:06:03 [http-nio-8080-exec-8] INFO  c.e.Docgen_Backend.config.JwtFilter - JWT validated successfully for userId=6a311365ec2c34f3d9e4f06e
2026-07-16 14:06:03 [http-nio-8080-exec-3] INFO  c.e.D.controller.UserController - Fetched 8 users on page 0 of 2
2026-07-16 14:06:03 [http-nio-8080-exec-8] INFO  c.e.D.controller.UserController - GET /api/v2/users/21 - Fetch request received
2026-07-16 14:06:03 [http-nio-8080-exec-8] INFO  c.e.D.service.impl.UserServiceImpl - Fetching user profile for edit | userId=21
2026-07-16 14:06:04 [http-nio-8080-exec-8] DEBUG c.e.D.service.impl.UserServiceImpl - User found | userId=21 | employeeId=DSS184
2026-07-16 14:06:04 [http-nio-8080-exec-8] INFO  c.e.D.service.impl.UserServiceImpl - User profile fetched successfully | userId=21 | timeTaken=500ms
2026-07-16 14:06:04 [http-nio-8080-exec-8] INFO  c.e.D.controller.UserController - Profile fetched successfully for userId=21
2026-07-16 14:06:04 [http-nio-8080-exec-8] DEBUG c.e.D.controller.UserController - Fetched profile data: UserProfileResponseDTO(id=21, employeeName=Siddhant Dilip Nakti, employeeId=DSS184, email=siddhantnakti01@gmail.com, mobileNo=8975145349, joiningDesignation=Application Support Engineer, currentDesignation=Application Support Engineer, department=Information Technology, company=DCS, identity=MR, pfType=WITH_PF, accountNo=2601279919239462, bankName=AU Bank, currentAddress=Vanaj,Kothrud.411038, permanentAddress=null, joiningCTC=800000.0, currentCTC=800000.0, dateOfBirth=2001-05-29, offerDate=2025-08-21, joiningDate=2025-08-25, panNo=AXVPN3340C, documents={APPOINTMENT_LETTER=DocumentResponseDTO(generated=false, data=null), INTERNSHIP_LETTER=DocumentResponseDTO(generated=false, data=null), EXPERIENCE_LETTER=DocumentResponseDTO(generated=false, data=null), FULL_AND_FINAL=DocumentResponseDTO(generated=false, data=null), CONFIRMATION_LETTER=DocumentResponseDTO(generated=false, data=null), INCREMENT_LETTER=DocumentResponseDTO(generated=false, data=null), RELIEVING_LETTER=DocumentResponseDTO(generated=false, data=null), SALARY_SLIP=DocumentResponseDTO(generated=true, data={startMonth=2026-04, endMonth=2026-06}), COMPLETION_LETTER=DocumentResponseDTO(generated=false, data=null), OFFER_LETTER=DocumentResponseDTO(generated=true, data={issueDate=2025-08-21, probationPeriod=3})})
2026-07-16 14:06:04 [http-nio-8080-exec-7] INFO  c.e.Docgen_Backend.config.JwtFilter - JWT validated successfully for userId=6a311365ec2c34f3d9e4f06e
2026-07-16 14:06:04 [http-nio-8080-exec-7] INFO  c.e.D.controller.UserController - GET /api/v2/users/21 - Fetch request received
2026-07-16 14:06:04 [http-nio-8080-exec-7] INFO  c.e.D.service.impl.UserServiceImpl - Fetching user profile for edit | userId=21
2026-07-16 14:06:04 [http-nio-8080-exec-7] DEBUG c.e.D.service.impl.UserServiceImpl - User found | userId=21 | employeeId=DSS184
2026-07-16 14:06:04 [http-nio-8080-exec-7] INFO  c.e.D.service.impl.UserServiceImpl - User profile fetched successfully | userId=21 | timeTaken=262ms
2026-07-16 14:06:04 [http-nio-8080-exec-7] INFO  c.e.D.controller.UserController - Profile fetched successfully for userId=21
2026-07-16 14:06:04 [http-nio-8080-exec-7] DEBUG c.e.D.controller.UserController - Fetched profile data: UserProfileResponseDTO(id=21, employeeName=Siddhant Dilip Nakti, employeeId=DSS184, email=siddhantnakti01@gmail.com, mobileNo=8975145349, joiningDesignation=Application Support Engineer, currentDesignation=Application Support Engineer, department=Information Technology, company=DCS, identity=MR, pfType=WITH_PF, accountNo=2601279919239462, bankName=AU Bank, currentAddress=Vanaj,Kothrud.411038, permanentAddress=null, joiningCTC=800000.0, currentCTC=800000.0, dateOfBirth=2001-05-29, offerDate=2025-08-21, joiningDate=2025-08-25, panNo=AXVPN3340C, documents={APPOINTMENT_LETTER=DocumentResponseDTO(generated=false, data=null), INTERNSHIP_LETTER=DocumentResponseDTO(generated=false, data=null), EXPERIENCE_LETTER=DocumentResponseDTO(generated=false, data=null), FULL_AND_FINAL=DocumentResponseDTO(generated=false, data=null), CONFIRMATION_LETTER=DocumentResponseDTO(generated=false, data=null), INCREMENT_LETTER=DocumentResponseDTO(generated=false, data=null), RELIEVING_LETTER=DocumentResponseDTO(generated=false, data=null), SALARY_SLIP=DocumentResponseDTO(generated=true, data={startMonth=2026-04, endMonth=2026-06}), COMPLETION_LETTER=DocumentResponseDTO(generated=false, data=null), OFFER_LETTER=DocumentResponseDTO(generated=true, data={issueDate=2025-08-21, probationPeriod=3})})
2026-07-16 14:07:27 [HikariPool-1:housekeeper] WARN  com.zaxxer.hikari.pool.PoolBase - HikariPool-1 - Failed to validate connection com.mysql.cj.jdbc.ConnectionImpl@7a177292 (No operations allowed after connection closed.). Possibly consider using a shorter maxLifetime value.
2026-07-16 14:07:30 [HikariPool-1:housekeeper] WARN  com.zaxxer.hikari.pool.PoolBase - HikariPool-1 - Failed to validate connection com.mysql.cj.jdbc.ConnectionImpl@2d878b12 (No operations allowed after connection closed.). Possibly consider using a shorter maxLifetime value.
2026-07-16 14:07:43 [HikariPool-1:housekeeper] WARN  com.zaxxer.hikari.pool.PoolBase - HikariPool-1 - Failed to validate connection com.mysql.cj.jdbc.ConnectionImpl@65e057e1 (No operations allowed after connection closed.). Possibly consider using a shorter maxLifetime value.
2026-07-16 14:09:22 [HikariPool-1:housekeeper] WARN  com.zaxxer.hikari.pool.PoolBase - HikariPool-1 - Failed to validate connection com.mysql.cj.jdbc.ConnectionImpl@1e9a5fb0 (No operations allowed after connection closed.). Possibly consider using a shorter maxLifetime value.
2026-07-16 14:09:34 [HikariPool-1:housekeeper] WARN  com.zaxxer.hikari.pool.PoolBase - HikariPool-1 - Failed to validate connection com.mysql.cj.jdbc.ConnectionImpl@686c993e (No operations allowed after connection closed.). Possibly consider using a shorter maxLifetime value.
2026-07-16 14:11:09 [HikariPool-1:housekeeper] WARN  com.zaxxer.hikari.pool.PoolBase - HikariPool-1 - Failed to validate connection com.mysql.cj.jdbc.ConnectionImpl@11811696 (No operations allowed after connection closed.). Possibly consider using a shorter maxLifetime value.
2026-07-16 14:11:34 [HikariPool-1:housekeeper] WARN  com.zaxxer.hikari.pool.PoolBase - HikariPool-1 - Failed to validate connection com.mysql.cj.jdbc.ConnectionImpl@36941014 (No operations allowed after connection closed.). Possibly consider using a shorter maxLifetime value.
2026-07-16 14:11:37 [http-nio-8080-exec-5] INFO  c.e.Docgen_Backend.config.JwtFilter - JWT validated successfully for userId=6a311365ec2c34f3d9e4f06e
2026-07-16 14:11:37 [http-nio-8080-exec-5] INFO  c.e.D.controller.UserController - GET /api/v2/users - Fetch all users request received | page=0, size=8, sortBy=id, direction=desc
2026-07-16 14:11:37 [http-nio-8080-exec-5] WARN  com.zaxxer.hikari.pool.PoolBase - HikariPool-1 - Failed to validate connection com.mysql.cj.jdbc.ConnectionImpl@46811d20 (No operations allowed after connection closed.). Possibly consider using a shorter maxLifetime value.
2026-07-16 14:11:39 [http-nio-8080-exec-5] INFO  c.e.D.controller.UserController - Fetched 8 users on page 0 of 2
2026-07-16 14:11:40 [http-nio-8080-exec-6] INFO  c.e.Docgen_Backend.config.JwtFilter - JWT validated successfully for userId=6a311365ec2c34f3d9e4f06e
2026-07-16 14:11:40 [http-nio-8080-exec-6] INFO  c.e.D.controller.UserController - GET /api/v2/users - Fetch all users request received | page=0, size=8, sortBy=id, direction=desc
2026-07-16 14:11:43 [http-nio-8080-exec-6] INFO  c.e.D.controller.UserController - Fetched 8 users on page 0 of 2
2026-07-16 14:13:18 [HikariPool-1:housekeeper] WARN  com.zaxxer.hikari.pool.PoolBase - HikariPool-1 - Failed to validate connection com.mysql.cj.jdbc.ConnectionImpl@2730c7bc (No operations allowed after connection closed.). Possibly consider using a shorter maxLifetime value.
2026-07-16 14:13:27 [HikariPool-1:housekeeper] WARN  com.zaxxer.hikari.pool.PoolBase - HikariPool-1 - Failed to validate connection com.mysql.cj.jdbc.ConnectionImpl@658367e1 (No operations allowed after connection closed.). Possibly consider using a shorter maxLifetime value.
2026-07-16 14:13:36 [HikariPool-1:housekeeper] WARN  com.zaxxer.hikari.pool.PoolBase - HikariPool-1 - Failed to validate connection com.mysql.cj.jdbc.ConnectionImpl@18f57b85 (No operations allowed after connection closed.). Possibly consider using a shorter maxLifetime value.
2026-07-16 14:15:12 [HikariPool-1:housekeeper] WARN  com.zaxxer.hikari.pool.PoolBase - HikariPool-1 - Failed to validate connection com.mysql.cj.jdbc.ConnectionImpl@1ba22ae9 (No operations allowed after connection closed.). Possibly consider using a shorter maxLifetime value.
2026-07-16 14:15:28 [HikariPool-1:housekeeper] WARN  com.zaxxer.hikari.pool.PoolBase - HikariPool-1 - Failed to validate connection com.mysql.cj.jdbc.ConnectionImpl@5ba35817 (No operations allowed after connection closed.). Possibly consider using a shorter maxLifetime value.
2026-07-16 14:16:02 [http-nio-8080-exec-9] INFO  c.e.Docgen_Backend.config.JwtFilter - JWT validated successfully for userId=6a311365ec2c34f3d9e4f06e
2026-07-16 14:16:02 [http-nio-8080-exec-9] INFO  c.e.D.controller.UserController - POST /api/v2/users/create-profile - Request received for employeeId=NSS833
2026-07-16 14:16:02 [http-nio-8080-exec-9] DEBUG c.e.D.controller.UserController - Full request payload: CreateProfileRequest(employeeName=Saiprasad Deepak Chidrawar, email=chidrawarsaiprasad8@gmail.com, mobileNo=8177048201, employeeId=NSS833, joiningDesignation=Senior Java developer, currentDesignation=Software Developer, department=Information Technology, currentAddress=pune, permanentAddress=null, accountNo=1234567890, bankName=HDFC Bank, joiningCTC=360000.0, currentCTC=500000.0, dateOfBirth=2026-07-12, offerDate=2026-07-15, joiningDate=2026-07-13, panNo=DTBPG9845J, company=CTS, pfType=WITHOUT_PF, identity=MR, documents=[COMPLETION_CERTIFICATE], documentData={COMPLETION_CERTIFICATE={startDate=2026-07-15, completionDate=2026-07-21, issueDate=2026-07-15}})
2026-07-16 14:16:02 [http-nio-8080-exec-9] INFO  c.e.D.service.impl.UserServiceImpl - Creating user profile for employeeId=NSS833
2026-07-16 14:16:02 [http-nio-8080-exec-9] DEBUG c.e.D.service.impl.UserServiceImpl - Validating request for employeeId=NSS833
2026-07-16 14:16:02 [http-nio-8080-exec-9] WARN  com.zaxxer.hikari.pool.PoolBase - HikariPool-1 - Failed to validate connection com.mysql.cj.jdbc.ConnectionImpl@294914ee (No operations allowed after connection closed.). Possibly consider using a shorter maxLifetime value.
2026-07-16 14:16:02 [http-nio-8080-exec-9] WARN  com.zaxxer.hikari.pool.PoolBase - HikariPool-1 - Failed to validate connection com.mysql.cj.jdbc.ConnectionImpl@43163197 (No operations allowed after connection closed.). Possibly consider using a shorter maxLifetime value.
2026-07-16 14:16:02 [http-nio-8080-exec-9] ERROR c.e.D.service.impl.UserServiceImpl - Error while creating profile for employeeId=NSS833 | error=Employee ID already exists
java.lang.IllegalArgumentException: Employee ID already exists
	at com.example.Docgen_Backend.service.impl.UserServiceImpl.validateRequest(UserServiceImpl.java:89)
	at com.example.Docgen_Backend.service.impl.UserServiceImpl.createProfile(UserServiceImpl.java:37)
	at com.example.Docgen_Backend.controller.UserController.createProfile(UserController.java:35)
	at java.base/jdk.internal.reflect.DirectMethodHandleAccessor.invoke(DirectMethodHandleAccessor.java:103)
	at java.base/java.lang.reflect.Method.invoke(Method.java:580)
	at org.springframework.web.method.support.InvocableHandlerMethod.doInvoke(InvocableHandlerMethod.java:252)
	at org.springframework.web.method.support.InvocableHandlerMethod.invokeForRequest(InvocableHandlerMethod.java:184)
	at org.springframework.web.servlet.mvc.method.annotation.ServletInvocableHandlerMethod.invokeAndHandle(ServletInvocableHandlerMethod.java:117)
	at org.springframework.web.servlet.mvc.method.annotation.RequestMappingHandlerAdapter.invokeHandlerMethod(RequestMappingHandlerAdapter.java:934)
	at org.springframework.web.servlet.mvc.method.annotation.RequestMappingHandlerAdapter.handleInternal(RequestMappingHandlerAdapter.java:853)
	at org.springframework.web.servlet.mvc.method.AbstractHandlerMethodAdapter.handle(AbstractHandlerMethodAdapter.java:86)
	at org.springframework.web.servlet.DispatcherServlet.doDispatch(DispatcherServlet.java:963)
	at org.springframework.web.servlet.DispatcherServlet.doService(DispatcherServlet.java:866)
	at org.springframework.web.servlet.FrameworkServlet.processRequest(FrameworkServlet.java:1000)
	at org.springframework.web.servlet.FrameworkServlet.doPost(FrameworkServlet.java:903)
	at jakarta.servlet.http.HttpServlet.service(HttpServlet.java:649)
	at org.springframework.web.servlet.FrameworkServlet.service(FrameworkServlet.java:874)
	at jakarta.servlet.http.HttpServlet.service(HttpServlet.java:710)
	at org.apache.catalina.core.ApplicationFilterChain.doFilter(ApplicationFilterChain.java:128)
	at org.apache.tomcat.websocket.server.WsFilter.doFilter(WsFilter.java:53)
	at org.apache.catalina.core.ApplicationFilterChain.doFilter(ApplicationFilterChain.java:107)
	at org.springframework.web.filter.OncePerRequestFilter.doFilter(OncePerRequestFilter.java:110)
	at org.apache.catalina.core.ApplicationFilterChain.doFilter(ApplicationFilterChain.java:107)
	at org.springframework.web.filter.CompositeFilter$VirtualFilterChain.doFilter(CompositeFilter.java:108)
	at org.springframework.security.web.FilterChainProxy.lambda$doFilterInternal$3(FilterChainProxy.java:235)
	at org.springframework.security.web.FilterChainProxy$VirtualFilterChain.doFilter(FilterChainProxy.java:376)
	at org.springframework.security.web.access.intercept.AuthorizationFilter.doFilter(AuthorizationFilter.java:101)
	at org.springframework.security.web.FilterChainProxy$VirtualFilterChain.doFilter(FilterChainProxy.java:385)
	at org.springframework.security.web.access.ExceptionTranslationFilter.doFilter(ExceptionTranslationFilter.java:126)
	at org.springframework.security.web.access.ExceptionTranslationFilter.doFilter(ExceptionTranslationFilter.java:120)
	at org.springframework.security.web.FilterChainProxy$VirtualFilterChain.doFilter(FilterChainProxy.java:385)
	at org.springframework.security.web.session.SessionManagementFilter.doFilter(SessionManagementFilter.java:132)
	at org.springframework.security.web.session.SessionManagementFilter.doFilter(SessionManagementFilter.java:86)
	at org.springframework.security.web.FilterChainProxy$VirtualFilterChain.doFilter(FilterChainProxy.java:385)
	at org.springframework.security.web.authentication.AnonymousAuthenticationFilter.doFilter(AnonymousAuthenticationFilter.java:100)
	at org.springframework.security.web.FilterChainProxy$VirtualFilterChain.doFilter(FilterChainProxy.java:385)
	at org.springframework.security.web.servletapi.SecurityContextHolderAwareRequestFilter.doFilter(SecurityContextHolderAwareRequestFilter.java:181)
	at org.springframework.security.web.FilterChainProxy$VirtualFilterChain.doFilter(FilterChainProxy.java:385)
	at org.springframework.security.web.savedrequest.RequestCacheAwareFilter.doFilter(RequestCacheAwareFilter.java:63)
	at org.springframework.security.web.FilterChainProxy$VirtualFilterChain.doFilter(FilterChainProxy.java:385)
	at com.example.Docgen_Backend.config.JwtFilter.doFilterInternal(JwtFilter.java:111)
	at org.springframework.web.filter.OncePerRequestFilter.doFilter(OncePerRequestFilter.java:116)
	at org.springframework.security.web.FilterChainProxy$VirtualFilterChain.doFilter(FilterChainProxy.java:385)
	at org.springframework.security.web.authentication.logout.LogoutFilter.doFilter(LogoutFilter.java:110)
	at org.springframework.security.web.authentication.logout.LogoutFilter.doFilter(LogoutFilter.java:96)
	at org.springframework.security.web.FilterChainProxy$VirtualFilterChain.doFilter(FilterChainProxy.java:385)
	at org.springframework.web.filter.CorsFilter.doFilterInternal(CorsFilter.java:91)
	at org.springframework.web.filter.OncePerRequestFilter.doFilter(OncePerRequestFilter.java:116)
	at org.springframework.security.web.FilterChainProxy$VirtualFilterChain.doFilter(FilterChainProxy.java:385)
	at org.springframework.security.web.header.HeaderWriterFilter.doHeadersAfter(HeaderWriterFilter.java:90)
	at org.springframework.security.web.header.HeaderWriterFilter.doFilterInternal(HeaderWriterFilter.java:75)
	at org.springframework.web.filter.OncePerRequestFilter.doFilter(OncePerRequestFilter.java:116)
	at org.springframework.security.web.FilterChainProxy$VirtualFilterChain.doFilter(FilterChainProxy.java:385)
	at org.springframework.security.web.context.SecurityContextHolderFilter.doFilter(SecurityContextHolderFilter.java:82)
	at org.springframework.security.web.context.SecurityContextHolderFilter.doFilter(SecurityContextHolderFilter.java:69)
	at org.springframework.security.web.FilterChainProxy$VirtualFilterChain.doFilter(FilterChainProxy.java:385)
	at org.springframework.security.web.context.request.async.WebAsyncManagerIntegrationFilter.doFilterInternal(WebAsyncManagerIntegrationFilter.java:62)
	at org.springframework.web.filter.OncePerRequestFilter.doFilter(OncePerRequestFilter.java:116)
	at org.springframework.security.web.FilterChainProxy$VirtualFilterChain.doFilter(FilterChainProxy.java:385)
	at org.springframework.security.web.session.DisableEncodeUrlFilter.doFilterInternal(DisableEncodeUrlFilter.java:42)
	at org.springframework.web.filter.OncePerRequestFilter.doFilter(OncePerRequestFilter.java:116)
	at org.springframework.security.web.FilterChainProxy$VirtualFilterChain.doFilter(FilterChainProxy.java:385)
	at org.springframework.security.web.FilterChainProxy.doFilterInternal(FilterChainProxy.java:237)
	at org.springframework.security.web.FilterChainProxy.doFilter(FilterChainProxy.java:195)
	at org.springframework.web.filter.CompositeFilter$VirtualFilterChain.doFilter(CompositeFilter.java:113)
	at org.springframework.web.filter.ServletRequestPathFilter.doFilter(ServletRequestPathFilter.java:52)
	at org.springframework.web.filter.CompositeFilter$VirtualFilterChain.doFilter(CompositeFilter.java:113)
	at org.springframework.web.filter.CompositeFilter.doFilter(CompositeFilter.java:74)
	at org.springframework.security.config.annotation.web.configuration.WebSecurityConfiguration$CompositeFilterChainProxy.doFilter(WebSecurityConfiguration.java:317)
	at org.springframework.web.filter.DelegatingFilterProxy.invokeDelegate(DelegatingFilterProxy.java:355)
	at org.springframework.web.filter.DelegatingFilterProxy.doFilter(DelegatingFilterProxy.java:272)
	at org.apache.catalina.core.ApplicationFilterChain.doFilter(ApplicationFilterChain.java:107)
	at org.springframework.web.filter.RequestContextFilter.doFilterInternal(RequestContextFilter.java:100)
	at org.springframework.web.filter.OncePerRequestFilter.doFilter(OncePerRequestFilter.java:116)
	at org.apache.catalina.core.ApplicationFilterChain.doFilter(ApplicationFilterChain.java:107)
	at org.springframework.web.filter.FormContentFilter.doFilterInternal(FormContentFilter.java:93)
	at org.springframework.web.filter.OncePerRequestFilter.doFilter(OncePerRequestFilter.java:116)
	at org.apache.catalina.core.ApplicationFilterChain.doFilter(ApplicationFilterChain.java:107)
	at org.springframework.web.filter.CharacterEncodingFilter.doFilterInternal(CharacterEncodingFilter.java:199)
	at org.springframework.web.filter.OncePerRequestFilter.doFilter(OncePerRequestFilter.java:116)
	at org.apache.catalina.core.ApplicationFilterChain.doFilter(ApplicationFilterChain.java:107)
	at org.apache.catalina.core.StandardWrapperValve.invoke(StandardWrapperValve.java:165)
	at org.apache.catalina.core.StandardContextValve.invoke(StandardContextValve.java:77)
	at org.apache.catalina.authenticator.AuthenticatorBase.invoke(AuthenticatorBase.java:492)
	at org.apache.catalina.core.StandardHostValve.invoke(StandardHostValve.java:113)
	at org.apache.catalina.valves.ErrorReportValve.invoke(ErrorReportValve.java:83)
	at org.apache.catalina.core.StandardEngineValve.invoke(StandardEngineValve.java:72)
	at org.apache.catalina.connector.CoyoteAdapter.service(CoyoteAdapter.java:341)
	at org.apache.coyote.http11.Http11Processor.service(Http11Processor.java:397)
	at org.apache.coyote.AbstractProcessorLight.process(AbstractProcessorLight.java:63)
	at org.apache.coyote.AbstractProtocol$ConnectionHandler.process(AbstractProtocol.java:903)
	at org.apache.tomcat.util.net.NioEndpoint$SocketProcessor.doRun(NioEndpoint.java:1801)
	at org.apache.tomcat.util.net.SocketProcessorBase.run(SocketProcessorBase.java:52)
	at org.apache.tomcat.util.threads.ThreadPoolExecutor.runWorker(ThreadPoolExecutor.java:946)
	at org.apache.tomcat.util.threads.ThreadPoolExecutor$Worker.run(ThreadPoolExecutor.java:480)
	at org.apache.tomcat.util.threads.TaskThread$WrappingRunnable.run(TaskThread.java:57)
	at java.base/java.lang.Thread.run(Thread.java:1583)
2026-07-16 14:16:02 [http-nio-8080-exec-9] ERROR c.e.D.e.GlobalExceptionHandler - Invalid input: Employee ID already exists
2026-07-16 14:16:02 [http-nio-8080-exec-9] WARN  o.s.w.s.m.m.a.ExceptionHandlerExceptionResolver - Resolved [java.lang.IllegalArgumentException: Employee ID already exists]
2026-07-16 14:17:45 [HikariPool-1:housekeeper] WARN  com.zaxxer.hikari.pool.PoolBase - HikariPool-1 - Failed to validate connection com.mysql.cj.jdbc.ConnectionImpl@33f0a0af (No operations allowed after connection closed.). Possibly consider using a shorter maxLifetime value.
2026-07-16 14:17:59 [HikariPool-1:housekeeper] WARN  com.zaxxer.hikari.pool.PoolBase - HikariPool-1 - Failed to validate connection com.mysql.cj.jdbc.ConnectionImpl@5334efad (No operations allowed after connection closed.). Possibly consider using a shorter maxLifetime value.
2026-07-16 14:19:21 [HikariPool-1:housekeeper] WARN  com.zaxxer.hikari.pool.PoolBase - HikariPool-1 - Failed to validate connection com.mysql.cj.jdbc.ConnectionImpl@25b85dde (No operations allowed after connection closed.). Possibly consider using a shorter maxLifetime value.
2026-07-16 14:19:36 [HikariPool-1:housekeeper] WARN  com.zaxxer.hikari.pool.PoolBase - HikariPool-1 - Failed to validate connection com.mysql.cj.jdbc.ConnectionImpl@70c24f7a (No operations allowed after connection closed.). Possibly consider using a shorter maxLifetime value.
2026-07-16 14:21:10 [HikariPool-1:housekeeper] WARN  com.zaxxer.hikari.pool.PoolBase - HikariPool-1 - Failed to validate connection com.mysql.cj.jdbc.ConnectionImpl@5f560209 (No operations allowed after connection closed.). Possibly consider using a shorter maxLifetime value.
2026-07-16 14:21:22 [HikariPool-1:housekeeper] WARN  com.zaxxer.hikari.pool.PoolBase - HikariPool-1 - Failed to validate connection com.mysql.cj.jdbc.ConnectionImpl@4584335b (No operations allowed after connection closed.). Possibly consider using a shorter maxLifetime value.
2026-07-16 14:22:55 [HikariPool-1:housekeeper] WARN  com.zaxxer.hikari.pool.PoolBase - HikariPool-1 - Failed to validate connection com.mysql.cj.jdbc.ConnectionImpl@2dbee5d2 (No operations allowed after connection closed.). Possibly consider using a shorter maxLifetime value.
2026-07-16 14:23:08 [HikariPool-1:housekeeper] WARN  com.zaxxer.hikari.pool.PoolBase - HikariPool-1 - Failed to validate connection com.mysql.cj.jdbc.ConnectionImpl@164ee7ff (No operations allowed after connection closed.). Possibly consider using a shorter maxLifetime value.
2026-07-16 14:24:33 [HikariPool-1:housekeeper] WARN  com.zaxxer.hikari.pool.PoolBase - HikariPool-1 - Failed to validate connection com.mysql.cj.jdbc.ConnectionImpl@31607d4e (No operations allowed after connection closed.). Possibly consider using a shorter maxLifetime value.
2026-07-16 14:24:53 [HikariPool-1:housekeeper] WARN  com.zaxxer.hikari.pool.PoolBase - HikariPool-1 - Failed to validate connection com.mysql.cj.jdbc.ConnectionImpl@2f609a3 (No operations allowed after connection closed.). Possibly consider using a shorter maxLifetime value.
2026-07-16 14:26:15 [HikariPool-1:housekeeper] WARN  com.zaxxer.hikari.pool.PoolBase - HikariPool-1 - Failed to validate connection com.mysql.cj.jdbc.ConnectionImpl@f77faee (No operations allowed after connection closed.). Possibly consider using a shorter maxLifetime value.
2026-07-16 14:26:36 [HikariPool-1:housekeeper] WARN  com.zaxxer.hikari.pool.PoolBase - HikariPool-1 - Failed to validate connection com.mysql.cj.jdbc.ConnectionImpl@6d91766d (No operations allowed after connection closed.). Possibly consider using a shorter maxLifetime value.
2026-07-16 14:28:02 [HikariPool-1:housekeeper] WARN  com.zaxxer.hikari.pool.PoolBase - HikariPool-1 - Failed to validate connection com.mysql.cj.jdbc.ConnectionImpl@260146c (No operations allowed after connection closed.). Possibly consider using a shorter maxLifetime value.
2026-07-16 14:28:13 [HikariPool-1:housekeeper] WARN  com.zaxxer.hikari.pool.PoolBase - HikariPool-1 - Failed to validate connection com.mysql.cj.jdbc.ConnectionImpl@e762ae0 (No operations allowed after connection closed.). Possibly consider using a shorter maxLifetime value.
2026-07-16 14:29:44 [HikariPool-1:housekeeper] WARN  com.zaxxer.hikari.pool.PoolBase - HikariPool-1 - Failed to validate connection com.mysql.cj.jdbc.ConnectionImpl@57bca774 (No operations allowed after connection closed.). Possibly consider using a shorter maxLifetime value.
2026-07-16 14:29:53 [HikariPool-1:housekeeper] WARN  com.zaxxer.hikari.pool.PoolBase - HikariPool-1 - Failed to validate connection com.mysql.cj.jdbc.ConnectionImpl@2d0172f9 (No operations allowed after connection closed.). Possibly consider using a shorter maxLifetime value.
2026-07-16 14:31:25 [HikariPool-1:housekeeper] WARN  com.zaxxer.hikari.pool.PoolBase - HikariPool-1 - Failed to validate connection com.mysql.cj.jdbc.ConnectionImpl@22a2ccf9 (No operations allowed after connection closed.). Possibly consider using a shorter maxLifetime value.
2026-07-16 14:31:49 [HikariPool-1:housekeeper] WARN  com.zaxxer.hikari.pool.PoolBase - HikariPool-1 - Failed to validate connection com.mysql.cj.jdbc.ConnectionImpl@6dbf4284 (No operations allowed after connection closed.). Possibly consider using a shorter maxLifetime value.
2026-07-16 14:33:22 [HikariPool-1:housekeeper] WARN  com.zaxxer.hikari.pool.PoolBase - HikariPool-1 - Failed to validate connection com.mysql.cj.jdbc.ConnectionImpl@7387fba6 (No operations allowed after connection closed.). Possibly consider using a shorter maxLifetime value.
2026-07-16 14:33:33 [HikariPool-1:housekeeper] WARN  com.zaxxer.hikari.pool.PoolBase - HikariPool-1 - Failed to validate connection com.mysql.cj.jdbc.ConnectionImpl@54b951b1 (No operations allowed after connection closed.). Possibly consider using a shorter maxLifetime value.
2026-07-16 14:35:10 [HikariPool-1:housekeeper] WARN  com.zaxxer.hikari.pool.PoolBase - HikariPool-1 - Failed to validate connection com.mysql.cj.jdbc.ConnectionImpl@6e3a2721 (No operations allowed after connection closed.). Possibly consider using a shorter maxLifetime value.
2026-07-16 14:35:30 [HikariPool-1:housekeeper] WARN  com.zaxxer.hikari.pool.PoolBase - HikariPool-1 - Failed to validate connection com.mysql.cj.jdbc.ConnectionImpl@1ffbeb3b (No operations allowed after connection closed.). Possibly consider using a shorter maxLifetime value.
2026-07-16 14:36:53 [HikariPool-1:housekeeper] WARN  com.zaxxer.hikari.pool.PoolBase - HikariPool-1 - Failed to validate connection com.mysql.cj.jdbc.ConnectionImpl@67bc89b9 (No operations allowed after connection closed.). Possibly consider using a shorter maxLifetime value.
2026-07-16 14:37:08 [HikariPool-1:housekeeper] WARN  com.zaxxer.hikari.pool.PoolBase - HikariPool-1 - Failed to validate connection com.mysql.cj.jdbc.ConnectionImpl@2eb5a53b (No operations allowed after connection closed.). Possibly consider using a shorter maxLifetime value.
2026-07-16 14:38:38 [HikariPool-1:housekeeper] WARN  com.zaxxer.hikari.pool.PoolBase - HikariPool-1 - Failed to validate connection com.mysql.cj.jdbc.ConnectionImpl@70effd57 (No operations allowed after connection closed.). Possibly consider using a shorter maxLifetime value.
2026-07-16 14:38:56 [HikariPool-1:housekeeper] WARN  com.zaxxer.hikari.pool.PoolBase - HikariPool-1 - Failed to validate connection com.mysql.cj.jdbc.ConnectionImpl@24bf6ff0 (No operations allowed after connection closed.). Possibly consider using a shorter maxLifetime value.
2026-07-16 14:40:16 [HikariPool-1:housekeeper] WARN  com.zaxxer.hikari.pool.PoolBase - HikariPool-1 - Failed to validate connection com.mysql.cj.jdbc.ConnectionImpl@32af9c2e (No operations allowed after connection closed.). Possibly consider using a shorter maxLifetime value.
2026-07-16 14:40:36 [HikariPool-1:housekeeper] WARN  com.zaxxer.hikari.pool.PoolBase - HikariPool-1 - Failed to validate connection com.mysql.cj.jdbc.ConnectionImpl@4ee1df93 (No operations allowed after connection closed.). Possibly consider using a shorter maxLifetime value.
2026-07-16 14:42:01 [HikariPool-1:housekeeper] WARN  com.zaxxer.hikari.pool.PoolBase - HikariPool-1 - Failed to validate connection com.mysql.cj.jdbc.ConnectionImpl@130b1dbf (No operations allowed after connection closed.). Possibly consider using a shorter maxLifetime value.
2026-07-16 14:42:14 [HikariPool-1:housekeeper] WARN  com.zaxxer.hikari.pool.PoolBase - HikariPool-1 - Failed to validate connection com.mysql.cj.jdbc.ConnectionImpl@355b5ae3 (No operations allowed after connection closed.). Possibly consider using a shorter maxLifetime value.
2026-07-16 14:43:43 [HikariPool-1:housekeeper] WARN  com.zaxxer.hikari.pool.PoolBase - HikariPool-1 - Failed to validate connection com.mysql.cj.jdbc.ConnectionImpl@7edb2034 (No operations allowed after connection closed.). Possibly consider using a shorter maxLifetime value.
2026-07-16 14:43:55 [HikariPool-1:housekeeper] WARN  com.zaxxer.hikari.pool.PoolBase - HikariPool-1 - Failed to validate connection com.mysql.cj.jdbc.ConnectionImpl@548f2212 (No operations allowed after connection closed.). Possibly consider using a shorter maxLifetime value.
2026-07-16 14:45:24 [HikariPool-1:housekeeper] WARN  com.zaxxer.hikari.pool.PoolBase - HikariPool-1 - Failed to validate connection com.mysql.cj.jdbc.ConnectionImpl@77ae9548 (No operations allowed after connection closed.). Possibly consider using a shorter maxLifetime value.
2026-07-16 14:45:31 [HikariPool-1:housekeeper] WARN  com.zaxxer.hikari.pool.PoolBase - HikariPool-1 - Failed to validate connection com.mysql.cj.jdbc.ConnectionImpl@6729a20 (No operations allowed after connection closed.). Possibly consider using a shorter maxLifetime value.
2026-07-16 14:47:03 [HikariPool-1:housekeeper] WARN  com.zaxxer.hikari.pool.PoolBase - HikariPool-1 - Failed to validate connection com.mysql.cj.jdbc.ConnectionImpl@4b47db78 (No operations allowed after connection closed.). Possibly consider using a shorter maxLifetime value.
2026-07-16 14:47:12 [HikariPool-1:housekeeper] WARN  com.zaxxer.hikari.pool.PoolBase - HikariPool-1 - Failed to validate connection com.mysql.cj.jdbc.ConnectionImpl@770fc207 (No operations allowed after connection closed.). Possibly consider using a shorter maxLifetime value.
2026-07-16 14:48:48 [HikariPool-1:housekeeper] WARN  com.zaxxer.hikari.pool.PoolBase - HikariPool-1 - Failed to validate connection com.mysql.cj.jdbc.ConnectionImpl@4a71f8f0 (No operations allowed after connection closed.). Possibly consider using a shorter maxLifetime value.
2026-07-16 14:49:05 [HikariPool-1:housekeeper] WARN  com.zaxxer.hikari.pool.PoolBase - HikariPool-1 - Failed to validate connection com.mysql.cj.jdbc.ConnectionImpl@51732ee2 (No operations allowed after connection closed.). Possibly consider using a shorter maxLifetime value.
2026-07-16 14:50:33 [HikariPool-1:housekeeper] WARN  com.zaxxer.hikari.pool.PoolBase - HikariPool-1 - Failed to validate connection com.mysql.cj.jdbc.ConnectionImpl@68a7dc66 (No operations allowed after connection closed.). Possibly consider using a shorter maxLifetime value.
2026-07-16 14:51:05 [HikariPool-1:housekeeper] WARN  com.zaxxer.hikari.pool.PoolBase - HikariPool-1 - Failed to validate connection com.mysql.cj.jdbc.ConnectionImpl@56f855a3 (No operations allowed after connection closed.). Possibly consider using a shorter maxLifetime value.
2026-07-16 14:52:32 [HikariPool-1:housekeeper] WARN  com.zaxxer.hikari.pool.PoolBase - HikariPool-1 - Failed to validate connection com.mysql.cj.jdbc.ConnectionImpl@d09b5e6 (No operations allowed after connection closed.). Possibly consider using a shorter maxLifetime value.
2026-07-16 14:52:46 [HikariPool-1:housekeeper] WARN  com.zaxxer.hikari.pool.PoolBase - HikariPool-1 - Failed to validate connection com.mysql.cj.jdbc.ConnectionImpl@24a44fa8 (No operations allowed after connection closed.). Possibly consider using a shorter maxLifetime value.
2026-07-16 14:54:13 [HikariPool-1:housekeeper] WARN  com.zaxxer.hikari.pool.PoolBase - HikariPool-1 - Failed to validate connection com.mysql.cj.jdbc.ConnectionImpl@67ea395f (No operations allowed after connection closed.). Possibly consider using a shorter maxLifetime value.
2026-07-16 14:54:35 [HikariPool-1:housekeeper] WARN  com.zaxxer.hikari.pool.PoolBase - HikariPool-1 - Failed to validate connection com.mysql.cj.jdbc.ConnectionImpl@7bc0827d (No operations allowed after connection closed.). Possibly consider using a shorter maxLifetime value.
2026-07-16 14:56:02 [HikariPool-1:housekeeper] WARN  com.zaxxer.hikari.pool.PoolBase - HikariPool-1 - Failed to validate connection com.mysql.cj.jdbc.ConnectionImpl@aebe72f (No operations allowed after connection closed.). Possibly consider using a shorter maxLifetime value.
2026-07-16 14:56:25 [HikariPool-1:housekeeper] WARN  com.zaxxer.hikari.pool.PoolBase - HikariPool-1 - Failed to validate connection com.mysql.cj.jdbc.ConnectionImpl@720419ba (No operations allowed after connection closed.). Possibly consider using a shorter maxLifetime value.
2026-07-16 14:57:58 [HikariPool-1:housekeeper] WARN  com.zaxxer.hikari.pool.PoolBase - HikariPool-1 - Failed to validate connection com.mysql.cj.jdbc.ConnectionImpl@73a3cb51 (No operations allowed after connection closed.). Possibly consider using a shorter maxLifetime value.
2026-07-16 14:58:13 [HikariPool-1:housekeeper] WARN  com.zaxxer.hikari.pool.PoolBase - HikariPool-1 - Failed to validate connection com.mysql.cj.jdbc.ConnectionImpl@69d003c6 (No operations allowed after connection closed.). Possibly consider using a shorter maxLifetime value.
2026-07-16 14:59:38 [HikariPool-1:housekeeper] WARN  com.zaxxer.hikari.pool.PoolBase - HikariPool-1 - Failed to validate connection com.mysql.cj.jdbc.ConnectionImpl@673269d (No operations allowed after connection closed.). Possibly consider using a shorter maxLifetime value.
2026-07-16 14:59:51 [HikariPool-1:housekeeper] WARN  com.zaxxer.hikari.pool.PoolBase - HikariPool-1 - Failed to validate connection com.mysql.cj.jdbc.ConnectionImpl@cdadea1 (No operations allowed after connection closed.). Possibly consider using a shorter maxLifetime value.
2026-07-16 15:01:26 [HikariPool-1:housekeeper] WARN  com.zaxxer.hikari.pool.PoolBase - HikariPool-1 - Failed to validate connection com.mysql.cj.jdbc.ConnectionImpl@443d3c6f (No operations allowed after connection closed.). Possibly consider using a shorter maxLifetime value.
2026-07-16 15:01:38 [HikariPool-1:housekeeper] WARN  com.zaxxer.hikari.pool.PoolBase - HikariPool-1 - Failed to validate connection com.mysql.cj.jdbc.ConnectionImpl@12462105 (No operations allowed after connection closed.). Possibly consider using a shorter maxLifetime value.
2026-07-16 15:03:10 [HikariPool-1:housekeeper] WARN  com.zaxxer.hikari.pool.PoolBase - HikariPool-1 - Failed to validate connection com.mysql.cj.jdbc.ConnectionImpl@49549c8c (No operations allowed after connection closed.). Possibly consider using a shorter maxLifetime value.
2026-07-16 15:03:24 [HikariPool-1:housekeeper] WARN  com.zaxxer.hikari.pool.PoolBase - HikariPool-1 - Failed to validate connection com.mysql.cj.jdbc.ConnectionImpl@3c570848 (No operations allowed after connection closed.). Possibly consider using a shorter maxLifetime value.
2026-07-16 15:04:55 [HikariPool-1:housekeeper] WARN  com.zaxxer.hikari.pool.PoolBase - HikariPool-1 - Failed to validate connection com.mysql.cj.jdbc.ConnectionImpl@d20ab1c (No operations allowed after connection closed.). Possibly consider using a shorter maxLifetime value.
2026-07-16 15:05:14 [HikariPool-1:housekeeper] WARN  com.zaxxer.hikari.pool.PoolBase - HikariPool-1 - Failed to validate connection com.mysql.cj.jdbc.ConnectionImpl@4423e459 (No operations allowed after connection closed.). Possibly consider using a shorter maxLifetime value.
2026-07-16 15:06:49 [HikariPool-1:housekeeper] WARN  com.zaxxer.hikari.pool.PoolBase - HikariPool-1 - Failed to validate connection com.mysql.cj.jdbc.ConnectionImpl@43fa93fb (No operations allowed after connection closed.). Possibly consider using a shorter maxLifetime value.
2026-07-16 15:06:58 [HikariPool-1:housekeeper] WARN  com.zaxxer.hikari.pool.PoolBase - HikariPool-1 - Failed to validate connection com.mysql.cj.jdbc.ConnectionImpl@4dcd55b5 (No operations allowed after connection closed.). Possibly consider using a shorter maxLifetime value.
2026-07-16 15:08:27 [HikariPool-1:housekeeper] WARN  com.zaxxer.hikari.pool.PoolBase - HikariPool-1 - Failed to validate connection com.mysql.cj.jdbc.ConnectionImpl@44657dd2 (No operations allowed after connection closed.). Possibly consider using a shorter maxLifetime value.
2026-07-16 15:08:42 [HikariPool-1:housekeeper] WARN  com.zaxxer.hikari.pool.PoolBase - HikariPool-1 - Failed to validate connection com.mysql.cj.jdbc.ConnectionImpl@4e48d84f (No operations allowed after connection closed.). Possibly consider using a shorter maxLifetime value.
2026-07-16 15:10:05 [HikariPool-1:housekeeper] WARN  com.zaxxer.hikari.pool.PoolBase - HikariPool-1 - Failed to validate connection com.mysql.cj.jdbc.ConnectionImpl@481aa59f (No operations allowed after connection closed.). Possibly consider using a shorter maxLifetime value.
2026-07-16 15:10:41 [HikariPool-1:housekeeper] WARN  com.zaxxer.hikari.pool.PoolBase - HikariPool-1 - Failed to validate connection com.mysql.cj.jdbc.ConnectionImpl@53c5bb45 (No operations allowed after connection closed.). Possibly consider using a shorter maxLifetime value.
2026-07-16 15:12:02 [HikariPool-1:housekeeper] WARN  com.zaxxer.hikari.pool.PoolBase - HikariPool-1 - Failed to validate connection com.mysql.cj.jdbc.ConnectionImpl@1f7b31c5 (No operations allowed after connection closed.). Possibly consider using a shorter maxLifetime value.
2026-07-16 15:12:30 [HikariPool-1:housekeeper] WARN  com.zaxxer.hikari.pool.PoolBase - HikariPool-1 - Failed to validate connection com.mysql.cj.jdbc.ConnectionImpl@6ecaaa5 (No operations allowed after connection closed.). Possibly consider using a shorter maxLifetime value.
2026-07-16 15:13:48 [HikariPool-1:housekeeper] WARN  com.zaxxer.hikari.pool.PoolBase - HikariPool-1 - Failed to validate connection com.mysql.cj.jdbc.ConnectionImpl@405d6696 (No operations allowed after connection closed.). Possibly consider using a shorter maxLifetime value.
2026-07-16 15:14:14 [HikariPool-1:housekeeper] WARN  com.zaxxer.hikari.pool.PoolBase - HikariPool-1 - Failed to validate connection com.mysql.cj.jdbc.ConnectionImpl@3250a0d0 (No operations allowed after connection closed.). Possibly consider using a shorter maxLifetime value.
2026-07-16 15:15:25 [HikariPool-1:housekeeper] WARN  com.zaxxer.hikari.pool.PoolBase - HikariPool-1 - Failed to validate connection com.mysql.cj.jdbc.ConnectionImpl@6b5a99ec (No operations allowed after connection closed.). Possibly consider using a shorter maxLifetime value.
2026-07-16 15:16:06 [HikariPool-1:housekeeper] WARN  com.zaxxer.hikari.pool.PoolBase - HikariPool-1 - Failed to validate connection com.mysql.cj.jdbc.ConnectionImpl@593acacb (No operations allowed after connection closed.). Possibly consider using a shorter maxLifetime value.
2026-07-16 15:17:04 [HikariPool-1:housekeeper] WARN  com.zaxxer.hikari.pool.PoolBase - HikariPool-1 - Failed to validate connection com.mysql.cj.jdbc.ConnectionImpl@677c0d0a (No operations allowed after connection closed.). Possibly consider using a shorter maxLifetime value.
2026-07-16 15:17:49 [HikariPool-1:housekeeper] WARN  com.zaxxer.hikari.pool.PoolBase - HikariPool-1 - Failed to validate connection com.mysql.cj.jdbc.ConnectionImpl@5bf800fe (No operations allowed after connection closed.). Possibly consider using a shorter maxLifetime value.
2026-07-16 15:19:04 [HikariPool-1:housekeeper] WARN  com.zaxxer.hikari.pool.PoolBase - HikariPool-1 - Failed to validate connection com.mysql.cj.jdbc.ConnectionImpl@37069083 (No operations allowed after connection closed.). Possibly consider using a shorter maxLifetime value.
2026-07-16 15:19:37 [HikariPool-1:housekeeper] WARN  com.zaxxer.hikari.pool.PoolBase - HikariPool-1 - Failed to validate connection com.mysql.cj.jdbc.ConnectionImpl@2753600b (No operations allowed after connection closed.). Possibly consider using a shorter maxLifetime value.
2026-07-16 15:20:29 [http-nio-8080-exec-1] INFO  c.e.Docgen_Backend.config.JwtFilter - JWT validated successfully for userId=6a311365ec2c34f3d9e4f06e
2026-07-16 15:20:30 [http-nio-8080-exec-1] INFO  c.e.D.controller.UserController - GET /api/v2/users - Fetch all users request received | page=0, size=8, sortBy=id, direction=desc
2026-07-16 15:20:30 [http-nio-8080-exec-1] WARN  com.zaxxer.hikari.pool.PoolBase - HikariPool-1 - Failed to validate connection com.mysql.cj.jdbc.ConnectionImpl@548924d6 (No operations allowed after connection closed.). Possibly consider using a shorter maxLifetime value.
2026-07-16 15:20:30 [http-nio-8080-exec-1] WARN  com.zaxxer.hikari.pool.PoolBase - HikariPool-1 - Failed to validate connection com.mysql.cj.jdbc.ConnectionImpl@58502a75 (No operations allowed after connection closed.). Possibly consider using a shorter maxLifetime value.
2026-07-16 15:20:32 [http-nio-8080-exec-1] INFO  c.e.D.controller.UserController - Fetched 8 users on page 0 of 2
2026-07-16 15:20:33 [http-nio-8080-exec-4] INFO  c.e.Docgen_Backend.config.JwtFilter - JWT validated successfully for userId=6a311365ec2c34f3d9e4f06e
2026-07-16 15:20:33 [http-nio-8080-exec-4] INFO  c.e.D.controller.UserController - GET /api/v2/users - Fetch all users request received | page=0, size=8, sortBy=id, direction=desc
2026-07-16 15:20:35 [http-nio-8080-exec-4] INFO  c.e.D.controller.UserController - Fetched 8 users on page 0 of 2
2026-07-16 15:20:36 [http-nio-8080-exec-3] INFO  c.e.Docgen_Backend.config.JwtFilter - JWT validated successfully for userId=6a311365ec2c34f3d9e4f06e
2026-07-16 15:20:36 [http-nio-8080-exec-3] INFO  c.e.D.controller.UserController - GET /api/v2/users - Fetch all users request received | page=0, size=8, sortBy=id, direction=desc
2026-07-16 15:20:38 [http-nio-8080-exec-3] INFO  c.e.D.controller.UserController - Fetched 8 users on page 0 of 2
2026-07-16 15:20:38 [http-nio-8080-exec-8] INFO  c.e.Docgen_Backend.config.JwtFilter - JWT validated successfully for userId=6a311365ec2c34f3d9e4f06e
2026-07-16 15:20:38 [http-nio-8080-exec-8] INFO  c.e.D.controller.UserController - GET /api/v2/users - Fetch all users request received | page=0, size=8, sortBy=id, direction=desc
2026-07-16 15:20:41 [http-nio-8080-exec-8] INFO  c.e.D.controller.UserController - Fetched 8 users on page 0 of 2
2026-07-16 15:20:41 [http-nio-8080-exec-10] INFO  c.e.Docgen_Backend.config.JwtFilter - JWT validated successfully for userId=6a311365ec2c34f3d9e4f06e
2026-07-16 15:20:41 [http-nio-8080-exec-10] INFO  c.e.D.controller.UserController - GET /api/v2/users - Fetch all users request received | page=0, size=8, sortBy=id, direction=desc
2026-07-16 15:20:44 [http-nio-8080-exec-10] INFO  c.e.D.controller.UserController - Fetched 8 users on page 0 of 2
2026-07-16 15:20:44 [http-nio-8080-exec-2] INFO  c.e.Docgen_Backend.config.JwtFilter - JWT validated successfully for userId=6a311365ec2c34f3d9e4f06e
2026-07-16 15:20:44 [http-nio-8080-exec-2] INFO  c.e.D.controller.UserController - GET /api/v2/users - Fetch all users request received | page=0, size=8, sortBy=id, direction=desc
2026-07-16 15:20:47 [http-nio-8080-exec-2] INFO  c.e.D.controller.UserController - Fetched 8 users on page 0 of 2
2026-07-16 15:22:14 [HikariPool-1:housekeeper] WARN  com.zaxxer.hikari.pool.PoolBase - HikariPool-1 - Failed to validate connection com.mysql.cj.jdbc.ConnectionImpl@3dd36950 (No operations allowed after connection closed.). Possibly consider using a shorter maxLifetime value.
2026-07-16 15:22:20 [HikariPool-1:housekeeper] WARN  com.zaxxer.hikari.pool.PoolBase - HikariPool-1 - Failed to validate connection com.mysql.cj.jdbc.ConnectionImpl@b960596 (No operations allowed after connection closed.). Possibly consider using a shorter maxLifetime value.
2026-07-16 15:22:26 [HikariPool-1:housekeeper] WARN  com.zaxxer.hikari.pool.PoolBase - HikariPool-1 - Failed to validate connection com.mysql.cj.jdbc.ConnectionImpl@2ce0e8a4 (No operations allowed after connection closed.). Possibly consider using a shorter maxLifetime value.
2026-07-16 15:24:17 [HikariPool-1:housekeeper] WARN  com.zaxxer.hikari.pool.PoolBase - HikariPool-1 - Failed to validate connection com.mysql.cj.jdbc.ConnectionImpl@7612a4bd (No operations allowed after connection closed.). Possibly consider using a shorter maxLifetime value.
2026-07-16 15:24:20 [HikariPool-1:housekeeper] WARN  com.zaxxer.hikari.pool.PoolBase - HikariPool-1 - Failed to validate connection com.mysql.cj.jdbc.ConnectionImpl@2bff6be2 (No operations allowed after connection closed.). Possibly consider using a shorter maxLifetime value.
2026-07-16 15:26:03 [HikariPool-1:housekeeper] WARN  com.zaxxer.hikari.pool.PoolBase - HikariPool-1 - Failed to validate connection com.mysql.cj.jdbc.ConnectionImpl@7bad2e73 (No operations allowed after connection closed.). Possibly consider using a shorter maxLifetime value.
2026-07-16 15:26:13 [HikariPool-1:housekeeper] WARN  com.zaxxer.hikari.pool.PoolBase - HikariPool-1 - Failed to validate connection com.mysql.cj.jdbc.ConnectionImpl@10349afe (No operations allowed after connection closed.). Possibly consider using a shorter maxLifetime value.
2026-07-16 15:26:54 [http-nio-8080-exec-9] INFO  c.e.Docgen_Backend.config.JwtFilter - JWT validated successfully for userId=6a311365ec2c34f3d9e4f06e
2026-07-16 15:26:54 [http-nio-8080-exec-9] INFO  c.e.D.controller.UserController - GET /api/v2/users - Fetch all users request received | page=0, size=8, sortBy=id, direction=desc
2026-07-16 15:26:54 [http-nio-8080-exec-9] WARN  com.zaxxer.hikari.pool.PoolBase - HikariPool-1 - Failed to validate connection com.mysql.cj.jdbc.ConnectionImpl@54542884 (No operations allowed after connection closed.). Possibly consider using a shorter maxLifetime value.
2026-07-16 15:26:54 [http-nio-8080-exec-9] WARN  com.zaxxer.hikari.pool.PoolBase - HikariPool-1 - Failed to validate connection com.mysql.cj.jdbc.ConnectionImpl@73df35bf (No operations allowed after connection closed.). Possibly consider using a shorter maxLifetime value.
2026-07-16 15:26:57 [http-nio-8080-exec-9] INFO  c.e.D.controller.UserController - Fetched 8 users on page 0 of 2
2026-07-16 15:26:58 [http-nio-8080-exec-7] INFO  c.e.Docgen_Backend.config.JwtFilter - JWT validated successfully for userId=6a311365ec2c34f3d9e4f06e
2026-07-16 15:26:58 [http-nio-8080-exec-7] INFO  c.e.D.controller.UserController - GET /api/v2/users - Fetch all users request received | page=0, size=8, sortBy=id, direction=desc
2026-07-16 15:27:01 [http-nio-8080-exec-7] INFO  c.e.D.controller.UserController - Fetched 8 users on page 0 of 2
2026-07-16 15:28:36 [HikariPool-1:housekeeper] WARN  com.zaxxer.hikari.pool.PoolBase - HikariPool-1 - Failed to validate connection com.mysql.cj.jdbc.ConnectionImpl@520833ac (No operations allowed after connection closed.). Possibly consider using a shorter maxLifetime value.
2026-07-16 15:28:37 [HikariPool-1:housekeeper] WARN  com.zaxxer.hikari.pool.PoolBase - HikariPool-1 - Failed to validate connection com.mysql.cj.jdbc.ConnectionImpl@34a37c62 (No operations allowed after connection closed.). Possibly consider using a shorter maxLifetime value.
2026-07-16 15:28:38 [HikariPool-1:housekeeper] WARN  com.zaxxer.hikari.pool.PoolBase - HikariPool-1 - Failed to validate connection com.mysql.cj.jdbc.ConnectionImpl@561e6edc (No operations allowed after connection closed.). Possibly consider using a shorter maxLifetime value.
2026-07-16 15:30:27 [HikariPool-1:housekeeper] WARN  com.zaxxer.hikari.pool.PoolBase - HikariPool-1 - Failed to validate connection com.mysql.cj.jdbc.ConnectionImpl@4598b2e0 (No operations allowed after connection closed.). Possibly consider using a shorter maxLifetime value.
2026-07-16 15:30:37 [HikariPool-1:housekeeper] WARN  com.zaxxer.hikari.pool.PoolBase - HikariPool-1 - Failed to validate connection com.mysql.cj.jdbc.ConnectionImpl@4d0be45c (No operations allowed after connection closed.). Possibly consider using a shorter maxLifetime value.
2026-07-16 15:32:15 [HikariPool-1:housekeeper] WARN  com.zaxxer.hikari.pool.PoolBase - HikariPool-1 - Failed to validate connection com.mysql.cj.jdbc.ConnectionImpl@6849bbf5 (No operations allowed after connection closed.). Possibly consider using a shorter maxLifetime value.
2026-07-16 15:32:23 [HikariPool-1:housekeeper] WARN  com.zaxxer.hikari.pool.PoolBase - HikariPool-1 - Failed to validate connection com.mysql.cj.jdbc.ConnectionImpl@3ef26e17 (No operations allowed after connection closed.). Possibly consider using a shorter maxLifetime value.
2026-07-16 15:34:01 [HikariPool-1:housekeeper] WARN  com.zaxxer.hikari.pool.PoolBase - HikariPool-1 - Failed to validate connection com.mysql.cj.jdbc.ConnectionImpl@43820835 (No operations allowed after connection closed.). Possibly consider using a shorter maxLifetime value.
2026-07-16 15:34:18 [HikariPool-1:housekeeper] WARN  com.zaxxer.hikari.pool.PoolBase - HikariPool-1 - Failed to validate connection com.mysql.cj.jdbc.ConnectionImpl@8345987 (No operations allowed after connection closed.). Possibly consider using a shorter maxLifetime value.
2026-07-16 15:35:19 [http-nio-8080-exec-1] INFO  c.e.Docgen_Backend.config.JwtFilter - JWT validated successfully for userId=6a311365ec2c34f3d9e4f06e
2026-07-16 15:35:19 [http-nio-8080-exec-1] INFO  c.e.D.controller.UserController - POST /api/v2/users/create-profile - Request received for employeeId=NSS833
2026-07-16 15:35:19 [http-nio-8080-exec-1] DEBUG c.e.D.controller.UserController - Full request payload: CreateProfileRequest(employeeName=Shraddha Deshmukh, email=shradha9322@gmail.com, mobileNo=9322367938, employeeId=NSS833, joiningDesignation= Full Stack Developer, currentDesignation= Full Stack Developer, department=IT, currentAddress= 405, Sai Salek, Lakshmi Nagar, Lane No. 6, Pimple Gurav, Pune – 411061, permanentAddress=null, accountNo=41363768430, bankName=HDFC Bank, joiningCTC=120000.0, currentCTC=10000.0, dateOfBirth=2003-12-21, offerDate=2025-12-25, joiningDate=2026-01-05, panNo=ICZPD8170H, company=DCS, pfType=WITH_PF, identity=MRS, documents=[INTERNSHIP_CERTIFICATE], documentData={INTERNSHIP_CERTIFICATE={internshipType=PAID, stipend=10000, startDate=2026-01-05, endDate=2026-06-05, issueDate=2026-07-16}})
2026-07-16 15:35:19 [http-nio-8080-exec-1] INFO  c.e.D.service.impl.UserServiceImpl - Creating user profile for employeeId=NSS833
2026-07-16 15:35:19 [http-nio-8080-exec-1] DEBUG c.e.D.service.impl.UserServiceImpl - Validating request for employeeId=NSS833
2026-07-16 15:35:19 [http-nio-8080-exec-1] WARN  com.zaxxer.hikari.pool.PoolBase - HikariPool-1 - Failed to validate connection com.mysql.cj.jdbc.ConnectionImpl@2df3250e (No operations allowed after connection closed.). Possibly consider using a shorter maxLifetime value.
2026-07-16 15:35:19 [http-nio-8080-exec-1] WARN  com.zaxxer.hikari.pool.PoolBase - HikariPool-1 - Failed to validate connection com.mysql.cj.jdbc.ConnectionImpl@5419f75a (No operations allowed after connection closed.). Possibly consider using a shorter maxLifetime value.
2026-07-16 15:35:19 [http-nio-8080-exec-1] ERROR c.e.D.service.impl.UserServiceImpl - Error while creating profile for employeeId=NSS833 | error=Employee ID already exists
java.lang.IllegalArgumentException: Employee ID already exists
	at com.example.Docgen_Backend.service.impl.UserServiceImpl.validateRequest(UserServiceImpl.java:89)
	at com.example.Docgen_Backend.service.impl.UserServiceImpl.createProfile(UserServiceImpl.java:37)
	at com.example.Docgen_Backend.controller.UserController.createProfile(UserController.java:35)
	at java.base/jdk.internal.reflect.DirectMethodHandleAccessor.invoke(DirectMethodHandleAccessor.java:103)
	at java.base/java.lang.reflect.Method.invoke(Method.java:580)
	at org.springframework.web.method.support.InvocableHandlerMethod.doInvoke(InvocableHandlerMethod.java:252)
	at org.springframework.web.method.support.InvocableHandlerMethod.invokeForRequest(InvocableHandlerMethod.java:184)
	at org.springframework.web.servlet.mvc.method.annotation.ServletInvocableHandlerMethod.invokeAndHandle(ServletInvocableHandlerMethod.java:117)
	at org.springframework.web.servlet.mvc.method.annotation.RequestMappingHandlerAdapter.invokeHandlerMethod(RequestMappingHandlerAdapter.java:934)
	at org.springframework.web.servlet.mvc.method.annotation.RequestMappingHandlerAdapter.handleInternal(RequestMappingHandlerAdapter.java:853)
	at org.springframework.web.servlet.mvc.method.AbstractHandlerMethodAdapter.handle(AbstractHandlerMethodAdapter.java:86)
	at org.springframework.web.servlet.DispatcherServlet.doDispatch(DispatcherServlet.java:963)
	at org.springframework.web.servlet.DispatcherServlet.doService(DispatcherServlet.java:866)
	at org.springframework.web.servlet.FrameworkServlet.processRequest(FrameworkServlet.java:1000)
	at org.springframework.web.servlet.FrameworkServlet.doPost(FrameworkServlet.java:903)
	at jakarta.servlet.http.HttpServlet.service(HttpServlet.java:649)
	at org.springframework.web.servlet.FrameworkServlet.service(FrameworkServlet.java:874)
	at jakarta.servlet.http.HttpServlet.service(HttpServlet.java:710)
	at org.apache.catalina.core.ApplicationFilterChain.doFilter(ApplicationFilterChain.java:128)
	at org.apache.tomcat.websocket.server.WsFilter.doFilter(WsFilter.java:53)
	at org.apache.catalina.core.ApplicationFilterChain.doFilter(ApplicationFilterChain.java:107)
	at org.springframework.web.filter.OncePerRequestFilter.doFilter(OncePerRequestFilter.java:110)
	at org.apache.catalina.core.ApplicationFilterChain.doFilter(ApplicationFilterChain.java:107)
	at org.springframework.web.filter.CompositeFilter$VirtualFilterChain.doFilter(CompositeFilter.java:108)
	at org.springframework.security.web.FilterChainProxy.lambda$doFilterInternal$3(FilterChainProxy.java:235)
	at org.springframework.security.web.FilterChainProxy$VirtualFilterChain.doFilter(FilterChainProxy.java:376)
	at org.springframework.security.web.access.intercept.AuthorizationFilter.doFilter(AuthorizationFilter.java:101)
	at org.springframework.security.web.FilterChainProxy$VirtualFilterChain.doFilter(FilterChainProxy.java:385)
	at org.springframework.security.web.access.ExceptionTranslationFilter.doFilter(ExceptionTranslationFilter.java:126)
	at org.springframework.security.web.access.ExceptionTranslationFilter.doFilter(ExceptionTranslationFilter.java:120)
	at org.springframework.security.web.FilterChainProxy$VirtualFilterChain.doFilter(FilterChainProxy.java:385)
	at org.springframework.security.web.session.SessionManagementFilter.doFilter(SessionManagementFilter.java:132)
	at org.springframework.security.web.session.SessionManagementFilter.doFilter(SessionManagementFilter.java:86)
	at org.springframework.security.web.FilterChainProxy$VirtualFilterChain.doFilter(FilterChainProxy.java:385)
	at org.springframework.security.web.authentication.AnonymousAuthenticationFilter.doFilter(AnonymousAuthenticationFilter.java:100)
	at org.springframework.security.web.FilterChainProxy$VirtualFilterChain.doFilter(FilterChainProxy.java:385)
	at org.springframework.security.web.servletapi.SecurityContextHolderAwareRequestFilter.doFilter(SecurityContextHolderAwareRequestFilter.java:181)
	at org.springframework.security.web.FilterChainProxy$VirtualFilterChain.doFilter(FilterChainProxy.java:385)
	at org.springframework.security.web.savedrequest.RequestCacheAwareFilter.doFilter(RequestCacheAwareFilter.java:63)
	at org.springframework.security.web.FilterChainProxy$VirtualFilterChain.doFilter(FilterChainProxy.java:385)
	at com.example.Docgen_Backend.config.JwtFilter.doFilterInternal(JwtFilter.java:111)
	at org.springframework.web.filter.OncePerRequestFilter.doFilter(OncePerRequestFilter.java:116)
	at org.springframework.security.web.FilterChainProxy$VirtualFilterChain.doFilter(FilterChainProxy.java:385)
	at org.springframework.security.web.authentication.logout.LogoutFilter.doFilter(LogoutFilter.java:110)
	at org.springframework.security.web.authentication.logout.LogoutFilter.doFilter(LogoutFilter.java:96)
	at org.springframework.security.web.FilterChainProxy$VirtualFilterChain.doFilter(FilterChainProxy.java:385)
	at org.springframework.web.filter.CorsFilter.doFilterInternal(CorsFilter.java:91)
	at org.springframework.web.filter.OncePerRequestFilter.doFilter(OncePerRequestFilter.java:116)
	at org.springframework.security.web.FilterChainProxy$VirtualFilterChain.doFilter(FilterChainProxy.java:385)
	at org.springframework.security.web.header.HeaderWriterFilter.doHeadersAfter(HeaderWriterFilter.java:90)
	at org.springframework.security.web.header.HeaderWriterFilter.doFilterInternal(HeaderWriterFilter.java:75)
	at org.springframework.web.filter.OncePerRequestFilter.doFilter(OncePerRequestFilter.java:116)
	at org.springframework.security.web.FilterChainProxy$VirtualFilterChain.doFilter(FilterChainProxy.java:385)
	at org.springframework.security.web.context.SecurityContextHolderFilter.doFilter(SecurityContextHolderFilter.java:82)
	at org.springframework.security.web.context.SecurityContextHolderFilter.doFilter(SecurityContextHolderFilter.java:69)
	at org.springframework.security.web.FilterChainProxy$VirtualFilterChain.doFilter(FilterChainProxy.java:385)
	at org.springframework.security.web.context.request.async.WebAsyncManagerIntegrationFilter.doFilterInternal(WebAsyncManagerIntegrationFilter.java:62)
	at org.springframework.web.filter.OncePerRequestFilter.doFilter(OncePerRequestFilter.java:116)
	at org.springframework.security.web.FilterChainProxy$VirtualFilterChain.doFilter(FilterChainProxy.java:385)
	at org.springframework.security.web.session.DisableEncodeUrlFilter.doFilterInternal(DisableEncodeUrlFilter.java:42)
	at org.springframework.web.filter.OncePerRequestFilter.doFilter(OncePerRequestFilter.java:116)
	at org.springframework.security.web.FilterChainProxy$VirtualFilterChain.doFilter(FilterChainProxy.java:385)
	at org.springframework.security.web.FilterChainProxy.doFilterInternal(FilterChainProxy.java:237)
	at org.springframework.security.web.FilterChainProxy.doFilter(FilterChainProxy.java:195)
	at org.springframework.web.filter.CompositeFilter$VirtualFilterChain.doFilter(CompositeFilter.java:113)
	at org.springframework.web.filter.ServletRequestPathFilter.doFilter(ServletRequestPathFilter.java:52)
	at org.springframework.web.filter.CompositeFilter$VirtualFilterChain.doFilter(CompositeFilter.java:113)
	at org.springframework.web.filter.CompositeFilter.doFilter(CompositeFilter.java:74)
	at org.springframework.security.config.annotation.web.configuration.WebSecurityConfiguration$CompositeFilterChainProxy.doFilter(WebSecurityConfiguration.java:317)
	at org.springframework.web.filter.DelegatingFilterProxy.invokeDelegate(DelegatingFilterProxy.java:355)
	at org.springframework.web.filter.DelegatingFilterProxy.doFilter(DelegatingFilterProxy.java:272)
	at org.apache.catalina.core.ApplicationFilterChain.doFilter(ApplicationFilterChain.java:107)
	at org.springframework.web.filter.RequestContextFilter.doFilterInternal(RequestContextFilter.java:100)
	at org.springframework.web.filter.OncePerRequestFilter.doFilter(OncePerRequestFilter.java:116)
	at org.apache.catalina.core.ApplicationFilterChain.doFilter(ApplicationFilterChain.java:107)
	at org.springframework.web.filter.FormContentFilter.doFilterInternal(FormContentFilter.java:93)
	at org.springframework.web.filter.OncePerRequestFilter.doFilter(OncePerRequestFilter.java:116)
	at org.apache.catalina.core.ApplicationFilterChain.doFilter(ApplicationFilterChain.java:107)
	at org.springframework.web.filter.CharacterEncodingFilter.doFilterInternal(CharacterEncodingFilter.java:199)
	at org.springframework.web.filter.OncePerRequestFilter.doFilter(OncePerRequestFilter.java:116)
	at org.apache.catalina.core.ApplicationFilterChain.doFilter(ApplicationFilterChain.java:107)
	at org.apache.catalina.core.StandardWrapperValve.invoke(StandardWrapperValve.java:165)
	at org.apache.catalina.core.StandardContextValve.invoke(StandardContextValve.java:77)
	at org.apache.catalina.authenticator.AuthenticatorBase.invoke(AuthenticatorBase.java:492)
	at org.apache.catalina.core.StandardHostValve.invoke(StandardHostValve.java:113)
	at org.apache.catalina.valves.ErrorReportValve.invoke(ErrorReportValve.java:83)
	at org.apache.catalina.core.StandardEngineValve.invoke(StandardEngineValve.java:72)
	at org.apache.catalina.connector.CoyoteAdapter.service(CoyoteAdapter.java:341)
	at org.apache.coyote.http11.Http11Processor.service(Http11Processor.java:397)
	at org.apache.coyote.AbstractProcessorLight.process(AbstractProcessorLight.java:63)
	at org.apache.coyote.AbstractProtocol$ConnectionHandler.process(AbstractProtocol.java:903)
	at org.apache.tomcat.util.net.NioEndpoint$SocketProcessor.doRun(NioEndpoint.java:1801)
	at org.apache.tomcat.util.net.SocketProcessorBase.run(SocketProcessorBase.java:52)
	at org.apache.tomcat.util.threads.ThreadPoolExecutor.runWorker(ThreadPoolExecutor.java:946)
	at org.apache.tomcat.util.threads.ThreadPoolExecutor$Worker.run(ThreadPoolExecutor.java:480)
	at org.apache.tomcat.util.threads.TaskThread$WrappingRunnable.run(TaskThread.java:57)
	at java.base/java.lang.Thread.run(Thread.java:1583)
2026-07-16 15:35:19 [http-nio-8080-exec-1] ERROR c.e.D.e.GlobalExceptionHandler - Invalid input: Employee ID already exists
2026-07-16 15:35:19 [http-nio-8080-exec-1] WARN  o.s.w.s.m.m.a.ExceptionHandlerExceptionResolver - Resolved [java.lang.IllegalArgumentException: Employee ID already exists]
2026-07-16 15:36:59 [HikariPool-1:housekeeper] WARN  com.zaxxer.hikari.pool.PoolBase - HikariPool-1 - Failed to validate connection com.mysql.cj.jdbc.ConnectionImpl@317737f4 (No operations allowed after connection closed.). Possibly consider using a shorter maxLifetime value.
2026-07-16 15:37:11 [HikariPool-1:housekeeper] WARN  com.zaxxer.hikari.pool.PoolBase - HikariPool-1 - Failed to validate connection com.mysql.cj.jdbc.ConnectionImpl@668c44f3 (No operations allowed after connection closed.). Possibly consider using a shorter maxLifetime value.
2026-07-16 15:38:49 [HikariPool-1:housekeeper] WARN  com.zaxxer.hikari.pool.PoolBase - HikariPool-1 - Failed to validate connection com.mysql.cj.jdbc.ConnectionImpl@36b28692 (No operations allowed after connection closed.). Possibly consider using a shorter maxLifetime value.
2026-07-16 15:38:53 [HikariPool-1:housekeeper] WARN  com.zaxxer.hikari.pool.PoolBase - HikariPool-1 - Failed to validate connection com.mysql.cj.jdbc.ConnectionImpl@8ddb85f (No operations allowed after connection closed.). Possibly consider using a shorter maxLifetime value.
2026-07-16 15:40:34 [HikariPool-1:housekeeper] WARN  com.zaxxer.hikari.pool.PoolBase - HikariPool-1 - Failed to validate connection com.mysql.cj.jdbc.ConnectionImpl@20f68c4d (No operations allowed after connection closed.). Possibly consider using a shorter maxLifetime value.
2026-07-16 15:40:38 [HikariPool-1:housekeeper] WARN  com.zaxxer.hikari.pool.PoolBase - HikariPool-1 - Failed to validate connection com.mysql.cj.jdbc.ConnectionImpl@184db3dd (No operations allowed after connection closed.). Possibly consider using a shorter maxLifetime value.
2026-07-16 15:42:23 [HikariPool-1:housekeeper] WARN  com.zaxxer.hikari.pool.PoolBase - HikariPool-1 - Failed to validate connection com.mysql.cj.jdbc.ConnectionImpl@7db7efcb (No operations allowed after connection closed.). Possibly consider using a shorter maxLifetime value.
2026-07-16 15:42:30 [HikariPool-1:housekeeper] WARN  com.zaxxer.hikari.pool.PoolBase - HikariPool-1 - Failed to validate connection com.mysql.cj.jdbc.ConnectionImpl@7bb1b995 (No operations allowed after connection closed.). Possibly consider using a shorter maxLifetime value.
2026-07-16 15:44:16 [HikariPool-1:housekeeper] WARN  com.zaxxer.hikari.pool.PoolBase - HikariPool-1 - Failed to validate connection com.mysql.cj.jdbc.ConnectionImpl@4c9c41db (No operations allowed after connection closed.). Possibly consider using a shorter maxLifetime value.
2026-07-16 15:44:21 [HikariPool-1:housekeeper] WARN  com.zaxxer.hikari.pool.PoolBase - HikariPool-1 - Failed to validate connection com.mysql.cj.jdbc.ConnectionImpl@6ff3a607 (No operations allowed after connection closed.). Possibly consider using a shorter maxLifetime value.
2026-07-16 15:46:01 [HikariPool-1:housekeeper] WARN  com.zaxxer.hikari.pool.PoolBase - HikariPool-1 - Failed to validate connection com.mysql.cj.jdbc.ConnectionImpl@761cc9cc (No operations allowed after connection closed.). Possibly consider using a shorter maxLifetime value.
2026-07-16 15:46:16 [HikariPool-1:housekeeper] WARN  com.zaxxer.hikari.pool.PoolBase - HikariPool-1 - Failed to validate connection com.mysql.cj.jdbc.ConnectionImpl@5b47132d (No operations allowed after connection closed.). Possibly consider using a shorter maxLifetime value.
2026-07-16 15:47:51 [HikariPool-1:housekeeper] WARN  com.zaxxer.hikari.pool.PoolBase - HikariPool-1 - Failed to validate connection com.mysql.cj.jdbc.ConnectionImpl@1537161d (No operations allowed after connection closed.). Possibly consider using a shorter maxLifetime value.
2026-07-16 15:47:53 [HikariPool-1:housekeeper] WARN  com.zaxxer.hikari.pool.PoolBase - HikariPool-1 - Failed to validate connection com.mysql.cj.jdbc.ConnectionImpl@6d3b912c (No operations allowed after connection closed.). Possibly consider using a shorter maxLifetime value.
2026-07-16 15:49:41 [HikariPool-1:housekeeper] WARN  com.zaxxer.hikari.pool.PoolBase - HikariPool-1 - Failed to validate connection com.mysql.cj.jdbc.ConnectionImpl@470aca90 (No operations allowed after connection closed.). Possibly consider using a shorter maxLifetime value.
2026-07-16 15:49:49 [HikariPool-1:housekeeper] WARN  com.zaxxer.hikari.pool.PoolBase - HikariPool-1 - Failed to validate connection com.mysql.cj.jdbc.ConnectionImpl@55b46819 (No operations allowed after connection closed.). Possibly consider using a shorter maxLifetime value.
2026-07-16 15:51:37 [HikariPool-1:housekeeper] WARN  com.zaxxer.hikari.pool.PoolBase - HikariPool-1 - Failed to validate connection com.mysql.cj.jdbc.ConnectionImpl@7578392e (No operations allowed after connection closed.). Possibly consider using a shorter maxLifetime value.
2026-07-16 15:51:38 [HikariPool-1:housekeeper] WARN  com.zaxxer.hikari.pool.PoolBase - HikariPool-1 - Failed to validate connection com.mysql.cj.jdbc.ConnectionImpl@6ce937cc (No operations allowed after connection closed.). Possibly consider using a shorter maxLifetime value.
2026-07-16 15:53:19 [HikariPool-1:housekeeper] WARN  com.zaxxer.hikari.pool.PoolBase - HikariPool-1 - Failed to validate connection com.mysql.cj.jdbc.ConnectionImpl@31083782 (No operations allowed after connection closed.). Possibly consider using a shorter maxLifetime value.
2026-07-16 15:53:22 [HikariPool-1:housekeeper] WARN  com.zaxxer.hikari.pool.PoolBase - HikariPool-1 - Failed to validate connection com.mysql.cj.jdbc.ConnectionImpl@44a693fd (No operations allowed after connection closed.). Possibly consider using a shorter maxLifetime value.
2026-07-16 15:55:04 [HikariPool-1:housekeeper] WARN  com.zaxxer.hikari.pool.PoolBase - HikariPool-1 - Failed to validate connection com.mysql.cj.jdbc.ConnectionImpl@61549bf2 (No operations allowed after connection closed.). Possibly consider using a shorter maxLifetime value.
2026-07-16 15:55:15 [HikariPool-1:housekeeper] WARN  com.zaxxer.hikari.pool.PoolBase - HikariPool-1 - Failed to validate connection com.mysql.cj.jdbc.ConnectionImpl@7ab8ac62 (No operations allowed after connection closed.). Possibly consider using a shorter maxLifetime value.
2026-07-16 15:56:52 [HikariPool-1:housekeeper] WARN  com.zaxxer.hikari.pool.PoolBase - HikariPool-1 - Failed to validate connection com.mysql.cj.jdbc.ConnectionImpl@4f3f6014 (No operations allowed after connection closed.). Possibly consider using a shorter maxLifetime value.
2026-07-16 15:57:06 [HikariPool-1:housekeeper] WARN  com.zaxxer.hikari.pool.PoolBase - HikariPool-1 - Failed to validate connection com.mysql.cj.jdbc.ConnectionImpl@61f95a6f (No operations allowed after connection closed.). Possibly consider using a shorter maxLifetime value.
2026-07-16 15:58:44 [HikariPool-1:housekeeper] WARN  com.zaxxer.hikari.pool.PoolBase - HikariPool-1 - Failed to validate connection com.mysql.cj.jdbc.ConnectionImpl@508bb0ce (No operations allowed after connection closed.). Possibly consider using a shorter maxLifetime value.
2026-07-16 15:59:03 [HikariPool-1:housekeeper] WARN  com.zaxxer.hikari.pool.PoolBase - HikariPool-1 - Failed to validate connection com.mysql.cj.jdbc.ConnectionImpl@4c13a6b4 (No operations allowed after connection closed.). Possibly consider using a shorter maxLifetime value.
2026-07-16 16:00:44 [HikariPool-1:housekeeper] WARN  com.zaxxer.hikari.pool.PoolBase - HikariPool-1 - Failed to validate connection com.mysql.cj.jdbc.ConnectionImpl@27e9e8fc (No operations allowed after connection closed.). Possibly consider using a shorter maxLifetime value.
2026-07-16 16:00:45 [HikariPool-1:housekeeper] WARN  com.zaxxer.hikari.pool.PoolBase - HikariPool-1 - Failed to validate connection com.mysql.cj.jdbc.ConnectionImpl@46e2ee1 (No operations allowed after connection closed.). Possibly consider using a shorter maxLifetime value.
2026-07-16 16:02:22 [HikariPool-1:housekeeper] WARN  com.zaxxer.hikari.pool.PoolBase - HikariPool-1 - Failed to validate connection com.mysql.cj.jdbc.ConnectionImpl@67e18a9b (No operations allowed after connection closed.). Possibly consider using a shorter maxLifetime value.
2026-07-16 16:02:28 [HikariPool-1:housekeeper] WARN  com.zaxxer.hikari.pool.PoolBase - HikariPool-1 - Failed to validate connection com.mysql.cj.jdbc.ConnectionImpl@12049b93 (No operations allowed after connection closed.). Possibly consider using a shorter maxLifetime value.
2026-07-16 16:04:11 [HikariPool-1:housekeeper] WARN  com.zaxxer.hikari.pool.PoolBase - HikariPool-1 - Failed to validate connection com.mysql.cj.jdbc.ConnectionImpl@cb65d20 (No operations allowed after connection closed.). Possibly consider using a shorter maxLifetime value.
2026-07-16 16:04:28 [HikariPool-1:housekeeper] WARN  com.zaxxer.hikari.pool.PoolBase - HikariPool-1 - Failed to validate connection com.mysql.cj.jdbc.ConnectionImpl@c4d9b49 (No operations allowed after connection closed.). Possibly consider using a shorter maxLifetime value.
2026-07-16 16:05:58 [HikariPool-1:housekeeper] WARN  com.zaxxer.hikari.pool.PoolBase - HikariPool-1 - Failed to validate connection com.mysql.cj.jdbc.ConnectionImpl@10d65369 (No operations allowed after connection closed.). Possibly consider using a shorter maxLifetime value.
2026-07-16 16:06:22 [HikariPool-1:housekeeper] WARN  com.zaxxer.hikari.pool.PoolBase - HikariPool-1 - Failed to validate connection com.mysql.cj.jdbc.ConnectionImpl@501e2356 (No operations allowed after connection closed.). Possibly consider using a shorter maxLifetime value.
2026-07-16 16:07:43 [HikariPool-1:housekeeper] WARN  com.zaxxer.hikari.pool.PoolBase - HikariPool-1 - Failed to validate connection com.mysql.cj.jdbc.ConnectionImpl@667432b2 (No operations allowed after connection closed.). Possibly consider using a shorter maxLifetime value.
2026-07-16 16:08:11 [HikariPool-1:housekeeper] WARN  com.zaxxer.hikari.pool.PoolBase - HikariPool-1 - Failed to validate connection com.mysql.cj.jdbc.ConnectionImpl@3c4da4bc (No operations allowed after connection closed.). Possibly consider using a shorter maxLifetime value.
2026-07-16 16:09:39 [HikariPool-1:housekeeper] WARN  com.zaxxer.hikari.pool.PoolBase - HikariPool-1 - Failed to validate connection com.mysql.cj.jdbc.ConnectionImpl@648df967 (No operations allowed after connection closed.). Possibly consider using a shorter maxLifetime value.
2026-07-16 16:09:52 [HikariPool-1:housekeeper] WARN  com.zaxxer.hikari.pool.PoolBase - HikariPool-1 - Failed to validate connection com.mysql.cj.jdbc.ConnectionImpl@6906a04d (No operations allowed after connection closed.). Possibly consider using a shorter maxLifetime value.
2026-07-16 16:11:21 [HikariPool-1:housekeeper] WARN  com.zaxxer.hikari.pool.PoolBase - HikariPool-1 - Failed to validate connection com.mysql.cj.jdbc.ConnectionImpl@1c6e5d93 (No operations allowed after connection closed.). Possibly consider using a shorter maxLifetime value.
2026-07-16 16:11:29 [HikariPool-1:housekeeper] WARN  com.zaxxer.hikari.pool.PoolBase - HikariPool-1 - Failed to validate connection com.mysql.cj.jdbc.ConnectionImpl@490f02b (No operations allowed after connection closed.). Possibly consider using a shorter maxLifetime value.
2026-07-16 16:45:40 [HikariPool-1:housekeeper] WARN  com.zaxxer.hikari.pool.HikariPool - HikariPool-1 - Thread starvation or clock leap detected (housekeeper delta=33m46s518ms652µs100ns).
2026-07-16 16:45:40 [HikariPool-1:housekeeper] WARN  com.zaxxer.hikari.pool.PoolBase - HikariPool-1 - Failed to validate connection com.mysql.cj.jdbc.ConnectionImpl@631083d1 (No operations allowed after connection closed.). Possibly consider using a shorter maxLifetime value.
2026-07-16 16:45:40 [HikariPool-1:housekeeper] WARN  com.zaxxer.hikari.pool.PoolBase - HikariPool-1 - Failed to validate connection com.mysql.cj.jdbc.ConnectionImpl@79eec347 (No operations allowed after connection closed.). Possibly consider using a shorter maxLifetime value.
2026-07-16 16:46:01 [SpringApplicationShutdownHook] INFO  o.s.boot.tomcat.GracefulShutdown - Commencing graceful shutdown. Waiting for active requests to complete
2026-07-16 16:46:01 [tomcat-shutdown] INFO  o.s.boot.tomcat.GracefulShutdown - Graceful shutdown complete
2026-07-16 16:46:01 [SpringApplicationShutdownHook] INFO  o.s.o.j.LocalContainerEntityManagerFactoryBean - Closing JPA EntityManagerFactory for persistence unit 'default'
2026-07-16 16:46:01 [SpringApplicationShutdownHook] INFO  com.zaxxer.hikari.HikariDataSource - HikariPool-1 - Shutdown initiated...
2026-07-16 16:46:01 [SpringApplicationShutdownHook] INFO  com.zaxxer.hikari.HikariDataSource - HikariPool-1 - Shutdown completed.
2026-07-16 18:26:56 [background-preinit] INFO  o.h.validator.internal.util.Version - HV000001: Hibernate Validator 9.0.1.Final
2026-07-16 18:26:56 [restartedMain] INFO  c.e.D.DocgenBackendApplication - Starting DocgenBackendApplication using Java 21.0.9 with PID 30968 (E:\DocGen New Front V2\Docgen-Backend\target\classes started by prath in E:\DocGen New Front V2\Docgen-Backend)
2026-07-16 18:26:56 [restartedMain] DEBUG c.e.D.DocgenBackendApplication - Running with Spring Boot v4.0.6, Spring v7.0.7
2026-07-16 18:26:56 [restartedMain] INFO  c.e.D.DocgenBackendApplication - No active profile set, falling back to 1 default profile: "default"
2026-07-16 18:26:56 [restartedMain] INFO  o.s.b.d.e.DevToolsPropertyDefaultsPostProcessor - Devtools property defaults active! Set 'spring.devtools.add-properties' to 'false' to disable
2026-07-16 18:26:56 [restartedMain] INFO  o.s.b.d.e.DevToolsPropertyDefaultsPostProcessor - For additional web related logging consider setting the 'logging.level.web' property to 'DEBUG'
2026-07-16 18:26:57 [restartedMain] INFO  o.s.d.r.c.RepositoryConfigurationDelegate - Bootstrapping Spring Data JPA repositories in DEFAULT mode.
2026-07-16 18:26:57 [restartedMain] INFO  o.s.d.r.c.RepositoryConfigurationDelegate - Finished Spring Data repository scanning in 63 ms. Found 2 JPA repository interfaces.
2026-07-16 18:26:57 [restartedMain] INFO  o.s.boot.tomcat.TomcatWebServer - Tomcat initialized with port 8080 (http)
2026-07-16 18:26:57 [restartedMain] INFO  o.a.coyote.http11.Http11NioProtocol - Initializing ProtocolHandler ["http-nio-8080"]
2026-07-16 18:26:57 [restartedMain] INFO  o.a.catalina.core.StandardService - Starting service [Tomcat]
2026-07-16 18:26:57 [restartedMain] INFO  o.a.catalina.core.StandardEngine - Starting Servlet engine: [Apache Tomcat/11.0.21]
2026-07-16 18:26:57 [restartedMain] INFO  o.s.b.w.c.s.WebApplicationContextInitializer - Root WebApplicationContext: initialization completed in 1323 ms
2026-07-16 18:26:57 [restartedMain] DEBUG c.e.Docgen_Backend.config.JwtFilter - Filter 'jwtFilter' configured for use
2026-07-16 18:26:57 [restartedMain] INFO  org.hibernate.orm.jpa - HHH008540: Processing PersistenceUnitInfo [name: default]
2026-07-16 18:26:57 [restartedMain] INFO  org.hibernate.orm.core - HHH000001: Hibernate ORM core version 7.2.12.Final
2026-07-16 18:26:58 [restartedMain] INFO  o.s.o.j.p.SpringPersistenceUnitInfo - No LoadTimeWeaver setup: ignoring JPA class transformer
2026-07-16 18:26:58 [restartedMain] INFO  com.zaxxer.hikari.HikariDataSource - HikariPool-1 - Starting...
2026-07-16 18:26:58 [restartedMain] INFO  com.zaxxer.hikari.pool.HikariPool - HikariPool-1 - Added connection com.mysql.cj.jdbc.ConnectionImpl@5cecc54b
2026-07-16 18:26:58 [restartedMain] INFO  com.zaxxer.hikari.HikariDataSource - HikariPool-1 - Start completed.
2026-07-16 18:26:59 [restartedMain] WARN  org.hibernate.orm.jdbc - HHH100045: Could not obtain connection metadata: java.sql.SQLSyntaxErrorException: Unknown column 'RESERVED' in 'WHERE'
2026-07-16 18:26:59 [restartedMain] WARN  org.hibernate.orm.deprecation - HHH90000025: MySQLDialect does not need to be specified explicitly using 'hibernate.dialect' (remove the property setting and it will be selected by default)
2026-07-16 18:26:59 [restartedMain] INFO  o.hibernate.orm.connections.pooling - HHH10001005: Database info:
	Database JDBC URL [undefined/unknown]
	Database driver: undefined/unknown
	Database dialect: MySQLDialect
	Database version: 8.0
	Default catalog/schema: unknown/unknown
	Autocommit mode: undefined/unknown
	Isolation level: NONE [default NONE]
	JDBC fetch size: undefined/unknown
	Pool: DataSourceConnectionProvider
	Minimum pool size: undefined/unknown
	Maximum pool size: undefined/unknown
2026-07-16 18:27:00 [restartedMain] INFO  org.hibernate.orm.core - HHH000489: No JTA platform available (set 'hibernate.transaction.jta.platform' to enable JTA platform integration)
2026-07-16 18:27:10 [restartedMain] INFO  o.s.o.j.LocalContainerEntityManagerFactoryBean - Initialized JPA EntityManagerFactory for persistence unit 'default'
2026-07-16 18:27:10 [restartedMain] INFO  o.s.d.j.r.q.QueryEnhancerFactories - Hibernate is in classpath; If applicable, HQL parser will be used.
2026-07-16 18:27:10 [restartedMain] INFO  o.s.s.c.a.a.c.InitializeUserDetailsBeanManagerConfigurer$InitializeUserDetailsManagerConfigurer - Global AuthenticationManager configured with UserDetailsService bean with name customUserDetailsService
2026-07-16 18:27:10 [restartedMain] WARN  o.s.b.j.a.JpaBaseConfiguration$JpaWebConfiguration - spring.jpa.open-in-view is enabled by default. Therefore, database queries may be performed during view rendering. Explicitly configure spring.jpa.open-in-view to disable this warning
2026-07-16 18:27:11 [restartedMain] INFO  o.a.coyote.http11.Http11NioProtocol - Starting ProtocolHandler ["http-nio-8080"]
2026-07-16 18:27:11 [restartedMain] INFO  o.s.boot.tomcat.TomcatWebServer - Tomcat started on port 8080 (http) with context path '/'
2026-07-16 18:27:11 [restartedMain] INFO  c.e.D.DocgenBackendApplication - Started DocgenBackendApplication in 15.553 seconds (process running for 16.335)
2026-07-16 18:27:45 [http-nio-8080-exec-1] INFO  o.a.c.c.C.[Tomcat].[localhost].[/] - Initializing Spring DispatcherServlet 'dispatcherServlet'
2026-07-16 18:27:45 [http-nio-8080-exec-1] INFO  o.s.web.servlet.DispatcherServlet - Initializing Servlet 'dispatcherServlet'
2026-07-16 18:27:45 [http-nio-8080-exec-1] INFO  o.s.web.servlet.DispatcherServlet - Completed initialization in 3 ms
2026-07-16 18:27:45 [http-nio-8080-exec-3] INFO  c.e.Docgen_Backend.config.JwtFilter - JWT validated successfully for userId=6a311365ec2c34f3d9e4f06e
2026-07-16 18:27:45 [http-nio-8080-exec-3] INFO  c.e.D.controller.UserController - GET /api/v2/users - Fetch all users request received | page=0, size=8, sortBy=id, direction=desc
2026-07-16 18:27:45 [http-nio-8080-exec-3] WARN  com.zaxxer.hikari.pool.PoolBase - HikariPool-1 - Failed to validate connection com.mysql.cj.jdbc.ConnectionImpl@5cecc54b (No operations allowed after connection closed.). Possibly consider using a shorter maxLifetime value.
2026-07-16 18:27:45 [http-nio-8080-exec-3] WARN  com.zaxxer.hikari.pool.PoolBase - HikariPool-1 - Failed to validate connection com.mysql.cj.jdbc.ConnectionImpl@3ee4b72d (No operations allowed after connection closed.). Possibly consider using a shorter maxLifetime value.
2026-07-16 18:27:45 [http-nio-8080-exec-3] WARN  com.zaxxer.hikari.pool.PoolBase - HikariPool-1 - Failed to validate connection com.mysql.cj.jdbc.ConnectionImpl@4f0fe47f (No operations allowed after connection closed.). Possibly consider using a shorter maxLifetime value.
2026-07-16 18:27:49 [http-nio-8080-exec-3] INFO  c.e.D.controller.UserController - Fetched 8 users on page 0 of 2
2026-07-16 18:27:49 [http-nio-8080-exec-4] INFO  c.e.Docgen_Backend.config.JwtFilter - JWT validated successfully for userId=6a311365ec2c34f3d9e4f06e
2026-07-16 18:27:49 [http-nio-8080-exec-4] INFO  c.e.D.controller.UserController - GET /api/v2/users - Fetch all users request received | page=0, size=8, sortBy=id, direction=desc
2026-07-16 18:27:51 [http-nio-8080-exec-4] INFO  c.e.D.controller.UserController - Fetched 8 users on page 0 of 2
2026-07-16 18:27:52 [http-nio-8080-exec-7] INFO  c.e.Docgen_Backend.config.JwtFilter - JWT validated successfully for userId=6a311365ec2c34f3d9e4f06e
2026-07-16 18:27:52 [http-nio-8080-exec-7] INFO  c.e.D.controller.UserController - GET /api/v2/users/21 - Fetch request received
2026-07-16 18:27:52 [http-nio-8080-exec-7] INFO  c.e.D.service.impl.UserServiceImpl - Fetching user profile for edit | userId=21
2026-07-16 18:27:52 [http-nio-8080-exec-7] DEBUG c.e.D.service.impl.UserServiceImpl - User found | userId=21 | employeeId=DSS184
2026-07-16 18:27:52 [http-nio-8080-exec-7] INFO  c.e.D.service.impl.UserServiceImpl - User profile fetched successfully | userId=21 | timeTaken=317ms
2026-07-16 18:27:52 [http-nio-8080-exec-7] INFO  c.e.D.controller.UserController - Profile fetched successfully for userId=21
2026-07-16 18:27:52 [http-nio-8080-exec-7] DEBUG c.e.D.controller.UserController - Fetched profile data: UserProfileResponseDTO(id=21, employeeName=Siddhant Dilip Nakti, employeeId=DSS184, email=siddhantnakti01@gmail.com, mobileNo=8975145349, joiningDesignation=Application Support Engineer, currentDesignation=Application Support Engineer, department=Information Technology, company=DCS, identity=MR, pfType=WITH_PF, accountNo=2601279919239462, bankName=AU Bank, currentAddress=Vanaj,Kothrud.411038, permanentAddress=null, joiningCTC=800000.0, currentCTC=800000.0, dateOfBirth=2001-05-29, offerDate=2025-08-21, joiningDate=2025-08-25, panNo=AXVPN3340C, documents={APPOINTMENT_LETTER=DocumentResponseDTO(generated=false, data=null), INTERNSHIP_LETTER=DocumentResponseDTO(generated=false, data=null), EXPERIENCE_LETTER=DocumentResponseDTO(generated=false, data=null), FULL_AND_FINAL=DocumentResponseDTO(generated=false, data=null), CONFIRMATION_LETTER=DocumentResponseDTO(generated=false, data=null), INCREMENT_LETTER=DocumentResponseDTO(generated=false, data=null), RELIEVING_LETTER=DocumentResponseDTO(generated=false, data=null), SALARY_SLIP=DocumentResponseDTO(generated=true, data={startMonth=2026-04, endMonth=2026-06}), COMPLETION_LETTER=DocumentResponseDTO(generated=false, data=null), OFFER_LETTER=DocumentResponseDTO(generated=true, data={issueDate=2025-08-21, probationPeriod=3})})
2026-07-16 18:27:52 [http-nio-8080-exec-8] INFO  c.e.Docgen_Backend.config.JwtFilter - JWT validated successfully for userId=6a311365ec2c34f3d9e4f06e
2026-07-16 18:27:52 [http-nio-8080-exec-8] INFO  c.e.D.controller.UserController - GET /api/v2/users/21 - Fetch request received
2026-07-16 18:27:52 [http-nio-8080-exec-8] INFO  c.e.D.service.impl.UserServiceImpl - Fetching user profile for edit | userId=21
2026-07-16 18:27:52 [http-nio-8080-exec-8] DEBUG c.e.D.service.impl.UserServiceImpl - User found | userId=21 | employeeId=DSS184
2026-07-16 18:27:52 [http-nio-8080-exec-8] INFO  c.e.D.service.impl.UserServiceImpl - User profile fetched successfully | userId=21 | timeTaken=324ms
2026-07-16 18:27:52 [http-nio-8080-exec-8] INFO  c.e.D.controller.UserController - Profile fetched successfully for userId=21
2026-07-16 18:27:52 [http-nio-8080-exec-8] DEBUG c.e.D.controller.UserController - Fetched profile data: UserProfileResponseDTO(id=21, employeeName=Siddhant Dilip Nakti, employeeId=DSS184, email=siddhantnakti01@gmail.com, mobileNo=8975145349, joiningDesignation=Application Support Engineer, currentDesignation=Application Support Engineer, department=Information Technology, company=DCS, identity=MR, pfType=WITH_PF, accountNo=2601279919239462, bankName=AU Bank, currentAddress=Vanaj,Kothrud.411038, permanentAddress=null, joiningCTC=800000.0, currentCTC=800000.0, dateOfBirth=2001-05-29, offerDate=2025-08-21, joiningDate=2025-08-25, panNo=AXVPN3340C, documents={APPOINTMENT_LETTER=DocumentResponseDTO(generated=false, data=null), INTERNSHIP_LETTER=DocumentResponseDTO(generated=false, data=null), EXPERIENCE_LETTER=DocumentResponseDTO(generated=false, data=null), FULL_AND_FINAL=DocumentResponseDTO(generated=false, data=null), CONFIRMATION_LETTER=DocumentResponseDTO(generated=false, data=null), INCREMENT_LETTER=DocumentResponseDTO(generated=false, data=null), RELIEVING_LETTER=DocumentResponseDTO(generated=false, data=null), SALARY_SLIP=DocumentResponseDTO(generated=true, data={startMonth=2026-04, endMonth=2026-06}), COMPLETION_LETTER=DocumentResponseDTO(generated=false, data=null), OFFER_LETTER=DocumentResponseDTO(generated=true, data={issueDate=2025-08-21, probationPeriod=3})})
2026-07-16 18:27:57 [http-nio-8080-exec-2] INFO  c.e.Docgen_Backend.config.JwtFilter - JWT validated successfully for userId=6a311365ec2c34f3d9e4f06e
2026-07-16 18:27:57 [http-nio-8080-exec-2] INFO  c.e.D.controller.UserController - GET /api/v2/users - Fetch all users request received | page=0, size=8, sortBy=id, direction=desc
2026-07-16 18:28:01 [http-nio-8080-exec-2] INFO  c.e.D.controller.UserController - Fetched 8 users on page 0 of 2
2026-07-16 18:28:01 [http-nio-8080-exec-1] INFO  c.e.Docgen_Backend.config.JwtFilter - JWT validated successfully for userId=6a311365ec2c34f3d9e4f06e
2026-07-16 18:28:01 [http-nio-8080-exec-1] INFO  c.e.D.controller.UserController - GET /api/v2/users - Fetch all users request received | page=0, size=8, sortBy=id, direction=desc
2026-07-16 18:28:04 [http-nio-8080-exec-1] INFO  c.e.D.controller.UserController - Fetched 8 users on page 0 of 2
2026-07-16 18:28:04 [http-nio-8080-exec-5] INFO  c.e.Docgen_Backend.config.JwtFilter - JWT validated successfully for userId=6a311365ec2c34f3d9e4f06e
2026-07-16 18:28:04 [http-nio-8080-exec-5] INFO  c.e.D.controller.UserController - GET /api/v2/users - Fetch all users request received | page=0, size=8, sortBy=id, direction=desc
2026-07-16 18:28:08 [http-nio-8080-exec-5] INFO  c.e.D.controller.UserController - Fetched 8 users on page 0 of 2
2026-07-16 18:28:08 [http-nio-8080-exec-6] INFO  c.e.Docgen_Backend.config.JwtFilter - JWT validated successfully for userId=6a311365ec2c34f3d9e4f06e
2026-07-16 18:28:08 [http-nio-8080-exec-6] INFO  c.e.D.controller.UserController - GET /api/v2/users - Fetch all users request received | page=0, size=8, sortBy=id, direction=desc
2026-07-16 18:28:11 [http-nio-8080-exec-6] INFO  c.e.D.controller.UserController - Fetched 8 users on page 0 of 2
2026-07-16 18:28:12 [http-nio-8080-exec-9] INFO  c.e.Docgen_Backend.config.JwtFilter - JWT validated successfully for userId=6a311365ec2c34f3d9e4f06e
2026-07-16 18:28:12 [http-nio-8080-exec-9] INFO  c.e.D.controller.UserController - GET /api/v2/users/17 - Fetch request received
2026-07-16 18:28:12 [http-nio-8080-exec-9] INFO  c.e.D.service.impl.UserServiceImpl - Fetching user profile for edit | userId=17
2026-07-16 18:28:13 [http-nio-8080-exec-9] DEBUG c.e.D.service.impl.UserServiceImpl - User found | userId=17 | employeeId=NSS833
2026-07-16 18:28:13 [http-nio-8080-exec-9] INFO  c.e.D.service.impl.UserServiceImpl - User profile fetched successfully | userId=17 | timeTaken=404ms
2026-07-16 18:28:13 [http-nio-8080-exec-9] INFO  c.e.D.controller.UserController - Profile fetched successfully for userId=17
2026-07-16 18:28:13 [http-nio-8080-exec-9] DEBUG c.e.D.controller.UserController - Fetched profile data: UserProfileResponseDTO(id=17, employeeName=Labade Pooja Bhanudas, employeeId=NSS833, email=poojalabade.qa.engineer@gmail.com, mobileNo=7822994346, joiningDesignation=Software Tester, currentDesignation=QA Engineer, department=Information Technology, company=NSS, identity=MRS, pfType=WITH_PF, accountNo=2568108019550, bankName=Canara Bank, currentAddress=Pune, permanentAddress=null, joiningCTC=220000.0, currentCTC=null, dateOfBirth=2001-05-20, offerDate=2023-04-14, joiningDate=2023-04-17, panNo=BPZPL7168H, documents={APPOINTMENT_LETTER=DocumentResponseDTO(generated=false, data=null), INTERNSHIP_LETTER=DocumentResponseDTO(generated=false, data=null), EXPERIENCE_LETTER=DocumentResponseDTO(generated=true, data={issueDate=2026-06-30, relievingDate=2026-06-30}), FULL_AND_FINAL=DocumentResponseDTO(generated=false, data=null), CONFIRMATION_LETTER=DocumentResponseDTO(generated=false, data=null), INCREMENT_LETTER=DocumentResponseDTO(generated=false, data=null), RELIEVING_LETTER=DocumentResponseDTO(generated=true, data={issueDate=2026-06-30, relievingDate=2026-06-30}), SALARY_SLIP=DocumentResponseDTO(generated=false, data=null), COMPLETION_LETTER=DocumentResponseDTO(generated=false, data=null), OFFER_LETTER=DocumentResponseDTO(generated=false, data=null)})
2026-07-16 18:28:13 [http-nio-8080-exec-10] INFO  c.e.Docgen_Backend.config.JwtFilter - JWT validated successfully for userId=6a311365ec2c34f3d9e4f06e
2026-07-16 18:28:13 [http-nio-8080-exec-10] INFO  c.e.D.controller.UserController - GET /api/v2/users/17 - Fetch request received
2026-07-16 18:28:13 [http-nio-8080-exec-10] INFO  c.e.D.service.impl.UserServiceImpl - Fetching user profile for edit | userId=17
2026-07-16 18:28:13 [http-nio-8080-exec-10] DEBUG c.e.D.service.impl.UserServiceImpl - User found | userId=17 | employeeId=NSS833
2026-07-16 18:28:13 [http-nio-8080-exec-10] INFO  c.e.D.service.impl.UserServiceImpl - User profile fetched successfully | userId=17 | timeTaken=449ms
2026-07-16 18:28:13 [http-nio-8080-exec-10] INFO  c.e.D.controller.UserController - Profile fetched successfully for userId=17
2026-07-16 18:28:13 [http-nio-8080-exec-10] DEBUG c.e.D.controller.UserController - Fetched profile data: UserProfileResponseDTO(id=17, employeeName=Labade Pooja Bhanudas, employeeId=NSS833, email=poojalabade.qa.engineer@gmail.com, mobileNo=7822994346, joiningDesignation=Software Tester, currentDesignation=QA Engineer, department=Information Technology, company=NSS, identity=MRS, pfType=WITH_PF, accountNo=2568108019550, bankName=Canara Bank, currentAddress=Pune, permanentAddress=null, joiningCTC=220000.0, currentCTC=null, dateOfBirth=2001-05-20, offerDate=2023-04-14, joiningDate=2023-04-17, panNo=BPZPL7168H, documents={APPOINTMENT_LETTER=DocumentResponseDTO(generated=false, data=null), INTERNSHIP_LETTER=DocumentResponseDTO(generated=false, data=null), EXPERIENCE_LETTER=DocumentResponseDTO(generated=true, data={issueDate=2026-06-30, relievingDate=2026-06-30}), FULL_AND_FINAL=DocumentResponseDTO(generated=false, data=null), CONFIRMATION_LETTER=DocumentResponseDTO(generated=false, data=null), INCREMENT_LETTER=DocumentResponseDTO(generated=false, data=null), RELIEVING_LETTER=DocumentResponseDTO(generated=true, data={issueDate=2026-06-30, relievingDate=2026-06-30}), SALARY_SLIP=DocumentResponseDTO(generated=false, data=null), COMPLETION_LETTER=DocumentResponseDTO(generated=false, data=null), OFFER_LETTER=DocumentResponseDTO(generated=false, data=null)})
2026-07-16 18:29:23 [HikariPool-1:housekeeper] WARN  com.zaxxer.hikari.pool.PoolBase - HikariPool-1 - Failed to validate connection com.mysql.cj.jdbc.ConnectionImpl@440180e5 (No operations allowed after connection closed.). Possibly consider using a shorter maxLifetime value.
2026-07-16 18:29:28 [HikariPool-1:housekeeper] WARN  com.zaxxer.hikari.pool.PoolBase - HikariPool-1 - Failed to validate connection com.mysql.cj.jdbc.ConnectionImpl@758f227d (No operations allowed after connection closed.). Possibly consider using a shorter maxLifetime value.
2026-07-16 18:29:38 [HikariPool-1:housekeeper] WARN  com.zaxxer.hikari.pool.PoolBase - HikariPool-1 - Failed to validate connection com.mysql.cj.jdbc.ConnectionImpl@6ce0cc7b (No operations allowed after connection closed.). Possibly consider using a shorter maxLifetime value.
2026-07-16 18:30:22 [http-nio-8080-exec-6] INFO  c.e.Docgen_Backend.config.JwtFilter - JWT validated successfully for userId=6a311365ec2c34f3d9e4f06e
2026-07-16 18:30:22 [http-nio-8080-exec-6] INFO  c.e.D.controller.UserController - GET /api/v2/users - Fetch all users request received | page=0, size=8, sortBy=id, direction=desc
2026-07-16 18:30:22 [http-nio-8080-exec-6] WARN  com.zaxxer.hikari.pool.PoolBase - HikariPool-1 - Failed to validate connection com.mysql.cj.jdbc.ConnectionImpl@37478ec5 (No operations allowed after connection closed.). Possibly consider using a shorter maxLifetime value.
2026-07-16 18:30:22 [http-nio-8080-exec-6] WARN  com.zaxxer.hikari.pool.PoolBase - HikariPool-1 - Failed to validate connection com.mysql.cj.jdbc.ConnectionImpl@3da39330 (No operations allowed after connection closed.). Possibly consider using a shorter maxLifetime value.
2026-07-16 18:30:24 [http-nio-8080-exec-6] INFO  c.e.D.controller.UserController - Fetched 8 users on page 0 of 2
2026-07-16 18:30:24 [http-nio-8080-exec-7] INFO  c.e.Docgen_Backend.config.JwtFilter - JWT validated successfully for userId=6a311365ec2c34f3d9e4f06e
2026-07-16 18:30:24 [http-nio-8080-exec-7] INFO  c.e.D.controller.UserController - GET /api/v2/users - Fetch all users request received | page=0, size=8, sortBy=id, direction=desc
2026-07-16 18:30:26 [http-nio-8080-exec-10] INFO  c.e.Docgen_Backend.config.JwtFilter - JWT validated successfully for userId=6a311365ec2c34f3d9e4f06e
2026-07-16 18:30:26 [http-nio-8080-exec-10] INFO  c.e.D.controller.UserController - GET /api/v2/users/21 - Fetch request received
2026-07-16 18:30:26 [http-nio-8080-exec-10] INFO  c.e.D.service.impl.UserServiceImpl - Fetching user profile for edit | userId=21
2026-07-16 18:30:26 [http-nio-8080-exec-10] DEBUG c.e.D.service.impl.UserServiceImpl - User found | userId=21 | employeeId=DSS184
2026-07-16 18:30:26 [http-nio-8080-exec-10] INFO  c.e.D.service.impl.UserServiceImpl - User profile fetched successfully | userId=21 | timeTaken=270ms
2026-07-16 18:30:26 [http-nio-8080-exec-10] INFO  c.e.D.controller.UserController - Profile fetched successfully for userId=21
2026-07-16 18:30:26 [http-nio-8080-exec-10] DEBUG c.e.D.controller.UserController - Fetched profile data: UserProfileResponseDTO(id=21, employeeName=Siddhant Dilip Nakti, employeeId=DSS184, email=siddhantnakti01@gmail.com, mobileNo=8975145349, joiningDesignation=Application Support Engineer, currentDesignation=Application Support Engineer, department=Information Technology, company=DCS, identity=MR, pfType=WITH_PF, accountNo=2601279919239462, bankName=AU Bank, currentAddress=Vanaj,Kothrud.411038, permanentAddress=null, joiningCTC=800000.0, currentCTC=800000.0, dateOfBirth=2001-05-29, offerDate=2025-08-21, joiningDate=2025-08-25, panNo=AXVPN3340C, documents={APPOINTMENT_LETTER=DocumentResponseDTO(generated=false, data=null), INTERNSHIP_LETTER=DocumentResponseDTO(generated=false, data=null), EXPERIENCE_LETTER=DocumentResponseDTO(generated=false, data=null), FULL_AND_FINAL=DocumentResponseDTO(generated=false, data=null), CONFIRMATION_LETTER=DocumentResponseDTO(generated=false, data=null), INCREMENT_LETTER=DocumentResponseDTO(generated=false, data=null), RELIEVING_LETTER=DocumentResponseDTO(generated=false, data=null), SALARY_SLIP=DocumentResponseDTO(generated=true, data={startMonth=2026-04, endMonth=2026-06}), COMPLETION_LETTER=DocumentResponseDTO(generated=false, data=null), OFFER_LETTER=DocumentResponseDTO(generated=true, data={issueDate=2025-08-21, probationPeriod=3})})
2026-07-16 18:30:26 [http-nio-8080-exec-2] INFO  c.e.Docgen_Backend.config.JwtFilter - JWT validated successfully for userId=6a311365ec2c34f3d9e4f06e
2026-07-16 18:30:26 [http-nio-8080-exec-2] INFO  c.e.D.controller.UserController - GET /api/v2/users/21 - Fetch request received
2026-07-16 18:30:26 [http-nio-8080-exec-2] INFO  c.e.D.service.impl.UserServiceImpl - Fetching user profile for edit | userId=21
2026-07-16 18:30:26 [http-nio-8080-exec-2] DEBUG c.e.D.service.impl.UserServiceImpl - User found | userId=21 | employeeId=DSS184
2026-07-16 18:30:26 [http-nio-8080-exec-2] INFO  c.e.D.service.impl.UserServiceImpl - User profile fetched successfully | userId=21 | timeTaken=258ms
2026-07-16 18:30:26 [http-nio-8080-exec-2] INFO  c.e.D.controller.UserController - Profile fetched successfully for userId=21
2026-07-16 18:30:26 [http-nio-8080-exec-2] DEBUG c.e.D.controller.UserController - Fetched profile data: UserProfileResponseDTO(id=21, employeeName=Siddhant Dilip Nakti, employeeId=DSS184, email=siddhantnakti01@gmail.com, mobileNo=8975145349, joiningDesignation=Application Support Engineer, currentDesignation=Application Support Engineer, department=Information Technology, company=DCS, identity=MR, pfType=WITH_PF, accountNo=2601279919239462, bankName=AU Bank, currentAddress=Vanaj,Kothrud.411038, permanentAddress=null, joiningCTC=800000.0, currentCTC=800000.0, dateOfBirth=2001-05-29, offerDate=2025-08-21, joiningDate=2025-08-25, panNo=AXVPN3340C, documents={APPOINTMENT_LETTER=DocumentResponseDTO(generated=false, data=null), INTERNSHIP_LETTER=DocumentResponseDTO(generated=false, data=null), EXPERIENCE_LETTER=DocumentResponseDTO(generated=false, data=null), FULL_AND_FINAL=DocumentResponseDTO(generated=false, data=null), CONFIRMATION_LETTER=DocumentResponseDTO(generated=false, data=null), INCREMENT_LETTER=DocumentResponseDTO(generated=false, data=null), RELIEVING_LETTER=DocumentResponseDTO(generated=false, data=null), SALARY_SLIP=DocumentResponseDTO(generated=true, data={startMonth=2026-04, endMonth=2026-06}), COMPLETION_LETTER=DocumentResponseDTO(generated=false, data=null), OFFER_LETTER=DocumentResponseDTO(generated=true, data={issueDate=2025-08-21, probationPeriod=3})})
2026-07-16 18:30:26 [http-nio-8080-exec-7] INFO  c.e.D.controller.UserController - Fetched 8 users on page 0 of 2
2026-07-16 18:30:27 [http-nio-8080-exec-5] INFO  c.e.Docgen_Backend.config.JwtFilter - JWT validated successfully for userId=6a311365ec2c34f3d9e4f06e
2026-07-16 18:30:27 [http-nio-8080-exec-5] INFO  c.e.D.controller.UserController - GET /api/v2/users - Fetch all users request received | page=0, size=8, sortBy=id, direction=desc
2026-07-16 18:30:30 [http-nio-8080-exec-5] INFO  c.e.D.controller.UserController - Fetched 8 users on page 0 of 2
2026-07-16 18:30:30 [http-nio-8080-exec-5] INFO  c.e.Docgen_Backend.config.JwtFilter - JWT validated successfully for userId=6a311365ec2c34f3d9e4f06e
2026-07-16 18:30:30 [http-nio-8080-exec-5] INFO  c.e.D.controller.UserController - GET /api/v2/users - Fetch all users request received | page=0, size=8, sortBy=id, direction=desc
2026-07-16 18:30:32 [http-nio-8080-exec-9] INFO  c.e.Docgen_Backend.config.JwtFilter - JWT validated successfully for userId=6a311365ec2c34f3d9e4f06e
2026-07-16 18:30:32 [http-nio-8080-exec-9] INFO  c.e.D.controller.UserController - GET /api/v2/users/19 - Fetch request received
2026-07-16 18:30:32 [http-nio-8080-exec-9] INFO  c.e.D.service.impl.UserServiceImpl - Fetching user profile for edit | userId=19
2026-07-16 18:30:33 [http-nio-8080-exec-9] DEBUG c.e.D.service.impl.UserServiceImpl - User found | userId=19 | employeeId=SMDS0347
2026-07-16 18:30:33 [http-nio-8080-exec-9] INFO  c.e.D.service.impl.UserServiceImpl - User profile fetched successfully | userId=19 | timeTaken=415ms
2026-07-16 18:30:33 [http-nio-8080-exec-9] INFO  c.e.D.controller.UserController - Profile fetched successfully for userId=19
2026-07-16 18:30:33 [http-nio-8080-exec-9] DEBUG c.e.D.controller.UserController - Fetched profile data: UserProfileResponseDTO(id=19, employeeName=Chetan Vishwnath Jadhav, employeeId=SMDS0347, email=chetanvjadhav2905@gmail.com, mobileNo=8999725163, joiningDesignation=Power BI Developer, currentDesignation=Power BI Developer, department=Information Technology, company=SMT, identity=MR, pfType=WITH_PF, accountNo=067010110011164, bankName=Bank of india, currentAddress=Flat no E-08 Higane Home Colony Karve Nager Warje Pune-411052, permanentAddress=null, joiningCTC=750000.0, currentCTC=750000.0, dateOfBirth=1992-05-29, offerDate=2022-04-21, joiningDate=2022-05-02, panNo=BBTPJ7835H, documents={APPOINTMENT_LETTER=DocumentResponseDTO(generated=true, data={issueDate=2022-04-21, probationPeriod=30}), INTERNSHIP_LETTER=DocumentResponseDTO(generated=false, data=null), EXPERIENCE_LETTER=DocumentResponseDTO(generated=false, data=null), FULL_AND_FINAL=DocumentResponseDTO(generated=false, data=null), CONFIRMATION_LETTER=DocumentResponseDTO(generated=false, data=null), INCREMENT_LETTER=DocumentResponseDTO(generated=true, data={issueDate=2025-04-01}), RELIEVING_LETTER=DocumentResponseDTO(generated=false, data=null), SALARY_SLIP=DocumentResponseDTO(generated=true, data={startMonth=2026-04, endMonth=2026-06}), COMPLETION_LETTER=DocumentResponseDTO(generated=false, data=null), OFFER_LETTER=DocumentResponseDTO(generated=true, data={issueDate=2022-04-21, probationPeriod=3})})
2026-07-16 18:30:33 [http-nio-8080-exec-10] INFO  c.e.Docgen_Backend.config.JwtFilter - JWT validated successfully for userId=6a311365ec2c34f3d9e4f06e
2026-07-16 18:30:33 [http-nio-8080-exec-10] INFO  c.e.D.controller.UserController - GET /api/v2/users/19 - Fetch request received
2026-07-16 18:30:33 [http-nio-8080-exec-10] INFO  c.e.D.service.impl.UserServiceImpl - Fetching user profile for edit | userId=19
2026-07-16 18:30:33 [http-nio-8080-exec-5] INFO  c.e.D.controller.UserController - Fetched 8 users on page 0 of 2
2026-07-16 18:30:33 [http-nio-8080-exec-10] DEBUG c.e.D.service.impl.UserServiceImpl - User found | userId=19 | employeeId=SMDS0347
2026-07-16 18:30:33 [http-nio-8080-exec-10] INFO  c.e.D.service.impl.UserServiceImpl - User profile fetched successfully | userId=19 | timeTaken=407ms
2026-07-16 18:30:33 [http-nio-8080-exec-10] INFO  c.e.D.controller.UserController - Profile fetched successfully for userId=19
2026-07-16 18:30:33 [http-nio-8080-exec-10] DEBUG c.e.D.controller.UserController - Fetched profile data: UserProfileResponseDTO(id=19, employeeName=Chetan Vishwnath Jadhav, employeeId=SMDS0347, email=chetanvjadhav2905@gmail.com, mobileNo=8999725163, joiningDesignation=Power BI Developer, currentDesignation=Power BI Developer, department=Information Technology, company=SMT, identity=MR, pfType=WITH_PF, accountNo=067010110011164, bankName=Bank of india, currentAddress=Flat no E-08 Higane Home Colony Karve Nager Warje Pune-411052, permanentAddress=null, joiningCTC=750000.0, currentCTC=750000.0, dateOfBirth=1992-05-29, offerDate=2022-04-21, joiningDate=2022-05-02, panNo=BBTPJ7835H, documents={APPOINTMENT_LETTER=DocumentResponseDTO(generated=true, data={issueDate=2022-04-21, probationPeriod=30}), INTERNSHIP_LETTER=DocumentResponseDTO(generated=false, data=null), EXPERIENCE_LETTER=DocumentResponseDTO(generated=false, data=null), FULL_AND_FINAL=DocumentResponseDTO(generated=false, data=null), CONFIRMATION_LETTER=DocumentResponseDTO(generated=false, data=null), INCREMENT_LETTER=DocumentResponseDTO(generated=true, data={issueDate=2025-04-01}), RELIEVING_LETTER=DocumentResponseDTO(generated=false, data=null), SALARY_SLIP=DocumentResponseDTO(generated=true, data={startMonth=2026-04, endMonth=2026-06}), COMPLETION_LETTER=DocumentResponseDTO(generated=false, data=null), OFFER_LETTER=DocumentResponseDTO(generated=true, data={issueDate=2022-04-21, probationPeriod=3})})
2026-07-16 18:32:03 [HikariPool-1:housekeeper] WARN  com.zaxxer.hikari.pool.PoolBase - HikariPool-1 - Failed to validate connection com.mysql.cj.jdbc.ConnectionImpl@111d051e (No operations allowed after connection closed.). Possibly consider using a shorter maxLifetime value.
2026-07-16 18:32:07 [HikariPool-1:housekeeper] WARN  com.zaxxer.hikari.pool.PoolBase - HikariPool-1 - Failed to validate connection com.mysql.cj.jdbc.ConnectionImpl@77e4c554 (No operations allowed after connection closed.). Possibly consider using a shorter maxLifetime value.
2026-07-16 18:32:21 [HikariPool-1:housekeeper] WARN  com.zaxxer.hikari.pool.PoolBase - HikariPool-1 - Failed to validate connection com.mysql.cj.jdbc.ConnectionImpl@2060272d (No operations allowed after connection closed.). Possibly consider using a shorter maxLifetime value.
2026-07-16 18:33:48 [HikariPool-1:housekeeper] WARN  com.zaxxer.hikari.pool.PoolBase - HikariPool-1 - Failed to validate connection com.mysql.cj.jdbc.ConnectionImpl@2edaf874 (No operations allowed after connection closed.). Possibly consider using a shorter maxLifetime value.
2026-07-16 18:34:19 [HikariPool-1:housekeeper] WARN  com.zaxxer.hikari.pool.PoolBase - HikariPool-1 - Failed to validate connection com.mysql.cj.jdbc.ConnectionImpl@5e3d5f04 (No operations allowed after connection closed.). Possibly consider using a shorter maxLifetime value.
2026-07-16 18:35:40 [HikariPool-1:housekeeper] WARN  com.zaxxer.hikari.pool.PoolBase - HikariPool-1 - Failed to validate connection com.mysql.cj.jdbc.ConnectionImpl@19d18880 (No operations allowed after connection closed.). Possibly consider using a shorter maxLifetime value.
2026-07-16 18:36:10 [HikariPool-1:housekeeper] WARN  com.zaxxer.hikari.pool.PoolBase - HikariPool-1 - Failed to validate connection com.mysql.cj.jdbc.ConnectionImpl@7804ff77 (No operations allowed after connection closed.). Possibly consider using a shorter maxLifetime value.
2026-07-16 18:37:34 [HikariPool-1:housekeeper] WARN  com.zaxxer.hikari.pool.PoolBase - HikariPool-1 - Failed to validate connection com.mysql.cj.jdbc.ConnectionImpl@376769e (No operations allowed after connection closed.). Possibly consider using a shorter maxLifetime value.
2026-07-16 18:38:04 [HikariPool-1:housekeeper] WARN  com.zaxxer.hikari.pool.PoolBase - HikariPool-1 - Failed to validate connection com.mysql.cj.jdbc.ConnectionImpl@3aa19fae (No operations allowed after connection closed.). Possibly consider using a shorter maxLifetime value.
2026-07-16 18:39:20 [HikariPool-1:housekeeper] WARN  com.zaxxer.hikari.pool.PoolBase - HikariPool-1 - Failed to validate connection com.mysql.cj.jdbc.ConnectionImpl@2fca5a74 (No operations allowed after connection closed.). Possibly consider using a shorter maxLifetime value.
2026-07-16 18:39:43 [HikariPool-1:housekeeper] WARN  com.zaxxer.hikari.pool.PoolBase - HikariPool-1 - Failed to validate connection com.mysql.cj.jdbc.ConnectionImpl@7514e7c6 (No operations allowed after connection closed.). Possibly consider using a shorter maxLifetime value.
2026-07-16 18:40:59 [HikariPool-1:housekeeper] WARN  com.zaxxer.hikari.pool.PoolBase - HikariPool-1 - Failed to validate connection com.mysql.cj.jdbc.ConnectionImpl@57fb0ef7 (No operations allowed after connection closed.). Possibly consider using a shorter maxLifetime value.
2026-07-16 18:41:24 [HikariPool-1:housekeeper] WARN  com.zaxxer.hikari.pool.PoolBase - HikariPool-1 - Failed to validate connection com.mysql.cj.jdbc.ConnectionImpl@34abe027 (No operations allowed after connection closed.). Possibly consider using a shorter maxLifetime value.
2026-07-16 18:42:41 [HikariPool-1:housekeeper] WARN  com.zaxxer.hikari.pool.PoolBase - HikariPool-1 - Failed to validate connection com.mysql.cj.jdbc.ConnectionImpl@6e232645 (No operations allowed after connection closed.). Possibly consider using a shorter maxLifetime value.
2026-07-16 18:43:19 [HikariPool-1:housekeeper] WARN  com.zaxxer.hikari.pool.PoolBase - HikariPool-1 - Failed to validate connection com.mysql.cj.jdbc.ConnectionImpl@7bc0e6e3 (No operations allowed after connection closed.). Possibly consider using a shorter maxLifetime value.
2026-07-16 18:44:19 [HikariPool-1:housekeeper] WARN  com.zaxxer.hikari.pool.PoolBase - HikariPool-1 - Failed to validate connection com.mysql.cj.jdbc.ConnectionImpl@6d66c430 (No operations allowed after connection closed.). Possibly consider using a shorter maxLifetime value.
2026-07-16 18:44:56 [HikariPool-1:housekeeper] WARN  com.zaxxer.hikari.pool.PoolBase - HikariPool-1 - Failed to validate connection com.mysql.cj.jdbc.ConnectionImpl@dc08942 (No operations allowed after connection closed.). Possibly consider using a shorter maxLifetime value.
2026-07-16 18:46:04 [HikariPool-1:housekeeper] WARN  com.zaxxer.hikari.pool.PoolBase - HikariPool-1 - Failed to validate connection com.mysql.cj.jdbc.ConnectionImpl@4a81c806 (No operations allowed after connection closed.). Possibly consider using a shorter maxLifetime value.
2026-07-16 18:46:38 [HikariPool-1:housekeeper] WARN  com.zaxxer.hikari.pool.PoolBase - HikariPool-1 - Failed to validate connection com.mysql.cj.jdbc.ConnectionImpl@6e975827 (No operations allowed after connection closed.). Possibly consider using a shorter maxLifetime value.
2026-07-16 18:47:45 [HikariPool-1:housekeeper] WARN  com.zaxxer.hikari.pool.PoolBase - HikariPool-1 - Failed to validate connection com.mysql.cj.jdbc.ConnectionImpl@553a68bc (No operations allowed after connection closed.). Possibly consider using a shorter maxLifetime value.
2026-07-16 18:48:26 [HikariPool-1:housekeeper] WARN  com.zaxxer.hikari.pool.PoolBase - HikariPool-1 - Failed to validate connection com.mysql.cj.jdbc.ConnectionImpl@44d15d7f (No operations allowed after connection closed.). Possibly consider using a shorter maxLifetime value.
2026-07-16 18:49:35 [HikariPool-1:housekeeper] WARN  com.zaxxer.hikari.pool.PoolBase - HikariPool-1 - Failed to validate connection com.mysql.cj.jdbc.ConnectionImpl@2967e8ac (No operations allowed after connection closed.). Possibly consider using a shorter maxLifetime value.
2026-07-16 18:50:16 [HikariPool-1:housekeeper] WARN  com.zaxxer.hikari.pool.PoolBase - HikariPool-1 - Failed to validate connection com.mysql.cj.jdbc.ConnectionImpl@6c0205df (No operations allowed after connection closed.). Possibly consider using a shorter maxLifetime value.
2026-07-16 18:51:13 [HikariPool-1:housekeeper] WARN  com.zaxxer.hikari.pool.PoolBase - HikariPool-1 - Failed to validate connection com.mysql.cj.jdbc.ConnectionImpl@2524bba0 (No operations allowed after connection closed.). Possibly consider using a shorter maxLifetime value.
2026-07-16 18:52:02 [HikariPool-1:housekeeper] WARN  com.zaxxer.hikari.pool.PoolBase - HikariPool-1 - Failed to validate connection com.mysql.cj.jdbc.ConnectionImpl@4f663a4d (No operations allowed after connection closed.). Possibly consider using a shorter maxLifetime value.
2026-07-16 18:53:11 [HikariPool-1:housekeeper] WARN  com.zaxxer.hikari.pool.PoolBase - HikariPool-1 - Failed to validate connection com.mysql.cj.jdbc.ConnectionImpl@7c83e6f4 (No operations allowed after connection closed.). Possibly consider using a shorter maxLifetime value.
2026-07-16 18:53:50 [HikariPool-1:housekeeper] WARN  com.zaxxer.hikari.pool.PoolBase - HikariPool-1 - Failed to validate connection com.mysql.cj.jdbc.ConnectionImpl@6136b4c (No operations allowed after connection closed.). Possibly consider using a shorter maxLifetime value.
2026-07-16 18:54:35 [SpringApplicationShutdownHook] INFO  o.s.boot.tomcat.GracefulShutdown - Commencing graceful shutdown. Waiting for active requests to complete
2026-07-16 18:54:35 [tomcat-shutdown] INFO  o.s.boot.tomcat.GracefulShutdown - Graceful shutdown complete
2026-07-16 18:54:35 [SpringApplicationShutdownHook] INFO  o.s.o.j.LocalContainerEntityManagerFactoryBean - Closing JPA EntityManagerFactory for persistence unit 'default'
2026-07-16 18:54:35 [SpringApplicationShutdownHook] INFO  com.zaxxer.hikari.HikariDataSource - HikariPool-1 - Shutdown initiated...
2026-07-16 18:54:36 [SpringApplicationShutdownHook] INFO  com.zaxxer.hikari.HikariDataSource - HikariPool-1 - Shutdown completed.
2026-07-16 21:09:00 [background-preinit] INFO  o.h.validator.internal.util.Version - HV000001: Hibernate Validator 9.0.1.Final
2026-07-16 21:09:00 [restartedMain] INFO  c.e.D.DocgenBackendApplication - Starting DocgenBackendApplication using Java 21.0.9 with PID 13200 (E:\DocGen New Front V2\Docgen-Backend\target\classes started by prath in E:\DocGen New Front V2\Docgen-Backend)
2026-07-16 21:09:00 [restartedMain] DEBUG c.e.D.DocgenBackendApplication - Running with Spring Boot v4.0.6, Spring v7.0.7
2026-07-16 21:09:00 [restartedMain] INFO  c.e.D.DocgenBackendApplication - No active profile set, falling back to 1 default profile: "default"
2026-07-16 21:09:00 [restartedMain] INFO  o.s.b.d.e.DevToolsPropertyDefaultsPostProcessor - Devtools property defaults active! Set 'spring.devtools.add-properties' to 'false' to disable
2026-07-16 21:09:00 [restartedMain] INFO  o.s.b.d.e.DevToolsPropertyDefaultsPostProcessor - For additional web related logging consider setting the 'logging.level.web' property to 'DEBUG'
2026-07-16 21:09:01 [restartedMain] INFO  o.s.d.r.c.RepositoryConfigurationDelegate - Bootstrapping Spring Data JPA repositories in DEFAULT mode.
2026-07-16 21:09:01 [restartedMain] INFO  o.s.d.r.c.RepositoryConfigurationDelegate - Finished Spring Data repository scanning in 69 ms. Found 2 JPA repository interfaces.
2026-07-16 21:09:02 [restartedMain] INFO  o.s.boot.tomcat.TomcatWebServer - Tomcat initialized with port 8080 (http)
2026-07-16 21:09:02 [restartedMain] INFO  o.a.coyote.http11.Http11NioProtocol - Initializing ProtocolHandler ["http-nio-8080"]
2026-07-16 21:09:02 [restartedMain] INFO  o.a.catalina.core.StandardService - Starting service [Tomcat]
2026-07-16 21:09:02 [restartedMain] INFO  o.a.catalina.core.StandardEngine - Starting Servlet engine: [Apache Tomcat/11.0.21]
2026-07-16 21:09:02 [restartedMain] INFO  o.s.b.w.c.s.WebApplicationContextInitializer - Root WebApplicationContext: initialization completed in 1593 ms
2026-07-16 21:09:02 [restartedMain] DEBUG c.e.Docgen_Backend.config.JwtFilter - Filter 'jwtFilter' configured for use
2026-07-16 21:09:02 [restartedMain] INFO  org.hibernate.orm.jpa - HHH008540: Processing PersistenceUnitInfo [name: default]
2026-07-16 21:09:02 [restartedMain] INFO  org.hibernate.orm.core - HHH000001: Hibernate ORM core version 7.2.12.Final
2026-07-16 21:09:03 [restartedMain] INFO  o.s.o.j.p.SpringPersistenceUnitInfo - No LoadTimeWeaver setup: ignoring JPA class transformer
2026-07-16 21:09:03 [restartedMain] INFO  com.zaxxer.hikari.HikariDataSource - HikariPool-1 - Starting...
2026-07-16 21:09:04 [restartedMain] INFO  com.zaxxer.hikari.pool.HikariPool - HikariPool-1 - Added connection com.mysql.cj.jdbc.ConnectionImpl@45ed8752
2026-07-16 21:09:04 [restartedMain] INFO  com.zaxxer.hikari.HikariDataSource - HikariPool-1 - Start completed.
2026-07-16 21:09:04 [restartedMain] WARN  org.hibernate.orm.jdbc - HHH100045: Could not obtain connection metadata: java.sql.SQLSyntaxErrorException: Unknown column 'RESERVED' in 'WHERE'
2026-07-16 21:09:04 [restartedMain] WARN  org.hibernate.orm.deprecation - HHH90000025: MySQLDialect does not need to be specified explicitly using 'hibernate.dialect' (remove the property setting and it will be selected by default)
2026-07-16 21:09:04 [restartedMain] INFO  o.hibernate.orm.connections.pooling - HHH10001005: Database info:
	Database JDBC URL [undefined/unknown]
	Database driver: undefined/unknown
	Database dialect: MySQLDialect
	Database version: 8.0
	Default catalog/schema: unknown/unknown
	Autocommit mode: undefined/unknown
	Isolation level: NONE [default NONE]
	JDBC fetch size: undefined/unknown
	Pool: DataSourceConnectionProvider
	Minimum pool size: undefined/unknown
	Maximum pool size: undefined/unknown
2026-07-16 21:09:05 [restartedMain] INFO  org.hibernate.orm.core - HHH000489: No JTA platform available (set 'hibernate.transaction.jta.platform' to enable JTA platform integration)
2026-07-16 21:09:19 [restartedMain] INFO  o.s.o.j.LocalContainerEntityManagerFactoryBean - Initialized JPA EntityManagerFactory for persistence unit 'default'
2026-07-16 21:09:19 [restartedMain] INFO  o.s.d.j.r.q.QueryEnhancerFactories - Hibernate is in classpath; If applicable, HQL parser will be used.
2026-07-16 21:09:19 [restartedMain] INFO  o.s.s.c.a.a.c.InitializeUserDetailsBeanManagerConfigurer$InitializeUserDetailsManagerConfigurer - Global AuthenticationManager configured with UserDetailsService bean with name customUserDetailsService
2026-07-16 21:09:19 [restartedMain] WARN  o.s.b.j.a.JpaBaseConfiguration$JpaWebConfiguration - spring.jpa.open-in-view is enabled by default. Therefore, database queries may be performed during view rendering. Explicitly configure spring.jpa.open-in-view to disable this warning
2026-07-16 21:09:19 [restartedMain] INFO  o.a.coyote.http11.Http11NioProtocol - Starting ProtocolHandler ["http-nio-8080"]
2026-07-16 21:09:20 [restartedMain] INFO  o.s.boot.tomcat.TomcatWebServer - Tomcat started on port 8080 (http) with context path '/'
2026-07-16 21:09:20 [restartedMain] INFO  c.e.D.DocgenBackendApplication - Started DocgenBackendApplication in 19.828 seconds (process running for 20.495)
2026-07-16 21:10:52 [HikariPool-1:housekeeper] WARN  com.zaxxer.hikari.pool.PoolBase - HikariPool-1 - Failed to validate connection com.mysql.cj.jdbc.ConnectionImpl@471e978e (No operations allowed after connection closed.). Possibly consider using a shorter maxLifetime value.
2026-07-16 21:10:55 [HikariPool-1:housekeeper] WARN  com.zaxxer.hikari.pool.PoolBase - HikariPool-1 - Failed to validate connection com.mysql.cj.jdbc.ConnectionImpl@45ed8752 (No operations allowed after connection closed.). Possibly consider using a shorter maxLifetime value.
2026-07-16 21:11:01 [HikariPool-1:housekeeper] WARN  com.zaxxer.hikari.pool.PoolBase - HikariPool-1 - Failed to validate connection com.mysql.cj.jdbc.ConnectionImpl@6807542 (No operations allowed after connection closed.). Possibly consider using a shorter maxLifetime value.
2026-07-16 21:12:42 [HikariPool-1:housekeeper] WARN  com.zaxxer.hikari.pool.PoolBase - HikariPool-1 - Failed to validate connection com.mysql.cj.jdbc.ConnectionImpl@4c92e0d4 (No operations allowed after connection closed.). Possibly consider using a shorter maxLifetime value.
2026-07-16 21:12:54 [HikariPool-1:housekeeper] WARN  com.zaxxer.hikari.pool.PoolBase - HikariPool-1 - Failed to validate connection com.mysql.cj.jdbc.ConnectionImpl@26a9d559 (No operations allowed after connection closed.). Possibly consider using a shorter maxLifetime value.
2026-07-16 21:14:30 [HikariPool-1:housekeeper] WARN  com.zaxxer.hikari.pool.PoolBase - HikariPool-1 - Failed to validate connection com.mysql.cj.jdbc.ConnectionImpl@414c685b (No operations allowed after connection closed.). Possibly consider using a shorter maxLifetime value.
2026-07-16 21:14:38 [HikariPool-1:housekeeper] WARN  com.zaxxer.hikari.pool.PoolBase - HikariPool-1 - Failed to validate connection com.mysql.cj.jdbc.ConnectionImpl@3e46ec13 (No operations allowed after connection closed.). Possibly consider using a shorter maxLifetime value.
2026-07-16 21:16:19 [HikariPool-1:housekeeper] WARN  com.zaxxer.hikari.pool.PoolBase - HikariPool-1 - Failed to validate connection com.mysql.cj.jdbc.ConnectionImpl@1b92eadf (No operations allowed after connection closed.). Possibly consider using a shorter maxLifetime value.
2026-07-16 21:16:29 [HikariPool-1:housekeeper] WARN  com.zaxxer.hikari.pool.PoolBase - HikariPool-1 - Failed to validate connection com.mysql.cj.jdbc.ConnectionImpl@2bedbe68 (No operations allowed after connection closed.). Possibly consider using a shorter maxLifetime value.
2026-07-16 21:16:34 [http-nio-8080-exec-1] INFO  o.a.c.c.C.[Tomcat].[localhost].[/] - Initializing Spring DispatcherServlet 'dispatcherServlet'
2026-07-16 21:16:34 [http-nio-8080-exec-1] INFO  o.s.web.servlet.DispatcherServlet - Initializing Servlet 'dispatcherServlet'
2026-07-16 21:16:34 [http-nio-8080-exec-1] INFO  o.s.web.servlet.DispatcherServlet - Completed initialization in 27 ms
2026-07-16 21:16:34 [http-nio-8080-exec-3] INFO  c.e.Docgen_Backend.config.JwtFilter - JWT validated successfully for userId=6a311365ec2c34f3d9e4f06e
2026-07-16 21:16:34 [http-nio-8080-exec-3] INFO  c.e.D.controller.UserController - GET /api/v2/users - Fetch all users request received | page=0, size=8, sortBy=id, direction=desc
2026-07-16 21:16:39 [http-nio-8080-exec-3] INFO  c.e.D.controller.UserController - Fetched 8 users on page 0 of 2
2026-07-16 21:16:39 [http-nio-8080-exec-4] INFO  c.e.Docgen_Backend.config.JwtFilter - JWT validated successfully for userId=6a311365ec2c34f3d9e4f06e
2026-07-16 21:16:39 [http-nio-8080-exec-4] INFO  c.e.D.controller.UserController - GET /api/v2/users - Fetch all users request received | page=0, size=8, sortBy=id, direction=desc
2026-07-16 21:16:43 [http-nio-8080-exec-4] INFO  c.e.D.controller.UserController - Fetched 8 users on page 0 of 2
2026-07-16 21:16:44 [http-nio-8080-exec-6] INFO  c.e.Docgen_Backend.config.JwtFilter - JWT validated successfully for userId=6a311365ec2c34f3d9e4f06e
2026-07-16 21:16:44 [http-nio-8080-exec-6] INFO  c.e.D.controller.UserController - GET /api/v2/users/21 - Fetch request received
2026-07-16 21:16:44 [http-nio-8080-exec-6] INFO  c.e.D.service.impl.UserServiceImpl - Fetching user profile for edit | userId=21
2026-07-16 21:16:45 [http-nio-8080-exec-6] DEBUG c.e.D.service.impl.UserServiceImpl - User found | userId=21 | employeeId=DSS184
2026-07-16 21:16:45 [http-nio-8080-exec-6] INFO  c.e.D.service.impl.UserServiceImpl - User profile fetched successfully | userId=21 | timeTaken=505ms
2026-07-16 21:16:45 [http-nio-8080-exec-6] INFO  c.e.D.controller.UserController - Profile fetched successfully for userId=21
2026-07-16 21:16:45 [http-nio-8080-exec-6] DEBUG c.e.D.controller.UserController - Fetched profile data: UserProfileResponseDTO(id=21, employeeName=Siddhant Dilip Nakti, employeeId=DSS184, email=siddhantnakti01@gmail.com, mobileNo=8975145349, joiningDesignation=Application Support Engineer, currentDesignation=Application Support Engineer, department=Information Technology, company=DCS, identity=MR, pfType=WITH_PF, accountNo=2601279919239462, bankName=AU Bank, currentAddress=Vanaj,Kothrud.411038, permanentAddress=null, joiningCTC=800000.0, currentCTC=800000.0, dateOfBirth=2001-05-29, offerDate=2025-08-21, joiningDate=2025-08-25, panNo=AXVPN3340C, documents={APPOINTMENT_LETTER=DocumentResponseDTO(generated=false, data=null), INTERNSHIP_LETTER=DocumentResponseDTO(generated=false, data=null), EXPERIENCE_LETTER=DocumentResponseDTO(generated=false, data=null), FULL_AND_FINAL=DocumentResponseDTO(generated=false, data=null), CONFIRMATION_LETTER=DocumentResponseDTO(generated=false, data=null), INCREMENT_LETTER=DocumentResponseDTO(generated=false, data=null), RELIEVING_LETTER=DocumentResponseDTO(generated=false, data=null), SALARY_SLIP=DocumentResponseDTO(generated=true, data={startMonth=2026-04, endMonth=2026-06}), COMPLETION_LETTER=DocumentResponseDTO(generated=false, data=null), OFFER_LETTER=DocumentResponseDTO(generated=true, data={issueDate=2025-08-21, probationPeriod=3})})
2026-07-16 21:16:45 [http-nio-8080-exec-8] INFO  c.e.Docgen_Backend.config.JwtFilter - JWT validated successfully for userId=6a311365ec2c34f3d9e4f06e
2026-07-16 21:16:45 [http-nio-8080-exec-8] INFO  c.e.D.controller.UserController - GET /api/v2/users/21 - Fetch request received
2026-07-16 21:16:45 [http-nio-8080-exec-8] INFO  c.e.D.service.impl.UserServiceImpl - Fetching user profile for edit | userId=21
2026-07-16 21:16:45 [http-nio-8080-exec-8] DEBUG c.e.D.service.impl.UserServiceImpl - User found | userId=21 | employeeId=DSS184
2026-07-16 21:16:45 [http-nio-8080-exec-8] INFO  c.e.D.service.impl.UserServiceImpl - User profile fetched successfully | userId=21 | timeTaken=372ms
2026-07-16 21:16:45 [http-nio-8080-exec-8] INFO  c.e.D.controller.UserController - Profile fetched successfully for userId=21
2026-07-16 21:16:45 [http-nio-8080-exec-8] DEBUG c.e.D.controller.UserController - Fetched profile data: UserProfileResponseDTO(id=21, employeeName=Siddhant Dilip Nakti, employeeId=DSS184, email=siddhantnakti01@gmail.com, mobileNo=8975145349, joiningDesignation=Application Support Engineer, currentDesignation=Application Support Engineer, department=Information Technology, company=DCS, identity=MR, pfType=WITH_PF, accountNo=2601279919239462, bankName=AU Bank, currentAddress=Vanaj,Kothrud.411038, permanentAddress=null, joiningCTC=800000.0, currentCTC=800000.0, dateOfBirth=2001-05-29, offerDate=2025-08-21, joiningDate=2025-08-25, panNo=AXVPN3340C, documents={APPOINTMENT_LETTER=DocumentResponseDTO(generated=false, data=null), INTERNSHIP_LETTER=DocumentResponseDTO(generated=false, data=null), EXPERIENCE_LETTER=DocumentResponseDTO(generated=false, data=null), FULL_AND_FINAL=DocumentResponseDTO(generated=false, data=null), CONFIRMATION_LETTER=DocumentResponseDTO(generated=false, data=null), INCREMENT_LETTER=DocumentResponseDTO(generated=false, data=null), RELIEVING_LETTER=DocumentResponseDTO(generated=false, data=null), SALARY_SLIP=DocumentResponseDTO(generated=true, data={startMonth=2026-04, endMonth=2026-06}), COMPLETION_LETTER=DocumentResponseDTO(generated=false, data=null), OFFER_LETTER=DocumentResponseDTO(generated=true, data={issueDate=2025-08-21, probationPeriod=3})})
2026-07-16 21:16:54 [http-nio-8080-exec-2] INFO  c.e.Docgen_Backend.config.JwtFilter - JWT validated successfully for userId=6a311365ec2c34f3d9e4f06e
2026-07-16 21:16:54 [http-nio-8080-exec-2] INFO  c.e.D.controller.UserController - GET /api/v2/users/21 - Fetch request received
2026-07-16 21:16:54 [http-nio-8080-exec-2] INFO  c.e.D.service.impl.UserServiceImpl - Fetching user profile for edit | userId=21
2026-07-16 21:16:54 [http-nio-8080-exec-2] DEBUG c.e.D.service.impl.UserServiceImpl - User found | userId=21 | employeeId=DSS184
2026-07-16 21:16:54 [http-nio-8080-exec-2] INFO  c.e.D.service.impl.UserServiceImpl - User profile fetched successfully | userId=21 | timeTaken=551ms
2026-07-16 21:16:54 [http-nio-8080-exec-2] INFO  c.e.D.controller.UserController - Profile fetched successfully for userId=21
2026-07-16 21:16:54 [http-nio-8080-exec-2] DEBUG c.e.D.controller.UserController - Fetched profile data: UserProfileResponseDTO(id=21, employeeName=Siddhant Dilip Nakti, employeeId=DSS184, email=siddhantnakti01@gmail.com, mobileNo=8975145349, joiningDesignation=Application Support Engineer, currentDesignation=Application Support Engineer, department=Information Technology, company=DCS, identity=MR, pfType=WITH_PF, accountNo=2601279919239462, bankName=AU Bank, currentAddress=Vanaj,Kothrud.411038, permanentAddress=null, joiningCTC=800000.0, currentCTC=800000.0, dateOfBirth=2001-05-29, offerDate=2025-08-21, joiningDate=2025-08-25, panNo=AXVPN3340C, documents={APPOINTMENT_LETTER=DocumentResponseDTO(generated=false, data=null), INTERNSHIP_LETTER=DocumentResponseDTO(generated=false, data=null), EXPERIENCE_LETTER=DocumentResponseDTO(generated=false, data=null), FULL_AND_FINAL=DocumentResponseDTO(generated=false, data=null), CONFIRMATION_LETTER=DocumentResponseDTO(generated=false, data=null), INCREMENT_LETTER=DocumentResponseDTO(generated=false, data=null), RELIEVING_LETTER=DocumentResponseDTO(generated=false, data=null), SALARY_SLIP=DocumentResponseDTO(generated=true, data={startMonth=2026-04, endMonth=2026-06}), COMPLETION_LETTER=DocumentResponseDTO(generated=false, data=null), OFFER_LETTER=DocumentResponseDTO(generated=true, data={issueDate=2025-08-21, probationPeriod=3})})
2026-07-16 21:16:54 [http-nio-8080-exec-1] INFO  c.e.Docgen_Backend.config.JwtFilter - JWT validated successfully for userId=6a311365ec2c34f3d9e4f06e
2026-07-16 21:16:54 [http-nio-8080-exec-1] INFO  c.e.D.controller.UserController - GET /api/v2/users/21 - Fetch request received
2026-07-16 21:16:54 [http-nio-8080-exec-1] INFO  c.e.D.service.impl.UserServiceImpl - Fetching user profile for edit | userId=21
2026-07-16 21:16:55 [http-nio-8080-exec-1] DEBUG c.e.D.service.impl.UserServiceImpl - User found | userId=21 | employeeId=DSS184
2026-07-16 21:16:55 [http-nio-8080-exec-1] INFO  c.e.D.service.impl.UserServiceImpl - User profile fetched successfully | userId=21 | timeTaken=466ms
2026-07-16 21:16:55 [http-nio-8080-exec-1] INFO  c.e.D.controller.UserController - Profile fetched successfully for userId=21
2026-07-16 21:16:55 [http-nio-8080-exec-1] DEBUG c.e.D.controller.UserController - Fetched profile data: UserProfileResponseDTO(id=21, employeeName=Siddhant Dilip Nakti, employeeId=DSS184, email=siddhantnakti01@gmail.com, mobileNo=8975145349, joiningDesignation=Application Support Engineer, currentDesignation=Application Support Engineer, department=Information Technology, company=DCS, identity=MR, pfType=WITH_PF, accountNo=2601279919239462, bankName=AU Bank, currentAddress=Vanaj,Kothrud.411038, permanentAddress=null, joiningCTC=800000.0, currentCTC=800000.0, dateOfBirth=2001-05-29, offerDate=2025-08-21, joiningDate=2025-08-25, panNo=AXVPN3340C, documents={APPOINTMENT_LETTER=DocumentResponseDTO(generated=false, data=null), INTERNSHIP_LETTER=DocumentResponseDTO(generated=false, data=null), EXPERIENCE_LETTER=DocumentResponseDTO(generated=false, data=null), FULL_AND_FINAL=DocumentResponseDTO(generated=false, data=null), CONFIRMATION_LETTER=DocumentResponseDTO(generated=false, data=null), INCREMENT_LETTER=DocumentResponseDTO(generated=false, data=null), RELIEVING_LETTER=DocumentResponseDTO(generated=false, data=null), SALARY_SLIP=DocumentResponseDTO(generated=true, data={startMonth=2026-04, endMonth=2026-06}), COMPLETION_LETTER=DocumentResponseDTO(generated=false, data=null), OFFER_LETTER=DocumentResponseDTO(generated=true, data={issueDate=2025-08-21, probationPeriod=3})})
2026-07-16 21:16:57 [http-nio-8080-exec-7] INFO  c.e.Docgen_Backend.config.JwtFilter - JWT validated successfully for userId=6a311365ec2c34f3d9e4f06e
2026-07-16 21:16:57 [http-nio-8080-exec-7] INFO  c.e.D.controller.UserController - GET /api/v2/users - Fetch all users request received | page=0, size=8, sortBy=id, direction=desc
2026-07-16 21:17:03 [http-nio-8080-exec-7] INFO  c.e.D.controller.UserController - Fetched 8 users on page 0 of 2
2026-07-16 21:17:03 [http-nio-8080-exec-5] INFO  c.e.Docgen_Backend.config.JwtFilter - JWT validated successfully for userId=6a311365ec2c34f3d9e4f06e
2026-07-16 21:17:03 [http-nio-8080-exec-5] INFO  c.e.D.controller.UserController - GET /api/v2/users - Fetch all users request received | page=0, size=8, sortBy=id, direction=desc
2026-07-16 21:17:07 [http-nio-8080-exec-8] INFO  c.e.Docgen_Backend.config.JwtFilter - JWT validated successfully for userId=6a311365ec2c34f3d9e4f06e
2026-07-16 21:17:07 [http-nio-8080-exec-8] INFO  c.e.D.controller.UserController - GET /api/v2/users - Fetch all users request received | page=1, size=8, sortBy=id, direction=desc
2026-07-16 21:17:07 [http-nio-8080-exec-8] WARN  com.zaxxer.hikari.pool.PoolBase - HikariPool-1 - Failed to validate connection com.mysql.cj.jdbc.ConnectionImpl@3ec7c776 (No operations allowed after connection closed.). Possibly consider using a shorter maxLifetime value.
2026-07-16 21:17:08 [http-nio-8080-exec-5] INFO  c.e.D.controller.UserController - Fetched 8 users on page 0 of 2
2026-07-16 21:17:08 [http-nio-8080-exec-10] INFO  c.e.Docgen_Backend.config.JwtFilter - JWT validated successfully for userId=6a311365ec2c34f3d9e4f06e
2026-07-16 21:17:08 [http-nio-8080-exec-10] INFO  c.e.D.controller.UserController - GET /api/v2/users - Fetch all users request received | page=0, size=8, sortBy=id, direction=desc
2026-07-16 21:17:10 [http-nio-8080-exec-8] INFO  c.e.D.controller.UserController - Fetched 4 users on page 1 of 2
2026-07-16 21:17:10 [http-nio-8080-exec-2] INFO  c.e.Docgen_Backend.config.JwtFilter - JWT validated successfully for userId=6a311365ec2c34f3d9e4f06e
2026-07-16 21:17:10 [http-nio-8080-exec-2] INFO  c.e.D.controller.UserController - GET /api/v2/users - Fetch all users request received | page=1, size=8, sortBy=id, direction=desc
2026-07-16 21:17:13 [http-nio-8080-exec-2] INFO  c.e.D.controller.UserController - Fetched 4 users on page 1 of 2
2026-07-16 21:17:13 [http-nio-8080-exec-10] INFO  c.e.D.controller.UserController - Fetched 8 users on page 0 of 2
2026-07-16 21:17:13 [http-nio-8080-exec-3] INFO  c.e.Docgen_Backend.config.JwtFilter - JWT validated successfully for userId=6a311365ec2c34f3d9e4f06e
2026-07-16 21:17:13 [http-nio-8080-exec-3] INFO  c.e.D.controller.UserController - GET /api/v2/users - Fetch all users request received | page=0, size=8, sortBy=id, direction=desc
2026-07-16 21:17:17 [http-nio-8080-exec-3] INFO  c.e.D.controller.UserController - Fetched 8 users on page 0 of 2
2026-07-16 21:17:31 [http-nio-8080-exec-7] INFO  c.e.Docgen_Backend.config.JwtFilter - JWT validated successfully for userId=6a311365ec2c34f3d9e4f06e
2026-07-16 21:17:31 [http-nio-8080-exec-7] INFO  c.e.D.controller.UserController - GET /api/v2/users - Fetch all users request received | page=1, size=8, sortBy=id, direction=desc
2026-07-16 21:17:33 [http-nio-8080-exec-7] INFO  c.e.D.controller.UserController - Fetched 4 users on page 1 of 2
2026-07-16 21:17:42 [http-nio-8080-exec-9] INFO  c.e.Docgen_Backend.config.JwtFilter - JWT validated successfully for userId=6a311365ec2c34f3d9e4f06e
2026-07-16 21:17:42 [http-nio-8080-exec-9] INFO  c.e.D.controller.UserController - GET /api/v2/users/13 - Fetch request received
2026-07-16 21:17:42 [http-nio-8080-exec-9] INFO  c.e.D.service.impl.UserServiceImpl - Fetching user profile for edit | userId=13
2026-07-16 21:17:43 [http-nio-8080-exec-9] DEBUG c.e.D.service.impl.UserServiceImpl - User found | userId=13 | employeeId=NSS0763
2026-07-16 21:17:43 [http-nio-8080-exec-9] INFO  c.e.D.service.impl.UserServiceImpl - User profile fetched successfully | userId=13 | timeTaken=794ms
2026-07-16 21:17:43 [http-nio-8080-exec-9] INFO  c.e.D.controller.UserController - Profile fetched successfully for userId=13
2026-07-16 21:17:43 [http-nio-8080-exec-9] DEBUG c.e.D.controller.UserController - Fetched profile data: UserProfileResponseDTO(id=13, employeeName=Anil Jejurkar, employeeId=NSS0763, email=aniljejurkar@gmail.com, mobileNo=8007454299, joiningDesignation=Java Developer, currentDesignation=Senior Java developer, department=Information Technology, company=NSS, identity=MR, pfType=WITH_PF, accountNo=970110510005810, bankName=HDFC Bank, currentAddress=N-42,VD-1/3/1,Sawta Nager,Cidco,Trimurti Chowk, permanentAddress=null, joiningCTC=623400.0, currentCTC=null, dateOfBirth=2026-06-30, offerDate=2026-06-30, joiningDate=2026-06-30, panNo=DTIPB8762E, documents={APPOINTMENT_LETTER=DocumentResponseDTO(generated=false, data=null), INTERNSHIP_LETTER=DocumentResponseDTO(generated=true, data={internshipType=UNPAID, endDate=2026-06-30, issueDate=2026-06-30, startDate=2026-06-30}), EXPERIENCE_LETTER=DocumentResponseDTO(generated=true, data={issueDate=2026-06-30, relievingDate=2026-06-30}), FULL_AND_FINAL=DocumentResponseDTO(generated=false, data=null), CONFIRMATION_LETTER=DocumentResponseDTO(generated=true, data={issueDate=2026-06-30, effectiveDate=2026-06-30}), INCREMENT_LETTER=DocumentResponseDTO(generated=true, data={issueDate=2026-06-30}), RELIEVING_LETTER=DocumentResponseDTO(generated=false, data=null), SALARY_SLIP=DocumentResponseDTO(generated=false, data=null), COMPLETION_LETTER=DocumentResponseDTO(generated=false, data=null), OFFER_LETTER=DocumentResponseDTO(generated=true, data={issueDate=2026-06-30, probationPeriod=3})})
2026-07-16 21:17:43 [http-nio-8080-exec-8] INFO  c.e.Docgen_Backend.config.JwtFilter - JWT validated successfully for userId=6a311365ec2c34f3d9e4f06e
2026-07-16 21:17:43 [http-nio-8080-exec-8] INFO  c.e.D.controller.UserController - GET /api/v2/users/13 - Fetch request received
2026-07-16 21:17:43 [http-nio-8080-exec-8] INFO  c.e.D.service.impl.UserServiceImpl - Fetching user profile for edit | userId=13
2026-07-16 21:17:43 [http-nio-8080-exec-8] WARN  com.zaxxer.hikari.pool.PoolBase - HikariPool-1 - Failed to validate connection com.mysql.cj.jdbc.ConnectionImpl@557ce16b (No operations allowed after connection closed.). Possibly consider using a shorter maxLifetime value.
2026-07-16 21:17:44 [http-nio-8080-exec-8] DEBUG c.e.D.service.impl.UserServiceImpl - User found | userId=13 | employeeId=NSS0763
2026-07-16 21:17:44 [http-nio-8080-exec-8] INFO  c.e.D.service.impl.UserServiceImpl - User profile fetched successfully | userId=13 | timeTaken=898ms
2026-07-16 21:17:44 [http-nio-8080-exec-8] INFO  c.e.D.controller.UserController - Profile fetched successfully for userId=13
2026-07-16 21:17:44 [http-nio-8080-exec-8] DEBUG c.e.D.controller.UserController - Fetched profile data: UserProfileResponseDTO(id=13, employeeName=Anil Jejurkar, employeeId=NSS0763, email=aniljejurkar@gmail.com, mobileNo=8007454299, joiningDesignation=Java Developer, currentDesignation=Senior Java developer, department=Information Technology, company=NSS, identity=MR, pfType=WITH_PF, accountNo=970110510005810, bankName=HDFC Bank, currentAddress=N-42,VD-1/3/1,Sawta Nager,Cidco,Trimurti Chowk, permanentAddress=null, joiningCTC=623400.0, currentCTC=null, dateOfBirth=2026-06-30, offerDate=2026-06-30, joiningDate=2026-06-30, panNo=DTIPB8762E, documents={APPOINTMENT_LETTER=DocumentResponseDTO(generated=false, data=null), INTERNSHIP_LETTER=DocumentResponseDTO(generated=true, data={internshipType=UNPAID, endDate=2026-06-30, issueDate=2026-06-30, startDate=2026-06-30}), EXPERIENCE_LETTER=DocumentResponseDTO(generated=true, data={issueDate=2026-06-30, relievingDate=2026-06-30}), FULL_AND_FINAL=DocumentResponseDTO(generated=false, data=null), CONFIRMATION_LETTER=DocumentResponseDTO(generated=true, data={issueDate=2026-06-30, effectiveDate=2026-06-30}), INCREMENT_LETTER=DocumentResponseDTO(generated=true, data={issueDate=2026-06-30}), RELIEVING_LETTER=DocumentResponseDTO(generated=false, data=null), SALARY_SLIP=DocumentResponseDTO(generated=false, data=null), COMPLETION_LETTER=DocumentResponseDTO(generated=false, data=null), OFFER_LETTER=DocumentResponseDTO(generated=true, data={issueDate=2026-06-30, probationPeriod=3})})
2026-07-16 21:18:04 [http-nio-8080-exec-10] INFO  c.e.Docgen_Backend.config.JwtFilter - JWT validated successfully for userId=6a311365ec2c34f3d9e4f06e
2026-07-16 21:18:04 [http-nio-8080-exec-10] INFO  c.e.D.controller.UserController - PATCH /api/v2/users/13 - Update request received for employeeId=NSS0763
2026-07-16 21:18:04 [http-nio-8080-exec-10] DEBUG c.e.D.controller.UserController - Update payload: CreateProfileRequest(employeeName=Anil Jejurkar, email=aniljejurkar@gmail.com, mobileNo=8007454299, employeeId=NSS0763, joiningDesignation=Java Developer, currentDesignation=Senior Java developer, department=Information Technology, currentAddress=N-42,VD-1/3/1,Sawta Nager,Cidco,Trimurti Chowk, permanentAddress=null, accountNo=970110510005810, bankName=HDFC Bank, joiningCTC=623400.0, currentCTC=800000.0, dateOfBirth=2026-06-30, offerDate=2026-06-30, joiningDate=2026-06-30, panNo=DTIPB8762E, company=NSS, pfType=WITH_PF, identity=MR, documents=[INTERNSHIP_CERTIFICATE, EXPERIENCE_LETTER, CONFIRMATION_LETTER, INCREMENT_LETTER, OFFER_LETTER], documentData={OFFER_LETTER={issueDate=2026-06-30, probationPeriod=3}, INCREMENT_LETTER={issueDate=2026-06-30}, INTERNSHIP_CERTIFICATE={internshipType=null, stipend=0, startDate=2026-06-30, endDate=2026-06-30, issueDate=2026-06-30}, CONFIRMATION_LETTER={effectiveDate=2026-06-30, issueDate=2026-06-30}, EXPERIENCE_LETTER={relievingDate=2026-06-30, issueDate=2026-06-30}})
2026-07-16 21:18:04 [http-nio-8080-exec-10] INFO  c.e.D.service.impl.UserServiceImpl - Updating user profile | userId=13 | employeeId=NSS0763
2026-07-16 21:18:05 [http-nio-8080-exec-10] DEBUG c.e.D.service.impl.UserServiceImpl - Existing user fetched | userId=13 | oldEmployeeId=NSS0763
2026-07-16 21:18:05 [http-nio-8080-exec-10] DEBUG c.e.D.service.impl.UserServiceImpl - Updating documents | userId=13
2026-07-16 21:18:05 [http-nio-8080-exec-10] ERROR c.e.D.service.impl.UserServiceImpl - Error while updating user profile | userId=13 | error=Invalid document type: INTERNSHIP_CERTIFICATE
java.lang.IllegalArgumentException: Invalid document type: INTERNSHIP_CERTIFICATE
	at com.example.Docgen_Backend.service.impl.UserServiceImpl.processUpdateDocuments(UserServiceImpl.java:796)
	at com.example.Docgen_Backend.service.impl.UserServiceImpl.updateProfile(UserServiceImpl.java:725)
	at com.example.Docgen_Backend.controller.UserController.updateProfile(UserController.java:142)
	at java.base/jdk.internal.reflect.DirectMethodHandleAccessor.invoke(DirectMethodHandleAccessor.java:103)
	at java.base/java.lang.reflect.Method.invoke(Method.java:580)
	at org.springframework.web.method.support.InvocableHandlerMethod.doInvoke(InvocableHandlerMethod.java:252)
	at org.springframework.web.method.support.InvocableHandlerMethod.invokeForRequest(InvocableHandlerMethod.java:184)
	at org.springframework.web.servlet.mvc.method.annotation.ServletInvocableHandlerMethod.invokeAndHandle(ServletInvocableHandlerMethod.java:117)
	at org.springframework.web.servlet.mvc.method.annotation.RequestMappingHandlerAdapter.invokeHandlerMethod(RequestMappingHandlerAdapter.java:934)
	at org.springframework.web.servlet.mvc.method.annotation.RequestMappingHandlerAdapter.handleInternal(RequestMappingHandlerAdapter.java:853)
	at org.springframework.web.servlet.mvc.method.AbstractHandlerMethodAdapter.handle(AbstractHandlerMethodAdapter.java:86)
	at org.springframework.web.servlet.DispatcherServlet.doDispatch(DispatcherServlet.java:963)
	at org.springframework.web.servlet.DispatcherServlet.doService(DispatcherServlet.java:866)
	at org.springframework.web.servlet.FrameworkServlet.processRequest(FrameworkServlet.java:1000)
	at org.springframework.web.servlet.FrameworkServlet.service(FrameworkServlet.java:877)
	at jakarta.servlet.http.HttpServlet.service(HttpServlet.java:710)
	at org.apache.catalina.core.ApplicationFilterChain.doFilter(ApplicationFilterChain.java:128)
	at org.apache.tomcat.websocket.server.WsFilter.doFilter(WsFilter.java:53)
	at org.apache.catalina.core.ApplicationFilterChain.doFilter(ApplicationFilterChain.java:107)
	at org.springframework.web.filter.OncePerRequestFilter.doFilter(OncePerRequestFilter.java:110)
	at org.apache.catalina.core.ApplicationFilterChain.doFilter(ApplicationFilterChain.java:107)
	at org.springframework.web.filter.CompositeFilter$VirtualFilterChain.doFilter(CompositeFilter.java:108)
	at org.springframework.security.web.FilterChainProxy.lambda$doFilterInternal$3(FilterChainProxy.java:235)
	at org.springframework.security.web.FilterChainProxy$VirtualFilterChain.doFilter(FilterChainProxy.java:376)
	at org.springframework.security.web.access.intercept.AuthorizationFilter.doFilter(AuthorizationFilter.java:101)
	at org.springframework.security.web.FilterChainProxy$VirtualFilterChain.doFilter(FilterChainProxy.java:385)
	at org.springframework.security.web.access.ExceptionTranslationFilter.doFilter(ExceptionTranslationFilter.java:126)
	at org.springframework.security.web.access.ExceptionTranslationFilter.doFilter(ExceptionTranslationFilter.java:120)
	at org.springframework.security.web.FilterChainProxy$VirtualFilterChain.doFilter(FilterChainProxy.java:385)
	at org.springframework.security.web.session.SessionManagementFilter.doFilter(SessionManagementFilter.java:132)
	at org.springframework.security.web.session.SessionManagementFilter.doFilter(SessionManagementFilter.java:86)
	at org.springframework.security.web.FilterChainProxy$VirtualFilterChain.doFilter(FilterChainProxy.java:385)
	at org.springframework.security.web.authentication.AnonymousAuthenticationFilter.doFilter(AnonymousAuthenticationFilter.java:100)
	at org.springframework.security.web.FilterChainProxy$VirtualFilterChain.doFilter(FilterChainProxy.java:385)
	at org.springframework.security.web.servletapi.SecurityContextHolderAwareRequestFilter.doFilter(SecurityContextHolderAwareRequestFilter.java:181)
	at org.springframework.security.web.FilterChainProxy$VirtualFilterChain.doFilter(FilterChainProxy.java:385)
	at org.springframework.security.web.savedrequest.RequestCacheAwareFilter.doFilter(RequestCacheAwareFilter.java:63)
	at org.springframework.security.web.FilterChainProxy$VirtualFilterChain.doFilter(FilterChainProxy.java:385)
	at com.example.Docgen_Backend.config.JwtFilter.doFilterInternal(JwtFilter.java:111)
	at org.springframework.web.filter.OncePerRequestFilter.doFilter(OncePerRequestFilter.java:116)
	at org.springframework.security.web.FilterChainProxy$VirtualFilterChain.doFilter(FilterChainProxy.java:385)
	at org.springframework.security.web.authentication.logout.LogoutFilter.doFilter(LogoutFilter.java:110)
	at org.springframework.security.web.authentication.logout.LogoutFilter.doFilter(LogoutFilter.java:96)
	at org.springframework.security.web.FilterChainProxy$VirtualFilterChain.doFilter(FilterChainProxy.java:385)
	at org.springframework.web.filter.CorsFilter.doFilterInternal(CorsFilter.java:91)
	at org.springframework.web.filter.OncePerRequestFilter.doFilter(OncePerRequestFilter.java:116)
	at org.springframework.security.web.FilterChainProxy$VirtualFilterChain.doFilter(FilterChainProxy.java:385)
	at org.springframework.security.web.header.HeaderWriterFilter.doHeadersAfter(HeaderWriterFilter.java:90)
	at org.springframework.security.web.header.HeaderWriterFilter.doFilterInternal(HeaderWriterFilter.java:75)
	at org.springframework.web.filter.OncePerRequestFilter.doFilter(OncePerRequestFilter.java:116)
	at org.springframework.security.web.FilterChainProxy$VirtualFilterChain.doFilter(FilterChainProxy.java:385)
	at org.springframework.security.web.context.SecurityContextHolderFilter.doFilter(SecurityContextHolderFilter.java:82)
	at org.springframework.security.web.context.SecurityContextHolderFilter.doFilter(SecurityContextHolderFilter.java:69)
	at org.springframework.security.web.FilterChainProxy$VirtualFilterChain.doFilter(FilterChainProxy.java:385)
	at org.springframework.security.web.context.request.async.WebAsyncManagerIntegrationFilter.doFilterInternal(WebAsyncManagerIntegrationFilter.java:62)
	at org.springframework.web.filter.OncePerRequestFilter.doFilter(OncePerRequestFilter.java:116)
	at org.springframework.security.web.FilterChainProxy$VirtualFilterChain.doFilter(FilterChainProxy.java:385)
	at org.springframework.security.web.session.DisableEncodeUrlFilter.doFilterInternal(DisableEncodeUrlFilter.java:42)
	at org.springframework.web.filter.OncePerRequestFilter.doFilter(OncePerRequestFilter.java:116)
	at org.springframework.security.web.FilterChainProxy$VirtualFilterChain.doFilter(FilterChainProxy.java:385)
	at org.springframework.security.web.FilterChainProxy.doFilterInternal(FilterChainProxy.java:237)
	at org.springframework.security.web.FilterChainProxy.doFilter(FilterChainProxy.java:195)
	at org.springframework.web.filter.CompositeFilter$VirtualFilterChain.doFilter(CompositeFilter.java:113)
	at org.springframework.web.filter.ServletRequestPathFilter.doFilter(ServletRequestPathFilter.java:52)
	at org.springframework.web.filter.CompositeFilter$VirtualFilterChain.doFilter(CompositeFilter.java:113)
	at org.springframework.web.filter.CompositeFilter.doFilter(CompositeFilter.java:74)
	at org.springframework.security.config.annotation.web.configuration.WebSecurityConfiguration$CompositeFilterChainProxy.doFilter(WebSecurityConfiguration.java:317)
	at org.springframework.web.filter.DelegatingFilterProxy.invokeDelegate(DelegatingFilterProxy.java:355)
	at org.springframework.web.filter.DelegatingFilterProxy.doFilter(DelegatingFilterProxy.java:272)
	at org.apache.catalina.core.ApplicationFilterChain.doFilter(ApplicationFilterChain.java:107)
	at org.springframework.web.filter.RequestContextFilter.doFilterInternal(RequestContextFilter.java:100)
	at org.springframework.web.filter.OncePerRequestFilter.doFilter(OncePerRequestFilter.java:116)
	at org.apache.catalina.core.ApplicationFilterChain.doFilter(ApplicationFilterChain.java:107)
	at org.springframework.web.filter.FormContentFilter.doFilterInternal(FormContentFilter.java:93)
	at org.springframework.web.filter.OncePerRequestFilter.doFilter(OncePerRequestFilter.java:116)
	at org.apache.catalina.core.ApplicationFilterChain.doFilter(ApplicationFilterChain.java:107)
	at org.springframework.web.filter.CharacterEncodingFilter.doFilterInternal(CharacterEncodingFilter.java:199)
	at org.springframework.web.filter.OncePerRequestFilter.doFilter(OncePerRequestFilter.java:116)
	at org.apache.catalina.core.ApplicationFilterChain.doFilter(ApplicationFilterChain.java:107)
	at org.apache.catalina.core.StandardWrapperValve.invoke(StandardWrapperValve.java:165)
	at org.apache.catalina.core.StandardContextValve.invoke(StandardContextValve.java:77)
	at org.apache.catalina.authenticator.AuthenticatorBase.invoke(AuthenticatorBase.java:492)
	at org.apache.catalina.core.StandardHostValve.invoke(StandardHostValve.java:113)
	at org.apache.catalina.valves.ErrorReportValve.invoke(ErrorReportValve.java:83)
	at org.apache.catalina.core.StandardEngineValve.invoke(StandardEngineValve.java:72)
	at org.apache.catalina.connector.CoyoteAdapter.service(CoyoteAdapter.java:341)
	at org.apache.coyote.http11.Http11Processor.service(Http11Processor.java:397)
	at org.apache.coyote.AbstractProcessorLight.process(AbstractProcessorLight.java:63)
	at org.apache.coyote.AbstractProtocol$ConnectionHandler.process(AbstractProtocol.java:903)
	at org.apache.tomcat.util.net.NioEndpoint$SocketProcessor.doRun(NioEndpoint.java:1801)
	at org.apache.tomcat.util.net.SocketProcessorBase.run(SocketProcessorBase.java:52)
	at org.apache.tomcat.util.threads.ThreadPoolExecutor.runWorker(ThreadPoolExecutor.java:946)
	at org.apache.tomcat.util.threads.ThreadPoolExecutor$Worker.run(ThreadPoolExecutor.java:480)
	at org.apache.tomcat.util.threads.TaskThread$WrappingRunnable.run(TaskThread.java:57)
	at java.base/java.lang.Thread.run(Thread.java:1583)
2026-07-16 21:18:05 [http-nio-8080-exec-10] ERROR c.e.D.e.GlobalExceptionHandler - Invalid input: Invalid document type: INTERNSHIP_CERTIFICATE
2026-07-16 21:18:05 [http-nio-8080-exec-10] WARN  o.s.w.s.m.m.a.ExceptionHandlerExceptionResolver - Resolved [java.lang.IllegalArgumentException: Invalid document type: INTERNSHIP_CERTIFICATE]
2026-07-16 21:18:48 [HikariPool-1:housekeeper] WARN  com.zaxxer.hikari.pool.PoolBase - HikariPool-1 - Failed to validate connection com.mysql.cj.jdbc.ConnectionImpl@597dc10e (No operations allowed after connection closed.). Possibly consider using a shorter maxLifetime value.
2026-07-16 21:19:03 [HikariPool-1:housekeeper] WARN  com.zaxxer.hikari.pool.PoolBase - HikariPool-1 - Failed to validate connection com.mysql.cj.jdbc.ConnectionImpl@79752120 (No operations allowed after connection closed.). Possibly consider using a shorter maxLifetime value.
2026-07-16 21:19:35 [HikariPool-1:housekeeper] WARN  com.zaxxer.hikari.pool.PoolBase - HikariPool-1 - Failed to validate connection com.mysql.cj.jdbc.ConnectionImpl@6233d483 (No operations allowed after connection closed.). Possibly consider using a shorter maxLifetime value.
2026-07-16 21:20:40 [HikariPool-1:housekeeper] WARN  com.zaxxer.hikari.pool.PoolBase - HikariPool-1 - Failed to validate connection com.mysql.cj.jdbc.ConnectionImpl@459fd6f (No operations allowed after connection closed.). Possibly consider using a shorter maxLifetime value.
2026-07-16 21:21:24 [HikariPool-1:housekeeper] WARN  com.zaxxer.hikari.pool.PoolBase - HikariPool-1 - Failed to validate connection com.mysql.cj.jdbc.ConnectionImpl@25ca1207 (No operations allowed after connection closed.). Possibly consider using a shorter maxLifetime value.
2026-07-16 21:22:27 [HikariPool-1:housekeeper] WARN  com.zaxxer.hikari.pool.PoolBase - HikariPool-1 - Failed to validate connection com.mysql.cj.jdbc.ConnectionImpl@17e8328c (No operations allowed after connection closed.). Possibly consider using a shorter maxLifetime value.
2026-07-16 21:23:15 [HikariPool-1:housekeeper] WARN  com.zaxxer.hikari.pool.PoolBase - HikariPool-1 - Failed to validate connection com.mysql.cj.jdbc.ConnectionImpl@3126d813 (No operations allowed after connection closed.). Possibly consider using a shorter maxLifetime value.
2026-07-16 21:24:15 [HikariPool-1:housekeeper] WARN  com.zaxxer.hikari.pool.PoolBase - HikariPool-1 - Failed to validate connection com.mysql.cj.jdbc.ConnectionImpl@33bea491 (No operations allowed after connection closed.). Possibly consider using a shorter maxLifetime value.
2026-07-16 21:25:07 [HikariPool-1:housekeeper] WARN  com.zaxxer.hikari.pool.PoolBase - HikariPool-1 - Failed to validate connection com.mysql.cj.jdbc.ConnectionImpl@3ddad715 (No operations allowed after connection closed.). Possibly consider using a shorter maxLifetime value.
2026-07-16 21:25:56 [HikariPool-1:housekeeper] WARN  com.zaxxer.hikari.pool.PoolBase - HikariPool-1 - Failed to validate connection com.mysql.cj.jdbc.ConnectionImpl@5b0ed6b4 (No operations allowed after connection closed.). Possibly consider using a shorter maxLifetime value.
2026-07-16 21:26:48 [HikariPool-1:housekeeper] WARN  com.zaxxer.hikari.pool.PoolBase - HikariPool-1 - Failed to validate connection com.mysql.cj.jdbc.ConnectionImpl@cea7267 (No operations allowed after connection closed.). Possibly consider using a shorter maxLifetime value.
2026-07-16 21:27:42 [HikariPool-1:housekeeper] WARN  com.zaxxer.hikari.pool.PoolBase - HikariPool-1 - Failed to validate connection com.mysql.cj.jdbc.ConnectionImpl@3e27f455 (No operations allowed after connection closed.). Possibly consider using a shorter maxLifetime value.
2026-07-16 21:28:32 [HikariPool-1:housekeeper] WARN  com.zaxxer.hikari.pool.PoolBase - HikariPool-1 - Failed to validate connection com.mysql.cj.jdbc.ConnectionImpl@6f8d6c3e (No operations allowed after connection closed.). Possibly consider using a shorter maxLifetime value.
2026-07-16 21:29:27 [HikariPool-1:housekeeper] WARN  com.zaxxer.hikari.pool.PoolBase - HikariPool-1 - Failed to validate connection com.mysql.cj.jdbc.ConnectionImpl@747d7bab (No operations allowed after connection closed.). Possibly consider using a shorter maxLifetime value.
2026-07-16 21:30:10 [HikariPool-1:housekeeper] WARN  com.zaxxer.hikari.pool.PoolBase - HikariPool-1 - Failed to validate connection com.mysql.cj.jdbc.ConnectionImpl@1a9c0ca7 (No operations allowed after connection closed.). Possibly consider using a shorter maxLifetime value.
2026-07-16 21:31:26 [HikariPool-1:housekeeper] WARN  com.zaxxer.hikari.pool.PoolBase - HikariPool-1 - Failed to validate connection com.mysql.cj.jdbc.ConnectionImpl@3d02c5e2 (No operations allowed after connection closed.). Possibly consider using a shorter maxLifetime value.
2026-07-16 21:31:46 [HikariPool-1:housekeeper] WARN  com.zaxxer.hikari.pool.PoolBase - HikariPool-1 - Failed to validate connection com.mysql.cj.jdbc.ConnectionImpl@7a36b2bb (No operations allowed after connection closed.). Possibly consider using a shorter maxLifetime value.
2026-07-16 21:33:03 [HikariPool-1:housekeeper] WARN  com.zaxxer.hikari.pool.PoolBase - HikariPool-1 - Failed to validate connection com.mysql.cj.jdbc.ConnectionImpl@19d4d587 (No operations allowed after connection closed.). Possibly consider using a shorter maxLifetime value.
2026-07-16 21:33:40 [HikariPool-1:housekeeper] WARN  com.zaxxer.hikari.pool.PoolBase - HikariPool-1 - Failed to validate connection com.mysql.cj.jdbc.ConnectionImpl@7ddf4a8b (No operations allowed after connection closed.). Possibly consider using a shorter maxLifetime value.
2026-07-16 21:34:55 [HikariPool-1:housekeeper] WARN  com.zaxxer.hikari.pool.PoolBase - HikariPool-1 - Failed to validate connection com.mysql.cj.jdbc.ConnectionImpl@61b6bd05 (No operations allowed after connection closed.). Possibly consider using a shorter maxLifetime value.
2026-07-16 21:35:18 [HikariPool-1:housekeeper] WARN  com.zaxxer.hikari.pool.PoolBase - HikariPool-1 - Failed to validate connection com.mysql.cj.jdbc.ConnectionImpl@488fcf23 (No operations allowed after connection closed.). Possibly consider using a shorter maxLifetime value.
2026-07-16 21:36:49 [HikariPool-1:housekeeper] WARN  com.zaxxer.hikari.pool.PoolBase - HikariPool-1 - Failed to validate connection com.mysql.cj.jdbc.ConnectionImpl@4bbed95e (No operations allowed after connection closed.). Possibly consider using a shorter maxLifetime value.
2026-07-16 21:37:00 [HikariPool-1:housekeeper] WARN  com.zaxxer.hikari.pool.PoolBase - HikariPool-1 - Failed to validate connection com.mysql.cj.jdbc.ConnectionImpl@285204da (No operations allowed after connection closed.). Possibly consider using a shorter maxLifetime value.
2026-07-16 21:38:27 [HikariPool-1:housekeeper] WARN  com.zaxxer.hikari.pool.PoolBase - HikariPool-1 - Failed to validate connection com.mysql.cj.jdbc.ConnectionImpl@2a9922a4 (No operations allowed after connection closed.). Possibly consider using a shorter maxLifetime value.
2026-07-16 21:38:31 [http-nio-8080-exec-4] INFO  c.e.Docgen_Backend.config.JwtFilter - JWT validated successfully for userId=6a311365ec2c34f3d9e4f06e
2026-07-16 21:38:31 [http-nio-8080-exec-4] ERROR c.e.D.e.GlobalExceptionHandler - Unexpected error occurred
org.springframework.web.method.annotation.MethodArgumentTypeMismatchException: Method parameter 'id': Failed to convert value of type 'java.lang.String' to required type 'java.lang.Long'; For input string: "undefined"
	at org.springframework.web.method.annotation.AbstractNamedValueMethodArgumentResolver.convertIfNecessary(AbstractNamedValueMethodArgumentResolver.java:295)
	at org.springframework.web.method.annotation.AbstractNamedValueMethodArgumentResolver.resolveArgument(AbstractNamedValueMethodArgumentResolver.java:134)
	at org.springframework.web.method.support.HandlerMethodArgumentResolverComposite.resolveArgument(HandlerMethodArgumentResolverComposite.java:122)
	at org.springframework.web.method.support.InvocableHandlerMethod.getMethodArgumentValues(InvocableHandlerMethod.java:224)
	at org.springframework.web.method.support.InvocableHandlerMethod.invokeForRequest(InvocableHandlerMethod.java:174)
	at org.springframework.web.servlet.mvc.method.annotation.ServletInvocableHandlerMethod.invokeAndHandle(ServletInvocableHandlerMethod.java:117)
	at org.springframework.web.servlet.mvc.method.annotation.RequestMappingHandlerAdapter.invokeHandlerMethod(RequestMappingHandlerAdapter.java:934)
	at org.springframework.web.servlet.mvc.method.annotation.RequestMappingHandlerAdapter.handleInternal(RequestMappingHandlerAdapter.java:853)
	at org.springframework.web.servlet.mvc.method.AbstractHandlerMethodAdapter.handle(AbstractHandlerMethodAdapter.java:86)
	at org.springframework.web.servlet.DispatcherServlet.doDispatch(DispatcherServlet.java:963)
	at org.springframework.web.servlet.DispatcherServlet.doService(DispatcherServlet.java:866)
	at org.springframework.web.servlet.FrameworkServlet.processRequest(FrameworkServlet.java:1000)
	at org.springframework.web.servlet.FrameworkServlet.service(FrameworkServlet.java:877)
	at jakarta.servlet.http.HttpServlet.service(HttpServlet.java:710)
	at org.apache.catalina.core.ApplicationFilterChain.doFilter(ApplicationFilterChain.java:128)
	at org.apache.tomcat.websocket.server.WsFilter.doFilter(WsFilter.java:53)
	at org.apache.catalina.core.ApplicationFilterChain.doFilter(ApplicationFilterChain.java:107)
	at org.springframework.web.filter.OncePerRequestFilter.doFilter(OncePerRequestFilter.java:110)
	at org.apache.catalina.core.ApplicationFilterChain.doFilter(ApplicationFilterChain.java:107)
	at org.springframework.web.filter.CompositeFilter$VirtualFilterChain.doFilter(CompositeFilter.java:108)
	at org.springframework.security.web.FilterChainProxy.lambda$doFilterInternal$3(FilterChainProxy.java:235)
	at org.springframework.security.web.FilterChainProxy$VirtualFilterChain.doFilter(FilterChainProxy.java:376)
	at org.springframework.security.web.access.intercept.AuthorizationFilter.doFilter(AuthorizationFilter.java:101)
	at org.springframework.security.web.FilterChainProxy$VirtualFilterChain.doFilter(FilterChainProxy.java:385)
	at org.springframework.security.web.access.ExceptionTranslationFilter.doFilter(ExceptionTranslationFilter.java:126)
	at org.springframework.security.web.access.ExceptionTranslationFilter.doFilter(ExceptionTranslationFilter.java:120)
	at org.springframework.security.web.FilterChainProxy$VirtualFilterChain.doFilter(FilterChainProxy.java:385)
	at org.springframework.security.web.session.SessionManagementFilter.doFilter(SessionManagementFilter.java:132)
	at org.springframework.security.web.session.SessionManagementFilter.doFilter(SessionManagementFilter.java:86)
	at org.springframework.security.web.FilterChainProxy$VirtualFilterChain.doFilter(FilterChainProxy.java:385)
	at org.springframework.security.web.authentication.AnonymousAuthenticationFilter.doFilter(AnonymousAuthenticationFilter.java:100)
	at org.springframework.security.web.FilterChainProxy$VirtualFilterChain.doFilter(FilterChainProxy.java:385)
	at org.springframework.security.web.servletapi.SecurityContextHolderAwareRequestFilter.doFilter(SecurityContextHolderAwareRequestFilter.java:181)
	at org.springframework.security.web.FilterChainProxy$VirtualFilterChain.doFilter(FilterChainProxy.java:385)
	at org.springframework.security.web.savedrequest.RequestCacheAwareFilter.doFilter(RequestCacheAwareFilter.java:63)
	at org.springframework.security.web.FilterChainProxy$VirtualFilterChain.doFilter(FilterChainProxy.java:385)
	at com.example.Docgen_Backend.config.JwtFilter.doFilterInternal(JwtFilter.java:111)
	at org.springframework.web.filter.OncePerRequestFilter.doFilter(OncePerRequestFilter.java:116)
	at org.springframework.security.web.FilterChainProxy$VirtualFilterChain.doFilter(FilterChainProxy.java:385)
	at org.springframework.security.web.authentication.logout.LogoutFilter.doFilter(LogoutFilter.java:110)
	at org.springframework.security.web.authentication.logout.LogoutFilter.doFilter(LogoutFilter.java:96)
	at org.springframework.security.web.FilterChainProxy$VirtualFilterChain.doFilter(FilterChainProxy.java:385)
	at org.springframework.web.filter.CorsFilter.doFilterInternal(CorsFilter.java:91)
	at org.springframework.web.filter.OncePerRequestFilter.doFilter(OncePerRequestFilter.java:116)
	at org.springframework.security.web.FilterChainProxy$VirtualFilterChain.doFilter(FilterChainProxy.java:385)
	at org.springframework.security.web.header.HeaderWriterFilter.doHeadersAfter(HeaderWriterFilter.java:90)
	at org.springframework.security.web.header.HeaderWriterFilter.doFilterInternal(HeaderWriterFilter.java:75)
	at org.springframework.web.filter.OncePerRequestFilter.doFilter(OncePerRequestFilter.java:116)
	at org.springframework.security.web.FilterChainProxy$VirtualFilterChain.doFilter(FilterChainProxy.java:385)
	at org.springframework.security.web.context.SecurityContextHolderFilter.doFilter(SecurityContextHolderFilter.java:82)
	at org.springframework.security.web.context.SecurityContextHolderFilter.doFilter(SecurityContextHolderFilter.java:69)
	at org.springframework.security.web.FilterChainProxy$VirtualFilterChain.doFilter(FilterChainProxy.java:385)
	at org.springframework.security.web.context.request.async.WebAsyncManagerIntegrationFilter.doFilterInternal(WebAsyncManagerIntegrationFilter.java:62)
	at org.springframework.web.filter.OncePerRequestFilter.doFilter(OncePerRequestFilter.java:116)
	at org.springframework.security.web.FilterChainProxy$VirtualFilterChain.doFilter(FilterChainProxy.java:385)
	at org.springframework.security.web.session.DisableEncodeUrlFilter.doFilterInternal(DisableEncodeUrlFilter.java:42)
	at org.springframework.web.filter.OncePerRequestFilter.doFilter(OncePerRequestFilter.java:116)
	at org.springframework.security.web.FilterChainProxy$VirtualFilterChain.doFilter(FilterChainProxy.java:385)
	at org.springframework.security.web.FilterChainProxy.doFilterInternal(FilterChainProxy.java:237)
	at org.springframework.security.web.FilterChainProxy.doFilter(FilterChainProxy.java:195)
	at org.springframework.web.filter.CompositeFilter$VirtualFilterChain.doFilter(CompositeFilter.java:113)
	at org.springframework.web.filter.ServletRequestPathFilter.doFilter(ServletRequestPathFilter.java:52)
	at org.springframework.web.filter.CompositeFilter$VirtualFilterChain.doFilter(CompositeFilter.java:113)
	at org.springframework.web.filter.CompositeFilter.doFilter(CompositeFilter.java:74)
	at org.springframework.security.config.annotation.web.configuration.WebSecurityConfiguration$CompositeFilterChainProxy.doFilter(WebSecurityConfiguration.java:317)
	at org.springframework.web.filter.DelegatingFilterProxy.invokeDelegate(DelegatingFilterProxy.java:355)
	at org.springframework.web.filter.DelegatingFilterProxy.doFilter(DelegatingFilterProxy.java:272)
	at org.apache.catalina.core.ApplicationFilterChain.doFilter(ApplicationFilterChain.java:107)
	at org.springframework.web.filter.RequestContextFilter.doFilterInternal(RequestContextFilter.java:100)
	at org.springframework.web.filter.OncePerRequestFilter.doFilter(OncePerRequestFilter.java:116)
	at org.apache.catalina.core.ApplicationFilterChain.doFilter(ApplicationFilterChain.java:107)
	at org.springframework.web.filter.FormContentFilter.doFilterInternal(FormContentFilter.java:93)
	at org.springframework.web.filter.OncePerRequestFilter.doFilter(OncePerRequestFilter.java:116)
	at org.apache.catalina.core.ApplicationFilterChain.doFilter(ApplicationFilterChain.java:107)
	at org.springframework.web.filter.CharacterEncodingFilter.doFilterInternal(CharacterEncodingFilter.java:199)
	at org.springframework.web.filter.OncePerRequestFilter.doFilter(OncePerRequestFilter.java:116)
	at org.apache.catalina.core.ApplicationFilterChain.doFilter(ApplicationFilterChain.java:107)
	at org.apache.catalina.core.StandardWrapperValve.invoke(StandardWrapperValve.java:165)
	at org.apache.catalina.core.StandardContextValve.invoke(StandardContextValve.java:77)
	at org.apache.catalina.authenticator.AuthenticatorBase.invoke(AuthenticatorBase.java:492)
	at org.apache.catalina.core.StandardHostValve.invoke(StandardHostValve.java:113)
	at org.apache.catalina.valves.ErrorReportValve.invoke(ErrorReportValve.java:83)
	at org.apache.catalina.core.StandardEngineValve.invoke(StandardEngineValve.java:72)
	at org.apache.catalina.connector.CoyoteAdapter.service(CoyoteAdapter.java:341)
	at org.apache.coyote.http11.Http11Processor.service(Http11Processor.java:397)
	at org.apache.coyote.AbstractProcessorLight.process(AbstractProcessorLight.java:63)
	at org.apache.coyote.AbstractProtocol$ConnectionHandler.process(AbstractProtocol.java:903)
	at org.apache.tomcat.util.net.NioEndpoint$SocketProcessor.doRun(NioEndpoint.java:1801)
	at org.apache.tomcat.util.net.SocketProcessorBase.run(SocketProcessorBase.java:52)
	at org.apache.tomcat.util.threads.ThreadPoolExecutor.runWorker(ThreadPoolExecutor.java:946)
	at org.apache.tomcat.util.threads.ThreadPoolExecutor$Worker.run(ThreadPoolExecutor.java:480)
	at org.apache.tomcat.util.threads.TaskThread$WrappingRunnable.run(TaskThread.java:57)
	at java.base/java.lang.Thread.run(Thread.java:1583)
Caused by: java.lang.NumberFormatException: For input string: "undefined"
	at java.base/java.lang.NumberFormatException.forInputString(NumberFormatException.java:67)
	at java.base/java.lang.Long.parseLong(Long.java:709)
	at java.base/java.lang.Long.valueOf(Long.java:1157)
	at org.springframework.util.NumberUtils.parseNumber(NumberUtils.java:204)
	at org.springframework.beans.propertyeditors.CustomNumberEditor.setAsText(CustomNumberEditor.java:115)
	at org.springframework.beans.TypeConverterDelegate.doConvertTextValue(TypeConverterDelegate.java:434)
	at org.springframework.beans.TypeConverterDelegate.doConvertValue(TypeConverterDelegate.java:407)
	at org.springframework.beans.TypeConverterDelegate.convertIfNecessary(TypeConverterDelegate.java:158)
	at org.springframework.beans.TypeConverterSupport.convertIfNecessary(TypeConverterSupport.java:75)
	at org.springframework.beans.TypeConverterSupport.convertIfNecessary(TypeConverterSupport.java:51)
	at org.springframework.validation.DataBinder.convertIfNecessary(DataBinder.java:843)
	at org.springframework.web.method.annotation.AbstractNamedValueMethodArgumentResolver.convertIfNecessary(AbstractNamedValueMethodArgumentResolver.java:287)
	... 92 common frames omitted
2026-07-16 21:38:31 [http-nio-8080-exec-4] WARN  o.s.w.s.m.m.a.ExceptionHandlerExceptionResolver - Resolved [org.springframework.web.method.annotation.MethodArgumentTypeMismatchException: Method parameter 'id': Failed to convert value of type 'java.lang.String' to required type 'java.lang.Long'; For input string: "undefined"]
2026-07-16 21:38:56 [HikariPool-1:housekeeper] WARN  com.zaxxer.hikari.pool.PoolBase - HikariPool-1 - Failed to validate connection com.mysql.cj.jdbc.ConnectionImpl@1d7ff0f5 (No operations allowed after connection closed.). Possibly consider using a shorter maxLifetime value.
2026-07-16 21:39:12 [http-nio-8080-exec-5] INFO  c.e.Docgen_Backend.config.JwtFilter - JWT validated successfully for userId=6a311365ec2c34f3d9e4f06e
2026-07-16 21:39:12 [http-nio-8080-exec-5] INFO  c.e.D.controller.UserController - GET /api/v2/users - Fetch all users request received | page=0, size=8, sortBy=id, direction=desc
2026-07-16 21:39:12 [http-nio-8080-exec-5] WARN  com.zaxxer.hikari.pool.PoolBase - HikariPool-1 - Failed to validate connection com.mysql.cj.jdbc.ConnectionImpl@601ba552 (No operations allowed after connection closed.). Possibly consider using a shorter maxLifetime value.
2026-07-16 21:39:16 [http-nio-8080-exec-5] INFO  c.e.D.controller.UserController - Fetched 8 users on page 0 of 2
2026-07-16 21:39:16 [http-nio-8080-exec-5] INFO  c.e.Docgen_Backend.config.JwtFilter - JWT validated successfully for userId=6a311365ec2c34f3d9e4f06e
2026-07-16 21:39:16 [http-nio-8080-exec-5] INFO  c.e.D.controller.UserController - GET /api/v2/users - Fetch all users request received | page=0, size=8, sortBy=id, direction=desc
2026-07-16 21:39:18 [http-nio-8080-exec-2] INFO  c.e.Docgen_Backend.config.JwtFilter - JWT validated successfully for userId=6a311365ec2c34f3d9e4f06e
2026-07-16 21:39:18 [http-nio-8080-exec-2] INFO  c.e.D.controller.UserController - GET /api/v2/users - Fetch all users request received | page=1, size=8, sortBy=id, direction=desc
2026-07-16 21:39:20 [http-nio-8080-exec-5] INFO  c.e.D.controller.UserController - Fetched 8 users on page 0 of 2
2026-07-16 21:39:20 [http-nio-8080-exec-2] INFO  c.e.D.controller.UserController - Fetched 4 users on page 1 of 2
2026-07-16 21:39:20 [http-nio-8080-exec-1] INFO  c.e.Docgen_Backend.config.JwtFilter - JWT validated successfully for userId=6a311365ec2c34f3d9e4f06e
2026-07-16 21:39:20 [http-nio-8080-exec-1] INFO  c.e.D.controller.UserController - GET /api/v2/users - Fetch all users request received | page=0, size=8, sortBy=id, direction=desc
2026-07-16 21:39:24 [http-nio-8080-exec-1] INFO  c.e.D.controller.UserController - Fetched 8 users on page 0 of 2
2026-07-16 21:39:27 [http-nio-8080-exec-4] INFO  c.e.Docgen_Backend.config.JwtFilter - JWT validated successfully for userId=6a311365ec2c34f3d9e4f06e
2026-07-16 21:39:27 [http-nio-8080-exec-4] INFO  c.e.D.controller.UserController - GET /api/v2/users - Fetch all users request received | page=1, size=8, sortBy=id, direction=desc
2026-07-16 21:39:29 [http-nio-8080-exec-4] INFO  c.e.D.controller.UserController - Fetched 4 users on page 1 of 2
2026-07-16 21:39:30 [http-nio-8080-exec-9] INFO  c.e.Docgen_Backend.config.JwtFilter - JWT validated successfully for userId=6a311365ec2c34f3d9e4f06e
2026-07-16 21:39:30 [http-nio-8080-exec-9] INFO  c.e.D.controller.UserController - GET /api/v2/users/13 - Fetch request received
2026-07-16 21:39:30 [http-nio-8080-exec-9] INFO  c.e.D.service.impl.UserServiceImpl - Fetching user profile for edit | userId=13
2026-07-16 21:39:30 [http-nio-8080-exec-9] DEBUG c.e.D.service.impl.UserServiceImpl - User found | userId=13 | employeeId=NSS0763
2026-07-16 21:39:30 [http-nio-8080-exec-9] INFO  c.e.D.service.impl.UserServiceImpl - User profile fetched successfully | userId=13 | timeTaken=613ms
2026-07-16 21:39:30 [http-nio-8080-exec-9] INFO  c.e.D.controller.UserController - Profile fetched successfully for userId=13
2026-07-16 21:39:30 [http-nio-8080-exec-9] DEBUG c.e.D.controller.UserController - Fetched profile data: UserProfileResponseDTO(id=13, employeeName=Anil Jejurkar, employeeId=NSS0763, email=aniljejurkar@gmail.com, mobileNo=8007454299, joiningDesignation=Java Developer, currentDesignation=Senior Java developer, department=Information Technology, company=NSS, identity=MR, pfType=WITH_PF, accountNo=970110510005810, bankName=HDFC Bank, currentAddress=N-42,VD-1/3/1,Sawta Nager,Cidco,Trimurti Chowk, permanentAddress=null, joiningCTC=623400.0, currentCTC=null, dateOfBirth=2026-06-30, offerDate=2026-06-30, joiningDate=2026-06-30, panNo=DTIPB8762E, documents={APPOINTMENT_LETTER=DocumentResponseDTO(generated=false, data=null), INTERNSHIP_LETTER=DocumentResponseDTO(generated=true, data={internshipType=UNPAID, endDate=2026-06-30, issueDate=2026-06-30, startDate=2026-06-30}), EXPERIENCE_LETTER=DocumentResponseDTO(generated=true, data={issueDate=2026-06-30, relievingDate=2026-06-30}), FULL_AND_FINAL=DocumentResponseDTO(generated=false, data=null), CONFIRMATION_LETTER=DocumentResponseDTO(generated=true, data={issueDate=2026-06-30, effectiveDate=2026-06-30}), INCREMENT_LETTER=DocumentResponseDTO(generated=true, data={issueDate=2026-06-30}), RELIEVING_LETTER=DocumentResponseDTO(generated=false, data=null), SALARY_SLIP=DocumentResponseDTO(generated=false, data=null), COMPLETION_LETTER=DocumentResponseDTO(generated=false, data=null), OFFER_LETTER=DocumentResponseDTO(generated=true, data={issueDate=2026-06-30, probationPeriod=3})})
2026-07-16 21:39:30 [http-nio-8080-exec-8] INFO  c.e.Docgen_Backend.config.JwtFilter - JWT validated successfully for userId=6a311365ec2c34f3d9e4f06e
2026-07-16 21:39:30 [http-nio-8080-exec-8] INFO  c.e.D.controller.UserController - GET /api/v2/users/13 - Fetch request received
2026-07-16 21:39:30 [http-nio-8080-exec-8] INFO  c.e.D.service.impl.UserServiceImpl - Fetching user profile for edit | userId=13
2026-07-16 21:39:31 [http-nio-8080-exec-8] DEBUG c.e.D.service.impl.UserServiceImpl - User found | userId=13 | employeeId=NSS0763
2026-07-16 21:39:31 [http-nio-8080-exec-8] INFO  c.e.D.service.impl.UserServiceImpl - User profile fetched successfully | userId=13 | timeTaken=643ms
2026-07-16 21:39:31 [http-nio-8080-exec-8] INFO  c.e.D.controller.UserController - Profile fetched successfully for userId=13
2026-07-16 21:39:31 [http-nio-8080-exec-8] DEBUG c.e.D.controller.UserController - Fetched profile data: UserProfileResponseDTO(id=13, employeeName=Anil Jejurkar, employeeId=NSS0763, email=aniljejurkar@gmail.com, mobileNo=8007454299, joiningDesignation=Java Developer, currentDesignation=Senior Java developer, department=Information Technology, company=NSS, identity=MR, pfType=WITH_PF, accountNo=970110510005810, bankName=HDFC Bank, currentAddress=N-42,VD-1/3/1,Sawta Nager,Cidco,Trimurti Chowk, permanentAddress=null, joiningCTC=623400.0, currentCTC=null, dateOfBirth=2026-06-30, offerDate=2026-06-30, joiningDate=2026-06-30, panNo=DTIPB8762E, documents={APPOINTMENT_LETTER=DocumentResponseDTO(generated=false, data=null), INTERNSHIP_LETTER=DocumentResponseDTO(generated=true, data={internshipType=UNPAID, endDate=2026-06-30, issueDate=2026-06-30, startDate=2026-06-30}), EXPERIENCE_LETTER=DocumentResponseDTO(generated=true, data={issueDate=2026-06-30, relievingDate=2026-06-30}), FULL_AND_FINAL=DocumentResponseDTO(generated=false, data=null), CONFIRMATION_LETTER=DocumentResponseDTO(generated=true, data={issueDate=2026-06-30, effectiveDate=2026-06-30}), INCREMENT_LETTER=DocumentResponseDTO(generated=true, data={issueDate=2026-06-30}), RELIEVING_LETTER=DocumentResponseDTO(generated=false, data=null), SALARY_SLIP=DocumentResponseDTO(generated=false, data=null), COMPLETION_LETTER=DocumentResponseDTO(generated=false, data=null), OFFER_LETTER=DocumentResponseDTO(generated=true, data={issueDate=2026-06-30, probationPeriod=3})})
2026-07-16 21:40:56 [HikariPool-1:housekeeper] WARN  com.zaxxer.hikari.pool.PoolBase - HikariPool-1 - Failed to validate connection com.mysql.cj.jdbc.ConnectionImpl@6a3de0ca (No operations allowed after connection closed.). Possibly consider using a shorter maxLifetime value.
2026-07-16 21:41:06 [HikariPool-1:housekeeper] WARN  com.zaxxer.hikari.pool.PoolBase - HikariPool-1 - Failed to validate connection com.mysql.cj.jdbc.ConnectionImpl@37097a63 (No operations allowed after connection closed.). Possibly consider using a shorter maxLifetime value.
2026-07-16 21:41:06 [HikariPool-1:housekeeper] WARN  com.zaxxer.hikari.pool.PoolBase - HikariPool-1 - Failed to validate connection com.mysql.cj.jdbc.ConnectionImpl@288595d6 (No operations allowed after connection closed.). Possibly consider using a shorter maxLifetime value.
2026-07-16 21:41:12 [http-nio-8080-exec-1] INFO  c.e.Docgen_Backend.config.JwtFilter - JWT validated successfully for userId=6a311365ec2c34f3d9e4f06e
2026-07-16 21:41:12 [http-nio-8080-exec-1] INFO  c.e.D.controller.UserController - PATCH /api/v2/users/13 - Update request received for employeeId=NSS0763
2026-07-16 21:41:12 [http-nio-8080-exec-1] DEBUG c.e.D.controller.UserController - Update payload: CreateProfileRequest(employeeName=Anil Jejurkar, email=aniljejurkar@gmail.com, mobileNo=8007454299, employeeId=NSS0763, joiningDesignation=Java Developer, currentDesignation=Senior Java developer, department=Information Technology, currentAddress=N-42,VD-1/3/1,Sawta Nager,Cidco,Trimurti Chowk, permanentAddress=null, accountNo=970110510005810, bankName=HDFC Bank, joiningCTC=623400.0, currentCTC=700000.0, dateOfBirth=2026-06-30, offerDate=2026-06-30, joiningDate=2026-06-30, panNo=DTIPB8762E, company=NSS, pfType=WITH_PF, identity=MR, documents=[INTERNSHIP_LETTER, EXPERIENCE_LETTER, CONFIRMATION_LETTER, INCREMENT_LETTER, OFFER_LETTER], documentData={OFFER_LETTER={issueDate=2026-06-30, probationPeriod=3}, INCREMENT_LETTER={issueDate=2026-06-30}, INTERNSHIP_LETTER={internshipType=null, stipend=0, startDate=2026-06-30, endDate=2026-06-30, issueDate=2026-06-30}, CONFIRMATION_LETTER={effectiveDate=2026-06-30, issueDate=2026-06-30}, EXPERIENCE_LETTER={relievingDate=2026-06-30, issueDate=2026-06-30}})
2026-07-16 21:41:12 [http-nio-8080-exec-1] INFO  c.e.D.service.impl.UserServiceImpl - Updating user profile | userId=13 | employeeId=NSS0763
2026-07-16 21:41:12 [http-nio-8080-exec-1] DEBUG c.e.D.service.impl.UserServiceImpl - Existing user fetched | userId=13 | oldEmployeeId=NSS0763
2026-07-16 21:41:12 [http-nio-8080-exec-1] DEBUG c.e.D.service.impl.UserServiceImpl - Updating documents | userId=13
2026-07-16 21:41:12 [http-nio-8080-exec-1] ERROR c.e.D.service.impl.UserServiceImpl - Error while updating user profile | userId=13 | error=internshipType is required
java.lang.IllegalArgumentException: internshipType is required
	at com.example.Docgen_Backend.service.impl.UserServiceImpl.getRequiredString(UserServiceImpl.java:180)
	at com.example.Docgen_Backend.service.impl.UserServiceImpl.upsertInternshipLetter(UserServiceImpl.java:886)
	at com.example.Docgen_Backend.service.impl.UserServiceImpl.processUpdateDocuments(UserServiceImpl.java:775)
	at com.example.Docgen_Backend.service.impl.UserServiceImpl.updateProfile(UserServiceImpl.java:725)
	at com.example.Docgen_Backend.controller.UserController.updateProfile(UserController.java:142)
	at java.base/jdk.internal.reflect.DirectMethodHandleAccessor.invoke(DirectMethodHandleAccessor.java:103)
	at java.base/java.lang.reflect.Method.invoke(Method.java:580)
	at org.springframework.web.method.support.InvocableHandlerMethod.doInvoke(InvocableHandlerMethod.java:252)
	at org.springframework.web.method.support.InvocableHandlerMethod.invokeForRequest(InvocableHandlerMethod.java:184)
	at org.springframework.web.servlet.mvc.method.annotation.ServletInvocableHandlerMethod.invokeAndHandle(ServletInvocableHandlerMethod.java:117)
	at org.springframework.web.servlet.mvc.method.annotation.RequestMappingHandlerAdapter.invokeHandlerMethod(RequestMappingHandlerAdapter.java:934)
	at org.springframework.web.servlet.mvc.method.annotation.RequestMappingHandlerAdapter.handleInternal(RequestMappingHandlerAdapter.java:853)
	at org.springframework.web.servlet.mvc.method.AbstractHandlerMethodAdapter.handle(AbstractHandlerMethodAdapter.java:86)
	at org.springframework.web.servlet.DispatcherServlet.doDispatch(DispatcherServlet.java:963)
	at org.springframework.web.servlet.DispatcherServlet.doService(DispatcherServlet.java:866)
	at org.springframework.web.servlet.FrameworkServlet.processRequest(FrameworkServlet.java:1000)
	at org.springframework.web.servlet.FrameworkServlet.service(FrameworkServlet.java:877)
	at jakarta.servlet.http.HttpServlet.service(HttpServlet.java:710)
	at org.apache.catalina.core.ApplicationFilterChain.doFilter(ApplicationFilterChain.java:128)
	at org.apache.tomcat.websocket.server.WsFilter.doFilter(WsFilter.java:53)
	at org.apache.catalina.core.ApplicationFilterChain.doFilter(ApplicationFilterChain.java:107)
	at org.springframework.web.filter.OncePerRequestFilter.doFilter(OncePerRequestFilter.java:110)
	at org.apache.catalina.core.ApplicationFilterChain.doFilter(ApplicationFilterChain.java:107)
	at org.springframework.web.filter.CompositeFilter$VirtualFilterChain.doFilter(CompositeFilter.java:108)
	at org.springframework.security.web.FilterChainProxy.lambda$doFilterInternal$3(FilterChainProxy.java:235)
	at org.springframework.security.web.FilterChainProxy$VirtualFilterChain.doFilter(FilterChainProxy.java:376)
	at org.springframework.security.web.access.intercept.AuthorizationFilter.doFilter(AuthorizationFilter.java:101)
	at org.springframework.security.web.FilterChainProxy$VirtualFilterChain.doFilter(FilterChainProxy.java:385)
	at org.springframework.security.web.access.ExceptionTranslationFilter.doFilter(ExceptionTranslationFilter.java:126)
	at org.springframework.security.web.access.ExceptionTranslationFilter.doFilter(ExceptionTranslationFilter.java:120)
	at org.springframework.security.web.FilterChainProxy$VirtualFilterChain.doFilter(FilterChainProxy.java:385)
	at org.springframework.security.web.session.SessionManagementFilter.doFilter(SessionManagementFilter.java:132)
	at org.springframework.security.web.session.SessionManagementFilter.doFilter(SessionManagementFilter.java:86)
	at org.springframework.security.web.FilterChainProxy$VirtualFilterChain.doFilter(FilterChainProxy.java:385)
	at org.springframework.security.web.authentication.AnonymousAuthenticationFilter.doFilter(AnonymousAuthenticationFilter.java:100)
	at org.springframework.security.web.FilterChainProxy$VirtualFilterChain.doFilter(FilterChainProxy.java:385)
	at org.springframework.security.web.servletapi.SecurityContextHolderAwareRequestFilter.doFilter(SecurityContextHolderAwareRequestFilter.java:181)
	at org.springframework.security.web.FilterChainProxy$VirtualFilterChain.doFilter(FilterChainProxy.java:385)
	at org.springframework.security.web.savedrequest.RequestCacheAwareFilter.doFilter(RequestCacheAwareFilter.java:63)
	at org.springframework.security.web.FilterChainProxy$VirtualFilterChain.doFilter(FilterChainProxy.java:385)
	at com.example.Docgen_Backend.config.JwtFilter.doFilterInternal(JwtFilter.java:111)
	at org.springframework.web.filter.OncePerRequestFilter.doFilter(OncePerRequestFilter.java:116)
	at org.springframework.security.web.FilterChainProxy$VirtualFilterChain.doFilter(FilterChainProxy.java:385)
	at org.springframework.security.web.authentication.logout.LogoutFilter.doFilter(LogoutFilter.java:110)
	at org.springframework.security.web.authentication.logout.LogoutFilter.doFilter(LogoutFilter.java:96)
	at org.springframework.security.web.FilterChainProxy$VirtualFilterChain.doFilter(FilterChainProxy.java:385)
	at org.springframework.web.filter.CorsFilter.doFilterInternal(CorsFilter.java:91)
	at org.springframework.web.filter.OncePerRequestFilter.doFilter(OncePerRequestFilter.java:116)
	at org.springframework.security.web.FilterChainProxy$VirtualFilterChain.doFilter(FilterChainProxy.java:385)
	at org.springframework.security.web.header.HeaderWriterFilter.doHeadersAfter(HeaderWriterFilter.java:90)
	at org.springframework.security.web.header.HeaderWriterFilter.doFilterInternal(HeaderWriterFilter.java:75)
	at org.springframework.web.filter.OncePerRequestFilter.doFilter(OncePerRequestFilter.java:116)
	at org.springframework.security.web.FilterChainProxy$VirtualFilterChain.doFilter(FilterChainProxy.java:385)
	at org.springframework.security.web.context.SecurityContextHolderFilter.doFilter(SecurityContextHolderFilter.java:82)
	at org.springframework.security.web.context.SecurityContextHolderFilter.doFilter(SecurityContextHolderFilter.java:69)
	at org.springframework.security.web.FilterChainProxy$VirtualFilterChain.doFilter(FilterChainProxy.java:385)
	at org.springframework.security.web.context.request.async.WebAsyncManagerIntegrationFilter.doFilterInternal(WebAsyncManagerIntegrationFilter.java:62)
	at org.springframework.web.filter.OncePerRequestFilter.doFilter(OncePerRequestFilter.java:116)
	at org.springframework.security.web.FilterChainProxy$VirtualFilterChain.doFilter(FilterChainProxy.java:385)
	at org.springframework.security.web.session.DisableEncodeUrlFilter.doFilterInternal(DisableEncodeUrlFilter.java:42)
	at org.springframework.web.filter.OncePerRequestFilter.doFilter(OncePerRequestFilter.java:116)
	at org.springframework.security.web.FilterChainProxy$VirtualFilterChain.doFilter(FilterChainProxy.java:385)
	at org.springframework.security.web.FilterChainProxy.doFilterInternal(FilterChainProxy.java:237)
	at org.springframework.security.web.FilterChainProxy.doFilter(FilterChainProxy.java:195)
	at org.springframework.web.filter.CompositeFilter$VirtualFilterChain.doFilter(CompositeFilter.java:113)
	at org.springframework.web.filter.ServletRequestPathFilter.doFilter(ServletRequestPathFilter.java:52)
	at org.springframework.web.filter.CompositeFilter$VirtualFilterChain.doFilter(CompositeFilter.java:113)
	at org.springframework.web.filter.CompositeFilter.doFilter(CompositeFilter.java:74)
	at org.springframework.security.config.annotation.web.configuration.WebSecurityConfiguration$CompositeFilterChainProxy.doFilter(WebSecurityConfiguration.java:317)
	at org.springframework.web.filter.DelegatingFilterProxy.invokeDelegate(DelegatingFilterProxy.java:355)
	at org.springframework.web.filter.DelegatingFilterProxy.doFilter(DelegatingFilterProxy.java:272)
	at org.apache.catalina.core.ApplicationFilterChain.doFilter(ApplicationFilterChain.java:107)
	at org.springframework.web.filter.RequestContextFilter.doFilterInternal(RequestContextFilter.java:100)
	at org.springframework.web.filter.OncePerRequestFilter.doFilter(OncePerRequestFilter.java:116)
	at org.apache.catalina.core.ApplicationFilterChain.doFilter(ApplicationFilterChain.java:107)
	at org.springframework.web.filter.FormContentFilter.doFilterInternal(FormContentFilter.java:93)
	at org.springframework.web.filter.OncePerRequestFilter.doFilter(OncePerRequestFilter.java:116)
	at org.apache.catalina.core.ApplicationFilterChain.doFilter(ApplicationFilterChain.java:107)
	at org.springframework.web.filter.CharacterEncodingFilter.doFilterInternal(CharacterEncodingFilter.java:199)
	at org.springframework.web.filter.OncePerRequestFilter.doFilter(OncePerRequestFilter.java:116)
	at org.apache.catalina.core.ApplicationFilterChain.doFilter(ApplicationFilterChain.java:107)
	at org.apache.catalina.core.StandardWrapperValve.invoke(StandardWrapperValve.java:165)
	at org.apache.catalina.core.StandardContextValve.invoke(StandardContextValve.java:77)
	at org.apache.catalina.authenticator.AuthenticatorBase.invoke(AuthenticatorBase.java:492)
	at org.apache.catalina.core.StandardHostValve.invoke(StandardHostValve.java:113)
	at org.apache.catalina.valves.ErrorReportValve.invoke(ErrorReportValve.java:83)
	at org.apache.catalina.core.StandardEngineValve.invoke(StandardEngineValve.java:72)
	at org.apache.catalina.connector.CoyoteAdapter.service(CoyoteAdapter.java:341)
	at org.apache.coyote.http11.Http11Processor.service(Http11Processor.java:397)
	at org.apache.coyote.AbstractProcessorLight.process(AbstractProcessorLight.java:63)
	at org.apache.coyote.AbstractProtocol$ConnectionHandler.process(AbstractProtocol.java:903)
	at org.apache.tomcat.util.net.NioEndpoint$SocketProcessor.doRun(NioEndpoint.java:1801)
	at org.apache.tomcat.util.net.SocketProcessorBase.run(SocketProcessorBase.java:52)
	at org.apache.tomcat.util.threads.ThreadPoolExecutor.runWorker(ThreadPoolExecutor.java:946)
	at org.apache.tomcat.util.threads.ThreadPoolExecutor$Worker.run(ThreadPoolExecutor.java:480)
	at org.apache.tomcat.util.threads.TaskThread$WrappingRunnable.run(TaskThread.java:57)
	at java.base/java.lang.Thread.run(Thread.java:1583)
2026-07-16 21:41:12 [http-nio-8080-exec-1] ERROR c.e.D.e.GlobalExceptionHandler - Invalid input: internshipType is required
2026-07-16 21:41:12 [http-nio-8080-exec-1] WARN  o.s.w.s.m.m.a.ExceptionHandlerExceptionResolver - Resolved [java.lang.IllegalArgumentException: internshipType is required]
2026-07-16 21:41:29 [http-nio-8080-exec-4] INFO  c.e.Docgen_Backend.config.JwtFilter - JWT validated successfully for userId=6a311365ec2c34f3d9e4f06e
2026-07-16 21:41:29 [http-nio-8080-exec-4] ERROR c.e.D.e.GlobalExceptionHandler - Unexpected error occurred
org.springframework.web.method.annotation.MethodArgumentTypeMismatchException: Method parameter 'id': Failed to convert value of type 'java.lang.String' to required type 'java.lang.Long'; For input string: "undefined"
	at org.springframework.web.method.annotation.AbstractNamedValueMethodArgumentResolver.convertIfNecessary(AbstractNamedValueMethodArgumentResolver.java:295)
	at org.springframework.web.method.annotation.AbstractNamedValueMethodArgumentResolver.resolveArgument(AbstractNamedValueMethodArgumentResolver.java:134)
	at org.springframework.web.method.support.HandlerMethodArgumentResolverComposite.resolveArgument(HandlerMethodArgumentResolverComposite.java:122)
	at org.springframework.web.method.support.InvocableHandlerMethod.getMethodArgumentValues(InvocableHandlerMethod.java:224)
	at org.springframework.web.method.support.InvocableHandlerMethod.invokeForRequest(InvocableHandlerMethod.java:174)
	at org.springframework.web.servlet.mvc.method.annotation.ServletInvocableHandlerMethod.invokeAndHandle(ServletInvocableHandlerMethod.java:117)
	at org.springframework.web.servlet.mvc.method.annotation.RequestMappingHandlerAdapter.invokeHandlerMethod(RequestMappingHandlerAdapter.java:934)
	at org.springframework.web.servlet.mvc.method.annotation.RequestMappingHandlerAdapter.handleInternal(RequestMappingHandlerAdapter.java:853)
	at org.springframework.web.servlet.mvc.method.AbstractHandlerMethodAdapter.handle(AbstractHandlerMethodAdapter.java:86)
	at org.springframework.web.servlet.DispatcherServlet.doDispatch(DispatcherServlet.java:963)
	at org.springframework.web.servlet.DispatcherServlet.doService(DispatcherServlet.java:866)
	at org.springframework.web.servlet.FrameworkServlet.processRequest(FrameworkServlet.java:1000)
	at org.springframework.web.servlet.FrameworkServlet.service(FrameworkServlet.java:877)
	at jakarta.servlet.http.HttpServlet.service(HttpServlet.java:710)
	at org.apache.catalina.core.ApplicationFilterChain.doFilter(ApplicationFilterChain.java:128)
	at org.apache.tomcat.websocket.server.WsFilter.doFilter(WsFilter.java:53)
	at org.apache.catalina.core.ApplicationFilterChain.doFilter(ApplicationFilterChain.java:107)
	at org.springframework.web.filter.OncePerRequestFilter.doFilter(OncePerRequestFilter.java:110)
	at org.apache.catalina.core.ApplicationFilterChain.doFilter(ApplicationFilterChain.java:107)
	at org.springframework.web.filter.CompositeFilter$VirtualFilterChain.doFilter(CompositeFilter.java:108)
	at org.springframework.security.web.FilterChainProxy.lambda$doFilterInternal$3(FilterChainProxy.java:235)
	at org.springframework.security.web.FilterChainProxy$VirtualFilterChain.doFilter(FilterChainProxy.java:376)
	at org.springframework.security.web.access.intercept.AuthorizationFilter.doFilter(AuthorizationFilter.java:101)
	at org.springframework.security.web.FilterChainProxy$VirtualFilterChain.doFilter(FilterChainProxy.java:385)
	at org.springframework.security.web.access.ExceptionTranslationFilter.doFilter(ExceptionTranslationFilter.java:126)
	at org.springframework.security.web.access.ExceptionTranslationFilter.doFilter(ExceptionTranslationFilter.java:120)
	at org.springframework.security.web.FilterChainProxy$VirtualFilterChain.doFilter(FilterChainProxy.java:385)
	at org.springframework.security.web.session.SessionManagementFilter.doFilter(SessionManagementFilter.java:132)
	at org.springframework.security.web.session.SessionManagementFilter.doFilter(SessionManagementFilter.java:86)
	at org.springframework.security.web.FilterChainProxy$VirtualFilterChain.doFilter(FilterChainProxy.java:385)
	at org.springframework.security.web.authentication.AnonymousAuthenticationFilter.doFilter(AnonymousAuthenticationFilter.java:100)
	at org.springframework.security.web.FilterChainProxy$VirtualFilterChain.doFilter(FilterChainProxy.java:385)
	at org.springframework.security.web.servletapi.SecurityContextHolderAwareRequestFilter.doFilter(SecurityContextHolderAwareRequestFilter.java:181)
	at org.springframework.security.web.FilterChainProxy$VirtualFilterChain.doFilter(FilterChainProxy.java:385)
	at org.springframework.security.web.savedrequest.RequestCacheAwareFilter.doFilter(RequestCacheAwareFilter.java:63)
	at org.springframework.security.web.FilterChainProxy$VirtualFilterChain.doFilter(FilterChainProxy.java:385)
	at com.example.Docgen_Backend.config.JwtFilter.doFilterInternal(JwtFilter.java:111)
	at org.springframework.web.filter.OncePerRequestFilter.doFilter(OncePerRequestFilter.java:116)
	at org.springframework.security.web.FilterChainProxy$VirtualFilterChain.doFilter(FilterChainProxy.java:385)
	at org.springframework.security.web.authentication.logout.LogoutFilter.doFilter(LogoutFilter.java:110)
	at org.springframework.security.web.authentication.logout.LogoutFilter.doFilter(LogoutFilter.java:96)
	at org.springframework.security.web.FilterChainProxy$VirtualFilterChain.doFilter(FilterChainProxy.java:385)
	at org.springframework.web.filter.CorsFilter.doFilterInternal(CorsFilter.java:91)
	at org.springframework.web.filter.OncePerRequestFilter.doFilter(OncePerRequestFilter.java:116)
	at org.springframework.security.web.FilterChainProxy$VirtualFilterChain.doFilter(FilterChainProxy.java:385)
	at org.springframework.security.web.header.HeaderWriterFilter.doHeadersAfter(HeaderWriterFilter.java:90)
	at org.springframework.security.web.header.HeaderWriterFilter.doFilterInternal(HeaderWriterFilter.java:75)
	at org.springframework.web.filter.OncePerRequestFilter.doFilter(OncePerRequestFilter.java:116)
	at org.springframework.security.web.FilterChainProxy$VirtualFilterChain.doFilter(FilterChainProxy.java:385)
	at org.springframework.security.web.context.SecurityContextHolderFilter.doFilter(SecurityContextHolderFilter.java:82)
	at org.springframework.security.web.context.SecurityContextHolderFilter.doFilter(SecurityContextHolderFilter.java:69)
	at org.springframework.security.web.FilterChainProxy$VirtualFilterChain.doFilter(FilterChainProxy.java:385)
	at org.springframework.security.web.context.request.async.WebAsyncManagerIntegrationFilter.doFilterInternal(WebAsyncManagerIntegrationFilter.java:62)
	at org.springframework.web.filter.OncePerRequestFilter.doFilter(OncePerRequestFilter.java:116)
	at org.springframework.security.web.FilterChainProxy$VirtualFilterChain.doFilter(FilterChainProxy.java:385)
	at org.springframework.security.web.session.DisableEncodeUrlFilter.doFilterInternal(DisableEncodeUrlFilter.java:42)
	at org.springframework.web.filter.OncePerRequestFilter.doFilter(OncePerRequestFilter.java:116)
	at org.springframework.security.web.FilterChainProxy$VirtualFilterChain.doFilter(FilterChainProxy.java:385)
	at org.springframework.security.web.FilterChainProxy.doFilterInternal(FilterChainProxy.java:237)
	at org.springframework.security.web.FilterChainProxy.doFilter(FilterChainProxy.java:195)
	at org.springframework.web.filter.CompositeFilter$VirtualFilterChain.doFilter(CompositeFilter.java:113)
	at org.springframework.web.filter.ServletRequestPathFilter.doFilter(ServletRequestPathFilter.java:52)
	at org.springframework.web.filter.CompositeFilter$VirtualFilterChain.doFilter(CompositeFilter.java:113)
	at org.springframework.web.filter.CompositeFilter.doFilter(CompositeFilter.java:74)
	at org.springframework.security.config.annotation.web.configuration.WebSecurityConfiguration$CompositeFilterChainProxy.doFilter(WebSecurityConfiguration.java:317)
	at org.springframework.web.filter.DelegatingFilterProxy.invokeDelegate(DelegatingFilterProxy.java:355)
	at org.springframework.web.filter.DelegatingFilterProxy.doFilter(DelegatingFilterProxy.java:272)
	at org.apache.catalina.core.ApplicationFilterChain.doFilter(ApplicationFilterChain.java:107)
	at org.springframework.web.filter.RequestContextFilter.doFilterInternal(RequestContextFilter.java:100)
	at org.springframework.web.filter.OncePerRequestFilter.doFilter(OncePerRequestFilter.java:116)
	at org.apache.catalina.core.ApplicationFilterChain.doFilter(ApplicationFilterChain.java:107)
	at org.springframework.web.filter.FormContentFilter.doFilterInternal(FormContentFilter.java:93)
	at org.springframework.web.filter.OncePerRequestFilter.doFilter(OncePerRequestFilter.java:116)
	at org.apache.catalina.core.ApplicationFilterChain.doFilter(ApplicationFilterChain.java:107)
	at org.springframework.web.filter.CharacterEncodingFilter.doFilterInternal(CharacterEncodingFilter.java:199)
	at org.springframework.web.filter.OncePerRequestFilter.doFilter(OncePerRequestFilter.java:116)
	at org.apache.catalina.core.ApplicationFilterChain.doFilter(ApplicationFilterChain.java:107)
	at org.apache.catalina.core.StandardWrapperValve.invoke(StandardWrapperValve.java:165)
	at org.apache.catalina.core.StandardContextValve.invoke(StandardContextValve.java:77)
	at org.apache.catalina.authenticator.AuthenticatorBase.invoke(AuthenticatorBase.java:492)
	at org.apache.catalina.core.StandardHostValve.invoke(StandardHostValve.java:113)
	at org.apache.catalina.valves.ErrorReportValve.invoke(ErrorReportValve.java:83)
	at org.apache.catalina.core.StandardEngineValve.invoke(StandardEngineValve.java:72)
	at org.apache.catalina.connector.CoyoteAdapter.service(CoyoteAdapter.java:341)
	at org.apache.coyote.http11.Http11Processor.service(Http11Processor.java:397)
	at org.apache.coyote.AbstractProcessorLight.process(AbstractProcessorLight.java:63)
	at org.apache.coyote.AbstractProtocol$ConnectionHandler.process(AbstractProtocol.java:903)
	at org.apache.tomcat.util.net.NioEndpoint$SocketProcessor.doRun(NioEndpoint.java:1801)
	at org.apache.tomcat.util.net.SocketProcessorBase.run(SocketProcessorBase.java:52)
	at org.apache.tomcat.util.threads.ThreadPoolExecutor.runWorker(ThreadPoolExecutor.java:946)
	at org.apache.tomcat.util.threads.ThreadPoolExecutor$Worker.run(ThreadPoolExecutor.java:480)
	at org.apache.tomcat.util.threads.TaskThread$WrappingRunnable.run(TaskThread.java:57)
	at java.base/java.lang.Thread.run(Thread.java:1583)
Caused by: java.lang.NumberFormatException: For input string: "undefined"
	at java.base/java.lang.NumberFormatException.forInputString(NumberFormatException.java:67)
	at java.base/java.lang.Long.parseLong(Long.java:709)
	at java.base/java.lang.Long.valueOf(Long.java:1157)
	at org.springframework.util.NumberUtils.parseNumber(NumberUtils.java:204)
	at org.springframework.beans.propertyeditors.CustomNumberEditor.setAsText(CustomNumberEditor.java:115)
	at org.springframework.beans.TypeConverterDelegate.doConvertTextValue(TypeConverterDelegate.java:434)
	at org.springframework.beans.TypeConverterDelegate.doConvertValue(TypeConverterDelegate.java:407)
	at org.springframework.beans.TypeConverterDelegate.convertIfNecessary(TypeConverterDelegate.java:158)
	at org.springframework.beans.TypeConverterSupport.convertIfNecessary(TypeConverterSupport.java:75)
	at org.springframework.beans.TypeConverterSupport.convertIfNecessary(TypeConverterSupport.java:51)
	at org.springframework.validation.DataBinder.convertIfNecessary(DataBinder.java:843)
	at org.springframework.web.method.annotation.AbstractNamedValueMethodArgumentResolver.convertIfNecessary(AbstractNamedValueMethodArgumentResolver.java:287)
	... 92 common frames omitted
2026-07-16 21:41:29 [http-nio-8080-exec-4] WARN  o.s.w.s.m.m.a.ExceptionHandlerExceptionResolver - Resolved [org.springframework.web.method.annotation.MethodArgumentTypeMismatchException: Method parameter 'id': Failed to convert value of type 'java.lang.String' to required type 'java.lang.Long'; For input string: "undefined"]
2026-07-16 21:41:39 [http-nio-8080-exec-6] INFO  c.e.Docgen_Backend.config.JwtFilter - JWT validated successfully for userId=6a311365ec2c34f3d9e4f06e
2026-07-16 21:41:39 [http-nio-8080-exec-6] ERROR c.e.D.e.GlobalExceptionHandler - Unexpected error occurred
org.springframework.web.method.annotation.MethodArgumentTypeMismatchException: Method parameter 'id': Failed to convert value of type 'java.lang.String' to required type 'java.lang.Long'; For input string: "undefined"
	at org.springframework.web.method.annotation.AbstractNamedValueMethodArgumentResolver.convertIfNecessary(AbstractNamedValueMethodArgumentResolver.java:295)
	at org.springframework.web.method.annotation.AbstractNamedValueMethodArgumentResolver.resolveArgument(AbstractNamedValueMethodArgumentResolver.java:134)
	at org.springframework.web.method.support.HandlerMethodArgumentResolverComposite.resolveArgument(HandlerMethodArgumentResolverComposite.java:122)
	at org.springframework.web.method.support.InvocableHandlerMethod.getMethodArgumentValues(InvocableHandlerMethod.java:224)
	at org.springframework.web.method.support.InvocableHandlerMethod.invokeForRequest(InvocableHandlerMethod.java:174)
	at org.springframework.web.servlet.mvc.method.annotation.ServletInvocableHandlerMethod.invokeAndHandle(ServletInvocableHandlerMethod.java:117)
	at org.springframework.web.servlet.mvc.method.annotation.RequestMappingHandlerAdapter.invokeHandlerMethod(RequestMappingHandlerAdapter.java:934)
	at org.springframework.web.servlet.mvc.method.annotation.RequestMappingHandlerAdapter.handleInternal(RequestMappingHandlerAdapter.java:853)
	at org.springframework.web.servlet.mvc.method.AbstractHandlerMethodAdapter.handle(AbstractHandlerMethodAdapter.java:86)
	at org.springframework.web.servlet.DispatcherServlet.doDispatch(DispatcherServlet.java:963)
	at org.springframework.web.servlet.DispatcherServlet.doService(DispatcherServlet.java:866)
	at org.springframework.web.servlet.FrameworkServlet.processRequest(FrameworkServlet.java:1000)
	at org.springframework.web.servlet.FrameworkServlet.service(FrameworkServlet.java:877)
	at jakarta.servlet.http.HttpServlet.service(HttpServlet.java:710)
	at org.apache.catalina.core.ApplicationFilterChain.doFilter(ApplicationFilterChain.java:128)
	at org.apache.tomcat.websocket.server.WsFilter.doFilter(WsFilter.java:53)
	at org.apache.catalina.core.ApplicationFilterChain.doFilter(ApplicationFilterChain.java:107)
	at org.springframework.web.filter.OncePerRequestFilter.doFilter(OncePerRequestFilter.java:110)
	at org.apache.catalina.core.ApplicationFilterChain.doFilter(ApplicationFilterChain.java:107)
	at org.springframework.web.filter.CompositeFilter$VirtualFilterChain.doFilter(CompositeFilter.java:108)
	at org.springframework.security.web.FilterChainProxy.lambda$doFilterInternal$3(FilterChainProxy.java:235)
	at org.springframework.security.web.FilterChainProxy$VirtualFilterChain.doFilter(FilterChainProxy.java:376)
	at org.springframework.security.web.access.intercept.AuthorizationFilter.doFilter(AuthorizationFilter.java:101)
	at org.springframework.security.web.FilterChainProxy$VirtualFilterChain.doFilter(FilterChainProxy.java:385)
	at org.springframework.security.web.access.ExceptionTranslationFilter.doFilter(ExceptionTranslationFilter.java:126)
	at org.springframework.security.web.access.ExceptionTranslationFilter.doFilter(ExceptionTranslationFilter.java:120)
	at org.springframework.security.web.FilterChainProxy$VirtualFilterChain.doFilter(FilterChainProxy.java:385)
	at org.springframework.security.web.session.SessionManagementFilter.doFilter(SessionManagementFilter.java:132)
	at org.springframework.security.web.session.SessionManagementFilter.doFilter(SessionManagementFilter.java:86)
	at org.springframework.security.web.FilterChainProxy$VirtualFilterChain.doFilter(FilterChainProxy.java:385)
	at org.springframework.security.web.authentication.AnonymousAuthenticationFilter.doFilter(AnonymousAuthenticationFilter.java:100)
	at org.springframework.security.web.FilterChainProxy$VirtualFilterChain.doFilter(FilterChainProxy.java:385)
	at org.springframework.security.web.servletapi.SecurityContextHolderAwareRequestFilter.doFilter(SecurityContextHolderAwareRequestFilter.java:181)
	at org.springframework.security.web.FilterChainProxy$VirtualFilterChain.doFilter(FilterChainProxy.java:385)
	at org.springframework.security.web.savedrequest.RequestCacheAwareFilter.doFilter(RequestCacheAwareFilter.java:63)
	at org.springframework.security.web.FilterChainProxy$VirtualFilterChain.doFilter(FilterChainProxy.java:385)
	at com.example.Docgen_Backend.config.JwtFilter.doFilterInternal(JwtFilter.java:111)
	at org.springframework.web.filter.OncePerRequestFilter.doFilter(OncePerRequestFilter.java:116)
	at org.springframework.security.web.FilterChainProxy$VirtualFilterChain.doFilter(FilterChainProxy.java:385)
	at org.springframework.security.web.authentication.logout.LogoutFilter.doFilter(LogoutFilter.java:110)
	at org.springframework.security.web.authentication.logout.LogoutFilter.doFilter(LogoutFilter.java:96)
	at org.springframework.security.web.FilterChainProxy$VirtualFilterChain.doFilter(FilterChainProxy.java:385)
	at org.springframework.web.filter.CorsFilter.doFilterInternal(CorsFilter.java:91)
	at org.springframework.web.filter.OncePerRequestFilter.doFilter(OncePerRequestFilter.java:116)
	at org.springframework.security.web.FilterChainProxy$VirtualFilterChain.doFilter(FilterChainProxy.java:385)
	at org.springframework.security.web.header.HeaderWriterFilter.doHeadersAfter(HeaderWriterFilter.java:90)
	at org.springframework.security.web.header.HeaderWriterFilter.doFilterInternal(HeaderWriterFilter.java:75)
	at org.springframework.web.filter.OncePerRequestFilter.doFilter(OncePerRequestFilter.java:116)
	at org.springframework.security.web.FilterChainProxy$VirtualFilterChain.doFilter(FilterChainProxy.java:385)
	at org.springframework.security.web.context.SecurityContextHolderFilter.doFilter(SecurityContextHolderFilter.java:82)
	at org.springframework.security.web.context.SecurityContextHolderFilter.doFilter(SecurityContextHolderFilter.java:69)
	at org.springframework.security.web.FilterChainProxy$VirtualFilterChain.doFilter(FilterChainProxy.java:385)
	at org.springframework.security.web.context.request.async.WebAsyncManagerIntegrationFilter.doFilterInternal(WebAsyncManagerIntegrationFilter.java:62)
	at org.springframework.web.filter.OncePerRequestFilter.doFilter(OncePerRequestFilter.java:116)
	at org.springframework.security.web.FilterChainProxy$VirtualFilterChain.doFilter(FilterChainProxy.java:385)
	at org.springframework.security.web.session.DisableEncodeUrlFilter.doFilterInternal(DisableEncodeUrlFilter.java:42)
	at org.springframework.web.filter.OncePerRequestFilter.doFilter(OncePerRequestFilter.java:116)
	at org.springframework.security.web.FilterChainProxy$VirtualFilterChain.doFilter(FilterChainProxy.java:385)
	at org.springframework.security.web.FilterChainProxy.doFilterInternal(FilterChainProxy.java:237)
	at org.springframework.security.web.FilterChainProxy.doFilter(FilterChainProxy.java:195)
	at org.springframework.web.filter.CompositeFilter$VirtualFilterChain.doFilter(CompositeFilter.java:113)
	at org.springframework.web.filter.ServletRequestPathFilter.doFilter(ServletRequestPathFilter.java:52)
	at org.springframework.web.filter.CompositeFilter$VirtualFilterChain.doFilter(CompositeFilter.java:113)
	at org.springframework.web.filter.CompositeFilter.doFilter(CompositeFilter.java:74)
	at org.springframework.security.config.annotation.web.configuration.WebSecurityConfiguration$CompositeFilterChainProxy.doFilter(WebSecurityConfiguration.java:317)
	at org.springframework.web.filter.DelegatingFilterProxy.invokeDelegate(DelegatingFilterProxy.java:355)
	at org.springframework.web.filter.DelegatingFilterProxy.doFilter(DelegatingFilterProxy.java:272)
	at org.apache.catalina.core.ApplicationFilterChain.doFilter(ApplicationFilterChain.java:107)
	at org.springframework.web.filter.RequestContextFilter.doFilterInternal(RequestContextFilter.java:100)
	at org.springframework.web.filter.OncePerRequestFilter.doFilter(OncePerRequestFilter.java:116)
	at org.apache.catalina.core.ApplicationFilterChain.doFilter(ApplicationFilterChain.java:107)
	at org.springframework.web.filter.FormContentFilter.doFilterInternal(FormContentFilter.java:93)
	at org.springframework.web.filter.OncePerRequestFilter.doFilter(OncePerRequestFilter.java:116)
	at org.apache.catalina.core.ApplicationFilterChain.doFilter(ApplicationFilterChain.java:107)
	at org.springframework.web.filter.CharacterEncodingFilter.doFilterInternal(CharacterEncodingFilter.java:199)
	at org.springframework.web.filter.OncePerRequestFilter.doFilter(OncePerRequestFilter.java:116)
	at org.apache.catalina.core.ApplicationFilterChain.doFilter(ApplicationFilterChain.java:107)
	at org.apache.catalina.core.StandardWrapperValve.invoke(StandardWrapperValve.java:165)
	at org.apache.catalina.core.StandardContextValve.invoke(StandardContextValve.java:77)
	at org.apache.catalina.authenticator.AuthenticatorBase.invoke(AuthenticatorBase.java:492)
	at org.apache.catalina.core.StandardHostValve.invoke(StandardHostValve.java:113)
	at org.apache.catalina.valves.ErrorReportValve.invoke(ErrorReportValve.java:83)
	at org.apache.catalina.core.StandardEngineValve.invoke(StandardEngineValve.java:72)
	at org.apache.catalina.connector.CoyoteAdapter.service(CoyoteAdapter.java:341)
	at org.apache.coyote.http11.Http11Processor.service(Http11Processor.java:397)
	at org.apache.coyote.AbstractProcessorLight.process(AbstractProcessorLight.java:63)
	at org.apache.coyote.AbstractProtocol$ConnectionHandler.process(AbstractProtocol.java:903)
	at org.apache.tomcat.util.net.NioEndpoint$SocketProcessor.doRun(NioEndpoint.java:1801)
	at org.apache.tomcat.util.net.SocketProcessorBase.run(SocketProcessorBase.java:52)
	at org.apache.tomcat.util.threads.ThreadPoolExecutor.runWorker(ThreadPoolExecutor.java:946)
	at org.apache.tomcat.util.threads.ThreadPoolExecutor$Worker.run(ThreadPoolExecutor.java:480)
	at org.apache.tomcat.util.threads.TaskThread$WrappingRunnable.run(TaskThread.java:57)
	at java.base/java.lang.Thread.run(Thread.java:1583)
Caused by: java.lang.NumberFormatException: For input string: "undefined"
	at java.base/java.lang.NumberFormatException.forInputString(NumberFormatException.java:67)
	at java.base/java.lang.Long.parseLong(Long.java:709)
	at java.base/java.lang.Long.valueOf(Long.java:1157)
	at org.springframework.util.NumberUtils.parseNumber(NumberUtils.java:204)
	at org.springframework.beans.propertyeditors.CustomNumberEditor.setAsText(CustomNumberEditor.java:115)
	at org.springframework.beans.TypeConverterDelegate.doConvertTextValue(TypeConverterDelegate.java:434)
	at org.springframework.beans.TypeConverterDelegate.doConvertValue(TypeConverterDelegate.java:407)
	at org.springframework.beans.TypeConverterDelegate.convertIfNecessary(TypeConverterDelegate.java:158)
	at org.springframework.beans.TypeConverterSupport.convertIfNecessary(TypeConverterSupport.java:75)
	at org.springframework.beans.TypeConverterSupport.convertIfNecessary(TypeConverterSupport.java:51)
	at org.springframework.validation.DataBinder.convertIfNecessary(DataBinder.java:843)
	at org.springframework.web.method.annotation.AbstractNamedValueMethodArgumentResolver.convertIfNecessary(AbstractNamedValueMethodArgumentResolver.java:287)
	... 92 common frames omitted
2026-07-16 21:41:39 [http-nio-8080-exec-6] WARN  o.s.w.s.m.m.a.ExceptionHandlerExceptionResolver - Resolved [org.springframework.web.method.annotation.MethodArgumentTypeMismatchException: Method parameter 'id': Failed to convert value of type 'java.lang.String' to required type 'java.lang.Long'; For input string: "undefined"]
2026-07-16 21:41:55 [http-nio-8080-exec-8] INFO  c.e.Docgen_Backend.config.JwtFilter - JWT validated successfully for userId=6a311365ec2c34f3d9e4f06e
2026-07-16 21:41:55 [http-nio-8080-exec-8] ERROR c.e.D.e.GlobalExceptionHandler - Unexpected error occurred
org.springframework.web.method.annotation.MethodArgumentTypeMismatchException: Method parameter 'id': Failed to convert value of type 'java.lang.String' to required type 'java.lang.Long'; For input string: "undefined"
	at org.springframework.web.method.annotation.AbstractNamedValueMethodArgumentResolver.convertIfNecessary(AbstractNamedValueMethodArgumentResolver.java:295)
	at org.springframework.web.method.annotation.AbstractNamedValueMethodArgumentResolver.resolveArgument(AbstractNamedValueMethodArgumentResolver.java:134)
	at org.springframework.web.method.support.HandlerMethodArgumentResolverComposite.resolveArgument(HandlerMethodArgumentResolverComposite.java:122)
	at org.springframework.web.method.support.InvocableHandlerMethod.getMethodArgumentValues(InvocableHandlerMethod.java:224)
	at org.springframework.web.method.support.InvocableHandlerMethod.invokeForRequest(InvocableHandlerMethod.java:174)
	at org.springframework.web.servlet.mvc.method.annotation.ServletInvocableHandlerMethod.invokeAndHandle(ServletInvocableHandlerMethod.java:117)
	at org.springframework.web.servlet.mvc.method.annotation.RequestMappingHandlerAdapter.invokeHandlerMethod(RequestMappingHandlerAdapter.java:934)
	at org.springframework.web.servlet.mvc.method.annotation.RequestMappingHandlerAdapter.handleInternal(RequestMappingHandlerAdapter.java:853)
	at org.springframework.web.servlet.mvc.method.AbstractHandlerMethodAdapter.handle(AbstractHandlerMethodAdapter.java:86)
	at org.springframework.web.servlet.DispatcherServlet.doDispatch(DispatcherServlet.java:963)
	at org.springframework.web.servlet.DispatcherServlet.doService(DispatcherServlet.java:866)
	at org.springframework.web.servlet.FrameworkServlet.processRequest(FrameworkServlet.java:1000)
	at org.springframework.web.servlet.FrameworkServlet.service(FrameworkServlet.java:877)
	at jakarta.servlet.http.HttpServlet.service(HttpServlet.java:710)
	at org.apache.catalina.core.ApplicationFilterChain.doFilter(ApplicationFilterChain.java:128)
	at org.apache.tomcat.websocket.server.WsFilter.doFilter(WsFilter.java:53)
	at org.apache.catalina.core.ApplicationFilterChain.doFilter(ApplicationFilterChain.java:107)
	at org.springframework.web.filter.OncePerRequestFilter.doFilter(OncePerRequestFilter.java:110)
	at org.apache.catalina.core.ApplicationFilterChain.doFilter(ApplicationFilterChain.java:107)
	at org.springframework.web.filter.CompositeFilter$VirtualFilterChain.doFilter(CompositeFilter.java:108)
	at org.springframework.security.web.FilterChainProxy.lambda$doFilterInternal$3(FilterChainProxy.java:235)
	at org.springframework.security.web.FilterChainProxy$VirtualFilterChain.doFilter(FilterChainProxy.java:376)
	at org.springframework.security.web.access.intercept.AuthorizationFilter.doFilter(AuthorizationFilter.java:101)
	at org.springframework.security.web.FilterChainProxy$VirtualFilterChain.doFilter(FilterChainProxy.java:385)
	at org.springframework.security.web.access.ExceptionTranslationFilter.doFilter(ExceptionTranslationFilter.java:126)
	at org.springframework.security.web.access.ExceptionTranslationFilter.doFilter(ExceptionTranslationFilter.java:120)
	at org.springframework.security.web.FilterChainProxy$VirtualFilterChain.doFilter(FilterChainProxy.java:385)
	at org.springframework.security.web.session.SessionManagementFilter.doFilter(SessionManagementFilter.java:132)
	at org.springframework.security.web.session.SessionManagementFilter.doFilter(SessionManagementFilter.java:86)
	at org.springframework.security.web.FilterChainProxy$VirtualFilterChain.doFilter(FilterChainProxy.java:385)
	at org.springframework.security.web.authentication.AnonymousAuthenticationFilter.doFilter(AnonymousAuthenticationFilter.java:100)
	at org.springframework.security.web.FilterChainProxy$VirtualFilterChain.doFilter(FilterChainProxy.java:385)
	at org.springframework.security.web.servletapi.SecurityContextHolderAwareRequestFilter.doFilter(SecurityContextHolderAwareRequestFilter.java:181)
	at org.springframework.security.web.FilterChainProxy$VirtualFilterChain.doFilter(FilterChainProxy.java:385)
	at org.springframework.security.web.savedrequest.RequestCacheAwareFilter.doFilter(RequestCacheAwareFilter.java:63)
	at org.springframework.security.web.FilterChainProxy$VirtualFilterChain.doFilter(FilterChainProxy.java:385)
	at com.example.Docgen_Backend.config.JwtFilter.doFilterInternal(JwtFilter.java:111)
	at org.springframework.web.filter.OncePerRequestFilter.doFilter(OncePerRequestFilter.java:116)
	at org.springframework.security.web.FilterChainProxy$VirtualFilterChain.doFilter(FilterChainProxy.java:385)
	at org.springframework.security.web.authentication.logout.LogoutFilter.doFilter(LogoutFilter.java:110)
	at org.springframework.security.web.authentication.logout.LogoutFilter.doFilter(LogoutFilter.java:96)
	at org.springframework.security.web.FilterChainProxy$VirtualFilterChain.doFilter(FilterChainProxy.java:385)
	at org.springframework.web.filter.CorsFilter.doFilterInternal(CorsFilter.java:91)
	at org.springframework.web.filter.OncePerRequestFilter.doFilter(OncePerRequestFilter.java:116)
	at org.springframework.security.web.FilterChainProxy$VirtualFilterChain.doFilter(FilterChainProxy.java:385)
	at org.springframework.security.web.header.HeaderWriterFilter.doHeadersAfter(HeaderWriterFilter.java:90)
	at org.springframework.security.web.header.HeaderWriterFilter.doFilterInternal(HeaderWriterFilter.java:75)
	at org.springframework.web.filter.OncePerRequestFilter.doFilter(OncePerRequestFilter.java:116)
	at org.springframework.security.web.FilterChainProxy$VirtualFilterChain.doFilter(FilterChainProxy.java:385)
	at org.springframework.security.web.context.SecurityContextHolderFilter.doFilter(SecurityContextHolderFilter.java:82)
	at org.springframework.security.web.context.SecurityContextHolderFilter.doFilter(SecurityContextHolderFilter.java:69)
	at org.springframework.security.web.FilterChainProxy$VirtualFilterChain.doFilter(FilterChainProxy.java:385)
	at org.springframework.security.web.context.request.async.WebAsyncManagerIntegrationFilter.doFilterInternal(WebAsyncManagerIntegrationFilter.java:62)
	at org.springframework.web.filter.OncePerRequestFilter.doFilter(OncePerRequestFilter.java:116)
	at org.springframework.security.web.FilterChainProxy$VirtualFilterChain.doFilter(FilterChainProxy.java:385)
	at org.springframework.security.web.session.DisableEncodeUrlFilter.doFilterInternal(DisableEncodeUrlFilter.java:42)
	at org.springframework.web.filter.OncePerRequestFilter.doFilter(OncePerRequestFilter.java:116)
	at org.springframework.security.web.FilterChainProxy$VirtualFilterChain.doFilter(FilterChainProxy.java:385)
	at org.springframework.security.web.FilterChainProxy.doFilterInternal(FilterChainProxy.java:237)
	at org.springframework.security.web.FilterChainProxy.doFilter(FilterChainProxy.java:195)
	at org.springframework.web.filter.CompositeFilter$VirtualFilterChain.doFilter(CompositeFilter.java:113)
	at org.springframework.web.filter.ServletRequestPathFilter.doFilter(ServletRequestPathFilter.java:52)
	at org.springframework.web.filter.CompositeFilter$VirtualFilterChain.doFilter(CompositeFilter.java:113)
	at org.springframework.web.filter.CompositeFilter.doFilter(CompositeFilter.java:74)
	at org.springframework.security.config.annotation.web.configuration.WebSecurityConfiguration$CompositeFilterChainProxy.doFilter(WebSecurityConfiguration.java:317)
	at org.springframework.web.filter.DelegatingFilterProxy.invokeDelegate(DelegatingFilterProxy.java:355)
	at org.springframework.web.filter.DelegatingFilterProxy.doFilter(DelegatingFilterProxy.java:272)
	at org.apache.catalina.core.ApplicationFilterChain.doFilter(ApplicationFilterChain.java:107)
	at org.springframework.web.filter.RequestContextFilter.doFilterInternal(RequestContextFilter.java:100)
	at org.springframework.web.filter.OncePerRequestFilter.doFilter(OncePerRequestFilter.java:116)
	at org.apache.catalina.core.ApplicationFilterChain.doFilter(ApplicationFilterChain.java:107)
	at org.springframework.web.filter.FormContentFilter.doFilterInternal(FormContentFilter.java:93)
	at org.springframework.web.filter.OncePerRequestFilter.doFilter(OncePerRequestFilter.java:116)
	at org.apache.catalina.core.ApplicationFilterChain.doFilter(ApplicationFilterChain.java:107)
	at org.springframework.web.filter.CharacterEncodingFilter.doFilterInternal(CharacterEncodingFilter.java:199)
	at org.springframework.web.filter.OncePerRequestFilter.doFilter(OncePerRequestFilter.java:116)
	at org.apache.catalina.core.ApplicationFilterChain.doFilter(ApplicationFilterChain.java:107)
	at org.apache.catalina.core.StandardWrapperValve.invoke(StandardWrapperValve.java:165)
	at org.apache.catalina.core.StandardContextValve.invoke(StandardContextValve.java:77)
	at org.apache.catalina.authenticator.AuthenticatorBase.invoke(AuthenticatorBase.java:492)
	at org.apache.catalina.core.StandardHostValve.invoke(StandardHostValve.java:113)
	at org.apache.catalina.valves.ErrorReportValve.invoke(ErrorReportValve.java:83)
	at org.apache.catalina.core.StandardEngineValve.invoke(StandardEngineValve.java:72)
	at org.apache.catalina.connector.CoyoteAdapter.service(CoyoteAdapter.java:341)
	at org.apache.coyote.http11.Http11Processor.service(Http11Processor.java:397)
	at org.apache.coyote.AbstractProcessorLight.process(AbstractProcessorLight.java:63)
	at org.apache.coyote.AbstractProtocol$ConnectionHandler.process(AbstractProtocol.java:903)
	at org.apache.tomcat.util.net.NioEndpoint$SocketProcessor.doRun(NioEndpoint.java:1801)
	at org.apache.tomcat.util.net.SocketProcessorBase.run(SocketProcessorBase.java:52)
	at org.apache.tomcat.util.threads.ThreadPoolExecutor.runWorker(ThreadPoolExecutor.java:946)
	at org.apache.tomcat.util.threads.ThreadPoolExecutor$Worker.run(ThreadPoolExecutor.java:480)
	at org.apache.tomcat.util.threads.TaskThread$WrappingRunnable.run(TaskThread.java:57)
	at java.base/java.lang.Thread.run(Thread.java:1583)
Caused by: java.lang.NumberFormatException: For input string: "undefined"
	at java.base/java.lang.NumberFormatException.forInputString(NumberFormatException.java:67)
	at java.base/java.lang.Long.parseLong(Long.java:709)
	at java.base/java.lang.Long.valueOf(Long.java:1157)
	at org.springframework.util.NumberUtils.parseNumber(NumberUtils.java:204)
	at org.springframework.beans.propertyeditors.CustomNumberEditor.setAsText(CustomNumberEditor.java:115)
	at org.springframework.beans.TypeConverterDelegate.doConvertTextValue(TypeConverterDelegate.java:434)
	at org.springframework.beans.TypeConverterDelegate.doConvertValue(TypeConverterDelegate.java:407)
	at org.springframework.beans.TypeConverterDelegate.convertIfNecessary(TypeConverterDelegate.java:158)
	at org.springframework.beans.TypeConverterSupport.convertIfNecessary(TypeConverterSupport.java:75)
	at org.springframework.beans.TypeConverterSupport.convertIfNecessary(TypeConverterSupport.java:51)
	at org.springframework.validation.DataBinder.convertIfNecessary(DataBinder.java:843)
	at org.springframework.web.method.annotation.AbstractNamedValueMethodArgumentResolver.convertIfNecessary(AbstractNamedValueMethodArgumentResolver.java:287)
	... 92 common frames omitted
2026-07-16 21:41:55 [http-nio-8080-exec-8] WARN  o.s.w.s.m.m.a.ExceptionHandlerExceptionResolver - Resolved [org.springframework.web.method.annotation.MethodArgumentTypeMismatchException: Method parameter 'id': Failed to convert value of type 'java.lang.String' to required type 'java.lang.Long'; For input string: "undefined"]
2026-07-16 21:42:45 [HikariPool-1:housekeeper] WARN  com.zaxxer.hikari.pool.PoolBase - HikariPool-1 - Failed to validate connection com.mysql.cj.jdbc.ConnectionImpl@63de200a (No operations allowed after connection closed.). Possibly consider using a shorter maxLifetime value.
2026-07-16 21:42:46 [HikariPool-1:housekeeper] WARN  com.zaxxer.hikari.pool.PoolBase - HikariPool-1 - Failed to validate connection com.mysql.cj.jdbc.ConnectionImpl@6a6ea7c7 (No operations allowed after connection closed.). Possibly consider using a shorter maxLifetime value.
2026-07-16 21:44:31 [HikariPool-1:housekeeper] WARN  com.zaxxer.hikari.pool.PoolBase - HikariPool-1 - Failed to validate connection com.mysql.cj.jdbc.ConnectionImpl@6e41a479 (No operations allowed after connection closed.). Possibly consider using a shorter maxLifetime value.
2026-07-16 21:44:33 [HikariPool-1:housekeeper] WARN  com.zaxxer.hikari.pool.PoolBase - HikariPool-1 - Failed to validate connection com.mysql.cj.jdbc.ConnectionImpl@270dd72e (No operations allowed after connection closed.). Possibly consider using a shorter maxLifetime value.
2026-07-16 21:46:07 [HikariPool-1:housekeeper] WARN  com.zaxxer.hikari.pool.PoolBase - HikariPool-1 - Failed to validate connection com.mysql.cj.jdbc.ConnectionImpl@38421c97 (No operations allowed after connection closed.). Possibly consider using a shorter maxLifetime value.
2026-07-16 21:46:28 [HikariPool-1:housekeeper] WARN  com.zaxxer.hikari.pool.PoolBase - HikariPool-1 - Failed to validate connection com.mysql.cj.jdbc.ConnectionImpl@4fe47276 (No operations allowed after connection closed.). Possibly consider using a shorter maxLifetime value.
2026-07-16 21:48:04 [HikariPool-1:housekeeper] WARN  com.zaxxer.hikari.pool.PoolBase - HikariPool-1 - Failed to validate connection com.mysql.cj.jdbc.ConnectionImpl@2e976af3 (No operations allowed after connection closed.). Possibly consider using a shorter maxLifetime value.
2026-07-16 21:48:13 [HikariPool-1:housekeeper] WARN  com.zaxxer.hikari.pool.PoolBase - HikariPool-1 - Failed to validate connection com.mysql.cj.jdbc.ConnectionImpl@1a07dfd (No operations allowed after connection closed.). Possibly consider using a shorter maxLifetime value.
2026-07-16 21:49:51 [HikariPool-1:housekeeper] WARN  com.zaxxer.hikari.pool.PoolBase - HikariPool-1 - Failed to validate connection com.mysql.cj.jdbc.ConnectionImpl@59e1ff2d (No operations allowed after connection closed.). Possibly consider using a shorter maxLifetime value.
2026-07-16 21:50:00 [HikariPool-1:housekeeper] WARN  com.zaxxer.hikari.pool.PoolBase - HikariPool-1 - Failed to validate connection com.mysql.cj.jdbc.ConnectionImpl@680b127a (No operations allowed after connection closed.). Possibly consider using a shorter maxLifetime value.
2026-07-16 21:51:39 [HikariPool-1:housekeeper] WARN  com.zaxxer.hikari.pool.PoolBase - HikariPool-1 - Failed to validate connection com.mysql.cj.jdbc.ConnectionImpl@54be05a1 (No operations allowed after connection closed.). Possibly consider using a shorter maxLifetime value.
2026-07-16 21:51:47 [HikariPool-1:housekeeper] WARN  com.zaxxer.hikari.pool.PoolBase - HikariPool-1 - Failed to validate connection com.mysql.cj.jdbc.ConnectionImpl@38262dd0 (No operations allowed after connection closed.). Possibly consider using a shorter maxLifetime value.
2026-07-16 21:53:24 [HikariPool-1:housekeeper] WARN  com.zaxxer.hikari.pool.PoolBase - HikariPool-1 - Failed to validate connection com.mysql.cj.jdbc.ConnectionImpl@1ab5234f (No operations allowed after connection closed.). Possibly consider using a shorter maxLifetime value.
2026-07-16 21:53:42 [HikariPool-1:housekeeper] WARN  com.zaxxer.hikari.pool.PoolBase - HikariPool-1 - Failed to validate connection com.mysql.cj.jdbc.ConnectionImpl@6832ca8d (No operations allowed after connection closed.). Possibly consider using a shorter maxLifetime value.
2026-07-16 21:55:19 [HikariPool-1:housekeeper] WARN  com.zaxxer.hikari.pool.PoolBase - HikariPool-1 - Failed to validate connection com.mysql.cj.jdbc.ConnectionImpl@7056ca77 (No operations allowed after connection closed.). Possibly consider using a shorter maxLifetime value.
2026-07-16 21:55:19 [HikariPool-1:housekeeper] WARN  com.zaxxer.hikari.pool.PoolBase - HikariPool-1 - Failed to validate connection com.mysql.cj.jdbc.ConnectionImpl@765bafc7 (No operations allowed after connection closed.). Possibly consider using a shorter maxLifetime value.
2026-07-16 21:57:06 [HikariPool-1:housekeeper] WARN  com.zaxxer.hikari.pool.PoolBase - HikariPool-1 - Failed to validate connection com.mysql.cj.jdbc.ConnectionImpl@64332df0 (No operations allowed after connection closed.). Possibly consider using a shorter maxLifetime value.
2026-07-16 21:57:11 [HikariPool-1:housekeeper] WARN  com.zaxxer.hikari.pool.PoolBase - HikariPool-1 - Failed to validate connection com.mysql.cj.jdbc.ConnectionImpl@31f7acb7 (No operations allowed after connection closed.). Possibly consider using a shorter maxLifetime value.
2026-07-16 21:57:40 [http-nio-8080-exec-10] INFO  c.e.Docgen_Backend.config.JwtFilter - JWT validated successfully for userId=6a311365ec2c34f3d9e4f06e
2026-07-16 21:57:40 [http-nio-8080-exec-10] INFO  c.e.D.controller.UserController - GET /api/v2/users - Fetch all users request received | page=0, size=8, sortBy=id, direction=desc
2026-07-16 21:57:40 [http-nio-8080-exec-10] WARN  com.zaxxer.hikari.pool.PoolBase - HikariPool-1 - Failed to validate connection com.mysql.cj.jdbc.ConnectionImpl@1082dc3 (No operations allowed after connection closed.). Possibly consider using a shorter maxLifetime value.
2026-07-16 21:57:40 [http-nio-8080-exec-10] WARN  com.zaxxer.hikari.pool.PoolBase - HikariPool-1 - Failed to validate connection com.mysql.cj.jdbc.ConnectionImpl@71e394b9 (No operations allowed after connection closed.). Possibly consider using a shorter maxLifetime value.
2026-07-16 21:57:43 [http-nio-8080-exec-10] INFO  c.e.D.controller.UserController - Fetched 8 users on page 0 of 2
2026-07-16 21:57:44 [http-nio-8080-exec-1] INFO  c.e.Docgen_Backend.config.JwtFilter - JWT validated successfully for userId=6a311365ec2c34f3d9e4f06e
2026-07-16 21:57:44 [http-nio-8080-exec-1] INFO  c.e.D.controller.UserController - GET /api/v2/users - Fetch all users request received | page=0, size=8, sortBy=id, direction=desc
2026-07-16 21:57:47 [http-nio-8080-exec-1] INFO  c.e.D.controller.UserController - Fetched 8 users on page 0 of 2
2026-07-16 21:57:47 [http-nio-8080-exec-7] INFO  c.e.Docgen_Backend.config.JwtFilter - JWT validated successfully for userId=6a311365ec2c34f3d9e4f06e
2026-07-16 21:57:47 [http-nio-8080-exec-7] INFO  c.e.D.controller.UserController - GET /api/v2/users/14 - Fetch request received
2026-07-16 21:57:47 [http-nio-8080-exec-7] INFO  c.e.D.service.impl.UserServiceImpl - Fetching user profile for edit | userId=14
2026-07-16 21:57:47 [http-nio-8080-exec-7] DEBUG c.e.D.service.impl.UserServiceImpl - User found | userId=14 | employeeId=EMP169
2026-07-16 21:57:47 [http-nio-8080-exec-7] INFO  c.e.D.service.impl.UserServiceImpl - User profile fetched successfully | userId=14 | timeTaken=444ms
2026-07-16 21:57:47 [http-nio-8080-exec-7] INFO  c.e.D.controller.UserController - Profile fetched successfully for userId=14
2026-07-16 21:57:47 [http-nio-8080-exec-7] DEBUG c.e.D.controller.UserController - Fetched profile data: UserProfileResponseDTO(id=14, employeeName=Pravin Chaudhary, employeeId=EMP169, email=pravin@test.com, mobileNo=9876543210, joiningDesignation=Software Developer, currentDesignation=Senior Software Developer, department=Engineering, company=SMT, identity=MR, pfType=WITH_PF, accountNo=1234567890, bankName=Canara Bank, currentAddress=Pune, Maharashtra, permanentAddress=Nashik, Maharashtra, joiningCTC=600000.0, currentCTC=850000.0, dateOfBirth=1998-05-10, offerDate=2024-01-01, joiningDate=2024-02-01, panNo=ABCDE1234F, documents={APPOINTMENT_LETTER=DocumentResponseDTO(generated=false, data=null), INTERNSHIP_LETTER=DocumentResponseDTO(generated=true, data={internshipType=UNPAID, endDate=2023-12-01, issueDate=2023-06-01, startDate=2023-06-01}), EXPERIENCE_LETTER=DocumentResponseDTO(generated=true, data={issueDate=2025-01-01, relievingDate=2025-01-01}), FULL_AND_FINAL=DocumentResponseDTO(generated=true, data={fnfDate=2025-01-10, totalDaysInMonth=31, month=January, issueDate=2025-01-10, resignationDate=2024-12-01, paidDays=25, leavingDate=2025-01-05}), CONFIRMATION_LETTER=DocumentResponseDTO(generated=false, data=null), INCREMENT_LETTER=DocumentResponseDTO(generated=false, data=null), RELIEVING_LETTER=DocumentResponseDTO(generated=false, data=null), SALARY_SLIP=DocumentResponseDTO(generated=true, data={startMonth=January, endMonth=February}), COMPLETION_LETTER=DocumentResponseDTO(generated=false, data=null), OFFER_LETTER=DocumentResponseDTO(generated=true, data={issueDate=2024-01-01, probationPeriod=6})})
2026-07-16 21:57:47 [http-nio-8080-exec-6] INFO  c.e.Docgen_Backend.config.JwtFilter - JWT validated successfully for userId=6a311365ec2c34f3d9e4f06e
2026-07-16 21:57:47 [http-nio-8080-exec-6] INFO  c.e.D.controller.UserController - GET /api/v2/users/14 - Fetch request received
2026-07-16 21:57:47 [http-nio-8080-exec-6] INFO  c.e.D.service.impl.UserServiceImpl - Fetching user profile for edit | userId=14
2026-07-16 21:57:48 [http-nio-8080-exec-6] DEBUG c.e.D.service.impl.UserServiceImpl - User found | userId=14 | employeeId=EMP169
2026-07-16 21:57:48 [http-nio-8080-exec-6] INFO  c.e.D.service.impl.UserServiceImpl - User profile fetched successfully | userId=14 | timeTaken=491ms
2026-07-16 21:57:48 [http-nio-8080-exec-6] INFO  c.e.D.controller.UserController - Profile fetched successfully for userId=14
2026-07-16 21:57:48 [http-nio-8080-exec-6] DEBUG c.e.D.controller.UserController - Fetched profile data: UserProfileResponseDTO(id=14, employeeName=Pravin Chaudhary, employeeId=EMP169, email=pravin@test.com, mobileNo=9876543210, joiningDesignation=Software Developer, currentDesignation=Senior Software Developer, department=Engineering, company=SMT, identity=MR, pfType=WITH_PF, accountNo=1234567890, bankName=Canara Bank, currentAddress=Pune, Maharashtra, permanentAddress=Nashik, Maharashtra, joiningCTC=600000.0, currentCTC=850000.0, dateOfBirth=1998-05-10, offerDate=2024-01-01, joiningDate=2024-02-01, panNo=ABCDE1234F, documents={APPOINTMENT_LETTER=DocumentResponseDTO(generated=false, data=null), INTERNSHIP_LETTER=DocumentResponseDTO(generated=true, data={internshipType=UNPAID, endDate=2023-12-01, issueDate=2023-06-01, startDate=2023-06-01}), EXPERIENCE_LETTER=DocumentResponseDTO(generated=true, data={issueDate=2025-01-01, relievingDate=2025-01-01}), FULL_AND_FINAL=DocumentResponseDTO(generated=true, data={fnfDate=2025-01-10, totalDaysInMonth=31, month=January, issueDate=2025-01-10, resignationDate=2024-12-01, paidDays=25, leavingDate=2025-01-05}), CONFIRMATION_LETTER=DocumentResponseDTO(generated=false, data=null), INCREMENT_LETTER=DocumentResponseDTO(generated=false, data=null), RELIEVING_LETTER=DocumentResponseDTO(generated=false, data=null), SALARY_SLIP=DocumentResponseDTO(generated=true, data={startMonth=January, endMonth=February}), COMPLETION_LETTER=DocumentResponseDTO(generated=false, data=null), OFFER_LETTER=DocumentResponseDTO(generated=true, data={issueDate=2024-01-01, probationPeriod=6})})
2026-07-16 21:58:05 [http-nio-8080-exec-8] INFO  c.e.Docgen_Backend.config.JwtFilter - JWT validated successfully for userId=6a311365ec2c34f3d9e4f06e
2026-07-16 21:58:05 [http-nio-8080-exec-8] INFO  c.e.D.controller.UserController - PATCH /api/v2/users/14 - Update request received for employeeId=EMP169
2026-07-16 21:58:05 [http-nio-8080-exec-8] DEBUG c.e.D.controller.UserController - Update payload: CreateProfileRequest(employeeName=Pravin Chaudhary, email=pravin@test.com, mobileNo=9876543210, employeeId=EMP169, joiningDesignation=Software Developer, currentDesignation=Senior Software Developer, department=Engineering, currentAddress=Pune, Maharashtra, permanentAddress=null, accountNo=1234567890, bankName=Canara Bank, joiningCTC=600000.0, currentCTC=850000.0, dateOfBirth=1998-05-10, offerDate=2024-01-01, joiningDate=2024-02-01, panNo=ABCDE1234F, company=SMT, pfType=WITH_PF, identity=MR, documents=[INTERNSHIP_LETTER, EXPERIENCE_LETTER, FULL_AND_FINAL, SALARY_SLIP, OFFER_LETTER], documentData={OFFER_LETTER={issueDate=2024-01-01, probationPeriod=6}, INTERNSHIP_LETTER={internshipType=null, stipend=0, startDate=2023-06-01, endDate=2023-12-01, issueDate=2023-06-01}, EXPERIENCE_LETTER={relievingDate=2025-01-01, issueDate=2025-01-01}, FULL_AND_FINAL={fnfDate=2025-01-10, issueDate=2025-01-10, month=2025-01, resignationDate=2024-12-01, leavingDate=2025-01-05, paidDays=25, totalDaysInMonth=31}, SALARY_SLIP={startMonth=2024-01, endMonth=2024-02, salaryWorkdays={2024-01=31, 2024-02=29}}})
2026-07-16 21:58:05 [http-nio-8080-exec-8] INFO  c.e.D.service.impl.UserServiceImpl - Updating user profile | userId=14 | employeeId=EMP169
2026-07-16 21:58:06 [http-nio-8080-exec-8] DEBUG c.e.D.service.impl.UserServiceImpl - Existing user fetched | userId=14 | oldEmployeeId=EMP169
2026-07-16 21:58:06 [http-nio-8080-exec-8] DEBUG c.e.D.service.impl.UserServiceImpl - Updating documents | userId=14
2026-07-16 21:58:06 [http-nio-8080-exec-8] ERROR c.e.D.service.impl.UserServiceImpl - Error while updating user profile | userId=14 | error=internshipType is required
java.lang.IllegalArgumentException: internshipType is required
	at com.example.Docgen_Backend.service.impl.UserServiceImpl.getRequiredString(UserServiceImpl.java:180)
	at com.example.Docgen_Backend.service.impl.UserServiceImpl.upsertInternshipLetter(UserServiceImpl.java:886)
	at com.example.Docgen_Backend.service.impl.UserServiceImpl.processUpdateDocuments(UserServiceImpl.java:775)
	at com.example.Docgen_Backend.service.impl.UserServiceImpl.updateProfile(UserServiceImpl.java:725)
	at com.example.Docgen_Backend.controller.UserController.updateProfile(UserController.java:142)
	at java.base/jdk.internal.reflect.DirectMethodHandleAccessor.invoke(DirectMethodHandleAccessor.java:103)
	at java.base/java.lang.reflect.Method.invoke(Method.java:580)
	at org.springframework.web.method.support.InvocableHandlerMethod.doInvoke(InvocableHandlerMethod.java:252)
	at org.springframework.web.method.support.InvocableHandlerMethod.invokeForRequest(InvocableHandlerMethod.java:184)
	at org.springframework.web.servlet.mvc.method.annotation.ServletInvocableHandlerMethod.invokeAndHandle(ServletInvocableHandlerMethod.java:117)
	at org.springframework.web.servlet.mvc.method.annotation.RequestMappingHandlerAdapter.invokeHandlerMethod(RequestMappingHandlerAdapter.java:934)
	at org.springframework.web.servlet.mvc.method.annotation.RequestMappingHandlerAdapter.handleInternal(RequestMappingHandlerAdapter.java:853)
	at org.springframework.web.servlet.mvc.method.AbstractHandlerMethodAdapter.handle(AbstractHandlerMethodAdapter.java:86)
	at org.springframework.web.servlet.DispatcherServlet.doDispatch(DispatcherServlet.java:963)
	at org.springframework.web.servlet.DispatcherServlet.doService(DispatcherServlet.java:866)
	at org.springframework.web.servlet.FrameworkServlet.processRequest(FrameworkServlet.java:1000)
	at org.springframework.web.servlet.FrameworkServlet.service(FrameworkServlet.java:877)
	at jakarta.servlet.http.HttpServlet.service(HttpServlet.java:710)
	at org.apache.catalina.core.ApplicationFilterChain.doFilter(ApplicationFilterChain.java:128)
	at org.apache.tomcat.websocket.server.WsFilter.doFilter(WsFilter.java:53)
	at org.apache.catalina.core.ApplicationFilterChain.doFilter(ApplicationFilterChain.java:107)
	at org.springframework.web.filter.OncePerRequestFilter.doFilter(OncePerRequestFilter.java:110)
	at org.apache.catalina.core.ApplicationFilterChain.doFilter(ApplicationFilterChain.java:107)
	at org.springframework.web.filter.CompositeFilter$VirtualFilterChain.doFilter(CompositeFilter.java:108)
	at org.springframework.security.web.FilterChainProxy.lambda$doFilterInternal$3(FilterChainProxy.java:235)
	at org.springframework.security.web.FilterChainProxy$VirtualFilterChain.doFilter(FilterChainProxy.java:376)
	at org.springframework.security.web.access.intercept.AuthorizationFilter.doFilter(AuthorizationFilter.java:101)
	at org.springframework.security.web.FilterChainProxy$VirtualFilterChain.doFilter(FilterChainProxy.java:385)
	at org.springframework.security.web.access.ExceptionTranslationFilter.doFilter(ExceptionTranslationFilter.java:126)
	at org.springframework.security.web.access.ExceptionTranslationFilter.doFilter(ExceptionTranslationFilter.java:120)
	at org.springframework.security.web.FilterChainProxy$VirtualFilterChain.doFilter(FilterChainProxy.java:385)
	at org.springframework.security.web.session.SessionManagementFilter.doFilter(SessionManagementFilter.java:132)
	at org.springframework.security.web.session.SessionManagementFilter.doFilter(SessionManagementFilter.java:86)
	at org.springframework.security.web.FilterChainProxy$VirtualFilterChain.doFilter(FilterChainProxy.java:385)
	at org.springframework.security.web.authentication.AnonymousAuthenticationFilter.doFilter(AnonymousAuthenticationFilter.java:100)
	at org.springframework.security.web.FilterChainProxy$VirtualFilterChain.doFilter(FilterChainProxy.java:385)
	at org.springframework.security.web.servletapi.SecurityContextHolderAwareRequestFilter.doFilter(SecurityContextHolderAwareRequestFilter.java:181)
	at org.springframework.security.web.FilterChainProxy$VirtualFilterChain.doFilter(FilterChainProxy.java:385)
	at org.springframework.security.web.savedrequest.RequestCacheAwareFilter.doFilter(RequestCacheAwareFilter.java:63)
	at org.springframework.security.web.FilterChainProxy$VirtualFilterChain.doFilter(FilterChainProxy.java:385)
	at com.example.Docgen_Backend.config.JwtFilter.doFilterInternal(JwtFilter.java:111)
	at org.springframework.web.filter.OncePerRequestFilter.doFilter(OncePerRequestFilter.java:116)
	at org.springframework.security.web.FilterChainProxy$VirtualFilterChain.doFilter(FilterChainProxy.java:385)
	at org.springframework.security.web.authentication.logout.LogoutFilter.doFilter(LogoutFilter.java:110)
	at org.springframework.security.web.authentication.logout.LogoutFilter.doFilter(LogoutFilter.java:96)
	at org.springframework.security.web.FilterChainProxy$VirtualFilterChain.doFilter(FilterChainProxy.java:385)
	at org.springframework.web.filter.CorsFilter.doFilterInternal(CorsFilter.java:91)
	at org.springframework.web.filter.OncePerRequestFilter.doFilter(OncePerRequestFilter.java:116)
	at org.springframework.security.web.FilterChainProxy$VirtualFilterChain.doFilter(FilterChainProxy.java:385)
	at org.springframework.security.web.header.HeaderWriterFilter.doHeadersAfter(HeaderWriterFilter.java:90)
	at org.springframework.security.web.header.HeaderWriterFilter.doFilterInternal(HeaderWriterFilter.java:75)
	at org.springframework.web.filter.OncePerRequestFilter.doFilter(OncePerRequestFilter.java:116)
	at org.springframework.security.web.FilterChainProxy$VirtualFilterChain.doFilter(FilterChainProxy.java:385)
	at org.springframework.security.web.context.SecurityContextHolderFilter.doFilter(SecurityContextHolderFilter.java:82)
	at org.springframework.security.web.context.SecurityContextHolderFilter.doFilter(SecurityContextHolderFilter.java:69)
	at org.springframework.security.web.FilterChainProxy$VirtualFilterChain.doFilter(FilterChainProxy.java:385)
	at org.springframework.security.web.context.request.async.WebAsyncManagerIntegrationFilter.doFilterInternal(WebAsyncManagerIntegrationFilter.java:62)
	at org.springframework.web.filter.OncePerRequestFilter.doFilter(OncePerRequestFilter.java:116)
	at org.springframework.security.web.FilterChainProxy$VirtualFilterChain.doFilter(FilterChainProxy.java:385)
	at org.springframework.security.web.session.DisableEncodeUrlFilter.doFilterInternal(DisableEncodeUrlFilter.java:42)
	at org.springframework.web.filter.OncePerRequestFilter.doFilter(OncePerRequestFilter.java:116)
	at org.springframework.security.web.FilterChainProxy$VirtualFilterChain.doFilter(FilterChainProxy.java:385)
	at org.springframework.security.web.FilterChainProxy.doFilterInternal(FilterChainProxy.java:237)
	at org.springframework.security.web.FilterChainProxy.doFilter(FilterChainProxy.java:195)
	at org.springframework.web.filter.CompositeFilter$VirtualFilterChain.doFilter(CompositeFilter.java:113)
	at org.springframework.web.filter.ServletRequestPathFilter.doFilter(ServletRequestPathFilter.java:52)
	at org.springframework.web.filter.CompositeFilter$VirtualFilterChain.doFilter(CompositeFilter.java:113)
	at org.springframework.web.filter.CompositeFilter.doFilter(CompositeFilter.java:74)
	at org.springframework.security.config.annotation.web.configuration.WebSecurityConfiguration$CompositeFilterChainProxy.doFilter(WebSecurityConfiguration.java:317)
	at org.springframework.web.filter.DelegatingFilterProxy.invokeDelegate(DelegatingFilterProxy.java:355)
	at org.springframework.web.filter.DelegatingFilterProxy.doFilter(DelegatingFilterProxy.java:272)
	at org.apache.catalina.core.ApplicationFilterChain.doFilter(ApplicationFilterChain.java:107)
	at org.springframework.web.filter.RequestContextFilter.doFilterInternal(RequestContextFilter.java:100)
	at org.springframework.web.filter.OncePerRequestFilter.doFilter(OncePerRequestFilter.java:116)
	at org.apache.catalina.core.ApplicationFilterChain.doFilter(ApplicationFilterChain.java:107)
	at org.springframework.web.filter.FormContentFilter.doFilterInternal(FormContentFilter.java:93)
	at org.springframework.web.filter.OncePerRequestFilter.doFilter(OncePerRequestFilter.java:116)
	at org.apache.catalina.core.ApplicationFilterChain.doFilter(ApplicationFilterChain.java:107)
	at org.springframework.web.filter.CharacterEncodingFilter.doFilterInternal(CharacterEncodingFilter.java:199)
	at org.springframework.web.filter.OncePerRequestFilter.doFilter(OncePerRequestFilter.java:116)
	at org.apache.catalina.core.ApplicationFilterChain.doFilter(ApplicationFilterChain.java:107)
	at org.apache.catalina.core.StandardWrapperValve.invoke(StandardWrapperValve.java:165)
	at org.apache.catalina.core.StandardContextValve.invoke(StandardContextValve.java:77)
	at org.apache.catalina.authenticator.AuthenticatorBase.invoke(AuthenticatorBase.java:492)
	at org.apache.catalina.core.StandardHostValve.invoke(StandardHostValve.java:113)
	at org.apache.catalina.valves.ErrorReportValve.invoke(ErrorReportValve.java:83)
	at org.apache.catalina.core.StandardEngineValve.invoke(StandardEngineValve.java:72)
	at org.apache.catalina.connector.CoyoteAdapter.service(CoyoteAdapter.java:341)
	at org.apache.coyote.http11.Http11Processor.service(Http11Processor.java:397)
	at org.apache.coyote.AbstractProcessorLight.process(AbstractProcessorLight.java:63)
	at org.apache.coyote.AbstractProtocol$ConnectionHandler.process(AbstractProtocol.java:903)
	at org.apache.tomcat.util.net.NioEndpoint$SocketProcessor.doRun(NioEndpoint.java:1801)
	at org.apache.tomcat.util.net.SocketProcessorBase.run(SocketProcessorBase.java:52)
	at org.apache.tomcat.util.threads.ThreadPoolExecutor.runWorker(ThreadPoolExecutor.java:946)
	at org.apache.tomcat.util.threads.ThreadPoolExecutor$Worker.run(ThreadPoolExecutor.java:480)
	at org.apache.tomcat.util.threads.TaskThread$WrappingRunnable.run(TaskThread.java:57)
	at java.base/java.lang.Thread.run(Thread.java:1583)
2026-07-16 21:58:06 [http-nio-8080-exec-8] ERROR c.e.D.e.GlobalExceptionHandler - Invalid input: internshipType is required
2026-07-16 21:58:06 [http-nio-8080-exec-8] WARN  o.s.w.s.m.m.a.ExceptionHandlerExceptionResolver - Resolved [java.lang.IllegalArgumentException: internshipType is required]
2026-07-16 21:58:56 [http-nio-8080-exec-3] INFO  c.e.Docgen_Backend.config.JwtFilter - JWT validated successfully for userId=6a311365ec2c34f3d9e4f06e
2026-07-16 21:58:56 [http-nio-8080-exec-3] INFO  c.e.D.controller.UserController - PATCH /api/v2/users/14 - Update request received for employeeId=EMP169
2026-07-16 21:58:56 [http-nio-8080-exec-3] DEBUG c.e.D.controller.UserController - Update payload: CreateProfileRequest(employeeName=Pravin Chaudhary, email=pravin@test.com, mobileNo=9876543210, employeeId=EMP169, joiningDesignation=Software Developer, currentDesignation=Senior Software Developer, department=Engineering, currentAddress=Pune, Maharashtra, permanentAddress=null, accountNo=1234567890, bankName=Canara Bank, joiningCTC=600000.0, currentCTC=850000.0, dateOfBirth=1998-05-10, offerDate=2024-01-01, joiningDate=2024-02-01, panNo=ABCDE1234F, company=SMT, pfType=WITH_PF, identity=MR, documents=[INTERNSHIP_LETTER, EXPERIENCE_LETTER, FULL_AND_FINAL, SALARY_SLIP, OFFER_LETTER], documentData={OFFER_LETTER={issueDate=2024-01-01, probationPeriod=6}, INTERNSHIP_LETTER={internshipType=null, stipend=0, startDate=2023-06-01, endDate=2023-12-01, issueDate=2023-06-01}, EXPERIENCE_LETTER={relievingDate=2025-01-01, issueDate=2025-01-01}, FULL_AND_FINAL={fnfDate=2025-01-10, issueDate=2025-01-10, month=2025-01, resignationDate=2024-12-01, leavingDate=2025-01-05, paidDays=25, totalDaysInMonth=31}, SALARY_SLIP={startMonth=2024-01, endMonth=2024-02, salaryWorkdays={2024-01=31, 2024-02=29}}})
2026-07-16 21:58:56 [http-nio-8080-exec-3] INFO  c.e.D.service.impl.UserServiceImpl - Updating user profile | userId=14 | employeeId=EMP169
2026-07-16 21:58:56 [http-nio-8080-exec-3] WARN  com.zaxxer.hikari.pool.PoolBase - HikariPool-1 - Failed to validate connection com.mysql.cj.jdbc.ConnectionImpl@7ca63e5c (No operations allowed after connection closed.). Possibly consider using a shorter maxLifetime value.
2026-07-16 21:58:56 [http-nio-8080-exec-3] WARN  com.zaxxer.hikari.pool.PoolBase - HikariPool-1 - Failed to validate connection com.mysql.cj.jdbc.ConnectionImpl@4812eed1 (No operations allowed after connection closed.). Possibly consider using a shorter maxLifetime value.
2026-07-16 21:58:56 [http-nio-8080-exec-3] WARN  com.zaxxer.hikari.pool.PoolBase - HikariPool-1 - Failed to validate connection com.mysql.cj.jdbc.ConnectionImpl@60ff2ba3 (No operations allowed after connection closed.). Possibly consider using a shorter maxLifetime value.
2026-07-16 21:58:57 [http-nio-8080-exec-3] DEBUG c.e.D.service.impl.UserServiceImpl - Existing user fetched | userId=14 | oldEmployeeId=EMP169
2026-07-16 21:58:57 [http-nio-8080-exec-3] DEBUG c.e.D.service.impl.UserServiceImpl - Updating documents | userId=14
2026-07-16 21:58:57 [http-nio-8080-exec-3] ERROR c.e.D.service.impl.UserServiceImpl - Error while updating user profile | userId=14 | error=internshipType is required
java.lang.IllegalArgumentException: internshipType is required
	at com.example.Docgen_Backend.service.impl.UserServiceImpl.getRequiredString(UserServiceImpl.java:180)
	at com.example.Docgen_Backend.service.impl.UserServiceImpl.upsertInternshipLetter(UserServiceImpl.java:886)
	at com.example.Docgen_Backend.service.impl.UserServiceImpl.processUpdateDocuments(UserServiceImpl.java:775)
	at com.example.Docgen_Backend.service.impl.UserServiceImpl.updateProfile(UserServiceImpl.java:725)
	at com.example.Docgen_Backend.controller.UserController.updateProfile(UserController.java:142)
	at java.base/jdk.internal.reflect.DirectMethodHandleAccessor.invoke(DirectMethodHandleAccessor.java:103)
	at java.base/java.lang.reflect.Method.invoke(Method.java:580)
	at org.springframework.web.method.support.InvocableHandlerMethod.doInvoke(InvocableHandlerMethod.java:252)
	at org.springframework.web.method.support.InvocableHandlerMethod.invokeForRequest(InvocableHandlerMethod.java:184)
	at org.springframework.web.servlet.mvc.method.annotation.ServletInvocableHandlerMethod.invokeAndHandle(ServletInvocableHandlerMethod.java:117)
	at org.springframework.web.servlet.mvc.method.annotation.RequestMappingHandlerAdapter.invokeHandlerMethod(RequestMappingHandlerAdapter.java:934)
	at org.springframework.web.servlet.mvc.method.annotation.RequestMappingHandlerAdapter.handleInternal(RequestMappingHandlerAdapter.java:853)
	at org.springframework.web.servlet.mvc.method.AbstractHandlerMethodAdapter.handle(AbstractHandlerMethodAdapter.java:86)
	at org.springframework.web.servlet.DispatcherServlet.doDispatch(DispatcherServlet.java:963)
	at org.springframework.web.servlet.DispatcherServlet.doService(DispatcherServlet.java:866)
	at org.springframework.web.servlet.FrameworkServlet.processRequest(FrameworkServlet.java:1000)
	at org.springframework.web.servlet.FrameworkServlet.service(FrameworkServlet.java:877)
	at jakarta.servlet.http.HttpServlet.service(HttpServlet.java:710)
	at org.apache.catalina.core.ApplicationFilterChain.doFilter(ApplicationFilterChain.java:128)
	at org.apache.tomcat.websocket.server.WsFilter.doFilter(WsFilter.java:53)
	at org.apache.catalina.core.ApplicationFilterChain.doFilter(ApplicationFilterChain.java:107)
	at org.springframework.web.filter.OncePerRequestFilter.doFilter(OncePerRequestFilter.java:110)
	at org.apache.catalina.core.ApplicationFilterChain.doFilter(ApplicationFilterChain.java:107)
	at org.springframework.web.filter.CompositeFilter$VirtualFilterChain.doFilter(CompositeFilter.java:108)
	at org.springframework.security.web.FilterChainProxy.lambda$doFilterInternal$3(FilterChainProxy.java:235)
	at org.springframework.security.web.FilterChainProxy$VirtualFilterChain.doFilter(FilterChainProxy.java:376)
	at org.springframework.security.web.access.intercept.AuthorizationFilter.doFilter(AuthorizationFilter.java:101)
	at org.springframework.security.web.FilterChainProxy$VirtualFilterChain.doFilter(FilterChainProxy.java:385)
	at org.springframework.security.web.access.ExceptionTranslationFilter.doFilter(ExceptionTranslationFilter.java:126)
	at org.springframework.security.web.access.ExceptionTranslationFilter.doFilter(ExceptionTranslationFilter.java:120)
	at org.springframework.security.web.FilterChainProxy$VirtualFilterChain.doFilter(FilterChainProxy.java:385)
	at org.springframework.security.web.session.SessionManagementFilter.doFilter(SessionManagementFilter.java:132)
	at org.springframework.security.web.session.SessionManagementFilter.doFilter(SessionManagementFilter.java:86)
	at org.springframework.security.web.FilterChainProxy$VirtualFilterChain.doFilter(FilterChainProxy.java:385)
	at org.springframework.security.web.authentication.AnonymousAuthenticationFilter.doFilter(AnonymousAuthenticationFilter.java:100)
	at org.springframework.security.web.FilterChainProxy$VirtualFilterChain.doFilter(FilterChainProxy.java:385)
	at org.springframework.security.web.servletapi.SecurityContextHolderAwareRequestFilter.doFilter(SecurityContextHolderAwareRequestFilter.java:181)
	at org.springframework.security.web.FilterChainProxy$VirtualFilterChain.doFilter(FilterChainProxy.java:385)
	at org.springframework.security.web.savedrequest.RequestCacheAwareFilter.doFilter(RequestCacheAwareFilter.java:63)
	at org.springframework.security.web.FilterChainProxy$VirtualFilterChain.doFilter(FilterChainProxy.java:385)
	at com.example.Docgen_Backend.config.JwtFilter.doFilterInternal(JwtFilter.java:111)
	at org.springframework.web.filter.OncePerRequestFilter.doFilter(OncePerRequestFilter.java:116)
	at org.springframework.security.web.FilterChainProxy$VirtualFilterChain.doFilter(FilterChainProxy.java:385)
	at org.springframework.security.web.authentication.logout.LogoutFilter.doFilter(LogoutFilter.java:110)
	at org.springframework.security.web.authentication.logout.LogoutFilter.doFilter(LogoutFilter.java:96)
	at org.springframework.security.web.FilterChainProxy$VirtualFilterChain.doFilter(FilterChainProxy.java:385)
	at org.springframework.web.filter.CorsFilter.doFilterInternal(CorsFilter.java:91)
	at org.springframework.web.filter.OncePerRequestFilter.doFilter(OncePerRequestFilter.java:116)
	at org.springframework.security.web.FilterChainProxy$VirtualFilterChain.doFilter(FilterChainProxy.java:385)
	at org.springframework.security.web.header.HeaderWriterFilter.doHeadersAfter(HeaderWriterFilter.java:90)
	at org.springframework.security.web.header.HeaderWriterFilter.doFilterInternal(HeaderWriterFilter.java:75)
	at org.springframework.web.filter.OncePerRequestFilter.doFilter(OncePerRequestFilter.java:116)
	at org.springframework.security.web.FilterChainProxy$VirtualFilterChain.doFilter(FilterChainProxy.java:385)
	at org.springframework.security.web.context.SecurityContextHolderFilter.doFilter(SecurityContextHolderFilter.java:82)
	at org.springframework.security.web.context.SecurityContextHolderFilter.doFilter(SecurityContextHolderFilter.java:69)
	at org.springframework.security.web.FilterChainProxy$VirtualFilterChain.doFilter(FilterChainProxy.java:385)
	at org.springframework.security.web.context.request.async.WebAsyncManagerIntegrationFilter.doFilterInternal(WebAsyncManagerIntegrationFilter.java:62)
	at org.springframework.web.filter.OncePerRequestFilter.doFilter(OncePerRequestFilter.java:116)
	at org.springframework.security.web.FilterChainProxy$VirtualFilterChain.doFilter(FilterChainProxy.java:385)
	at org.springframework.security.web.session.DisableEncodeUrlFilter.doFilterInternal(DisableEncodeUrlFilter.java:42)
	at org.springframework.web.filter.OncePerRequestFilter.doFilter(OncePerRequestFilter.java:116)
	at org.springframework.security.web.FilterChainProxy$VirtualFilterChain.doFilter(FilterChainProxy.java:385)
	at org.springframework.security.web.FilterChainProxy.doFilterInternal(FilterChainProxy.java:237)
	at org.springframework.security.web.FilterChainProxy.doFilter(FilterChainProxy.java:195)
	at org.springframework.web.filter.CompositeFilter$VirtualFilterChain.doFilter(CompositeFilter.java:113)
	at org.springframework.web.filter.ServletRequestPathFilter.doFilter(ServletRequestPathFilter.java:52)
	at org.springframework.web.filter.CompositeFilter$VirtualFilterChain.doFilter(CompositeFilter.java:113)
	at org.springframework.web.filter.CompositeFilter.doFilter(CompositeFilter.java:74)
	at org.springframework.security.config.annotation.web.configuration.WebSecurityConfiguration$CompositeFilterChainProxy.doFilter(WebSecurityConfiguration.java:317)
	at org.springframework.web.filter.DelegatingFilterProxy.invokeDelegate(DelegatingFilterProxy.java:355)
	at org.springframework.web.filter.DelegatingFilterProxy.doFilter(DelegatingFilterProxy.java:272)
	at org.apache.catalina.core.ApplicationFilterChain.doFilter(ApplicationFilterChain.java:107)
	at org.springframework.web.filter.RequestContextFilter.doFilterInternal(RequestContextFilter.java:100)
	at org.springframework.web.filter.OncePerRequestFilter.doFilter(OncePerRequestFilter.java:116)
	at org.apache.catalina.core.ApplicationFilterChain.doFilter(ApplicationFilterChain.java:107)
	at org.springframework.web.filter.FormContentFilter.doFilterInternal(FormContentFilter.java:93)
	at org.springframework.web.filter.OncePerRequestFilter.doFilter(OncePerRequestFilter.java:116)
	at org.apache.catalina.core.ApplicationFilterChain.doFilter(ApplicationFilterChain.java:107)
	at org.springframework.web.filter.CharacterEncodingFilter.doFilterInternal(CharacterEncodingFilter.java:199)
	at org.springframework.web.filter.OncePerRequestFilter.doFilter(OncePerRequestFilter.java:116)
	at org.apache.catalina.core.ApplicationFilterChain.doFilter(ApplicationFilterChain.java:107)
	at org.apache.catalina.core.StandardWrapperValve.invoke(StandardWrapperValve.java:165)
	at org.apache.catalina.core.StandardContextValve.invoke(StandardContextValve.java:77)
	at org.apache.catalina.authenticator.AuthenticatorBase.invoke(AuthenticatorBase.java:492)
	at org.apache.catalina.core.StandardHostValve.invoke(StandardHostValve.java:113)
	at org.apache.catalina.valves.ErrorReportValve.invoke(ErrorReportValve.java:83)
	at org.apache.catalina.core.StandardEngineValve.invoke(StandardEngineValve.java:72)
	at org.apache.catalina.connector.CoyoteAdapter.service(CoyoteAdapter.java:341)
	at org.apache.coyote.http11.Http11Processor.service(Http11Processor.java:397)
	at org.apache.coyote.AbstractProcessorLight.process(AbstractProcessorLight.java:63)
	at org.apache.coyote.AbstractProtocol$ConnectionHandler.process(AbstractProtocol.java:903)
	at org.apache.tomcat.util.net.NioEndpoint$SocketProcessor.doRun(NioEndpoint.java:1801)
	at org.apache.tomcat.util.net.SocketProcessorBase.run(SocketProcessorBase.java:52)
	at org.apache.tomcat.util.threads.ThreadPoolExecutor.runWorker(ThreadPoolExecutor.java:946)
	at org.apache.tomcat.util.threads.ThreadPoolExecutor$Worker.run(ThreadPoolExecutor.java:480)
	at org.apache.tomcat.util.threads.TaskThread$WrappingRunnable.run(TaskThread.java:57)
	at java.base/java.lang.Thread.run(Thread.java:1583)
2026-07-16 21:58:57 [http-nio-8080-exec-3] ERROR c.e.D.e.GlobalExceptionHandler - Invalid input: internshipType is required
2026-07-16 21:58:57 [http-nio-8080-exec-3] WARN  o.s.w.s.m.m.a.ExceptionHandlerExceptionResolver - Resolved [java.lang.IllegalArgumentException: internshipType is required]
2026-07-16 21:59:08 [http-nio-8080-exec-1] INFO  c.e.Docgen_Backend.config.JwtFilter - JWT validated successfully for userId=6a311365ec2c34f3d9e4f06e
2026-07-16 21:59:08 [http-nio-8080-exec-1] INFO  c.e.D.controller.UserController - PATCH /api/v2/users/14 - Update request received for employeeId=EMP169
2026-07-16 21:59:08 [http-nio-8080-exec-1] DEBUG c.e.D.controller.UserController - Update payload: CreateProfileRequest(employeeName=Pravin Chaudhary, email=pravin@test.com, mobileNo=9876543210, employeeId=EMP169, joiningDesignation=Software Developer, currentDesignation=Senior Software Developer, department=Engineering, currentAddress=Pune, Maharashtra, permanentAddress=null, accountNo=1234567890, bankName=Canara Bank, joiningCTC=600000.0, currentCTC=850000.0, dateOfBirth=1998-05-10, offerDate=2024-01-01, joiningDate=2024-02-01, panNo=ABCDE1234F, company=SMT, pfType=WITH_PF, identity=MR, documents=[EXPERIENCE_LETTER, FULL_AND_FINAL, SALARY_SLIP, OFFER_LETTER], documentData={OFFER_LETTER={issueDate=2024-01-01, probationPeriod=6}, EXPERIENCE_LETTER={relievingDate=2025-01-01, issueDate=2025-01-01}, FULL_AND_FINAL={fnfDate=2025-01-10, issueDate=2025-01-10, month=2025-01, resignationDate=2024-12-01, leavingDate=2025-01-05, paidDays=25, totalDaysInMonth=31}, SALARY_SLIP={startMonth=2024-01, endMonth=2024-02, salaryWorkdays={2024-01=31, 2024-02=29}}})
2026-07-16 21:59:08 [http-nio-8080-exec-1] INFO  c.e.D.service.impl.UserServiceImpl - Updating user profile | userId=14 | employeeId=EMP169
2026-07-16 21:59:09 [http-nio-8080-exec-1] DEBUG c.e.D.service.impl.UserServiceImpl - Existing user fetched | userId=14 | oldEmployeeId=EMP169
2026-07-16 21:59:09 [http-nio-8080-exec-1] DEBUG c.e.D.service.impl.UserServiceImpl - Updating documents | userId=14
2026-07-16 21:59:09 [http-nio-8080-exec-1] INFO  c.e.D.service.impl.UserServiceImpl - User profile updated successfully | userId=14 | timeTaken=1327ms
2026-07-16 21:59:09 [http-nio-8080-exec-1] INFO  c.e.D.controller.UserController - Profile updated successfully for userId=14, employeeId=EMP169
2026-07-16 21:59:29 [http-nio-8080-exec-6] INFO  c.e.Docgen_Backend.config.JwtFilter - JWT validated successfully for userId=6a311365ec2c34f3d9e4f06e
2026-07-16 21:59:29 [http-nio-8080-exec-6] ERROR c.e.D.e.GlobalExceptionHandler - Unexpected error occurred
org.springframework.web.method.annotation.MethodArgumentTypeMismatchException: Method parameter 'id': Failed to convert value of type 'java.lang.String' to required type 'java.lang.Long'; For input string: "undefined"
	at org.springframework.web.method.annotation.AbstractNamedValueMethodArgumentResolver.convertIfNecessary(AbstractNamedValueMethodArgumentResolver.java:295)
	at org.springframework.web.method.annotation.AbstractNamedValueMethodArgumentResolver.resolveArgument(AbstractNamedValueMethodArgumentResolver.java:134)
	at org.springframework.web.method.support.HandlerMethodArgumentResolverComposite.resolveArgument(HandlerMethodArgumentResolverComposite.java:122)
	at org.springframework.web.method.support.InvocableHandlerMethod.getMethodArgumentValues(InvocableHandlerMethod.java:224)
	at org.springframework.web.method.support.InvocableHandlerMethod.invokeForRequest(InvocableHandlerMethod.java:174)
	at org.springframework.web.servlet.mvc.method.annotation.ServletInvocableHandlerMethod.invokeAndHandle(ServletInvocableHandlerMethod.java:117)
	at org.springframework.web.servlet.mvc.method.annotation.RequestMappingHandlerAdapter.invokeHandlerMethod(RequestMappingHandlerAdapter.java:934)
	at org.springframework.web.servlet.mvc.method.annotation.RequestMappingHandlerAdapter.handleInternal(RequestMappingHandlerAdapter.java:853)
	at org.springframework.web.servlet.mvc.method.AbstractHandlerMethodAdapter.handle(AbstractHandlerMethodAdapter.java:86)
	at org.springframework.web.servlet.DispatcherServlet.doDispatch(DispatcherServlet.java:963)
	at org.springframework.web.servlet.DispatcherServlet.doService(DispatcherServlet.java:866)
	at org.springframework.web.servlet.FrameworkServlet.processRequest(FrameworkServlet.java:1000)
	at org.springframework.web.servlet.FrameworkServlet.service(FrameworkServlet.java:877)
	at jakarta.servlet.http.HttpServlet.service(HttpServlet.java:710)
	at org.apache.catalina.core.ApplicationFilterChain.doFilter(ApplicationFilterChain.java:128)
	at org.apache.tomcat.websocket.server.WsFilter.doFilter(WsFilter.java:53)
	at org.apache.catalina.core.ApplicationFilterChain.doFilter(ApplicationFilterChain.java:107)
	at org.springframework.web.filter.OncePerRequestFilter.doFilter(OncePerRequestFilter.java:110)
	at org.apache.catalina.core.ApplicationFilterChain.doFilter(ApplicationFilterChain.java:107)
	at org.springframework.web.filter.CompositeFilter$VirtualFilterChain.doFilter(CompositeFilter.java:108)
	at org.springframework.security.web.FilterChainProxy.lambda$doFilterInternal$3(FilterChainProxy.java:235)
	at org.springframework.security.web.FilterChainProxy$VirtualFilterChain.doFilter(FilterChainProxy.java:376)
	at org.springframework.security.web.access.intercept.AuthorizationFilter.doFilter(AuthorizationFilter.java:101)
	at org.springframework.security.web.FilterChainProxy$VirtualFilterChain.doFilter(FilterChainProxy.java:385)
	at org.springframework.security.web.access.ExceptionTranslationFilter.doFilter(ExceptionTranslationFilter.java:126)
	at org.springframework.security.web.access.ExceptionTranslationFilter.doFilter(ExceptionTranslationFilter.java:120)
	at org.springframework.security.web.FilterChainProxy$VirtualFilterChain.doFilter(FilterChainProxy.java:385)
	at org.springframework.security.web.session.SessionManagementFilter.doFilter(SessionManagementFilter.java:132)
	at org.springframework.security.web.session.SessionManagementFilter.doFilter(SessionManagementFilter.java:86)
	at org.springframework.security.web.FilterChainProxy$VirtualFilterChain.doFilter(FilterChainProxy.java:385)
	at org.springframework.security.web.authentication.AnonymousAuthenticationFilter.doFilter(AnonymousAuthenticationFilter.java:100)
	at org.springframework.security.web.FilterChainProxy$VirtualFilterChain.doFilter(FilterChainProxy.java:385)
	at org.springframework.security.web.servletapi.SecurityContextHolderAwareRequestFilter.doFilter(SecurityContextHolderAwareRequestFilter.java:181)
	at org.springframework.security.web.FilterChainProxy$VirtualFilterChain.doFilter(FilterChainProxy.java:385)
	at org.springframework.security.web.savedrequest.RequestCacheAwareFilter.doFilter(RequestCacheAwareFilter.java:63)
	at org.springframework.security.web.FilterChainProxy$VirtualFilterChain.doFilter(FilterChainProxy.java:385)
	at com.example.Docgen_Backend.config.JwtFilter.doFilterInternal(JwtFilter.java:111)
	at org.springframework.web.filter.OncePerRequestFilter.doFilter(OncePerRequestFilter.java:116)
	at org.springframework.security.web.FilterChainProxy$VirtualFilterChain.doFilter(FilterChainProxy.java:385)
	at org.springframework.security.web.authentication.logout.LogoutFilter.doFilter(LogoutFilter.java:110)
	at org.springframework.security.web.authentication.logout.LogoutFilter.doFilter(LogoutFilter.java:96)
	at org.springframework.security.web.FilterChainProxy$VirtualFilterChain.doFilter(FilterChainProxy.java:385)
	at org.springframework.web.filter.CorsFilter.doFilterInternal(CorsFilter.java:91)
	at org.springframework.web.filter.OncePerRequestFilter.doFilter(OncePerRequestFilter.java:116)
	at org.springframework.security.web.FilterChainProxy$VirtualFilterChain.doFilter(FilterChainProxy.java:385)
	at org.springframework.security.web.header.HeaderWriterFilter.doHeadersAfter(HeaderWriterFilter.java:90)
	at org.springframework.security.web.header.HeaderWriterFilter.doFilterInternal(HeaderWriterFilter.java:75)
	at org.springframework.web.filter.OncePerRequestFilter.doFilter(OncePerRequestFilter.java:116)
	at org.springframework.security.web.FilterChainProxy$VirtualFilterChain.doFilter(FilterChainProxy.java:385)
	at org.springframework.security.web.context.SecurityContextHolderFilter.doFilter(SecurityContextHolderFilter.java:82)
	at org.springframework.security.web.context.SecurityContextHolderFilter.doFilter(SecurityContextHolderFilter.java:69)
	at org.springframework.security.web.FilterChainProxy$VirtualFilterChain.doFilter(FilterChainProxy.java:385)
	at org.springframework.security.web.context.request.async.WebAsyncManagerIntegrationFilter.doFilterInternal(WebAsyncManagerIntegrationFilter.java:62)
	at org.springframework.web.filter.OncePerRequestFilter.doFilter(OncePerRequestFilter.java:116)
	at org.springframework.security.web.FilterChainProxy$VirtualFilterChain.doFilter(FilterChainProxy.java:385)
	at org.springframework.security.web.session.DisableEncodeUrlFilter.doFilterInternal(DisableEncodeUrlFilter.java:42)
	at org.springframework.web.filter.OncePerRequestFilter.doFilter(OncePerRequestFilter.java:116)
	at org.springframework.security.web.FilterChainProxy$VirtualFilterChain.doFilter(FilterChainProxy.java:385)
	at org.springframework.security.web.FilterChainProxy.doFilterInternal(FilterChainProxy.java:237)
	at org.springframework.security.web.FilterChainProxy.doFilter(FilterChainProxy.java:195)
	at org.springframework.web.filter.CompositeFilter$VirtualFilterChain.doFilter(CompositeFilter.java:113)
	at org.springframework.web.filter.ServletRequestPathFilter.doFilter(ServletRequestPathFilter.java:52)
	at org.springframework.web.filter.CompositeFilter$VirtualFilterChain.doFilter(CompositeFilter.java:113)
	at org.springframework.web.filter.CompositeFilter.doFilter(CompositeFilter.java:74)
	at org.springframework.security.config.annotation.web.configuration.WebSecurityConfiguration$CompositeFilterChainProxy.doFilter(WebSecurityConfiguration.java:317)
	at org.springframework.web.filter.DelegatingFilterProxy.invokeDelegate(DelegatingFilterProxy.java:355)
	at org.springframework.web.filter.DelegatingFilterProxy.doFilter(DelegatingFilterProxy.java:272)
	at org.apache.catalina.core.ApplicationFilterChain.doFilter(ApplicationFilterChain.java:107)
	at org.springframework.web.filter.RequestContextFilter.doFilterInternal(RequestContextFilter.java:100)
	at org.springframework.web.filter.OncePerRequestFilter.doFilter(OncePerRequestFilter.java:116)
	at org.apache.catalina.core.ApplicationFilterChain.doFilter(ApplicationFilterChain.java:107)
	at org.springframework.web.filter.FormContentFilter.doFilterInternal(FormContentFilter.java:93)
	at org.springframework.web.filter.OncePerRequestFilter.doFilter(OncePerRequestFilter.java:116)
	at org.apache.catalina.core.ApplicationFilterChain.doFilter(ApplicationFilterChain.java:107)
	at org.springframework.web.filter.CharacterEncodingFilter.doFilterInternal(CharacterEncodingFilter.java:199)
	at org.springframework.web.filter.OncePerRequestFilter.doFilter(OncePerRequestFilter.java:116)
	at org.apache.catalina.core.ApplicationFilterChain.doFilter(ApplicationFilterChain.java:107)
	at org.apache.catalina.core.StandardWrapperValve.invoke(StandardWrapperValve.java:165)
	at org.apache.catalina.core.StandardContextValve.invoke(StandardContextValve.java:77)
	at org.apache.catalina.authenticator.AuthenticatorBase.invoke(AuthenticatorBase.java:492)
	at org.apache.catalina.core.StandardHostValve.invoke(StandardHostValve.java:113)
	at org.apache.catalina.valves.ErrorReportValve.invoke(ErrorReportValve.java:83)
	at org.apache.catalina.core.StandardEngineValve.invoke(StandardEngineValve.java:72)
	at org.apache.catalina.connector.CoyoteAdapter.service(CoyoteAdapter.java:341)
	at org.apache.coyote.http11.Http11Processor.service(Http11Processor.java:397)
	at org.apache.coyote.AbstractProcessorLight.process(AbstractProcessorLight.java:63)
	at org.apache.coyote.AbstractProtocol$ConnectionHandler.process(AbstractProtocol.java:903)
	at org.apache.tomcat.util.net.NioEndpoint$SocketProcessor.doRun(NioEndpoint.java:1801)
	at org.apache.tomcat.util.net.SocketProcessorBase.run(SocketProcessorBase.java:52)
	at org.apache.tomcat.util.threads.ThreadPoolExecutor.runWorker(ThreadPoolExecutor.java:946)
	at org.apache.tomcat.util.threads.ThreadPoolExecutor$Worker.run(ThreadPoolExecutor.java:480)
	at org.apache.tomcat.util.threads.TaskThread$WrappingRunnable.run(TaskThread.java:57)
	at java.base/java.lang.Thread.run(Thread.java:1583)
Caused by: java.lang.NumberFormatException: For input string: "undefined"
	at java.base/java.lang.NumberFormatException.forInputString(NumberFormatException.java:67)
	at java.base/java.lang.Long.parseLong(Long.java:709)
	at java.base/java.lang.Long.valueOf(Long.java:1157)
	at org.springframework.util.NumberUtils.parseNumber(NumberUtils.java:204)
	at org.springframework.beans.propertyeditors.CustomNumberEditor.setAsText(CustomNumberEditor.java:115)
	at org.springframework.beans.TypeConverterDelegate.doConvertTextValue(TypeConverterDelegate.java:434)
	at org.springframework.beans.TypeConverterDelegate.doConvertValue(TypeConverterDelegate.java:407)
	at org.springframework.beans.TypeConverterDelegate.convertIfNecessary(TypeConverterDelegate.java:158)
	at org.springframework.beans.TypeConverterSupport.convertIfNecessary(TypeConverterSupport.java:75)
	at org.springframework.beans.TypeConverterSupport.convertIfNecessary(TypeConverterSupport.java:51)
	at org.springframework.validation.DataBinder.convertIfNecessary(DataBinder.java:843)
	at org.springframework.web.method.annotation.AbstractNamedValueMethodArgumentResolver.convertIfNecessary(AbstractNamedValueMethodArgumentResolver.java:287)
	... 92 common frames omitted
2026-07-16 21:59:29 [http-nio-8080-exec-6] WARN  o.s.w.s.m.m.a.ExceptionHandlerExceptionResolver - Resolved [org.springframework.web.method.annotation.MethodArgumentTypeMismatchException: Method parameter 'id': Failed to convert value of type 'java.lang.String' to required type 'java.lang.Long'; For input string: "undefined"]
2026-07-16 21:59:41 [http-nio-8080-exec-5] INFO  c.e.Docgen_Backend.config.JwtFilter - JWT validated successfully for userId=6a311365ec2c34f3d9e4f06e
2026-07-16 21:59:41 [http-nio-8080-exec-5] INFO  c.e.D.controller.UserController - GET /api/v2/users - Fetch all users request received | page=0, size=8, sortBy=id, direction=desc
2026-07-16 21:59:41 [http-nio-8080-exec-5] WARN  com.zaxxer.hikari.pool.PoolBase - HikariPool-1 - Failed to validate connection com.mysql.cj.jdbc.ConnectionImpl@7dc745df (No operations allowed after connection closed.). Possibly consider using a shorter maxLifetime value.
2026-07-16 21:59:41 [http-nio-8080-exec-5] WARN  com.zaxxer.hikari.pool.PoolBase - HikariPool-1 - Failed to validate connection com.mysql.cj.jdbc.ConnectionImpl@50ae208b (No operations allowed after connection closed.). Possibly consider using a shorter maxLifetime value.
2026-07-16 21:59:41 [http-nio-8080-exec-5] WARN  com.zaxxer.hikari.pool.PoolBase - HikariPool-1 - Failed to validate connection com.mysql.cj.jdbc.ConnectionImpl@17c12f8b (No operations allowed after connection closed.). Possibly consider using a shorter maxLifetime value.
2026-07-16 21:59:46 [http-nio-8080-exec-5] INFO  c.e.D.controller.UserController - Fetched 8 users on page 0 of 2
2026-07-16 21:59:47 [http-nio-8080-exec-2] INFO  c.e.Docgen_Backend.config.JwtFilter - JWT validated successfully for userId=6a311365ec2c34f3d9e4f06e
2026-07-16 21:59:47 [http-nio-8080-exec-2] INFO  c.e.D.controller.UserController - GET /api/v2/users - Fetch all users request received | page=0, size=8, sortBy=id, direction=desc
2026-07-16 21:59:49 [http-nio-8080-exec-4] INFO  c.e.Docgen_Backend.config.JwtFilter - JWT validated successfully for userId=6a311365ec2c34f3d9e4f06e
2026-07-16 21:59:49 [http-nio-8080-exec-4] INFO  c.e.D.controller.UserController - GET /api/v2/users/14 - Fetch request received
2026-07-16 21:59:49 [http-nio-8080-exec-4] INFO  c.e.D.service.impl.UserServiceImpl - Fetching user profile for edit | userId=14
2026-07-16 21:59:49 [http-nio-8080-exec-4] DEBUG c.e.D.service.impl.UserServiceImpl - User found | userId=14 | employeeId=EMP169
2026-07-16 21:59:49 [http-nio-8080-exec-4] INFO  c.e.D.service.impl.UserServiceImpl - User profile fetched successfully | userId=14 | timeTaken=427ms
2026-07-16 21:59:49 [http-nio-8080-exec-4] INFO  c.e.D.controller.UserController - Profile fetched successfully for userId=14
2026-07-16 21:59:49 [http-nio-8080-exec-4] DEBUG c.e.D.controller.UserController - Fetched profile data: UserProfileResponseDTO(id=14, employeeName=Pravin Chaudhary, employeeId=EMP169, email=pravin@test.com, mobileNo=9876543210, joiningDesignation=Software Developer, currentDesignation=Senior Software Developer, department=Engineering, company=SMT, identity=MR, pfType=WITH_PF, accountNo=1234567890, bankName=Canara Bank, currentAddress=Pune, Maharashtra, permanentAddress=null, joiningCTC=600000.0, currentCTC=850000.0, dateOfBirth=1998-05-10, offerDate=2024-01-01, joiningDate=2024-02-01, panNo=ABCDE1234F, documents={APPOINTMENT_LETTER=DocumentResponseDTO(generated=false, data=null), INTERNSHIP_LETTER=DocumentResponseDTO(generated=false, data=null), EXPERIENCE_LETTER=DocumentResponseDTO(generated=true, data={issueDate=2025-01-01, relievingDate=2025-01-01}), FULL_AND_FINAL=DocumentResponseDTO(generated=true, data={fnfDate=2025-01-10, totalDaysInMonth=31, month=2025-01, issueDate=2025-01-10, resignationDate=2024-12-01, paidDays=25, leavingDate=2025-01-05}), CONFIRMATION_LETTER=DocumentResponseDTO(generated=false, data=null), INCREMENT_LETTER=DocumentResponseDTO(generated=false, data=null), RELIEVING_LETTER=DocumentResponseDTO(generated=false, data=null), SALARY_SLIP=DocumentResponseDTO(generated=true, data={startMonth=2024-01, endMonth=2024-02}), COMPLETION_LETTER=DocumentResponseDTO(generated=false, data=null), OFFER_LETTER=DocumentResponseDTO(generated=true, data={issueDate=2024-01-01, probationPeriod=6})})
2026-07-16 21:59:49 [http-nio-8080-exec-1] INFO  c.e.Docgen_Backend.config.JwtFilter - JWT validated successfully for userId=6a311365ec2c34f3d9e4f06e
2026-07-16 21:59:49 [http-nio-8080-exec-1] INFO  c.e.D.controller.UserController - GET /api/v2/users/14 - Fetch request received
2026-07-16 21:59:49 [http-nio-8080-exec-1] INFO  c.e.D.service.impl.UserServiceImpl - Fetching user profile for edit | userId=14
2026-07-16 21:59:49 [http-nio-8080-exec-1] DEBUG c.e.D.service.impl.UserServiceImpl - User found | userId=14 | employeeId=EMP169
2026-07-16 21:59:49 [http-nio-8080-exec-1] INFO  c.e.D.service.impl.UserServiceImpl - User profile fetched successfully | userId=14 | timeTaken=426ms
2026-07-16 21:59:49 [http-nio-8080-exec-1] INFO  c.e.D.controller.UserController - Profile fetched successfully for userId=14
2026-07-16 21:59:49 [http-nio-8080-exec-1] DEBUG c.e.D.controller.UserController - Fetched profile data: UserProfileResponseDTO(id=14, employeeName=Pravin Chaudhary, employeeId=EMP169, email=pravin@test.com, mobileNo=9876543210, joiningDesignation=Software Developer, currentDesignation=Senior Software Developer, department=Engineering, company=SMT, identity=MR, pfType=WITH_PF, accountNo=1234567890, bankName=Canara Bank, currentAddress=Pune, Maharashtra, permanentAddress=null, joiningCTC=600000.0, currentCTC=850000.0, dateOfBirth=1998-05-10, offerDate=2024-01-01, joiningDate=2024-02-01, panNo=ABCDE1234F, documents={APPOINTMENT_LETTER=DocumentResponseDTO(generated=false, data=null), INTERNSHIP_LETTER=DocumentResponseDTO(generated=false, data=null), EXPERIENCE_LETTER=DocumentResponseDTO(generated=true, data={issueDate=2025-01-01, relievingDate=2025-01-01}), FULL_AND_FINAL=DocumentResponseDTO(generated=true, data={fnfDate=2025-01-10, totalDaysInMonth=31, month=2025-01, issueDate=2025-01-10, resignationDate=2024-12-01, paidDays=25, leavingDate=2025-01-05}), CONFIRMATION_LETTER=DocumentResponseDTO(generated=false, data=null), INCREMENT_LETTER=DocumentResponseDTO(generated=false, data=null), RELIEVING_LETTER=DocumentResponseDTO(generated=false, data=null), SALARY_SLIP=DocumentResponseDTO(generated=true, data={startMonth=2024-01, endMonth=2024-02}), COMPLETION_LETTER=DocumentResponseDTO(generated=false, data=null), OFFER_LETTER=DocumentResponseDTO(generated=true, data={issueDate=2024-01-01, probationPeriod=6})})
2026-07-16 21:59:50 [http-nio-8080-exec-2] INFO  c.e.D.controller.UserController - Fetched 8 users on page 0 of 2
2026-07-16 22:00:03 [http-nio-8080-exec-6] INFO  c.e.Docgen_Backend.config.JwtFilter - JWT validated successfully for userId=6a311365ec2c34f3d9e4f06e
2026-07-16 22:00:03 [http-nio-8080-exec-6] INFO  c.e.D.controller.UserController - PATCH /api/v2/users/14 - Update request received for employeeId=EMP169
2026-07-16 22:00:03 [http-nio-8080-exec-6] DEBUG c.e.D.controller.UserController - Update payload: CreateProfileRequest(employeeName=Pravin Chaudhary, email=pravin@test.com, mobileNo=9876543210, employeeId=EMP169, joiningDesignation=Software Developer, currentDesignation=Senior Software Developer, department=Engineering, currentAddress=Pune, Maharashtra, permanentAddress=null, accountNo=1234567890, bankName=Canara Bank, joiningCTC=600000.0, currentCTC=850001.0, dateOfBirth=1998-05-10, offerDate=2024-01-01, joiningDate=2024-02-01, panNo=ABCDE1234F, company=SMT, pfType=WITH_PF, identity=MR, documents=[EXPERIENCE_LETTER, FULL_AND_FINAL, SALARY_SLIP, OFFER_LETTER], documentData={OFFER_LETTER={issueDate=2024-01-01, probationPeriod=6}, EXPERIENCE_LETTER={relievingDate=2025-01-01, issueDate=2025-01-01}, FULL_AND_FINAL={fnfDate=2025-01-10, issueDate=2025-01-10, month=2025-01, resignationDate=2024-12-01, leavingDate=2025-01-05, paidDays=25, totalDaysInMonth=31}, SALARY_SLIP={startMonth=2024-01, endMonth=2024-02, salaryWorkdays={2024-01=31, 2024-02=29}}})
2026-07-16 22:00:03 [http-nio-8080-exec-6] INFO  c.e.D.service.impl.UserServiceImpl - Updating user profile | userId=14 | employeeId=EMP169
2026-07-16 22:00:04 [http-nio-8080-exec-6] DEBUG c.e.D.service.impl.UserServiceImpl - Existing user fetched | userId=14 | oldEmployeeId=EMP169
2026-07-16 22:00:04 [http-nio-8080-exec-6] DEBUG c.e.D.service.impl.UserServiceImpl - Updating documents | userId=14
2026-07-16 22:00:04 [http-nio-8080-exec-6] INFO  c.e.D.service.impl.UserServiceImpl - User profile updated successfully | userId=14 | timeTaken=1166ms
2026-07-16 22:00:04 [http-nio-8080-exec-6] INFO  c.e.D.controller.UserController - Profile updated successfully for userId=14, employeeId=EMP169
2026-07-16 22:00:49 [http-nio-8080-exec-10] INFO  c.e.Docgen_Backend.config.JwtFilter - JWT validated successfully for userId=6a311365ec2c34f3d9e4f06e
2026-07-16 22:00:49 [http-nio-8080-exec-10] INFO  c.e.D.controller.UserController - GET /api/v2/users - Fetch all users request received | page=0, size=8, sortBy=id, direction=desc
2026-07-16 22:00:49 [http-nio-8080-exec-10] WARN  com.zaxxer.hikari.pool.PoolBase - HikariPool-1 - Failed to validate connection com.mysql.cj.jdbc.ConnectionImpl@5a442d79 (No operations allowed after connection closed.). Possibly consider using a shorter maxLifetime value.
2026-07-16 22:00:49 [http-nio-8080-exec-10] WARN  com.zaxxer.hikari.pool.PoolBase - HikariPool-1 - Failed to validate connection com.mysql.cj.jdbc.ConnectionImpl@63be6c44 (No operations allowed after connection closed.). Possibly consider using a shorter maxLifetime value.
2026-07-16 22:00:49 [http-nio-8080-exec-10] WARN  com.zaxxer.hikari.pool.PoolBase - HikariPool-1 - Failed to validate connection com.mysql.cj.jdbc.ConnectionImpl@1352e46f (No operations allowed after connection closed.). Possibly consider using a shorter maxLifetime value.
2026-07-16 22:00:53 [http-nio-8080-exec-10] INFO  c.e.D.controller.UserController - Fetched 8 users on page 0 of 2
2026-07-16 22:00:53 [http-nio-8080-exec-3] INFO  c.e.Docgen_Backend.config.JwtFilter - JWT validated successfully for userId=6a311365ec2c34f3d9e4f06e
2026-07-16 22:00:53 [http-nio-8080-exec-3] INFO  c.e.D.controller.UserController - GET /api/v2/users - Fetch all users request received | page=0, size=8, sortBy=id, direction=desc
2026-07-16 22:00:55 [http-nio-8080-exec-3] INFO  c.e.D.controller.UserController - Fetched 8 users on page 0 of 2
2026-07-16 22:00:56 [http-nio-8080-exec-2] INFO  c.e.Docgen_Backend.config.JwtFilter - JWT validated successfully for userId=6a311365ec2c34f3d9e4f06e
2026-07-16 22:00:56 [http-nio-8080-exec-2] INFO  c.e.D.controller.UserController - GET /api/v2/users/14 - Fetch request received
2026-07-16 22:00:56 [http-nio-8080-exec-2] INFO  c.e.D.service.impl.UserServiceImpl - Fetching user profile for edit | userId=14
2026-07-16 22:00:57 [http-nio-8080-exec-2] DEBUG c.e.D.service.impl.UserServiceImpl - User found | userId=14 | employeeId=EMP169
2026-07-16 22:00:57 [http-nio-8080-exec-2] INFO  c.e.D.service.impl.UserServiceImpl - User profile fetched successfully | userId=14 | timeTaken=596ms
2026-07-16 22:00:57 [http-nio-8080-exec-2] INFO  c.e.D.controller.UserController - Profile fetched successfully for userId=14
2026-07-16 22:00:57 [http-nio-8080-exec-2] DEBUG c.e.D.controller.UserController - Fetched profile data: UserProfileResponseDTO(id=14, employeeName=Pravin Chaudhary, employeeId=EMP169, email=pravin@test.com, mobileNo=9876543210, joiningDesignation=Software Developer, currentDesignation=Senior Software Developer, department=Engineering, company=SMT, identity=MR, pfType=WITH_PF, accountNo=1234567890, bankName=Canara Bank, currentAddress=Pune, Maharashtra, permanentAddress=null, joiningCTC=600000.0, currentCTC=850001.0, dateOfBirth=1998-05-10, offerDate=2024-01-01, joiningDate=2024-02-01, panNo=ABCDE1234F, documents={APPOINTMENT_LETTER=DocumentResponseDTO(generated=false, data=null), INTERNSHIP_LETTER=DocumentResponseDTO(generated=false, data=null), EXPERIENCE_LETTER=DocumentResponseDTO(generated=true, data={issueDate=2025-01-01, relievingDate=2025-01-01}), FULL_AND_FINAL=DocumentResponseDTO(generated=true, data={fnfDate=2025-01-10, totalDaysInMonth=31, month=2025-01, issueDate=2025-01-10, resignationDate=2024-12-01, paidDays=25, leavingDate=2025-01-05}), CONFIRMATION_LETTER=DocumentResponseDTO(generated=false, data=null), INCREMENT_LETTER=DocumentResponseDTO(generated=false, data=null), RELIEVING_LETTER=DocumentResponseDTO(generated=false, data=null), SALARY_SLIP=DocumentResponseDTO(generated=true, data={startMonth=2024-01, endMonth=2024-02}), COMPLETION_LETTER=DocumentResponseDTO(generated=false, data=null), OFFER_LETTER=DocumentResponseDTO(generated=true, data={issueDate=2024-01-01, probationPeriod=6})})
2026-07-16 22:00:57 [http-nio-8080-exec-7] INFO  c.e.Docgen_Backend.config.JwtFilter - JWT validated successfully for userId=6a311365ec2c34f3d9e4f06e
2026-07-16 22:00:57 [http-nio-8080-exec-7] INFO  c.e.D.controller.UserController - GET /api/v2/users/14 - Fetch request received
2026-07-16 22:00:57 [http-nio-8080-exec-7] INFO  c.e.D.service.impl.UserServiceImpl - Fetching user profile for edit | userId=14
2026-07-16 22:00:57 [http-nio-8080-exec-7] DEBUG c.e.D.service.impl.UserServiceImpl - User found | userId=14 | employeeId=EMP169
2026-07-16 22:00:57 [http-nio-8080-exec-7] INFO  c.e.D.service.impl.UserServiceImpl - User profile fetched successfully | userId=14 | timeTaken=422ms
2026-07-16 22:00:57 [http-nio-8080-exec-7] INFO  c.e.D.controller.UserController - Profile fetched successfully for userId=14
2026-07-16 22:00:57 [http-nio-8080-exec-7] DEBUG c.e.D.controller.UserController - Fetched profile data: UserProfileResponseDTO(id=14, employeeName=Pravin Chaudhary, employeeId=EMP169, email=pravin@test.com, mobileNo=9876543210, joiningDesignation=Software Developer, currentDesignation=Senior Software Developer, department=Engineering, company=SMT, identity=MR, pfType=WITH_PF, accountNo=1234567890, bankName=Canara Bank, currentAddress=Pune, Maharashtra, permanentAddress=null, joiningCTC=600000.0, currentCTC=850001.0, dateOfBirth=1998-05-10, offerDate=2024-01-01, joiningDate=2024-02-01, panNo=ABCDE1234F, documents={APPOINTMENT_LETTER=DocumentResponseDTO(generated=false, data=null), INTERNSHIP_LETTER=DocumentResponseDTO(generated=false, data=null), EXPERIENCE_LETTER=DocumentResponseDTO(generated=true, data={issueDate=2025-01-01, relievingDate=2025-01-01}), FULL_AND_FINAL=DocumentResponseDTO(generated=true, data={fnfDate=2025-01-10, totalDaysInMonth=31, month=2025-01, issueDate=2025-01-10, resignationDate=2024-12-01, paidDays=25, leavingDate=2025-01-05}), CONFIRMATION_LETTER=DocumentResponseDTO(generated=false, data=null), INCREMENT_LETTER=DocumentResponseDTO(generated=false, data=null), RELIEVING_LETTER=DocumentResponseDTO(generated=false, data=null), SALARY_SLIP=DocumentResponseDTO(generated=true, data={startMonth=2024-01, endMonth=2024-02}), COMPLETION_LETTER=DocumentResponseDTO(generated=false, data=null), OFFER_LETTER=DocumentResponseDTO(generated=true, data={issueDate=2024-01-01, probationPeriod=6})})
2026-07-16 22:01:27 [http-nio-8080-exec-9] INFO  c.e.Docgen_Backend.config.JwtFilter - JWT validated successfully for userId=6a311365ec2c34f3d9e4f06e
2026-07-16 22:01:27 [http-nio-8080-exec-9] INFO  c.e.D.controller.UserController - PATCH /api/v2/users/14 - Update request received for employeeId=EMP169
2026-07-16 22:01:27 [http-nio-8080-exec-9] DEBUG c.e.D.controller.UserController - Update payload: CreateProfileRequest(employeeName=Pravin Chaudhary, email=pravin@test.com, mobileNo=9876543210, employeeId=EMP169, joiningDesignation=Software Developer, currentDesignation=Senior Software Developer, department=Engineering, currentAddress=Pune, Maharashtra, permanentAddress=null, accountNo=1234567890, bankName=Canara Bank, joiningCTC=600000.0, currentCTC=850001.0, dateOfBirth=1998-05-10, offerDate=2024-01-01, joiningDate=2024-02-01, panNo=ABCDE1234F, company=SMT, pfType=WITH_PF, identity=MR, documents=[EXPERIENCE_LETTER, FULL_AND_FINAL, SALARY_SLIP, OFFER_LETTER, INTERNSHIP_LETTER], documentData={OFFER_LETTER={issueDate=2024-01-01, probationPeriod=6}, INTERNSHIP_LETTER={internshipType=UNPAID, stipend=0, startDate=2026-07-16, endDate=2026-07-16, issueDate=2026-07-16}, EXPERIENCE_LETTER={relievingDate=2025-01-01, issueDate=2025-01-01}, FULL_AND_FINAL={fnfDate=2025-01-10, issueDate=2025-01-10, month=2025-01, resignationDate=2024-12-01, leavingDate=2025-01-05, paidDays=25, totalDaysInMonth=31}, SALARY_SLIP={startMonth=2024-01, endMonth=2024-02, salaryWorkdays={2024-01=31, 2024-02=29}}})
2026-07-16 22:01:27 [http-nio-8080-exec-9] INFO  c.e.D.service.impl.UserServiceImpl - Updating user profile | userId=14 | employeeId=EMP169
2026-07-16 22:01:27 [http-nio-8080-exec-9] WARN  com.zaxxer.hikari.pool.PoolBase - HikariPool-1 - Failed to validate connection com.mysql.cj.jdbc.ConnectionImpl@6a14bd2e (No operations allowed after connection closed.). Possibly consider using a shorter maxLifetime value.
2026-07-16 22:01:27 [http-nio-8080-exec-9] WARN  com.zaxxer.hikari.pool.PoolBase - HikariPool-1 - Failed to validate connection com.mysql.cj.jdbc.ConnectionImpl@4b4583ee (No operations allowed after connection closed.). Possibly consider using a shorter maxLifetime value.
2026-07-16 22:01:27 [http-nio-8080-exec-9] WARN  com.zaxxer.hikari.pool.PoolBase - HikariPool-1 - Failed to validate connection com.mysql.cj.jdbc.ConnectionImpl@5b2e1140 (No operations allowed after connection closed.). Possibly consider using a shorter maxLifetime value.
2026-07-16 22:01:28 [http-nio-8080-exec-9] DEBUG c.e.D.service.impl.UserServiceImpl - Existing user fetched | userId=14 | oldEmployeeId=EMP169
2026-07-16 22:01:28 [http-nio-8080-exec-9] DEBUG c.e.D.service.impl.UserServiceImpl - Updating documents | userId=14
2026-07-16 22:01:28 [http-nio-8080-exec-9] INFO  c.e.D.service.impl.UserServiceImpl - User profile updated successfully | userId=14 | timeTaken=1040ms
2026-07-16 22:01:28 [http-nio-8080-exec-9] INFO  c.e.D.controller.UserController - Profile updated successfully for userId=14, employeeId=EMP169
2026-07-16 22:01:41 [http-nio-8080-exec-10] INFO  c.e.Docgen_Backend.config.JwtFilter - JWT validated successfully for userId=6a311365ec2c34f3d9e4f06e
2026-07-16 22:01:41 [http-nio-8080-exec-10] INFO  c.e.D.controller.UserController - GET /api/v2/users - Fetch all users request received | page=0, size=8, sortBy=id, direction=desc
2026-07-16 22:01:44 [http-nio-8080-exec-10] INFO  c.e.D.controller.UserController - Fetched 8 users on page 0 of 2
2026-07-16 22:01:44 [http-nio-8080-exec-3] INFO  c.e.Docgen_Backend.config.JwtFilter - JWT validated successfully for userId=6a311365ec2c34f3d9e4f06e
2026-07-16 22:01:44 [http-nio-8080-exec-3] INFO  c.e.D.controller.UserController - GET /api/v2/users - Fetch all users request received | page=0, size=8, sortBy=id, direction=desc
2026-07-16 22:01:46 [http-nio-8080-exec-2] INFO  c.e.Docgen_Backend.config.JwtFilter - JWT validated successfully for userId=6a311365ec2c34f3d9e4f06e
2026-07-16 22:01:46 [http-nio-8080-exec-2] INFO  c.e.D.controller.UserController - GET /api/v2/users/14 - Fetch request received
2026-07-16 22:01:46 [http-nio-8080-exec-2] INFO  c.e.D.service.impl.UserServiceImpl - Fetching user profile for edit | userId=14
2026-07-16 22:01:46 [http-nio-8080-exec-2] DEBUG c.e.D.service.impl.UserServiceImpl - User found | userId=14 | employeeId=EMP169
2026-07-16 22:01:46 [http-nio-8080-exec-2] INFO  c.e.D.service.impl.UserServiceImpl - User profile fetched successfully | userId=14 | timeTaken=495ms
2026-07-16 22:01:46 [http-nio-8080-exec-2] INFO  c.e.D.controller.UserController - Profile fetched successfully for userId=14
2026-07-16 22:01:46 [http-nio-8080-exec-2] DEBUG c.e.D.controller.UserController - Fetched profile data: UserProfileResponseDTO(id=14, employeeName=Pravin Chaudhary, employeeId=EMP169, email=pravin@test.com, mobileNo=9876543210, joiningDesignation=Software Developer, currentDesignation=Senior Software Developer, department=Engineering, company=SMT, identity=MR, pfType=WITH_PF, accountNo=1234567890, bankName=Canara Bank, currentAddress=Pune, Maharashtra, permanentAddress=null, joiningCTC=600000.0, currentCTC=850001.0, dateOfBirth=1998-05-10, offerDate=2024-01-01, joiningDate=2024-02-01, panNo=ABCDE1234F, documents={APPOINTMENT_LETTER=DocumentResponseDTO(generated=false, data=null), INTERNSHIP_LETTER=DocumentResponseDTO(generated=true, data={internshipType=UNPAID, endDate=2026-07-16, issueDate=2026-07-16, startDate=2026-07-16}), EXPERIENCE_LETTER=DocumentResponseDTO(generated=true, data={issueDate=2025-01-01, relievingDate=2025-01-01}), FULL_AND_FINAL=DocumentResponseDTO(generated=true, data={fnfDate=2025-01-10, totalDaysInMonth=31, month=2025-01, issueDate=2025-01-10, resignationDate=2024-12-01, paidDays=25, leavingDate=2025-01-05}), CONFIRMATION_LETTER=DocumentResponseDTO(generated=false, data=null), INCREMENT_LETTER=DocumentResponseDTO(generated=false, data=null), RELIEVING_LETTER=DocumentResponseDTO(generated=false, data=null), SALARY_SLIP=DocumentResponseDTO(generated=true, data={startMonth=2024-01, endMonth=2024-02}), COMPLETION_LETTER=DocumentResponseDTO(generated=false, data=null), OFFER_LETTER=DocumentResponseDTO(generated=true, data={issueDate=2024-01-01, probationPeriod=6})})
2026-07-16 22:01:46 [http-nio-8080-exec-7] INFO  c.e.Docgen_Backend.config.JwtFilter - JWT validated successfully for userId=6a311365ec2c34f3d9e4f06e
2026-07-16 22:01:46 [http-nio-8080-exec-7] INFO  c.e.D.controller.UserController - GET /api/v2/users/14 - Fetch request received
2026-07-16 22:01:46 [http-nio-8080-exec-7] INFO  c.e.D.service.impl.UserServiceImpl - Fetching user profile for edit | userId=14
2026-07-16 22:01:47 [http-nio-8080-exec-7] DEBUG c.e.D.service.impl.UserServiceImpl - User found | userId=14 | employeeId=EMP169
2026-07-16 22:01:47 [http-nio-8080-exec-7] INFO  c.e.D.service.impl.UserServiceImpl - User profile fetched successfully | userId=14 | timeTaken=626ms
2026-07-16 22:01:47 [http-nio-8080-exec-7] INFO  c.e.D.controller.UserController - Profile fetched successfully for userId=14
2026-07-16 22:01:47 [http-nio-8080-exec-7] DEBUG c.e.D.controller.UserController - Fetched profile data: UserProfileResponseDTO(id=14, employeeName=Pravin Chaudhary, employeeId=EMP169, email=pravin@test.com, mobileNo=9876543210, joiningDesignation=Software Developer, currentDesignation=Senior Software Developer, department=Engineering, company=SMT, identity=MR, pfType=WITH_PF, accountNo=1234567890, bankName=Canara Bank, currentAddress=Pune, Maharashtra, permanentAddress=null, joiningCTC=600000.0, currentCTC=850001.0, dateOfBirth=1998-05-10, offerDate=2024-01-01, joiningDate=2024-02-01, panNo=ABCDE1234F, documents={APPOINTMENT_LETTER=DocumentResponseDTO(generated=false, data=null), INTERNSHIP_LETTER=DocumentResponseDTO(generated=true, data={internshipType=UNPAID, endDate=2026-07-16, issueDate=2026-07-16, startDate=2026-07-16}), EXPERIENCE_LETTER=DocumentResponseDTO(generated=true, data={issueDate=2025-01-01, relievingDate=2025-01-01}), FULL_AND_FINAL=DocumentResponseDTO(generated=true, data={fnfDate=2025-01-10, totalDaysInMonth=31, month=2025-01, issueDate=2025-01-10, resignationDate=2024-12-01, paidDays=25, leavingDate=2025-01-05}), CONFIRMATION_LETTER=DocumentResponseDTO(generated=false, data=null), INCREMENT_LETTER=DocumentResponseDTO(generated=false, data=null), RELIEVING_LETTER=DocumentResponseDTO(generated=false, data=null), SALARY_SLIP=DocumentResponseDTO(generated=true, data={startMonth=2024-01, endMonth=2024-02}), COMPLETION_LETTER=DocumentResponseDTO(generated=false, data=null), OFFER_LETTER=DocumentResponseDTO(generated=true, data={issueDate=2024-01-01, probationPeriod=6})})
2026-07-16 22:01:47 [http-nio-8080-exec-3] INFO  c.e.D.controller.UserController - Fetched 8 users on page 0 of 2
2026-07-16 22:02:15 [http-nio-8080-exec-9] INFO  c.e.Docgen_Backend.config.JwtFilter - JWT validated successfully for userId=6a311365ec2c34f3d9e4f06e
2026-07-16 22:02:15 [http-nio-8080-exec-9] INFO  c.e.D.controller.UserController - PATCH /api/v2/users/14 - Update request received for employeeId=EMP169
2026-07-16 22:02:15 [http-nio-8080-exec-9] DEBUG c.e.D.controller.UserController - Update payload: CreateProfileRequest(employeeName=Pravin Chaudhary, email=pravin@test.com, mobileNo=9876543210, employeeId=EMP169, joiningDesignation=Software Developer, currentDesignation=Senior Software Developer, department=Engineering, currentAddress=Pune, Maharashtra, permanentAddress=null, accountNo=1234567890, bankName=Canara Bank, joiningCTC=600000.0, currentCTC=850001.0, dateOfBirth=1998-05-10, offerDate=2024-01-01, joiningDate=2024-02-01, panNo=ABCDE1234F, company=SMT, pfType=WITH_PF, identity=MR, documents=[INTERNSHIP_LETTER, EXPERIENCE_LETTER, FULL_AND_FINAL, SALARY_SLIP, OFFER_LETTER], documentData={OFFER_LETTER={issueDate=2026-07-16, probationPeriod=6}, INTERNSHIP_LETTER={internshipType=UNPAID, stipend=0, startDate=2026-07-16, endDate=2026-07-16, issueDate=2026-07-16}, EXPERIENCE_LETTER={relievingDate=2025-01-01, issueDate=2025-01-01}, FULL_AND_FINAL={fnfDate=2025-01-10, issueDate=2025-01-10, month=2025-01, resignationDate=2024-12-01, leavingDate=2025-01-05, paidDays=25, totalDaysInMonth=31}, SALARY_SLIP={startMonth=2024-01, endMonth=2024-02, salaryWorkdays={2024-01=31, 2024-02=29}}})
2026-07-16 22:02:15 [http-nio-8080-exec-9] INFO  c.e.D.service.impl.UserServiceImpl - Updating user profile | userId=14 | employeeId=EMP169
2026-07-16 22:02:15 [http-nio-8080-exec-9] WARN  com.zaxxer.hikari.pool.PoolBase - HikariPool-1 - Failed to validate connection com.mysql.cj.jdbc.ConnectionImpl@6d134910 (No operations allowed after connection closed.). Possibly consider using a shorter maxLifetime value.
2026-07-16 22:02:15 [http-nio-8080-exec-9] WARN  com.zaxxer.hikari.pool.PoolBase - HikariPool-1 - Failed to validate connection com.mysql.cj.jdbc.ConnectionImpl@3698180a (No operations allowed after connection closed.). Possibly consider using a shorter maxLifetime value.
2026-07-16 22:02:15 [http-nio-8080-exec-9] WARN  com.zaxxer.hikari.pool.PoolBase - HikariPool-1 - Failed to validate connection com.mysql.cj.jdbc.ConnectionImpl@5a381855 (No operations allowed after connection closed.). Possibly consider using a shorter maxLifetime value.
2026-07-16 22:02:15 [http-nio-8080-exec-9] DEBUG c.e.D.service.impl.UserServiceImpl - Existing user fetched | userId=14 | oldEmployeeId=EMP169
2026-07-16 22:02:15 [http-nio-8080-exec-9] DEBUG c.e.D.service.impl.UserServiceImpl - Updating documents | userId=14
2026-07-16 22:02:15 [http-nio-8080-exec-9] INFO  c.e.D.service.impl.UserServiceImpl - User profile updated successfully | userId=14 | timeTaken=563ms
2026-07-16 22:02:15 [http-nio-8080-exec-9] INFO  c.e.D.controller.UserController - Profile updated successfully for userId=14, employeeId=EMP169
2026-07-16 22:03:57 [HikariPool-1:housekeeper] WARN  com.zaxxer.hikari.pool.PoolBase - HikariPool-1 - Failed to validate connection com.mysql.cj.jdbc.ConnectionImpl@1af908d9 (No operations allowed after connection closed.). Possibly consider using a shorter maxLifetime value.
2026-07-16 22:04:00 [HikariPool-1:housekeeper] WARN  com.zaxxer.hikari.pool.PoolBase - HikariPool-1 - Failed to validate connection com.mysql.cj.jdbc.ConnectionImpl@47bbeb8d (No operations allowed after connection closed.). Possibly consider using a shorter maxLifetime value.
2026-07-16 22:04:01 [HikariPool-1:housekeeper] WARN  com.zaxxer.hikari.pool.PoolBase - HikariPool-1 - Failed to validate connection com.mysql.cj.jdbc.ConnectionImpl@4b2565d9 (No operations allowed after connection closed.). Possibly consider using a shorter maxLifetime value.
2026-07-16 22:05:06 [http-nio-8080-exec-2] INFO  c.e.Docgen_Backend.config.JwtFilter - JWT validated successfully for userId=6a311365ec2c34f3d9e4f06e
2026-07-16 22:05:06 [http-nio-8080-exec-2] INFO  c.e.D.controller.UserController - GET /api/v2/users - Fetch all users request received | page=0, size=8, sortBy=id, direction=desc
2026-07-16 22:05:06 [http-nio-8080-exec-2] WARN  com.zaxxer.hikari.pool.PoolBase - HikariPool-1 - Failed to validate connection com.mysql.cj.jdbc.ConnectionImpl@590bc83e (No operations allowed after connection closed.). Possibly consider using a shorter maxLifetime value.
2026-07-16 22:05:06 [http-nio-8080-exec-2] WARN  com.zaxxer.hikari.pool.PoolBase - HikariPool-1 - Failed to validate connection com.mysql.cj.jdbc.ConnectionImpl@26fc5d71 (No operations allowed after connection closed.). Possibly consider using a shorter maxLifetime value.
2026-07-16 22:05:10 [http-nio-8080-exec-2] INFO  c.e.D.controller.UserController - Fetched 8 users on page 0 of 2
2026-07-16 22:05:10 [http-nio-8080-exec-2] INFO  c.e.Docgen_Backend.config.JwtFilter - JWT validated successfully for userId=6a311365ec2c34f3d9e4f06e
2026-07-16 22:05:10 [http-nio-8080-exec-2] INFO  c.e.D.controller.UserController - GET /api/v2/users - Fetch all users request received | page=0, size=8, sortBy=id, direction=desc
2026-07-16 22:05:12 [http-nio-8080-exec-9] INFO  c.e.Docgen_Backend.config.JwtFilter - JWT validated successfully for userId=6a311365ec2c34f3d9e4f06e
2026-07-16 22:05:12 [http-nio-8080-exec-9] INFO  c.e.D.controller.UserController - GET /api/v2/users/14 - Fetch request received
2026-07-16 22:05:12 [http-nio-8080-exec-9] INFO  c.e.D.service.impl.UserServiceImpl - Fetching user profile for edit | userId=14
2026-07-16 22:05:13 [http-nio-8080-exec-9] DEBUG c.e.D.service.impl.UserServiceImpl - User found | userId=14 | employeeId=EMP169
2026-07-16 22:05:13 [http-nio-8080-exec-9] INFO  c.e.D.service.impl.UserServiceImpl - User profile fetched successfully | userId=14 | timeTaken=722ms
2026-07-16 22:05:13 [http-nio-8080-exec-9] INFO  c.e.D.controller.UserController - Profile fetched successfully for userId=14
2026-07-16 22:05:13 [http-nio-8080-exec-9] DEBUG c.e.D.controller.UserController - Fetched profile data: UserProfileResponseDTO(id=14, employeeName=Pravin Chaudhary, employeeId=EMP169, email=pravin@test.com, mobileNo=9876543210, joiningDesignation=Software Developer, currentDesignation=Senior Software Developer, department=Engineering, company=SMT, identity=MR, pfType=WITH_PF, accountNo=1234567890, bankName=Canara Bank, currentAddress=Pune, Maharashtra, permanentAddress=null, joiningCTC=600000.0, currentCTC=850001.0, dateOfBirth=1998-05-10, offerDate=2024-01-01, joiningDate=2024-02-01, panNo=ABCDE1234F, documents={APPOINTMENT_LETTER=DocumentResponseDTO(generated=false, data=null), INTERNSHIP_LETTER=DocumentResponseDTO(generated=true, data={internshipType=UNPAID, endDate=2026-07-16, issueDate=2026-07-16, startDate=2026-07-16}), EXPERIENCE_LETTER=DocumentResponseDTO(generated=true, data={issueDate=2025-01-01, relievingDate=2025-01-01}), FULL_AND_FINAL=DocumentResponseDTO(generated=true, data={fnfDate=2025-01-10, totalDaysInMonth=31, month=2025-01, issueDate=2025-01-10, resignationDate=2024-12-01, paidDays=25, leavingDate=2025-01-05}), CONFIRMATION_LETTER=DocumentResponseDTO(generated=false, data=null), INCREMENT_LETTER=DocumentResponseDTO(generated=false, data=null), RELIEVING_LETTER=DocumentResponseDTO(generated=false, data=null), SALARY_SLIP=DocumentResponseDTO(generated=true, data={startMonth=2024-01, endMonth=2024-02}), COMPLETION_LETTER=DocumentResponseDTO(generated=false, data=null), OFFER_LETTER=DocumentResponseDTO(generated=true, data={issueDate=2026-07-16, probationPeriod=6})})
2026-07-16 22:05:13 [http-nio-8080-exec-5] INFO  c.e.Docgen_Backend.config.JwtFilter - JWT validated successfully for userId=6a311365ec2c34f3d9e4f06e
2026-07-16 22:05:13 [http-nio-8080-exec-5] INFO  c.e.D.controller.UserController - GET /api/v2/users/14 - Fetch request received
2026-07-16 22:05:13 [http-nio-8080-exec-5] INFO  c.e.D.service.impl.UserServiceImpl - Fetching user profile for edit | userId=14
2026-07-16 22:05:14 [http-nio-8080-exec-5] DEBUG c.e.D.service.impl.UserServiceImpl - User found | userId=14 | employeeId=EMP169
2026-07-16 22:05:14 [http-nio-8080-exec-5] INFO  c.e.D.service.impl.UserServiceImpl - User profile fetched successfully | userId=14 | timeTaken=607ms
2026-07-16 22:05:14 [http-nio-8080-exec-5] INFO  c.e.D.controller.UserController - Profile fetched successfully for userId=14
2026-07-16 22:05:14 [http-nio-8080-exec-5] DEBUG c.e.D.controller.UserController - Fetched profile data: UserProfileResponseDTO(id=14, employeeName=Pravin Chaudhary, employeeId=EMP169, email=pravin@test.com, mobileNo=9876543210, joiningDesignation=Software Developer, currentDesignation=Senior Software Developer, department=Engineering, company=SMT, identity=MR, pfType=WITH_PF, accountNo=1234567890, bankName=Canara Bank, currentAddress=Pune, Maharashtra, permanentAddress=null, joiningCTC=600000.0, currentCTC=850001.0, dateOfBirth=1998-05-10, offerDate=2024-01-01, joiningDate=2024-02-01, panNo=ABCDE1234F, documents={APPOINTMENT_LETTER=DocumentResponseDTO(generated=false, data=null), INTERNSHIP_LETTER=DocumentResponseDTO(generated=true, data={internshipType=UNPAID, endDate=2026-07-16, issueDate=2026-07-16, startDate=2026-07-16}), EXPERIENCE_LETTER=DocumentResponseDTO(generated=true, data={issueDate=2025-01-01, relievingDate=2025-01-01}), FULL_AND_FINAL=DocumentResponseDTO(generated=true, data={fnfDate=2025-01-10, totalDaysInMonth=31, month=2025-01, issueDate=2025-01-10, resignationDate=2024-12-01, paidDays=25, leavingDate=2025-01-05}), CONFIRMATION_LETTER=DocumentResponseDTO(generated=false, data=null), INCREMENT_LETTER=DocumentResponseDTO(generated=false, data=null), RELIEVING_LETTER=DocumentResponseDTO(generated=false, data=null), SALARY_SLIP=DocumentResponseDTO(generated=true, data={startMonth=2024-01, endMonth=2024-02}), COMPLETION_LETTER=DocumentResponseDTO(generated=false, data=null), OFFER_LETTER=DocumentResponseDTO(generated=true, data={issueDate=2026-07-16, probationPeriod=6})})
2026-07-16 22:05:14 [http-nio-8080-exec-2] INFO  c.e.D.controller.UserController - Fetched 8 users on page 0 of 2
2026-07-16 22:05:35 [http-nio-8080-exec-10] INFO  c.e.Docgen_Backend.config.JwtFilter - JWT validated successfully for userId=6a311365ec2c34f3d9e4f06e
2026-07-16 22:05:35 [http-nio-8080-exec-10] INFO  c.e.D.controller.UserController - PATCH /api/v2/users/14 - Update request received for employeeId=EMP169
2026-07-16 22:05:35 [http-nio-8080-exec-10] DEBUG c.e.D.controller.UserController - Update payload: CreateProfileRequest(employeeName=Pravin Chaudhary, email=pravin@test.com, mobileNo=9876543210, employeeId=EMP169, joiningDesignation=Software Developer, currentDesignation=Senior Software Developer, department=Engineering, currentAddress=Pune, Maharashtra, permanentAddress=null, accountNo=1234567890, bankName=Canara Bank, joiningCTC=600000.0, currentCTC=850001.0, dateOfBirth=1998-05-10, offerDate=2024-01-01, joiningDate=2024-02-01, panNo=ABCDE1234F, company=SMT, pfType=WITH_PF, identity=MR, documents=[INTERNSHIP_LETTER, EXPERIENCE_LETTER, FULL_AND_FINAL, SALARY_SLIP, OFFER_LETTER], documentData={OFFER_LETTER={issueDate=2026-07-16, probationPeriod=6}, INTERNSHIP_LETTER={internshipType=UNPAID, stipend=0, startDate=2026-07-16, endDate=2026-07-16, issueDate=2026-07-16}, EXPERIENCE_LETTER={relievingDate=2025-01-01, issueDate=2025-01-01}, FULL_AND_FINAL={fnfDate=2025-01-10, issueDate=2025-01-10, month=2025-01, resignationDate=2024-12-01, leavingDate=2025-01-05, paidDays=25, totalDaysInMonth=31}, SALARY_SLIP={startMonth=2024-01, endMonth=2024-02, salaryWorkdays={2024-01=31, 2024-02=29}}})
2026-07-16 22:05:35 [http-nio-8080-exec-10] INFO  c.e.D.service.impl.UserServiceImpl - Updating user profile | userId=14 | employeeId=EMP169
2026-07-16 22:05:35 [http-nio-8080-exec-10] WARN  com.zaxxer.hikari.pool.PoolBase - HikariPool-1 - Failed to validate connection com.mysql.cj.jdbc.ConnectionImpl@58e101d5 (No operations allowed after connection closed.). Possibly consider using a shorter maxLifetime value.
2026-07-16 22:05:35 [http-nio-8080-exec-10] WARN  com.zaxxer.hikari.pool.PoolBase - HikariPool-1 - Failed to validate connection com.mysql.cj.jdbc.ConnectionImpl@1d059237 (No operations allowed after connection closed.). Possibly consider using a shorter maxLifetime value.
2026-07-16 22:05:35 [http-nio-8080-exec-10] WARN  com.zaxxer.hikari.pool.PoolBase - HikariPool-1 - Failed to validate connection com.mysql.cj.jdbc.ConnectionImpl@2007215b (No operations allowed after connection closed.). Possibly consider using a shorter maxLifetime value.
2026-07-16 22:05:36 [http-nio-8080-exec-10] DEBUG c.e.D.service.impl.UserServiceImpl - Existing user fetched | userId=14 | oldEmployeeId=EMP169
2026-07-16 22:05:36 [http-nio-8080-exec-10] DEBUG c.e.D.service.impl.UserServiceImpl - Updating documents | userId=14
2026-07-16 22:05:36 [http-nio-8080-exec-10] INFO  c.e.D.service.impl.UserServiceImpl - User profile updated successfully | userId=14 | timeTaken=662ms
2026-07-16 22:05:36 [http-nio-8080-exec-10] INFO  c.e.D.controller.UserController - Profile updated successfully for userId=14, employeeId=EMP169
2026-07-16 22:07:14 [HikariPool-1:housekeeper] WARN  com.zaxxer.hikari.pool.PoolBase - HikariPool-1 - Failed to validate connection com.mysql.cj.jdbc.ConnectionImpl@19c813a4 (No operations allowed after connection closed.). Possibly consider using a shorter maxLifetime value.
2026-07-16 22:07:19 [HikariPool-1:housekeeper] WARN  com.zaxxer.hikari.pool.PoolBase - HikariPool-1 - Failed to validate connection com.mysql.cj.jdbc.ConnectionImpl@2119cf56 (No operations allowed after connection closed.). Possibly consider using a shorter maxLifetime value.
2026-07-16 22:07:28 [HikariPool-1:housekeeper] WARN  com.zaxxer.hikari.pool.PoolBase - HikariPool-1 - Failed to validate connection com.mysql.cj.jdbc.ConnectionImpl@41727d01 (No operations allowed after connection closed.). Possibly consider using a shorter maxLifetime value.
2026-07-16 22:08:56 [HikariPool-1:housekeeper] WARN  com.zaxxer.hikari.pool.PoolBase - HikariPool-1 - Failed to validate connection com.mysql.cj.jdbc.ConnectionImpl@147719cf (No operations allowed after connection closed.). Possibly consider using a shorter maxLifetime value.
2026-07-16 22:09:12 [HikariPool-1:housekeeper] WARN  com.zaxxer.hikari.pool.PoolBase - HikariPool-1 - Failed to validate connection com.mysql.cj.jdbc.ConnectionImpl@29b3e773 (No operations allowed after connection closed.). Possibly consider using a shorter maxLifetime value.
2026-07-16 22:10:36 [HikariPool-1:housekeeper] WARN  com.zaxxer.hikari.pool.PoolBase - HikariPool-1 - Failed to validate connection com.mysql.cj.jdbc.ConnectionImpl@6d2d92a7 (No operations allowed after connection closed.). Possibly consider using a shorter maxLifetime value.
2026-07-16 22:11:01 [HikariPool-1:housekeeper] WARN  com.zaxxer.hikari.pool.PoolBase - HikariPool-1 - Failed to validate connection com.mysql.cj.jdbc.ConnectionImpl@7870f6e8 (No operations allowed after connection closed.). Possibly consider using a shorter maxLifetime value.
2026-07-16 22:11:07 [http-nio-8080-exec-9] INFO  c.e.Docgen_Backend.config.JwtFilter - JWT validated successfully for userId=6a311365ec2c34f3d9e4f06e
2026-07-16 22:11:07 [http-nio-8080-exec-9] INFO  c.e.D.controller.UserController - GET /api/v2/users - Fetch all users request received | page=0, size=8, sortBy=id, direction=desc
2026-07-16 22:11:07 [http-nio-8080-exec-9] WARN  com.zaxxer.hikari.pool.PoolBase - HikariPool-1 - Failed to validate connection com.mysql.cj.jdbc.ConnectionImpl@6650af6f (No operations allowed after connection closed.). Possibly consider using a shorter maxLifetime value.
2026-07-16 22:11:11 [http-nio-8080-exec-9] INFO  c.e.D.controller.UserController - Fetched 8 users on page 0 of 2
2026-07-16 22:11:11 [http-nio-8080-exec-5] INFO  c.e.Docgen_Backend.config.JwtFilter - JWT validated successfully for userId=6a311365ec2c34f3d9e4f06e
2026-07-16 22:11:11 [http-nio-8080-exec-5] INFO  c.e.D.controller.UserController - GET /api/v2/users - Fetch all users request received | page=0, size=8, sortBy=id, direction=desc
2026-07-16 22:11:12 [http-nio-8080-exec-10] INFO  c.e.Docgen_Backend.config.JwtFilter - JWT validated successfully for userId=6a311365ec2c34f3d9e4f06e
2026-07-16 22:11:12 [http-nio-8080-exec-10] INFO  c.e.D.controller.UserController - GET /api/v2/users/14 - Fetch request received
2026-07-16 22:11:12 [http-nio-8080-exec-10] INFO  c.e.D.service.impl.UserServiceImpl - Fetching user profile for edit | userId=14
2026-07-16 22:11:13 [http-nio-8080-exec-10] DEBUG c.e.D.service.impl.UserServiceImpl - User found | userId=14 | employeeId=EMP169
2026-07-16 22:11:13 [http-nio-8080-exec-10] INFO  c.e.D.service.impl.UserServiceImpl - User profile fetched successfully | userId=14 | timeTaken=611ms
2026-07-16 22:11:13 [http-nio-8080-exec-10] INFO  c.e.D.controller.UserController - Profile fetched successfully for userId=14
2026-07-16 22:11:13 [http-nio-8080-exec-10] DEBUG c.e.D.controller.UserController - Fetched profile data: UserProfileResponseDTO(id=14, employeeName=Pravin Chaudhary, employeeId=EMP169, email=pravin@test.com, mobileNo=9876543210, joiningDesignation=Software Developer, currentDesignation=Senior Software Developer, department=Engineering, company=SMT, identity=MR, pfType=WITH_PF, accountNo=1234567890, bankName=Canara Bank, currentAddress=Pune, Maharashtra, permanentAddress=null, joiningCTC=600000.0, currentCTC=850001.0, dateOfBirth=1998-05-10, offerDate=2024-01-01, joiningDate=2024-02-01, panNo=ABCDE1234F, documents={APPOINTMENT_LETTER=DocumentResponseDTO(generated=false, data=null), INTERNSHIP_LETTER=DocumentResponseDTO(generated=true, data={internshipType=UNPAID, endDate=2026-07-16, issueDate=2026-07-16, startDate=2026-07-16}), EXPERIENCE_LETTER=DocumentResponseDTO(generated=true, data={issueDate=2025-01-01, relievingDate=2025-01-01}), FULL_AND_FINAL=DocumentResponseDTO(generated=true, data={fnfDate=2025-01-10, totalDaysInMonth=31, month=2025-01, issueDate=2025-01-10, resignationDate=2024-12-01, paidDays=25, leavingDate=2025-01-05}), CONFIRMATION_LETTER=DocumentResponseDTO(generated=false, data=null), INCREMENT_LETTER=DocumentResponseDTO(generated=false, data=null), RELIEVING_LETTER=DocumentResponseDTO(generated=false, data=null), SALARY_SLIP=DocumentResponseDTO(generated=true, data={startMonth=2024-01, endMonth=2024-02}), COMPLETION_LETTER=DocumentResponseDTO(generated=false, data=null), OFFER_LETTER=DocumentResponseDTO(generated=true, data={issueDate=2026-07-16, probationPeriod=6})})
2026-07-16 22:11:13 [http-nio-8080-exec-1] INFO  c.e.Docgen_Backend.config.JwtFilter - JWT validated successfully for userId=6a311365ec2c34f3d9e4f06e
2026-07-16 22:11:13 [http-nio-8080-exec-1] INFO  c.e.D.controller.UserController - GET /api/v2/users/14 - Fetch request received
2026-07-16 22:11:13 [http-nio-8080-exec-1] INFO  c.e.D.service.impl.UserServiceImpl - Fetching user profile for edit | userId=14
2026-07-16 22:11:13 [http-nio-8080-exec-1] DEBUG c.e.D.service.impl.UserServiceImpl - User found | userId=14 | employeeId=EMP169
2026-07-16 22:11:13 [http-nio-8080-exec-1] INFO  c.e.D.service.impl.UserServiceImpl - User profile fetched successfully | userId=14 | timeTaken=491ms
2026-07-16 22:11:13 [http-nio-8080-exec-1] INFO  c.e.D.controller.UserController - Profile fetched successfully for userId=14
2026-07-16 22:11:13 [http-nio-8080-exec-1] DEBUG c.e.D.controller.UserController - Fetched profile data: UserProfileResponseDTO(id=14, employeeName=Pravin Chaudhary, employeeId=EMP169, email=pravin@test.com, mobileNo=9876543210, joiningDesignation=Software Developer, currentDesignation=Senior Software Developer, department=Engineering, company=SMT, identity=MR, pfType=WITH_PF, accountNo=1234567890, bankName=Canara Bank, currentAddress=Pune, Maharashtra, permanentAddress=null, joiningCTC=600000.0, currentCTC=850001.0, dateOfBirth=1998-05-10, offerDate=2024-01-01, joiningDate=2024-02-01, panNo=ABCDE1234F, documents={APPOINTMENT_LETTER=DocumentResponseDTO(generated=false, data=null), INTERNSHIP_LETTER=DocumentResponseDTO(generated=true, data={internshipType=UNPAID, endDate=2026-07-16, issueDate=2026-07-16, startDate=2026-07-16}), EXPERIENCE_LETTER=DocumentResponseDTO(generated=true, data={issueDate=2025-01-01, relievingDate=2025-01-01}), FULL_AND_FINAL=DocumentResponseDTO(generated=true, data={fnfDate=2025-01-10, totalDaysInMonth=31, month=2025-01, issueDate=2025-01-10, resignationDate=2024-12-01, paidDays=25, leavingDate=2025-01-05}), CONFIRMATION_LETTER=DocumentResponseDTO(generated=false, data=null), INCREMENT_LETTER=DocumentResponseDTO(generated=false, data=null), RELIEVING_LETTER=DocumentResponseDTO(generated=false, data=null), SALARY_SLIP=DocumentResponseDTO(generated=true, data={startMonth=2024-01, endMonth=2024-02}), COMPLETION_LETTER=DocumentResponseDTO(generated=false, data=null), OFFER_LETTER=DocumentResponseDTO(generated=true, data={issueDate=2026-07-16, probationPeriod=6})})
2026-07-16 22:11:14 [http-nio-8080-exec-5] INFO  c.e.D.controller.UserController - Fetched 8 users on page 0 of 2
2026-07-16 22:11:48 [http-nio-8080-exec-7] INFO  c.e.Docgen_Backend.config.JwtFilter - JWT validated successfully for userId=6a311365ec2c34f3d9e4f06e
2026-07-16 22:11:48 [http-nio-8080-exec-7] INFO  c.e.D.controller.UserController - PATCH /api/v2/users/14 - Update request received for employeeId=EMP169
2026-07-16 22:11:48 [http-nio-8080-exec-7] DEBUG c.e.D.controller.UserController - Update payload: CreateProfileRequest(employeeName=Pravin Chaudhary, email=pravin@test.com, mobileNo=9876543210, employeeId=EMP169, joiningDesignation=Software Developer, currentDesignation=Senior Software Developer, department=Engineering, currentAddress=Pune, Maharashtra, permanentAddress=null, accountNo=1234567890, bankName=Canara Bank, joiningCTC=600000.0, currentCTC=850001.0, dateOfBirth=1998-05-10, offerDate=2024-01-01, joiningDate=2024-02-01, panNo=ABCDE1234F, company=SMT, pfType=WITH_PF, identity=MR, documents=[INTERNSHIP_LETTER, EXPERIENCE_LETTER, FULL_AND_FINAL, SALARY_SLIP, OFFER_LETTER], documentData={OFFER_LETTER={issueDate=2026-07-16, probationPeriod=6}, INTERNSHIP_LETTER={internshipType=UNPAID, stipend=0, startDate=2026-07-16, endDate=2026-07-16, issueDate=2026-07-16}, EXPERIENCE_LETTER={relievingDate=2025-01-01, issueDate=2025-01-01}, FULL_AND_FINAL={fnfDate=2025-01-10, issueDate=2025-01-10, month=2025-01, resignationDate=2024-12-01, leavingDate=2025-01-05, paidDays=25, totalDaysInMonth=31}, SALARY_SLIP={startMonth=2024-01, endMonth=2024-02, salaryWorkdays={2024-01=31, 2024-02=29}}})
2026-07-16 22:11:48 [http-nio-8080-exec-7] INFO  c.e.D.service.impl.UserServiceImpl - Updating user profile | userId=14 | employeeId=EMP169
2026-07-16 22:11:48 [http-nio-8080-exec-7] WARN  com.zaxxer.hikari.pool.PoolBase - HikariPool-1 - Failed to validate connection com.mysql.cj.jdbc.ConnectionImpl@328c6198 (No operations allowed after connection closed.). Possibly consider using a shorter maxLifetime value.
2026-07-16 22:11:48 [http-nio-8080-exec-7] WARN  com.zaxxer.hikari.pool.PoolBase - HikariPool-1 - Failed to validate connection com.mysql.cj.jdbc.ConnectionImpl@53f05a62 (No operations allowed after connection closed.). Possibly consider using a shorter maxLifetime value.
2026-07-16 22:11:48 [http-nio-8080-exec-7] WARN  com.zaxxer.hikari.pool.PoolBase - HikariPool-1 - Failed to validate connection com.mysql.cj.jdbc.ConnectionImpl@7a5b1ecc (No operations allowed after connection closed.). Possibly consider using a shorter maxLifetime value.
2026-07-16 22:11:48 [http-nio-8080-exec-7] DEBUG c.e.D.service.impl.UserServiceImpl - Existing user fetched | userId=14 | oldEmployeeId=EMP169
2026-07-16 22:11:48 [http-nio-8080-exec-7] DEBUG c.e.D.service.impl.UserServiceImpl - Updating documents | userId=14
2026-07-16 22:11:48 [http-nio-8080-exec-7] INFO  c.e.D.service.impl.UserServiceImpl - User profile updated successfully | userId=14 | timeTaken=747ms
2026-07-16 22:11:48 [http-nio-8080-exec-7] INFO  c.e.D.controller.UserController - Profile updated successfully for userId=14, employeeId=EMP169
2026-07-16 22:13:29 [HikariPool-1:housekeeper] WARN  com.zaxxer.hikari.pool.PoolBase - HikariPool-1 - Failed to validate connection com.mysql.cj.jdbc.ConnectionImpl@7a636f1c (No operations allowed after connection closed.). Possibly consider using a shorter maxLifetime value.
2026-07-16 22:13:37 [HikariPool-1:housekeeper] WARN  com.zaxxer.hikari.pool.PoolBase - HikariPool-1 - Failed to validate connection com.mysql.cj.jdbc.ConnectionImpl@3b6af659 (No operations allowed after connection closed.). Possibly consider using a shorter maxLifetime value.
2026-07-16 22:13:43 [HikariPool-1:housekeeper] WARN  com.zaxxer.hikari.pool.PoolBase - HikariPool-1 - Failed to validate connection com.mysql.cj.jdbc.ConnectionImpl@72719c0e (No operations allowed after connection closed.). Possibly consider using a shorter maxLifetime value.
2026-07-16 22:15:23 [HikariPool-1:housekeeper] WARN  com.zaxxer.hikari.pool.PoolBase - HikariPool-1 - Failed to validate connection com.mysql.cj.jdbc.ConnectionImpl@4e3b298c (No operations allowed after connection closed.). Possibly consider using a shorter maxLifetime value.
2026-07-16 22:15:28 [HikariPool-1:housekeeper] WARN  com.zaxxer.hikari.pool.PoolBase - HikariPool-1 - Failed to validate connection com.mysql.cj.jdbc.ConnectionImpl@7bc36b0a (No operations allowed after connection closed.). Possibly consider using a shorter maxLifetime value.
2026-07-16 22:16:26 [SpringApplicationShutdownHook] INFO  o.s.boot.tomcat.GracefulShutdown - Commencing graceful shutdown. Waiting for active requests to complete
2026-07-16 22:16:26 [tomcat-shutdown] INFO  o.s.boot.tomcat.GracefulShutdown - Graceful shutdown complete
2026-07-16 22:16:26 [SpringApplicationShutdownHook] INFO  o.s.o.j.LocalContainerEntityManagerFactoryBean - Closing JPA EntityManagerFactory for persistence unit 'default'
2026-07-16 22:16:26 [SpringApplicationShutdownHook] INFO  com.zaxxer.hikari.HikariDataSource - HikariPool-1 - Shutdown initiated...
2026-07-16 22:16:26 [SpringApplicationShutdownHook] INFO  com.zaxxer.hikari.HikariDataSource - HikariPool-1 - Shutdown completed.
