2026-07-08 10:45:54 [background-preinit] INFO  o.h.validator.internal.util.Version - HV000001: Hibernate Validator 9.0.1.Final
2026-07-08 10:45:54 [restartedMain] INFO  c.e.D.DocgenBackendApplication - Starting DocgenBackendApplication using Java 21.0.9 with PID 21964 (E:\DocGen New Front V2\Docgen-Backend\target\classes started by prath in E:\DocGen New Front V2\Docgen-Backend)
2026-07-08 10:45:54 [restartedMain] DEBUG c.e.D.DocgenBackendApplication - Running with Spring Boot v4.0.6, Spring v7.0.7
2026-07-08 10:45:54 [restartedMain] INFO  c.e.D.DocgenBackendApplication - No active profile set, falling back to 1 default profile: "default"
2026-07-08 10:45:54 [restartedMain] INFO  o.s.b.d.e.DevToolsPropertyDefaultsPostProcessor - Devtools property defaults active! Set 'spring.devtools.add-properties' to 'false' to disable
2026-07-08 10:45:54 [restartedMain] INFO  o.s.b.d.e.DevToolsPropertyDefaultsPostProcessor - For additional web related logging consider setting the 'logging.level.web' property to 'DEBUG'
2026-07-08 10:45:55 [restartedMain] INFO  o.s.d.r.c.RepositoryConfigurationDelegate - Bootstrapping Spring Data JPA repositories in DEFAULT mode.
2026-07-08 10:45:55 [restartedMain] INFO  o.s.d.r.c.RepositoryConfigurationDelegate - Finished Spring Data repository scanning in 41 ms. Found 2 JPA repository interfaces.
2026-07-08 10:45:55 [restartedMain] INFO  o.s.boot.tomcat.TomcatWebServer - Tomcat initialized with port 8080 (http)
2026-07-08 10:45:55 [restartedMain] INFO  o.a.coyote.http11.Http11NioProtocol - Initializing ProtocolHandler ["http-nio-8080"]
2026-07-08 10:45:55 [restartedMain] INFO  o.a.catalina.core.StandardService - Starting service [Tomcat]
2026-07-08 10:45:55 [restartedMain] INFO  o.a.catalina.core.StandardEngine - Starting Servlet engine: [Apache Tomcat/11.0.21]
2026-07-08 10:45:55 [restartedMain] INFO  o.s.b.w.c.s.WebApplicationContextInitializer - Root WebApplicationContext: initialization completed in 1230 ms
2026-07-08 10:45:55 [restartedMain] DEBUG c.e.Docgen_Backend.config.JwtFilter - Filter 'jwtFilter' configured for use
2026-07-08 10:45:55 [restartedMain] INFO  org.hibernate.orm.jpa - HHH008540: Processing PersistenceUnitInfo [name: default]
2026-07-08 10:45:55 [restartedMain] INFO  org.hibernate.orm.core - HHH000001: Hibernate ORM core version 7.2.12.Final
2026-07-08 10:45:56 [restartedMain] INFO  o.s.o.j.p.SpringPersistenceUnitInfo - No LoadTimeWeaver setup: ignoring JPA class transformer
2026-07-08 10:45:56 [restartedMain] WARN  com.zaxxer.hikari.HikariConfig - HikariPool-1 - keepaliveTime is less than 30000ms, disabling it.
2026-07-08 10:45:56 [restartedMain] INFO  com.zaxxer.hikari.HikariDataSource - HikariPool-1 - Starting...
2026-07-08 10:45:57 [restartedMain] INFO  com.zaxxer.hikari.pool.HikariPool - HikariPool-1 - Added connection com.mysql.cj.jdbc.ConnectionImpl@11f2b2ae
2026-07-08 10:45:57 [restartedMain] INFO  com.zaxxer.hikari.HikariDataSource - HikariPool-1 - Start completed.
2026-07-08 10:45:58 [restartedMain] WARN  org.hibernate.orm.jdbc - HHH100045: Could not obtain connection metadata: java.sql.SQLSyntaxErrorException: Unknown column 'RESERVED' in 'WHERE'
2026-07-08 10:45:58 [restartedMain] WARN  org.hibernate.orm.deprecation - HHH90000025: MySQLDialect does not need to be specified explicitly using 'hibernate.dialect' (remove the property setting and it will be selected by default)
2026-07-08 10:45:58 [restartedMain] INFO  o.hibernate.orm.connections.pooling - HHH10001005: Database info:
	Database JDBC URL [undefined/unknown]
	Database driver: undefined/unknown
	Database dialect: MySQLDialect
	Database version: 8.0
	Default catalog/schema: unknown/unknown
	Autocommit mode: undefined/unknown
	Isolation level: NONE [default NONE]
	JDBC fetch size: undefined/unknown
	Pool: DataSourceConnectionProvider
	Minimum pool size: undefined/unknown
	Maximum pool size: undefined/unknown
2026-07-08 10:45:59 [restartedMain] INFO  org.hibernate.orm.core - HHH000489: No JTA platform available (set 'hibernate.transaction.jta.platform' to enable JTA platform integration)
2026-07-08 10:46:07 [restartedMain] INFO  o.s.o.j.LocalContainerEntityManagerFactoryBean - Initialized JPA EntityManagerFactory for persistence unit 'default'
2026-07-08 10:46:07 [restartedMain] INFO  o.s.d.j.r.q.QueryEnhancerFactories - Hibernate is in classpath; If applicable, HQL parser will be used.
2026-07-08 10:46:08 [restartedMain] INFO  o.s.s.c.a.a.c.InitializeUserDetailsBeanManagerConfigurer$InitializeUserDetailsManagerConfigurer - Global AuthenticationManager configured with UserDetailsService bean with name customUserDetailsService
2026-07-08 10:46:08 [restartedMain] WARN  o.s.b.j.a.JpaBaseConfiguration$JpaWebConfiguration - spring.jpa.open-in-view is enabled by default. Therefore, database queries may be performed during view rendering. Explicitly configure spring.jpa.open-in-view to disable this warning
2026-07-08 10:46:08 [restartedMain] INFO  o.a.coyote.http11.Http11NioProtocol - Starting ProtocolHandler ["http-nio-8080"]
2026-07-08 10:46:08 [restartedMain] INFO  o.s.boot.tomcat.TomcatWebServer - Tomcat started on port 8080 (http) with context path '/'
2026-07-08 10:46:08 [restartedMain] INFO  c.e.D.DocgenBackendApplication - Started DocgenBackendApplication in 14.805 seconds (process running for 15.45)
2026-07-08 10:47:03 [SpringApplicationShutdownHook] INFO  o.s.boot.tomcat.GracefulShutdown - Commencing graceful shutdown. Waiting for active requests to complete
2026-07-08 10:47:03 [tomcat-shutdown] INFO  o.s.boot.tomcat.GracefulShutdown - Graceful shutdown complete
2026-07-08 10:47:03 [SpringApplicationShutdownHook] INFO  o.s.o.j.LocalContainerEntityManagerFactoryBean - Closing JPA EntityManagerFactory for persistence unit 'default'
2026-07-08 10:47:03 [SpringApplicationShutdownHook] INFO  com.zaxxer.hikari.HikariDataSource - HikariPool-1 - Shutdown initiated...
2026-07-08 10:47:03 [SpringApplicationShutdownHook] INFO  com.zaxxer.hikari.HikariDataSource - HikariPool-1 - Shutdown completed.
2026-07-08 10:47:04 [background-preinit] INFO  o.h.validator.internal.util.Version - HV000001: Hibernate Validator 9.0.1.Final
2026-07-08 10:47:04 [restartedMain] INFO  c.e.D.DocgenBackendApplication - Starting DocgenBackendApplication using Java 21.0.9 with PID 8736 (E:\DocGen New Front V2\Docgen-Backend\target\classes started by prath in E:\DocGen New Front V2\Docgen-Backend)
2026-07-08 10:47:04 [restartedMain] DEBUG c.e.D.DocgenBackendApplication - Running with Spring Boot v4.0.6, Spring v7.0.7
2026-07-08 10:47:04 [restartedMain] INFO  c.e.D.DocgenBackendApplication - No active profile set, falling back to 1 default profile: "default"
2026-07-08 10:47:05 [restartedMain] INFO  o.s.b.d.e.DevToolsPropertyDefaultsPostProcessor - Devtools property defaults active! Set 'spring.devtools.add-properties' to 'false' to disable
2026-07-08 10:47:05 [restartedMain] INFO  o.s.b.d.e.DevToolsPropertyDefaultsPostProcessor - For additional web related logging consider setting the 'logging.level.web' property to 'DEBUG'
2026-07-08 10:47:05 [restartedMain] INFO  o.s.d.r.c.RepositoryConfigurationDelegate - Bootstrapping Spring Data JPA repositories in DEFAULT mode.
2026-07-08 10:47:05 [restartedMain] INFO  o.s.d.r.c.RepositoryConfigurationDelegate - Finished Spring Data repository scanning in 37 ms. Found 2 JPA repository interfaces.
2026-07-08 10:47:05 [restartedMain] INFO  o.s.boot.tomcat.TomcatWebServer - Tomcat initialized with port 8080 (http)
2026-07-08 10:47:06 [restartedMain] INFO  o.a.coyote.http11.Http11NioProtocol - Initializing ProtocolHandler ["http-nio-8080"]
2026-07-08 10:47:06 [restartedMain] INFO  o.a.catalina.core.StandardService - Starting service [Tomcat]
2026-07-08 10:47:06 [restartedMain] INFO  o.a.catalina.core.StandardEngine - Starting Servlet engine: [Apache Tomcat/11.0.21]
2026-07-08 10:47:06 [restartedMain] INFO  o.s.b.w.c.s.WebApplicationContextInitializer - Root WebApplicationContext: initialization completed in 1017 ms
2026-07-08 10:47:06 [restartedMain] DEBUG c.e.Docgen_Backend.config.JwtFilter - Filter 'jwtFilter' configured for use
2026-07-08 10:47:06 [restartedMain] INFO  org.hibernate.orm.jpa - HHH008540: Processing PersistenceUnitInfo [name: default]
2026-07-08 10:47:06 [restartedMain] INFO  org.hibernate.orm.core - HHH000001: Hibernate ORM core version 7.2.12.Final
2026-07-08 10:47:06 [restartedMain] INFO  o.s.o.j.p.SpringPersistenceUnitInfo - No LoadTimeWeaver setup: ignoring JPA class transformer
2026-07-08 10:47:06 [restartedMain] INFO  com.zaxxer.hikari.HikariDataSource - HikariPool-1 - Starting...
2026-07-08 10:47:06 [restartedMain] INFO  com.zaxxer.hikari.pool.HikariPool - HikariPool-1 - Added connection com.mysql.cj.jdbc.ConnectionImpl@1188e6fe
2026-07-08 10:47:06 [restartedMain] INFO  com.zaxxer.hikari.HikariDataSource - HikariPool-1 - Start completed.
2026-07-08 10:47:07 [restartedMain] WARN  org.hibernate.orm.jdbc - HHH100045: Could not obtain connection metadata: java.sql.SQLSyntaxErrorException: Unknown column 'RESERVED' in 'WHERE'
2026-07-08 10:47:07 [restartedMain] WARN  org.hibernate.orm.deprecation - HHH90000025: MySQLDialect does not need to be specified explicitly using 'hibernate.dialect' (remove the property setting and it will be selected by default)
2026-07-08 10:47:07 [restartedMain] INFO  o.hibernate.orm.connections.pooling - HHH10001005: Database info:
	Database JDBC URL [undefined/unknown]
	Database driver: undefined/unknown
	Database dialect: MySQLDialect
	Database version: 8.0
	Default catalog/schema: unknown/unknown
	Autocommit mode: undefined/unknown
	Isolation level: NONE [default NONE]
	JDBC fetch size: undefined/unknown
	Pool: DataSourceConnectionProvider
	Minimum pool size: undefined/unknown
	Maximum pool size: undefined/unknown
2026-07-08 10:47:08 [restartedMain] INFO  org.hibernate.orm.core - HHH000489: No JTA platform available (set 'hibernate.transaction.jta.platform' to enable JTA platform integration)
2026-07-08 10:47:15 [restartedMain] INFO  o.s.o.j.LocalContainerEntityManagerFactoryBean - Initialized JPA EntityManagerFactory for persistence unit 'default'
2026-07-08 10:47:15 [restartedMain] INFO  o.s.d.j.r.q.QueryEnhancerFactories - Hibernate is in classpath; If applicable, HQL parser will be used.
2026-07-08 10:47:15 [restartedMain] INFO  o.s.s.c.a.a.c.InitializeUserDetailsBeanManagerConfigurer$InitializeUserDetailsManagerConfigurer - Global AuthenticationManager configured with UserDetailsService bean with name customUserDetailsService
2026-07-08 10:47:15 [restartedMain] WARN  o.s.b.j.a.JpaBaseConfiguration$JpaWebConfiguration - spring.jpa.open-in-view is enabled by default. Therefore, database queries may be performed during view rendering. Explicitly configure spring.jpa.open-in-view to disable this warning
2026-07-08 10:47:16 [restartedMain] INFO  o.a.coyote.http11.Http11NioProtocol - Starting ProtocolHandler ["http-nio-8080"]
2026-07-08 10:47:16 [restartedMain] INFO  o.s.boot.tomcat.TomcatWebServer - Tomcat started on port 8080 (http) with context path '/'
2026-07-08 10:47:16 [restartedMain] INFO  c.e.D.DocgenBackendApplication - Started DocgenBackendApplication in 11.774 seconds (process running for 12.291)
2026-07-08 10:47:22 [http-nio-8080-exec-1] INFO  o.a.c.c.C.[Tomcat].[localhost].[/] - Initializing Spring DispatcherServlet 'dispatcherServlet'
2026-07-08 10:47:22 [http-nio-8080-exec-1] INFO  o.s.web.servlet.DispatcherServlet - Initializing Servlet 'dispatcherServlet'
2026-07-08 10:47:22 [http-nio-8080-exec-1] INFO  o.s.web.servlet.DispatcherServlet - Completed initialization in 1 ms
2026-07-08 10:47:22 [http-nio-8080-exec-4] INFO  c.e.Docgen_Backend.config.JwtFilter - JWT validated successfully for userId=6a311365ec2c34f3d9e4f06e
2026-07-08 10:47:22 [http-nio-8080-exec-4] INFO  c.e.D.controller.UserController - GET /api/v2/users - Fetch all users request received | page=0, size=8, sortBy=id, direction=desc
2026-07-08 10:47:24 [http-nio-8080-exec-4] INFO  c.e.D.controller.UserController - Fetched 7 users on page 0 of 1
2026-07-08 10:47:24 [http-nio-8080-exec-3] INFO  c.e.Docgen_Backend.config.JwtFilter - JWT validated successfully for userId=6a311365ec2c34f3d9e4f06e
2026-07-08 10:47:24 [http-nio-8080-exec-3] INFO  c.e.D.controller.UserController - GET /api/v2/users - Fetch all users request received | page=0, size=8, sortBy=id, direction=desc
2026-07-08 10:47:26 [http-nio-8080-exec-3] INFO  c.e.D.controller.UserController - Fetched 7 users on page 0 of 1
2026-07-08 10:47:29 [http-nio-8080-exec-9] INFO  c.e.Docgen_Backend.config.JwtFilter - JWT validated successfully for userId=6a311365ec2c34f3d9e4f06e
2026-07-08 10:47:29 [http-nio-8080-exec-9] INFO  c.e.D.controller.UserController - GET /api/v2/users/16 - Fetch request received
2026-07-08 10:47:29 [http-nio-8080-exec-9] INFO  c.e.D.service.impl.UserServiceImpl - Fetching user profile for edit | userId=16
2026-07-08 10:47:29 [http-nio-8080-exec-9] DEBUG c.e.D.service.impl.UserServiceImpl - User found | userId=16 | employeeId=SMDS033
2026-07-08 10:47:29 [http-nio-8080-exec-9] INFO  c.e.D.service.impl.UserServiceImpl - User profile fetched successfully | userId=16 | timeTaken=293ms
2026-07-08 10:47:29 [http-nio-8080-exec-9] INFO  c.e.D.controller.UserController - Profile fetched successfully for userId=16
2026-07-08 10:47:29 [http-nio-8080-exec-9] DEBUG c.e.D.controller.UserController - Fetched profile data: UserProfileResponseDTO(id=16, employeeName=Prathaesh Bhavsar, employeeId=SMDS033, email=prathamesh9bhavsar@gmail.com, mobileNo=8007454299, joiningDesignation=Programmer Analyst Trainee, currentDesignation=Senior Software Developer, department=Information Technology, company=NCS, identity=MRS, pfType=WITH_PF, accountNo=6312965969, bankName=HDFC Bank, currentAddress=N-42,VD-1/3/1,Sawta Nager,Cidco,Trimurti Chowk, permanentAddress=null, joiningCTC=360000.0, currentCTC=null, dateOfBirth=2026-07-01, offerDate=2026-07-01, joiningDate=2026-07-01, panNo=GFZPS5853Q, documents={APPOINTMENT_LETTER=DocumentResponseDTO(generated=false, data=null), INTERNSHIP_LETTER=DocumentResponseDTO(generated=false, data=null), EXPERIENCE_LETTER=DocumentResponseDTO(generated=false, data=null), FULL_AND_FINAL=DocumentResponseDTO(generated=false, data=null), CONFIRMATION_LETTER=DocumentResponseDTO(generated=false, data=null), INCREMENT_LETTER=DocumentResponseDTO(generated=false, data=null), RELIEVING_LETTER=DocumentResponseDTO(generated=false, data=null), SALARY_SLIP=DocumentResponseDTO(generated=false, data=null), COMPLETION_LETTER=DocumentResponseDTO(generated=false, data=null), OFFER_LETTER=DocumentResponseDTO(generated=true, data={issueDate=2026-07-01, probationPeriod=3})})
2026-07-08 10:47:29 [http-nio-8080-exec-8] INFO  c.e.Docgen_Backend.config.JwtFilter - JWT validated successfully for userId=6a311365ec2c34f3d9e4f06e
2026-07-08 10:47:29 [http-nio-8080-exec-8] INFO  c.e.D.controller.UserController - GET /api/v2/users/16 - Fetch request received
2026-07-08 10:47:29 [http-nio-8080-exec-8] INFO  c.e.D.service.impl.UserServiceImpl - Fetching user profile for edit | userId=16
2026-07-08 10:47:29 [http-nio-8080-exec-8] DEBUG c.e.D.service.impl.UserServiceImpl - User found | userId=16 | employeeId=SMDS033
2026-07-08 10:47:29 [http-nio-8080-exec-8] INFO  c.e.D.service.impl.UserServiceImpl - User profile fetched successfully | userId=16 | timeTaken=256ms
2026-07-08 10:47:29 [http-nio-8080-exec-8] INFO  c.e.D.controller.UserController - Profile fetched successfully for userId=16
2026-07-08 10:47:29 [http-nio-8080-exec-8] DEBUG c.e.D.controller.UserController - Fetched profile data: UserProfileResponseDTO(id=16, employeeName=Prathaesh Bhavsar, employeeId=SMDS033, email=prathamesh9bhavsar@gmail.com, mobileNo=8007454299, joiningDesignation=Programmer Analyst Trainee, currentDesignation=Senior Software Developer, department=Information Technology, company=NCS, identity=MRS, pfType=WITH_PF, accountNo=6312965969, bankName=HDFC Bank, currentAddress=N-42,VD-1/3/1,Sawta Nager,Cidco,Trimurti Chowk, permanentAddress=null, joiningCTC=360000.0, currentCTC=null, dateOfBirth=2026-07-01, offerDate=2026-07-01, joiningDate=2026-07-01, panNo=GFZPS5853Q, documents={APPOINTMENT_LETTER=DocumentResponseDTO(generated=false, data=null), INTERNSHIP_LETTER=DocumentResponseDTO(generated=false, data=null), EXPERIENCE_LETTER=DocumentResponseDTO(generated=false, data=null), FULL_AND_FINAL=DocumentResponseDTO(generated=false, data=null), CONFIRMATION_LETTER=DocumentResponseDTO(generated=false, data=null), INCREMENT_LETTER=DocumentResponseDTO(generated=false, data=null), RELIEVING_LETTER=DocumentResponseDTO(generated=false, data=null), SALARY_SLIP=DocumentResponseDTO(generated=false, data=null), COMPLETION_LETTER=DocumentResponseDTO(generated=false, data=null), OFFER_LETTER=DocumentResponseDTO(generated=true, data={issueDate=2026-07-01, probationPeriod=3})})
2026-07-08 10:48:43 [HikariPool-1:housekeeper] WARN  com.zaxxer.hikari.pool.PoolBase - HikariPool-1 - Failed to validate connection com.mysql.cj.jdbc.ConnectionImpl@17d4bb36 (No operations allowed after connection closed.). Possibly consider using a shorter maxLifetime value.
2026-07-08 10:48:47 [HikariPool-1:housekeeper] WARN  com.zaxxer.hikari.pool.PoolBase - HikariPool-1 - Failed to validate connection com.mysql.cj.jdbc.ConnectionImpl@1188e6fe (No operations allowed after connection closed.). Possibly consider using a shorter maxLifetime value.
2026-07-08 10:48:50 [HikariPool-1:housekeeper] WARN  com.zaxxer.hikari.pool.PoolBase - HikariPool-1 - Failed to validate connection com.mysql.cj.jdbc.ConnectionImpl@36ca7855 (No operations allowed after connection closed.). Possibly consider using a shorter maxLifetime value.
2026-07-08 10:48:57 [HikariPool-1:housekeeper] WARN  com.zaxxer.hikari.pool.PoolBase - HikariPool-1 - Failed to validate connection com.mysql.cj.jdbc.ConnectionImpl@47578b1 (No operations allowed after connection closed.). Possibly consider using a shorter maxLifetime value.
2026-07-08 10:48:59 [HikariPool-1:housekeeper] WARN  com.zaxxer.hikari.pool.PoolBase - HikariPool-1 - Failed to validate connection com.mysql.cj.jdbc.ConnectionImpl@399386dd (No operations allowed after connection closed.). Possibly consider using a shorter maxLifetime value.
2026-07-08 10:50:28 [HikariPool-1:housekeeper] WARN  com.zaxxer.hikari.pool.PoolBase - HikariPool-1 - Failed to validate connection com.mysql.cj.jdbc.ConnectionImpl@5cfe596a (No operations allowed after connection closed.). Possibly consider using a shorter maxLifetime value.
2026-07-08 10:50:32 [HikariPool-1:housekeeper] WARN  com.zaxxer.hikari.pool.PoolBase - HikariPool-1 - Failed to validate connection com.mysql.cj.jdbc.ConnectionImpl@5931b53c (No operations allowed after connection closed.). Possibly consider using a shorter maxLifetime value.
2026-07-08 10:50:38 [HikariPool-1:housekeeper] WARN  com.zaxxer.hikari.pool.PoolBase - HikariPool-1 - Failed to validate connection com.mysql.cj.jdbc.ConnectionImpl@7c3165a9 (No operations allowed after connection closed.). Possibly consider using a shorter maxLifetime value.
2026-07-08 10:50:40 [HikariPool-1:housekeeper] WARN  com.zaxxer.hikari.pool.PoolBase - HikariPool-1 - Failed to validate connection com.mysql.cj.jdbc.ConnectionImpl@29250a1f (No operations allowed after connection closed.). Possibly consider using a shorter maxLifetime value.
2026-07-08 10:50:46 [HikariPool-1:housekeeper] WARN  com.zaxxer.hikari.pool.PoolBase - HikariPool-1 - Failed to validate connection com.mysql.cj.jdbc.ConnectionImpl@7de9d252 (No operations allowed after connection closed.). Possibly consider using a shorter maxLifetime value.
2026-07-08 10:52:08 [HikariPool-1:housekeeper] WARN  com.zaxxer.hikari.pool.PoolBase - HikariPool-1 - Failed to validate connection com.mysql.cj.jdbc.ConnectionImpl@a9ad351 (No operations allowed after connection closed.). Possibly consider using a shorter maxLifetime value.
2026-07-08 10:52:10 [HikariPool-1:housekeeper] WARN  com.zaxxer.hikari.pool.PoolBase - HikariPool-1 - Failed to validate connection com.mysql.cj.jdbc.ConnectionImpl@38a67d92 (No operations allowed after connection closed.). Possibly consider using a shorter maxLifetime value.
2026-07-08 10:52:26 [HikariPool-1:housekeeper] WARN  com.zaxxer.hikari.pool.PoolBase - HikariPool-1 - Failed to validate connection com.mysql.cj.jdbc.ConnectionImpl@255a2f49 (No operations allowed after connection closed.). Possibly consider using a shorter maxLifetime value.
2026-07-08 10:52:27 [HikariPool-1:housekeeper] WARN  com.zaxxer.hikari.pool.PoolBase - HikariPool-1 - Failed to validate connection com.mysql.cj.jdbc.ConnectionImpl@3e031a (No operations allowed after connection closed.). Possibly consider using a shorter maxLifetime value.
2026-07-08 10:52:28 [HikariPool-1:housekeeper] WARN  com.zaxxer.hikari.pool.PoolBase - HikariPool-1 - Failed to validate connection com.mysql.cj.jdbc.ConnectionImpl@bffb462 (No operations allowed after connection closed.). Possibly consider using a shorter maxLifetime value.
2026-07-08 10:54:02 [HikariPool-1:housekeeper] WARN  com.zaxxer.hikari.pool.PoolBase - HikariPool-1 - Failed to validate connection com.mysql.cj.jdbc.ConnectionImpl@7fabf233 (No operations allowed after connection closed.). Possibly consider using a shorter maxLifetime value.
2026-07-08 10:54:08 [HikariPool-1:housekeeper] WARN  com.zaxxer.hikari.pool.PoolBase - HikariPool-1 - Failed to validate connection com.mysql.cj.jdbc.ConnectionImpl@45363f6b (No operations allowed after connection closed.). Possibly consider using a shorter maxLifetime value.
2026-07-08 10:54:08 [HikariPool-1:housekeeper] WARN  com.zaxxer.hikari.pool.PoolBase - HikariPool-1 - Failed to validate connection com.mysql.cj.jdbc.ConnectionImpl@13868921 (No operations allowed after connection closed.). Possibly consider using a shorter maxLifetime value.
2026-07-08 10:54:15 [HikariPool-1:housekeeper] WARN  com.zaxxer.hikari.pool.PoolBase - HikariPool-1 - Failed to validate connection com.mysql.cj.jdbc.ConnectionImpl@20b5a7f3 (No operations allowed after connection closed.). Possibly consider using a shorter maxLifetime value.
2026-07-08 10:54:18 [HikariPool-1:housekeeper] WARN  com.zaxxer.hikari.pool.PoolBase - HikariPool-1 - Failed to validate connection com.mysql.cj.jdbc.ConnectionImpl@1bde0e4 (No operations allowed after connection closed.). Possibly consider using a shorter maxLifetime value.
2026-07-08 10:55:52 [HikariPool-1:housekeeper] WARN  com.zaxxer.hikari.pool.PoolBase - HikariPool-1 - Failed to validate connection com.mysql.cj.jdbc.ConnectionImpl@2655ae73 (No operations allowed after connection closed.). Possibly consider using a shorter maxLifetime value.
2026-07-08 10:55:57 [HikariPool-1:housekeeper] WARN  com.zaxxer.hikari.pool.PoolBase - HikariPool-1 - Failed to validate connection com.mysql.cj.jdbc.ConnectionImpl@1fa588b7 (No operations allowed after connection closed.). Possibly consider using a shorter maxLifetime value.
2026-07-08 10:55:59 [HikariPool-1:housekeeper] WARN  com.zaxxer.hikari.pool.PoolBase - HikariPool-1 - Failed to validate connection com.mysql.cj.jdbc.ConnectionImpl@71f1e167 (No operations allowed after connection closed.). Possibly consider using a shorter maxLifetime value.
2026-07-08 10:56:07 [HikariPool-1:housekeeper] WARN  com.zaxxer.hikari.pool.PoolBase - HikariPool-1 - Failed to validate connection com.mysql.cj.jdbc.ConnectionImpl@7a5cff1c (No operations allowed after connection closed.). Possibly consider using a shorter maxLifetime value.
2026-07-08 10:56:13 [HikariPool-1:housekeeper] WARN  com.zaxxer.hikari.pool.PoolBase - HikariPool-1 - Failed to validate connection com.mysql.cj.jdbc.ConnectionImpl@729da62b (No operations allowed after connection closed.). Possibly consider using a shorter maxLifetime value.
2026-07-08 10:57:32 [HikariPool-1:housekeeper] WARN  com.zaxxer.hikari.pool.PoolBase - HikariPool-1 - Failed to validate connection com.mysql.cj.jdbc.ConnectionImpl@11202156 (No operations allowed after connection closed.). Possibly consider using a shorter maxLifetime value.
2026-07-08 10:57:46 [HikariPool-1:housekeeper] WARN  com.zaxxer.hikari.pool.PoolBase - HikariPool-1 - Failed to validate connection com.mysql.cj.jdbc.ConnectionImpl@3c9b9981 (No operations allowed after connection closed.). Possibly consider using a shorter maxLifetime value.
2026-07-08 10:57:51 [HikariPool-1:housekeeper] WARN  com.zaxxer.hikari.pool.PoolBase - HikariPool-1 - Failed to validate connection com.mysql.cj.jdbc.ConnectionImpl@6c26d63b (No operations allowed after connection closed.). Possibly consider using a shorter maxLifetime value.
2026-07-08 10:57:54 [HikariPool-1:housekeeper] WARN  com.zaxxer.hikari.pool.PoolBase - HikariPool-1 - Failed to validate connection com.mysql.cj.jdbc.ConnectionImpl@69a50afb (No operations allowed after connection closed.). Possibly consider using a shorter maxLifetime value.
2026-07-08 10:58:03 [HikariPool-1:housekeeper] WARN  com.zaxxer.hikari.pool.PoolBase - HikariPool-1 - Failed to validate connection com.mysql.cj.jdbc.ConnectionImpl@7635023a (No operations allowed after connection closed.). Possibly consider using a shorter maxLifetime value.
2026-07-08 10:59:25 [HikariPool-1:housekeeper] WARN  com.zaxxer.hikari.pool.PoolBase - HikariPool-1 - Failed to validate connection com.mysql.cj.jdbc.ConnectionImpl@339be91a (No operations allowed after connection closed.). Possibly consider using a shorter maxLifetime value.
2026-07-08 10:59:25 [HikariPool-1:housekeeper] WARN  com.zaxxer.hikari.pool.PoolBase - HikariPool-1 - Failed to validate connection com.mysql.cj.jdbc.ConnectionImpl@2cd237ed (No operations allowed after connection closed.). Possibly consider using a shorter maxLifetime value.
2026-07-08 10:59:32 [HikariPool-1:housekeeper] WARN  com.zaxxer.hikari.pool.PoolBase - HikariPool-1 - Failed to validate connection com.mysql.cj.jdbc.ConnectionImpl@446c3963 (No operations allowed after connection closed.). Possibly consider using a shorter maxLifetime value.
2026-07-08 10:59:46 [HikariPool-1:housekeeper] WARN  com.zaxxer.hikari.pool.PoolBase - HikariPool-1 - Failed to validate connection com.mysql.cj.jdbc.ConnectionImpl@1cb5d348 (No operations allowed after connection closed.). Possibly consider using a shorter maxLifetime value.
2026-07-08 10:59:55 [HikariPool-1:housekeeper] WARN  com.zaxxer.hikari.pool.PoolBase - HikariPool-1 - Failed to validate connection com.mysql.cj.jdbc.ConnectionImpl@4e77002 (No operations allowed after connection closed.). Possibly consider using a shorter maxLifetime value.
2026-07-08 11:01:04 [HikariPool-1:housekeeper] WARN  com.zaxxer.hikari.pool.PoolBase - HikariPool-1 - Failed to validate connection com.mysql.cj.jdbc.ConnectionImpl@416470 (No operations allowed after connection closed.). Possibly consider using a shorter maxLifetime value.
2026-07-08 11:01:09 [HikariPool-1:housekeeper] WARN  com.zaxxer.hikari.pool.PoolBase - HikariPool-1 - Failed to validate connection com.mysql.cj.jdbc.ConnectionImpl@31e10633 (No operations allowed after connection closed.). Possibly consider using a shorter maxLifetime value.
2026-07-08 11:01:24 [HikariPool-1:housekeeper] WARN  com.zaxxer.hikari.pool.PoolBase - HikariPool-1 - Failed to validate connection com.mysql.cj.jdbc.ConnectionImpl@659ef521 (No operations allowed after connection closed.). Possibly consider using a shorter maxLifetime value.
2026-07-08 11:01:45 [HikariPool-1:housekeeper] WARN  com.zaxxer.hikari.pool.PoolBase - HikariPool-1 - Failed to validate connection com.mysql.cj.jdbc.ConnectionImpl@280c7f6e (No operations allowed after connection closed.). Possibly consider using a shorter maxLifetime value.
2026-07-08 11:01:45 [HikariPool-1:housekeeper] WARN  com.zaxxer.hikari.pool.PoolBase - HikariPool-1 - Failed to validate connection com.mysql.cj.jdbc.ConnectionImpl@340ec32 (No operations allowed after connection closed.). Possibly consider using a shorter maxLifetime value.
2026-07-08 11:03:03 [HikariPool-1:housekeeper] WARN  com.zaxxer.hikari.pool.PoolBase - HikariPool-1 - Failed to validate connection com.mysql.cj.jdbc.ConnectionImpl@569aac03 (No operations allowed after connection closed.). Possibly consider using a shorter maxLifetime value.
2026-07-08 11:03:04 [HikariPool-1:housekeeper] WARN  com.zaxxer.hikari.pool.PoolBase - HikariPool-1 - Failed to validate connection com.mysql.cj.jdbc.ConnectionImpl@255dbaf3 (No operations allowed after connection closed.). Possibly consider using a shorter maxLifetime value.
2026-07-08 11:03:08 [HikariPool-1:housekeeper] WARN  com.zaxxer.hikari.pool.PoolBase - HikariPool-1 - Failed to validate connection com.mysql.cj.jdbc.ConnectionImpl@21f8f316 (No operations allowed after connection closed.). Possibly consider using a shorter maxLifetime value.
2026-07-08 11:03:28 [HikariPool-1:housekeeper] WARN  com.zaxxer.hikari.pool.PoolBase - HikariPool-1 - Failed to validate connection com.mysql.cj.jdbc.ConnectionImpl@2281b99e (No operations allowed after connection closed.). Possibly consider using a shorter maxLifetime value.
2026-07-08 11:03:32 [HikariPool-1:housekeeper] WARN  com.zaxxer.hikari.pool.PoolBase - HikariPool-1 - Failed to validate connection com.mysql.cj.jdbc.ConnectionImpl@45bf11d7 (No operations allowed after connection closed.). Possibly consider using a shorter maxLifetime value.
2026-07-08 11:04:47 [HikariPool-1:housekeeper] WARN  com.zaxxer.hikari.pool.PoolBase - HikariPool-1 - Failed to validate connection com.mysql.cj.jdbc.ConnectionImpl@23392a35 (No operations allowed after connection closed.). Possibly consider using a shorter maxLifetime value.
2026-07-08 11:04:57 [HikariPool-1:housekeeper] WARN  com.zaxxer.hikari.pool.PoolBase - HikariPool-1 - Failed to validate connection com.mysql.cj.jdbc.ConnectionImpl@6c83e357 (No operations allowed after connection closed.). Possibly consider using a shorter maxLifetime value.
2026-07-08 11:05:03 [HikariPool-1:housekeeper] WARN  com.zaxxer.hikari.pool.PoolBase - HikariPool-1 - Failed to validate connection com.mysql.cj.jdbc.ConnectionImpl@3b0d963f (No operations allowed after connection closed.). Possibly consider using a shorter maxLifetime value.
2026-07-08 11:05:21 [HikariPool-1:housekeeper] WARN  com.zaxxer.hikari.pool.PoolBase - HikariPool-1 - Failed to validate connection com.mysql.cj.jdbc.ConnectionImpl@1dbdd30f (No operations allowed after connection closed.). Possibly consider using a shorter maxLifetime value.
2026-07-08 11:05:28 [HikariPool-1:housekeeper] WARN  com.zaxxer.hikari.pool.PoolBase - HikariPool-1 - Failed to validate connection com.mysql.cj.jdbc.ConnectionImpl@6046000b (No operations allowed after connection closed.). Possibly consider using a shorter maxLifetime value.
2026-07-08 11:06:26 [HikariPool-1:housekeeper] WARN  com.zaxxer.hikari.pool.PoolBase - HikariPool-1 - Failed to validate connection com.mysql.cj.jdbc.ConnectionImpl@45f7717e (No operations allowed after connection closed.). Possibly consider using a shorter maxLifetime value.
2026-07-08 11:06:49 [HikariPool-1:housekeeper] WARN  com.zaxxer.hikari.pool.PoolBase - HikariPool-1 - Failed to validate connection com.mysql.cj.jdbc.ConnectionImpl@4cb0c004 (No operations allowed after connection closed.). Possibly consider using a shorter maxLifetime value.
2026-07-08 11:06:52 [HikariPool-1:housekeeper] WARN  com.zaxxer.hikari.pool.PoolBase - HikariPool-1 - Failed to validate connection com.mysql.cj.jdbc.ConnectionImpl@be25a46 (No operations allowed after connection closed.). Possibly consider using a shorter maxLifetime value.
2026-07-08 11:06:58 [HikariPool-1:housekeeper] WARN  com.zaxxer.hikari.pool.PoolBase - HikariPool-1 - Failed to validate connection com.mysql.cj.jdbc.ConnectionImpl@2180462c (No operations allowed after connection closed.). Possibly consider using a shorter maxLifetime value.
2026-07-08 11:07:06 [HikariPool-1:housekeeper] WARN  com.zaxxer.hikari.pool.PoolBase - HikariPool-1 - Failed to validate connection com.mysql.cj.jdbc.ConnectionImpl@1ba23613 (No operations allowed after connection closed.). Possibly consider using a shorter maxLifetime value.
2026-07-08 11:08:26 [HikariPool-1:housekeeper] WARN  com.zaxxer.hikari.pool.PoolBase - HikariPool-1 - Failed to validate connection com.mysql.cj.jdbc.ConnectionImpl@2199f810 (No operations allowed after connection closed.). Possibly consider using a shorter maxLifetime value.
2026-07-08 11:08:44 [HikariPool-1:housekeeper] WARN  com.zaxxer.hikari.pool.PoolBase - HikariPool-1 - Failed to validate connection com.mysql.cj.jdbc.ConnectionImpl@1057ecfd (No operations allowed after connection closed.). Possibly consider using a shorter maxLifetime value.
2026-07-08 11:08:47 [HikariPool-1:housekeeper] WARN  com.zaxxer.hikari.pool.PoolBase - HikariPool-1 - Failed to validate connection com.mysql.cj.jdbc.ConnectionImpl@274880cc (No operations allowed after connection closed.). Possibly consider using a shorter maxLifetime value.
2026-07-08 11:08:49 [HikariPool-1:housekeeper] WARN  com.zaxxer.hikari.pool.PoolBase - HikariPool-1 - Failed to validate connection com.mysql.cj.jdbc.ConnectionImpl@477f58a7 (No operations allowed after connection closed.). Possibly consider using a shorter maxLifetime value.
2026-07-08 11:08:59 [HikariPool-1:housekeeper] WARN  com.zaxxer.hikari.pool.PoolBase - HikariPool-1 - Failed to validate connection com.mysql.cj.jdbc.ConnectionImpl@686074b1 (No operations allowed after connection closed.). Possibly consider using a shorter maxLifetime value.
2026-07-08 11:10:13 [HikariPool-1:housekeeper] WARN  com.zaxxer.hikari.pool.PoolBase - HikariPool-1 - Failed to validate connection com.mysql.cj.jdbc.ConnectionImpl@3fc207f7 (No operations allowed after connection closed.). Possibly consider using a shorter maxLifetime value.
2026-07-08 11:10:41 [HikariPool-1:housekeeper] WARN  com.zaxxer.hikari.pool.PoolBase - HikariPool-1 - Failed to validate connection com.mysql.cj.jdbc.ConnectionImpl@696be3cd (No operations allowed after connection closed.). Possibly consider using a shorter maxLifetime value.
2026-07-08 11:10:42 [HikariPool-1:housekeeper] WARN  com.zaxxer.hikari.pool.PoolBase - HikariPool-1 - Failed to validate connection com.mysql.cj.jdbc.ConnectionImpl@6765caea (No operations allowed after connection closed.). Possibly consider using a shorter maxLifetime value.
2026-07-08 11:10:43 [HikariPool-1:housekeeper] WARN  com.zaxxer.hikari.pool.PoolBase - HikariPool-1 - Failed to validate connection com.mysql.cj.jdbc.ConnectionImpl@4bda4f44 (No operations allowed after connection closed.). Possibly consider using a shorter maxLifetime value.
2026-07-08 11:10:43 [HikariPool-1:housekeeper] WARN  com.zaxxer.hikari.pool.PoolBase - HikariPool-1 - Failed to validate connection com.mysql.cj.jdbc.ConnectionImpl@7d99b879 (No operations allowed after connection closed.). Possibly consider using a shorter maxLifetime value.
2026-07-08 11:12:03 [HikariPool-1:housekeeper] WARN  com.zaxxer.hikari.pool.PoolBase - HikariPool-1 - Failed to validate connection com.mysql.cj.jdbc.ConnectionImpl@9572ccf (No operations allowed after connection closed.). Possibly consider using a shorter maxLifetime value.
2026-07-08 11:12:20 [HikariPool-1:housekeeper] WARN  com.zaxxer.hikari.pool.PoolBase - HikariPool-1 - Failed to validate connection com.mysql.cj.jdbc.ConnectionImpl@599552ab (No operations allowed after connection closed.). Possibly consider using a shorter maxLifetime value.
2026-07-08 11:12:22 [HikariPool-1:housekeeper] WARN  com.zaxxer.hikari.pool.PoolBase - HikariPool-1 - Failed to validate connection com.mysql.cj.jdbc.ConnectionImpl@597e0b24 (No operations allowed after connection closed.). Possibly consider using a shorter maxLifetime value.
2026-07-08 11:12:22 [HikariPool-1:housekeeper] WARN  com.zaxxer.hikari.pool.PoolBase - HikariPool-1 - Failed to validate connection com.mysql.cj.jdbc.ConnectionImpl@7d5a3da3 (No operations allowed after connection closed.). Possibly consider using a shorter maxLifetime value.
2026-07-08 11:12:38 [HikariPool-1:housekeeper] WARN  com.zaxxer.hikari.pool.PoolBase - HikariPool-1 - Failed to validate connection com.mysql.cj.jdbc.ConnectionImpl@e2938a9 (No operations allowed after connection closed.). Possibly consider using a shorter maxLifetime value.
2026-07-08 11:13:41 [HikariPool-1:housekeeper] WARN  com.zaxxer.hikari.pool.PoolBase - HikariPool-1 - Failed to validate connection com.mysql.cj.jdbc.ConnectionImpl@3556a68b (No operations allowed after connection closed.). Possibly consider using a shorter maxLifetime value.
2026-07-08 11:14:01 [HikariPool-1:housekeeper] WARN  com.zaxxer.hikari.pool.PoolBase - HikariPool-1 - Failed to validate connection com.mysql.cj.jdbc.ConnectionImpl@5ee6bd57 (No operations allowed after connection closed.). Possibly consider using a shorter maxLifetime value.
2026-07-08 11:14:09 [HikariPool-1:housekeeper] WARN  com.zaxxer.hikari.pool.PoolBase - HikariPool-1 - Failed to validate connection com.mysql.cj.jdbc.ConnectionImpl@74d7b55 (No operations allowed after connection closed.). Possibly consider using a shorter maxLifetime value.
2026-07-08 11:14:17 [HikariPool-1:housekeeper] WARN  com.zaxxer.hikari.pool.PoolBase - HikariPool-1 - Failed to validate connection com.mysql.cj.jdbc.ConnectionImpl@1c82beaf (No operations allowed after connection closed.). Possibly consider using a shorter maxLifetime value.
2026-07-08 11:14:27 [HikariPool-1:housekeeper] WARN  com.zaxxer.hikari.pool.PoolBase - HikariPool-1 - Failed to validate connection com.mysql.cj.jdbc.ConnectionImpl@890abbe (No operations allowed after connection closed.). Possibly consider using a shorter maxLifetime value.
2026-07-08 11:15:26 [HikariPool-1:housekeeper] WARN  com.zaxxer.hikari.pool.PoolBase - HikariPool-1 - Failed to validate connection com.mysql.cj.jdbc.ConnectionImpl@5b190db9 (No operations allowed after connection closed.). Possibly consider using a shorter maxLifetime value.
2026-07-08 11:15:52 [HikariPool-1:housekeeper] WARN  com.zaxxer.hikari.pool.PoolBase - HikariPool-1 - Failed to validate connection com.mysql.cj.jdbc.ConnectionImpl@6d9421db (No operations allowed after connection closed.). Possibly consider using a shorter maxLifetime value.
2026-07-08 11:16:06 [HikariPool-1:housekeeper] WARN  com.zaxxer.hikari.pool.PoolBase - HikariPool-1 - Failed to validate connection com.mysql.cj.jdbc.ConnectionImpl@11cf189a (No operations allowed after connection closed.). Possibly consider using a shorter maxLifetime value.
2026-07-08 11:16:08 [HikariPool-1:housekeeper] WARN  com.zaxxer.hikari.pool.PoolBase - HikariPool-1 - Failed to validate connection com.mysql.cj.jdbc.ConnectionImpl@1851752e (No operations allowed after connection closed.). Possibly consider using a shorter maxLifetime value.
2026-07-08 11:16:08 [HikariPool-1:housekeeper] WARN  com.zaxxer.hikari.pool.PoolBase - HikariPool-1 - Failed to validate connection com.mysql.cj.jdbc.ConnectionImpl@5f733226 (No operations allowed after connection closed.). Possibly consider using a shorter maxLifetime value.
2026-07-08 11:17:10 [HikariPool-1:housekeeper] WARN  com.zaxxer.hikari.pool.PoolBase - HikariPool-1 - Failed to validate connection com.mysql.cj.jdbc.ConnectionImpl@3611ea9a (No operations allowed after connection closed.). Possibly consider using a shorter maxLifetime value.
2026-07-08 11:17:50 [HikariPool-1:housekeeper] WARN  com.zaxxer.hikari.pool.PoolBase - HikariPool-1 - Failed to validate connection com.mysql.cj.jdbc.ConnectionImpl@49758550 (No operations allowed after connection closed.). Possibly consider using a shorter maxLifetime value.
2026-07-08 11:17:51 [HikariPool-1:housekeeper] WARN  com.zaxxer.hikari.pool.PoolBase - HikariPool-1 - Failed to validate connection com.mysql.cj.jdbc.ConnectionImpl@36ad1200 (No operations allowed after connection closed.). Possibly consider using a shorter maxLifetime value.
2026-07-08 11:17:55 [HikariPool-1:housekeeper] WARN  com.zaxxer.hikari.pool.PoolBase - HikariPool-1 - Failed to validate connection com.mysql.cj.jdbc.ConnectionImpl@1f83b04e (No operations allowed after connection closed.). Possibly consider using a shorter maxLifetime value.
2026-07-08 11:18:02 [HikariPool-1:housekeeper] WARN  com.zaxxer.hikari.pool.PoolBase - HikariPool-1 - Failed to validate connection com.mysql.cj.jdbc.ConnectionImpl@7a39e9eb (No operations allowed after connection closed.). Possibly consider using a shorter maxLifetime value.
2026-07-08 11:19:09 [HikariPool-1:housekeeper] WARN  com.zaxxer.hikari.pool.PoolBase - HikariPool-1 - Failed to validate connection com.mysql.cj.jdbc.ConnectionImpl@206dd999 (No operations allowed after connection closed.). Possibly consider using a shorter maxLifetime value.
2026-07-08 11:19:30 [HikariPool-1:housekeeper] WARN  com.zaxxer.hikari.pool.PoolBase - HikariPool-1 - Failed to validate connection com.mysql.cj.jdbc.ConnectionImpl@172ddf0d (No operations allowed after connection closed.). Possibly consider using a shorter maxLifetime value.
2026-07-08 11:19:35 [HikariPool-1:housekeeper] WARN  com.zaxxer.hikari.pool.PoolBase - HikariPool-1 - Failed to validate connection com.mysql.cj.jdbc.ConnectionImpl@500f035f (No operations allowed after connection closed.). Possibly consider using a shorter maxLifetime value.
2026-07-08 11:19:48 [HikariPool-1:housekeeper] WARN  com.zaxxer.hikari.pool.PoolBase - HikariPool-1 - Failed to validate connection com.mysql.cj.jdbc.ConnectionImpl@7b7f2968 (No operations allowed after connection closed.). Possibly consider using a shorter maxLifetime value.
2026-07-08 11:19:51 [HikariPool-1:housekeeper] WARN  com.zaxxer.hikari.pool.PoolBase - HikariPool-1 - Failed to validate connection com.mysql.cj.jdbc.ConnectionImpl@48394c40 (No operations allowed after connection closed.). Possibly consider using a shorter maxLifetime value.
2026-07-08 11:21:05 [HikariPool-1:housekeeper] WARN  com.zaxxer.hikari.pool.PoolBase - HikariPool-1 - Failed to validate connection com.mysql.cj.jdbc.ConnectionImpl@502ec1c4 (No operations allowed after connection closed.). Possibly consider using a shorter maxLifetime value.
2026-07-08 11:21:13 [HikariPool-1:housekeeper] WARN  com.zaxxer.hikari.pool.PoolBase - HikariPool-1 - Failed to validate connection com.mysql.cj.jdbc.ConnectionImpl@17ae71f9 (No operations allowed after connection closed.). Possibly consider using a shorter maxLifetime value.
2026-07-08 11:21:13 [HikariPool-1:housekeeper] WARN  com.zaxxer.hikari.pool.PoolBase - HikariPool-1 - Failed to validate connection com.mysql.cj.jdbc.ConnectionImpl@33f1b78b (No operations allowed after connection closed.). Possibly consider using a shorter maxLifetime value.
2026-07-08 11:21:40 [HikariPool-1:housekeeper] WARN  com.zaxxer.hikari.pool.PoolBase - HikariPool-1 - Failed to validate connection com.mysql.cj.jdbc.ConnectionImpl@25c999b3 (No operations allowed after connection closed.). Possibly consider using a shorter maxLifetime value.
2026-07-08 11:21:49 [HikariPool-1:housekeeper] WARN  com.zaxxer.hikari.pool.PoolBase - HikariPool-1 - Failed to validate connection com.mysql.cj.jdbc.ConnectionImpl@6ff53e1f (No operations allowed after connection closed.). Possibly consider using a shorter maxLifetime value.
2026-07-08 11:22:41 [HikariPool-1:housekeeper] WARN  com.zaxxer.hikari.pool.PoolBase - HikariPool-1 - Failed to validate connection com.mysql.cj.jdbc.ConnectionImpl@38eb8e17 (No operations allowed after connection closed.). Possibly consider using a shorter maxLifetime value.
2026-07-08 11:23:09 [HikariPool-1:housekeeper] WARN  com.zaxxer.hikari.pool.PoolBase - HikariPool-1 - Failed to validate connection com.mysql.cj.jdbc.ConnectionImpl@5f2f3af1 (No operations allowed after connection closed.). Possibly consider using a shorter maxLifetime value.
2026-07-08 11:23:12 [HikariPool-1:housekeeper] WARN  com.zaxxer.hikari.pool.PoolBase - HikariPool-1 - Failed to validate connection com.mysql.cj.jdbc.ConnectionImpl@5e3f3851 (No operations allowed after connection closed.). Possibly consider using a shorter maxLifetime value.
2026-07-08 11:23:19 [HikariPool-1:housekeeper] WARN  com.zaxxer.hikari.pool.PoolBase - HikariPool-1 - Failed to validate connection com.mysql.cj.jdbc.ConnectionImpl@20fd4d41 (No operations allowed after connection closed.). Possibly consider using a shorter maxLifetime value.
2026-07-08 11:23:47 [HikariPool-1:housekeeper] WARN  com.zaxxer.hikari.pool.PoolBase - HikariPool-1 - Failed to validate connection com.mysql.cj.jdbc.ConnectionImpl@38cc80b3 (No operations allowed after connection closed.). Possibly consider using a shorter maxLifetime value.
2026-07-08 11:24:30 [HikariPool-1:housekeeper] WARN  com.zaxxer.hikari.pool.PoolBase - HikariPool-1 - Failed to validate connection com.mysql.cj.jdbc.ConnectionImpl@55cb1bad (No operations allowed after connection closed.). Possibly consider using a shorter maxLifetime value.
2026-07-08 11:24:54 [HikariPool-1:housekeeper] WARN  com.zaxxer.hikari.pool.PoolBase - HikariPool-1 - Failed to validate connection com.mysql.cj.jdbc.ConnectionImpl@17fb9924 (No operations allowed after connection closed.). Possibly consider using a shorter maxLifetime value.
2026-07-08 11:24:59 [HikariPool-1:housekeeper] WARN  com.zaxxer.hikari.pool.PoolBase - HikariPool-1 - Failed to validate connection com.mysql.cj.jdbc.ConnectionImpl@338dbf0e (No operations allowed after connection closed.). Possibly consider using a shorter maxLifetime value.
2026-07-08 11:25:15 [HikariPool-1:housekeeper] WARN  com.zaxxer.hikari.pool.PoolBase - HikariPool-1 - Failed to validate connection com.mysql.cj.jdbc.ConnectionImpl@412c038b (No operations allowed after connection closed.). Possibly consider using a shorter maxLifetime value.
2026-07-08 11:25:33 [HikariPool-1:housekeeper] WARN  com.zaxxer.hikari.pool.PoolBase - HikariPool-1 - Failed to validate connection com.mysql.cj.jdbc.ConnectionImpl@17719b0b (No operations allowed after connection closed.). Possibly consider using a shorter maxLifetime value.
2026-07-08 11:26:29 [HikariPool-1:housekeeper] WARN  com.zaxxer.hikari.pool.PoolBase - HikariPool-1 - Failed to validate connection com.mysql.cj.jdbc.ConnectionImpl@10d99239 (No operations allowed after connection closed.). Possibly consider using a shorter maxLifetime value.
2026-07-08 11:26:37 [HikariPool-1:housekeeper] WARN  com.zaxxer.hikari.pool.PoolBase - HikariPool-1 - Failed to validate connection com.mysql.cj.jdbc.ConnectionImpl@136ed620 (No operations allowed after connection closed.). Possibly consider using a shorter maxLifetime value.
2026-07-08 11:26:43 [http-nio-8080-exec-4] INFO  c.e.Docgen_Backend.config.JwtFilter - JWT validated successfully for userId=6a311365ec2c34f3d9e4f06e
2026-07-08 11:26:43 [http-nio-8080-exec-4] INFO  c.e.D.controller.UserController - GET /api/v2/users - Fetch all users request received | page=0, size=8, sortBy=id, direction=desc
2026-07-08 11:26:43 [http-nio-8080-exec-4] WARN  com.zaxxer.hikari.pool.PoolBase - HikariPool-1 - Failed to validate connection com.mysql.cj.jdbc.ConnectionImpl@77c03ca5 (No operations allowed after connection closed.). Possibly consider using a shorter maxLifetime value.
2026-07-08 11:26:43 [http-nio-8080-exec-4] WARN  com.zaxxer.hikari.pool.PoolBase - HikariPool-1 - Failed to validate connection com.mysql.cj.jdbc.ConnectionImpl@3f472f7c (No operations allowed after connection closed.). Possibly consider using a shorter maxLifetime value.
2026-07-08 11:26:43 [http-nio-8080-exec-4] WARN  com.zaxxer.hikari.pool.PoolBase - HikariPool-1 - Failed to validate connection com.mysql.cj.jdbc.ConnectionImpl@4abdf22c (No operations allowed after connection closed.). Possibly consider using a shorter maxLifetime value.
2026-07-08 11:26:45 [http-nio-8080-exec-4] INFO  c.e.D.controller.UserController - Fetched 7 users on page 0 of 1
2026-07-08 11:26:45 [http-nio-8080-exec-3] INFO  c.e.Docgen_Backend.config.JwtFilter - JWT validated successfully for userId=6a311365ec2c34f3d9e4f06e
2026-07-08 11:26:46 [http-nio-8080-exec-3] INFO  c.e.D.controller.UserController - GET /api/v2/users - Fetch all users request received | page=0, size=8, sortBy=id, direction=desc
2026-07-08 11:26:48 [http-nio-8080-exec-3] INFO  c.e.D.controller.UserController - Fetched 7 users on page 0 of 1
2026-07-08 11:28:53 [HikariPool-1:housekeeper] WARN  com.zaxxer.hikari.pool.HikariPool - HikariPool-1 - Thread starvation or clock leap detected (housekeeper delta=1m45s603ms802µs700ns).
2026-07-08 11:28:53 [HikariPool-1:housekeeper] WARN  com.zaxxer.hikari.pool.PoolBase - HikariPool-1 - Failed to validate connection com.mysql.cj.jdbc.ConnectionImpl@393a0334 (No operations allowed after connection closed.). Possibly consider using a shorter maxLifetime value.
2026-07-08 11:28:53 [HikariPool-1:housekeeper] WARN  com.zaxxer.hikari.pool.PoolBase - HikariPool-1 - Failed to validate connection com.mysql.cj.jdbc.ConnectionImpl@315e012f (No operations allowed after connection closed.). Possibly consider using a shorter maxLifetime value.
2026-07-08 11:28:53 [HikariPool-1:housekeeper] WARN  com.zaxxer.hikari.pool.PoolBase - HikariPool-1 - Failed to validate connection com.mysql.cj.jdbc.ConnectionImpl@248a4b7b (No operations allowed after connection closed.). Possibly consider using a shorter maxLifetime value.
2026-07-08 11:28:53 [HikariPool-1:housekeeper] WARN  com.zaxxer.hikari.pool.PoolBase - HikariPool-1 - Failed to validate connection com.mysql.cj.jdbc.ConnectionImpl@4d40cf7d (No operations allowed after connection closed.). Possibly consider using a shorter maxLifetime value.
2026-07-08 11:28:53 [HikariPool-1:housekeeper] WARN  com.zaxxer.hikari.pool.PoolBase - HikariPool-1 - Failed to validate connection com.mysql.cj.jdbc.ConnectionImpl@39429a3a (No operations allowed after connection closed.). Possibly consider using a shorter maxLifetime value.
2026-07-08 11:28:53 [HikariPool-1:housekeeper] WARN  com.zaxxer.hikari.pool.PoolBase - HikariPool-1 - Failed to validate connection com.mysql.cj.jdbc.ConnectionImpl@78d4b344 (No operations allowed after connection closed.). Possibly consider using a shorter maxLifetime value.
2026-07-08 11:29:00 [http-nio-8080-exec-10] INFO  c.e.Docgen_Backend.config.JwtFilter - JWT validated successfully for userId=6a311365ec2c34f3d9e4f06e
2026-07-08 11:29:00 [http-nio-8080-exec-10] INFO  c.e.D.controller.UserController - GET /api/v2/users - Fetch all users request received | page=0, size=8, sortBy=id, direction=desc
2026-07-08 11:29:09 [http-nio-8080-exec-10] INFO  c.e.D.controller.UserController - Fetched 7 users on page 0 of 1
2026-07-08 11:29:09 [http-nio-8080-exec-1] INFO  c.e.Docgen_Backend.config.JwtFilter - JWT validated successfully for userId=6a311365ec2c34f3d9e4f06e
2026-07-08 11:29:09 [http-nio-8080-exec-1] INFO  c.e.D.controller.UserController - GET /api/v2/users - Fetch all users request received | page=0, size=8, sortBy=id, direction=desc
2026-07-08 11:29:11 [http-nio-8080-exec-1] INFO  c.e.D.controller.UserController - Fetched 7 users on page 0 of 1
2026-07-08 11:30:43 [HikariPool-1:housekeeper] WARN  com.zaxxer.hikari.pool.PoolBase - HikariPool-1 - Failed to validate connection com.mysql.cj.jdbc.ConnectionImpl@e73eeb6 (No operations allowed after connection closed.). Possibly consider using a shorter maxLifetime value.
2026-07-08 11:30:44 [HikariPool-1:housekeeper] WARN  com.zaxxer.hikari.pool.PoolBase - HikariPool-1 - Failed to validate connection com.mysql.cj.jdbc.ConnectionImpl@352ee232 (No operations allowed after connection closed.). Possibly consider using a shorter maxLifetime value.
2026-07-08 11:30:48 [HikariPool-1:housekeeper] WARN  com.zaxxer.hikari.pool.PoolBase - HikariPool-1 - Failed to validate connection com.mysql.cj.jdbc.ConnectionImpl@2439bc7f (No operations allowed after connection closed.). Possibly consider using a shorter maxLifetime value.
2026-07-08 11:30:57 [HikariPool-1:housekeeper] WARN  com.zaxxer.hikari.pool.PoolBase - HikariPool-1 - Failed to validate connection com.mysql.cj.jdbc.ConnectionImpl@7ef9d129 (No operations allowed after connection closed.). Possibly consider using a shorter maxLifetime value.
2026-07-08 11:30:57 [HikariPool-1:housekeeper] WARN  com.zaxxer.hikari.pool.PoolBase - HikariPool-1 - Failed to validate connection com.mysql.cj.jdbc.ConnectionImpl@3daf048c (No operations allowed after connection closed.). Possibly consider using a shorter maxLifetime value.
2026-07-08 11:31:04 [HikariPool-1:housekeeper] WARN  com.zaxxer.hikari.pool.PoolBase - HikariPool-1 - Failed to validate connection com.mysql.cj.jdbc.ConnectionImpl@549c8d02 (No operations allowed after connection closed.). Possibly consider using a shorter maxLifetime value.
2026-07-08 11:32:24 [HikariPool-1:housekeeper] WARN  com.zaxxer.hikari.pool.PoolBase - HikariPool-1 - Failed to validate connection com.mysql.cj.jdbc.ConnectionImpl@952f77a (No operations allowed after connection closed.). Possibly consider using a shorter maxLifetime value.
2026-07-08 11:32:44 [HikariPool-1:housekeeper] WARN  com.zaxxer.hikari.pool.PoolBase - HikariPool-1 - Failed to validate connection com.mysql.cj.jdbc.ConnectionImpl@7c5869a4 (No operations allowed after connection closed.). Possibly consider using a shorter maxLifetime value.
2026-07-08 11:32:50 [HikariPool-1:housekeeper] WARN  com.zaxxer.hikari.pool.PoolBase - HikariPool-1 - Failed to validate connection com.mysql.cj.jdbc.ConnectionImpl@6585ec5b (No operations allowed after connection closed.). Possibly consider using a shorter maxLifetime value.
2026-07-08 11:32:52 [HikariPool-1:housekeeper] WARN  com.zaxxer.hikari.pool.PoolBase - HikariPool-1 - Failed to validate connection com.mysql.cj.jdbc.ConnectionImpl@76523d58 (No operations allowed after connection closed.). Possibly consider using a shorter maxLifetime value.
2026-07-08 11:32:52 [HikariPool-1:housekeeper] WARN  com.zaxxer.hikari.pool.PoolBase - HikariPool-1 - Failed to validate connection com.mysql.cj.jdbc.ConnectionImpl@1ca1d787 (No operations allowed after connection closed.). Possibly consider using a shorter maxLifetime value.
2026-07-08 11:34:17 [HikariPool-1:housekeeper] WARN  com.zaxxer.hikari.pool.PoolBase - HikariPool-1 - Failed to validate connection com.mysql.cj.jdbc.ConnectionImpl@5c3a998f (No operations allowed after connection closed.). Possibly consider using a shorter maxLifetime value.
2026-07-08 11:34:22 [http-nio-8080-exec-5] INFO  c.e.Docgen_Backend.config.JwtFilter - JWT validated successfully for userId=6a311365ec2c34f3d9e4f06e
2026-07-08 11:34:22 [http-nio-8080-exec-5] INFO  c.e.D.controller.UserController - GET /api/v2/users/16 - Fetch request received
2026-07-08 11:34:22 [http-nio-8080-exec-5] INFO  c.e.D.service.impl.UserServiceImpl - Fetching user profile for edit | userId=16
2026-07-08 11:34:22 [http-nio-8080-exec-5] WARN  com.zaxxer.hikari.pool.PoolBase - HikariPool-1 - Failed to validate connection com.mysql.cj.jdbc.ConnectionImpl@6baec516 (No operations allowed after connection closed.). Possibly consider using a shorter maxLifetime value.
2026-07-08 11:34:22 [http-nio-8080-exec-5] WARN  com.zaxxer.hikari.pool.PoolBase - HikariPool-1 - Failed to validate connection com.mysql.cj.jdbc.ConnectionImpl@3e08756e (No operations allowed after connection closed.). Possibly consider using a shorter maxLifetime value.
2026-07-08 11:34:22 [http-nio-8080-exec-5] WARN  com.zaxxer.hikari.pool.PoolBase - HikariPool-1 - Failed to validate connection com.mysql.cj.jdbc.ConnectionImpl@1b3910a9 (No operations allowed after connection closed.). Possibly consider using a shorter maxLifetime value.
2026-07-08 11:34:22 [http-nio-8080-exec-5] WARN  com.zaxxer.hikari.pool.PoolBase - HikariPool-1 - Failed to validate connection com.mysql.cj.jdbc.ConnectionImpl@6a2e0ad (No operations allowed after connection closed.). Possibly consider using a shorter maxLifetime value.
2026-07-08 11:34:22 [http-nio-8080-exec-5] DEBUG c.e.D.service.impl.UserServiceImpl - User found | userId=16 | employeeId=SMDS033
2026-07-08 11:34:22 [http-nio-8080-exec-5] INFO  c.e.D.service.impl.UserServiceImpl - User profile fetched successfully | userId=16 | timeTaken=367ms
2026-07-08 11:34:22 [http-nio-8080-exec-5] INFO  c.e.D.controller.UserController - Profile fetched successfully for userId=16
2026-07-08 11:34:22 [http-nio-8080-exec-5] DEBUG c.e.D.controller.UserController - Fetched profile data: UserProfileResponseDTO(id=16, employeeName=Prathaesh Bhavsar, employeeId=SMDS033, email=prathamesh9bhavsar@gmail.com, mobileNo=8007454299, joiningDesignation=Programmer Analyst Trainee, currentDesignation=Senior Software Developer, department=Information Technology, company=NCS, identity=MRS, pfType=WITH_PF, accountNo=6312965969, bankName=HDFC Bank, currentAddress=N-42,VD-1/3/1,Sawta Nager,Cidco,Trimurti Chowk, permanentAddress=null, joiningCTC=360000.0, currentCTC=null, dateOfBirth=2026-07-01, offerDate=2026-07-01, joiningDate=2026-07-01, panNo=GFZPS5853Q, documents={APPOINTMENT_LETTER=DocumentResponseDTO(generated=false, data=null), INTERNSHIP_LETTER=DocumentResponseDTO(generated=false, data=null), EXPERIENCE_LETTER=DocumentResponseDTO(generated=false, data=null), FULL_AND_FINAL=DocumentResponseDTO(generated=false, data=null), CONFIRMATION_LETTER=DocumentResponseDTO(generated=false, data=null), INCREMENT_LETTER=DocumentResponseDTO(generated=false, data=null), RELIEVING_LETTER=DocumentResponseDTO(generated=false, data=null), SALARY_SLIP=DocumentResponseDTO(generated=false, data=null), COMPLETION_LETTER=DocumentResponseDTO(generated=false, data=null), OFFER_LETTER=DocumentResponseDTO(generated=true, data={issueDate=2026-07-01, probationPeriod=3})})
2026-07-08 11:34:22 [http-nio-8080-exec-8] INFO  c.e.Docgen_Backend.config.JwtFilter - JWT validated successfully for userId=6a311365ec2c34f3d9e4f06e
2026-07-08 11:34:22 [http-nio-8080-exec-8] INFO  c.e.D.controller.UserController - GET /api/v2/users/16 - Fetch request received
2026-07-08 11:34:22 [http-nio-8080-exec-8] INFO  c.e.D.service.impl.UserServiceImpl - Fetching user profile for edit | userId=16
2026-07-08 11:34:23 [http-nio-8080-exec-8] DEBUG c.e.D.service.impl.UserServiceImpl - User found | userId=16 | employeeId=SMDS033
2026-07-08 11:34:23 [http-nio-8080-exec-8] INFO  c.e.D.service.impl.UserServiceImpl - User profile fetched successfully | userId=16 | timeTaken=508ms
2026-07-08 11:34:23 [http-nio-8080-exec-8] INFO  c.e.D.controller.UserController - Profile fetched successfully for userId=16
2026-07-08 11:34:23 [http-nio-8080-exec-8] DEBUG c.e.D.controller.UserController - Fetched profile data: UserProfileResponseDTO(id=16, employeeName=Prathaesh Bhavsar, employeeId=SMDS033, email=prathamesh9bhavsar@gmail.com, mobileNo=8007454299, joiningDesignation=Programmer Analyst Trainee, currentDesignation=Senior Software Developer, department=Information Technology, company=NCS, identity=MRS, pfType=WITH_PF, accountNo=6312965969, bankName=HDFC Bank, currentAddress=N-42,VD-1/3/1,Sawta Nager,Cidco,Trimurti Chowk, permanentAddress=null, joiningCTC=360000.0, currentCTC=null, dateOfBirth=2026-07-01, offerDate=2026-07-01, joiningDate=2026-07-01, panNo=GFZPS5853Q, documents={APPOINTMENT_LETTER=DocumentResponseDTO(generated=false, data=null), INTERNSHIP_LETTER=DocumentResponseDTO(generated=false, data=null), EXPERIENCE_LETTER=DocumentResponseDTO(generated=false, data=null), FULL_AND_FINAL=DocumentResponseDTO(generated=false, data=null), CONFIRMATION_LETTER=DocumentResponseDTO(generated=false, data=null), INCREMENT_LETTER=DocumentResponseDTO(generated=false, data=null), RELIEVING_LETTER=DocumentResponseDTO(generated=false, data=null), SALARY_SLIP=DocumentResponseDTO(generated=false, data=null), COMPLETION_LETTER=DocumentResponseDTO(generated=false, data=null), OFFER_LETTER=DocumentResponseDTO(generated=true, data={issueDate=2026-07-01, probationPeriod=3})})
2026-07-08 11:36:06 [HikariPool-1:housekeeper] WARN  com.zaxxer.hikari.pool.PoolBase - HikariPool-1 - Failed to validate connection com.mysql.cj.jdbc.ConnectionImpl@296a32a9 (No operations allowed after connection closed.). Possibly consider using a shorter maxLifetime value.
2026-07-08 11:36:06 [HikariPool-1:housekeeper] WARN  com.zaxxer.hikari.pool.PoolBase - HikariPool-1 - Failed to validate connection com.mysql.cj.jdbc.ConnectionImpl@1715639c (No operations allowed after connection closed.). Possibly consider using a shorter maxLifetime value.
2026-07-08 11:36:12 [HikariPool-1:housekeeper] WARN  com.zaxxer.hikari.pool.PoolBase - HikariPool-1 - Failed to validate connection com.mysql.cj.jdbc.ConnectionImpl@258166c (No operations allowed after connection closed.). Possibly consider using a shorter maxLifetime value.
2026-07-08 11:36:16 [HikariPool-1:housekeeper] WARN  com.zaxxer.hikari.pool.PoolBase - HikariPool-1 - Failed to validate connection com.mysql.cj.jdbc.ConnectionImpl@3ec8d02f (No operations allowed after connection closed.). Possibly consider using a shorter maxLifetime value.
2026-07-08 11:36:22 [HikariPool-1:housekeeper] WARN  com.zaxxer.hikari.pool.PoolBase - HikariPool-1 - Failed to validate connection com.mysql.cj.jdbc.ConnectionImpl@2fd4de9 (No operations allowed after connection closed.). Possibly consider using a shorter maxLifetime value.
2026-07-08 11:37:51 [HikariPool-1:housekeeper] WARN  com.zaxxer.hikari.pool.PoolBase - HikariPool-1 - Failed to validate connection com.mysql.cj.jdbc.ConnectionImpl@46123b71 (No operations allowed after connection closed.). Possibly consider using a shorter maxLifetime value.
2026-07-08 11:37:52 [HikariPool-1:housekeeper] WARN  com.zaxxer.hikari.pool.PoolBase - HikariPool-1 - Failed to validate connection com.mysql.cj.jdbc.ConnectionImpl@5659520c (No operations allowed after connection closed.). Possibly consider using a shorter maxLifetime value.
2026-07-08 11:37:53 [HikariPool-1:housekeeper] WARN  com.zaxxer.hikari.pool.PoolBase - HikariPool-1 - Failed to validate connection com.mysql.cj.jdbc.ConnectionImpl@306e39cb (No operations allowed after connection closed.). Possibly consider using a shorter maxLifetime value.
2026-07-08 11:37:59 [HikariPool-1:housekeeper] WARN  com.zaxxer.hikari.pool.PoolBase - HikariPool-1 - Failed to validate connection com.mysql.cj.jdbc.ConnectionImpl@67704504 (No operations allowed after connection closed.). Possibly consider using a shorter maxLifetime value.
2026-07-08 11:38:00 [HikariPool-1:housekeeper] WARN  com.zaxxer.hikari.pool.PoolBase - HikariPool-1 - Failed to validate connection com.mysql.cj.jdbc.ConnectionImpl@5b37ea6e (No operations allowed after connection closed.). Possibly consider using a shorter maxLifetime value.
2026-07-08 11:39:32 [HikariPool-1:housekeeper] WARN  com.zaxxer.hikari.pool.PoolBase - HikariPool-1 - Failed to validate connection com.mysql.cj.jdbc.ConnectionImpl@1ad620a2 (No operations allowed after connection closed.). Possibly consider using a shorter maxLifetime value.
2026-07-08 11:39:36 [HikariPool-1:housekeeper] WARN  com.zaxxer.hikari.pool.PoolBase - HikariPool-1 - Failed to validate connection com.mysql.cj.jdbc.ConnectionImpl@289347b1 (No operations allowed after connection closed.). Possibly consider using a shorter maxLifetime value.
2026-07-08 11:39:40 [HikariPool-1:housekeeper] WARN  com.zaxxer.hikari.pool.PoolBase - HikariPool-1 - Failed to validate connection com.mysql.cj.jdbc.ConnectionImpl@4c13bc57 (No operations allowed after connection closed.). Possibly consider using a shorter maxLifetime value.
2026-07-08 11:39:50 [HikariPool-1:housekeeper] WARN  com.zaxxer.hikari.pool.PoolBase - HikariPool-1 - Failed to validate connection com.mysql.cj.jdbc.ConnectionImpl@676b4647 (No operations allowed after connection closed.). Possibly consider using a shorter maxLifetime value.
2026-07-08 11:39:53 [HikariPool-1:housekeeper] WARN  com.zaxxer.hikari.pool.PoolBase - HikariPool-1 - Failed to validate connection com.mysql.cj.jdbc.ConnectionImpl@724fea91 (No operations allowed after connection closed.). Possibly consider using a shorter maxLifetime value.
2026-07-08 11:41:22 [HikariPool-1:housekeeper] WARN  com.zaxxer.hikari.pool.PoolBase - HikariPool-1 - Failed to validate connection com.mysql.cj.jdbc.ConnectionImpl@23ef018b (No operations allowed after connection closed.). Possibly consider using a shorter maxLifetime value.
2026-07-08 11:41:29 [HikariPool-1:housekeeper] WARN  com.zaxxer.hikari.pool.PoolBase - HikariPool-1 - Failed to validate connection com.mysql.cj.jdbc.ConnectionImpl@421bc650 (No operations allowed after connection closed.). Possibly consider using a shorter maxLifetime value.
2026-07-08 11:41:33 [HikariPool-1:housekeeper] WARN  com.zaxxer.hikari.pool.PoolBase - HikariPool-1 - Failed to validate connection com.mysql.cj.jdbc.ConnectionImpl@14b514c3 (No operations allowed after connection closed.). Possibly consider using a shorter maxLifetime value.
2026-07-08 11:41:36 [HikariPool-1:housekeeper] WARN  com.zaxxer.hikari.pool.PoolBase - HikariPool-1 - Failed to validate connection com.mysql.cj.jdbc.ConnectionImpl@536f41d0 (No operations allowed after connection closed.). Possibly consider using a shorter maxLifetime value.
2026-07-08 11:41:50 [HikariPool-1:housekeeper] WARN  com.zaxxer.hikari.pool.PoolBase - HikariPool-1 - Failed to validate connection com.mysql.cj.jdbc.ConnectionImpl@4fda34ab (No operations allowed after connection closed.). Possibly consider using a shorter maxLifetime value.
2026-07-08 11:43:02 [HikariPool-1:housekeeper] WARN  com.zaxxer.hikari.pool.PoolBase - HikariPool-1 - Failed to validate connection com.mysql.cj.jdbc.ConnectionImpl@51e5ba61 (No operations allowed after connection closed.). Possibly consider using a shorter maxLifetime value.
2026-07-08 11:43:12 [HikariPool-1:housekeeper] WARN  com.zaxxer.hikari.pool.PoolBase - HikariPool-1 - Failed to validate connection com.mysql.cj.jdbc.ConnectionImpl@66cc1c8e (No operations allowed after connection closed.). Possibly consider using a shorter maxLifetime value.
2026-07-08 11:43:19 [HikariPool-1:housekeeper] WARN  com.zaxxer.hikari.pool.PoolBase - HikariPool-1 - Failed to validate connection com.mysql.cj.jdbc.ConnectionImpl@22b485dc (No operations allowed after connection closed.). Possibly consider using a shorter maxLifetime value.
2026-07-08 11:43:20 [HikariPool-1:housekeeper] WARN  com.zaxxer.hikari.pool.PoolBase - HikariPool-1 - Failed to validate connection com.mysql.cj.jdbc.ConnectionImpl@34a50c05 (No operations allowed after connection closed.). Possibly consider using a shorter maxLifetime value.
2026-07-08 11:43:25 [http-nio-8080-exec-2] INFO  c.e.Docgen_Backend.config.JwtFilter - JWT validated successfully for userId=6a311365ec2c34f3d9e4f06e
2026-07-08 11:43:25 [http-nio-8080-exec-2] INFO  c.e.D.controller.UserController - POST /api/v2/users/create-profile - Request received for employeeId=NSS833
2026-07-08 11:43:25 [http-nio-8080-exec-2] DEBUG c.e.D.controller.UserController - Full request payload: CreateProfileRequest(employeeName=Labade Pooja Bhanudas, email=poojalabade.qa.engineer@gmail.com, mobileNo=7822994346, employeeId=NSS833, joiningDesignation=Software Tester, currentDesignation=QA Engineer, department=Information Technology, currentAddress=Pune, permanentAddress=null, accountNo=2568108019550, bankName=Canara Bank, joiningCTC=220000.0, currentCTC=null, dateOfBirth=2001-05-20, offerDate=2023-04-14, joiningDate=2023-04-17, panNo=BPZPL7168H, company=NSS, pfType=WITH_PF, identity=MRS, documents=[RELIEVING_LETTER, EXPERIENCE_LETTER], documentData={EXPERIENCE_LETTER={relievingDate=2026-06-30, issueDate=2026-06-30}, RELIEVING_LETTER={relievingDate=2026-06-30, issueDate=2026-06-30}})
2026-07-08 11:43:25 [http-nio-8080-exec-2] INFO  c.e.D.service.impl.UserServiceImpl - Creating user profile for employeeId=NSS833
2026-07-08 11:43:25 [http-nio-8080-exec-2] DEBUG c.e.D.service.impl.UserServiceImpl - Validating request for employeeId=NSS833
2026-07-08 11:43:26 [http-nio-8080-exec-2] WARN  com.zaxxer.hikari.pool.PoolBase - HikariPool-1 - Failed to validate connection com.mysql.cj.jdbc.ConnectionImpl@19470fc4 (No operations allowed after connection closed.). Possibly consider using a shorter maxLifetime value.
2026-07-08 11:43:26 [http-nio-8080-exec-2] WARN  com.zaxxer.hikari.pool.PoolBase - HikariPool-1 - Failed to validate connection com.mysql.cj.jdbc.ConnectionImpl@36c82156 (No operations allowed after connection closed.). Possibly consider using a shorter maxLifetime value.
2026-07-08 11:43:26 [http-nio-8080-exec-2] DEBUG c.e.D.service.impl.UserServiceImpl - Building UserProfile entity for employeeId=NSS833
2026-07-08 11:43:26 [http-nio-8080-exec-2] INFO  c.e.D.service.impl.UserServiceImpl - Current Address : Pune
2026-07-08 11:43:26 [http-nio-8080-exec-2] INFO  c.e.D.service.impl.UserServiceImpl - Permanent Address : null
2026-07-08 11:43:26 [http-nio-8080-exec-2] INFO  c.e.D.service.impl.UserServiceImpl - Joining CTC : 220000.0
2026-07-08 11:43:26 [http-nio-8080-exec-2] INFO  c.e.D.service.impl.UserServiceImpl - Current CTC : null
2026-07-08 11:43:26 [http-nio-8080-exec-2] DEBUG c.e.D.service.impl.UserServiceImpl - Processing documents for employeeId=NSS833 | documents=[RELIEVING_LETTER, EXPERIENCE_LETTER]
2026-07-08 11:43:26 [http-nio-8080-exec-2] DEBUG c.e.D.service.impl.UserServiceImpl - Saving user profile to database for employeeId=NSS833
2026-07-08 11:43:26 [http-nio-8080-exec-2] INFO  c.e.D.service.impl.UserServiceImpl - User profile created successfully for employeeId=NSS833
2026-07-08 11:43:26 [http-nio-8080-exec-2] INFO  c.e.D.controller.UserController - Profile created successfully for employeeId=NSS833
2026-07-08 11:45:05 [HikariPool-1:housekeeper] WARN  com.zaxxer.hikari.pool.PoolBase - HikariPool-1 - Failed to validate connection com.mysql.cj.jdbc.ConnectionImpl@1aa3b8db (No operations allowed after connection closed.). Possibly consider using a shorter maxLifetime value.
2026-07-08 11:45:08 [HikariPool-1:housekeeper] WARN  com.zaxxer.hikari.pool.PoolBase - HikariPool-1 - Failed to validate connection com.mysql.cj.jdbc.ConnectionImpl@74a947f9 (No operations allowed after connection closed.). Possibly consider using a shorter maxLifetime value.
2026-07-08 11:45:12 [HikariPool-1:housekeeper] WARN  com.zaxxer.hikari.pool.PoolBase - HikariPool-1 - Failed to validate connection com.mysql.cj.jdbc.ConnectionImpl@6870a84d (No operations allowed after connection closed.). Possibly consider using a shorter maxLifetime value.
2026-07-08 11:45:14 [HikariPool-1:housekeeper] WARN  com.zaxxer.hikari.pool.PoolBase - HikariPool-1 - Failed to validate connection com.mysql.cj.jdbc.ConnectionImpl@6f12a0f8 (No operations allowed after connection closed.). Possibly consider using a shorter maxLifetime value.
2026-07-08 11:45:26 [HikariPool-1:housekeeper] WARN  com.zaxxer.hikari.pool.PoolBase - HikariPool-1 - Failed to validate connection com.mysql.cj.jdbc.ConnectionImpl@9ea47d8 (No operations allowed after connection closed.). Possibly consider using a shorter maxLifetime value.
2026-07-08 11:46:49 [HikariPool-1:housekeeper] WARN  com.zaxxer.hikari.pool.PoolBase - HikariPool-1 - Failed to validate connection com.mysql.cj.jdbc.ConnectionImpl@5a9dabf6 (No operations allowed after connection closed.). Possibly consider using a shorter maxLifetime value.
2026-07-08 11:46:58 [HikariPool-1:housekeeper] WARN  com.zaxxer.hikari.pool.PoolBase - HikariPool-1 - Failed to validate connection com.mysql.cj.jdbc.ConnectionImpl@7b7d926c (No operations allowed after connection closed.). Possibly consider using a shorter maxLifetime value.
2026-07-08 11:46:59 [HikariPool-1:housekeeper] WARN  com.zaxxer.hikari.pool.PoolBase - HikariPool-1 - Failed to validate connection com.mysql.cj.jdbc.ConnectionImpl@6993b676 (No operations allowed after connection closed.). Possibly consider using a shorter maxLifetime value.
2026-07-08 11:47:02 [HikariPool-1:housekeeper] WARN  com.zaxxer.hikari.pool.PoolBase - HikariPool-1 - Failed to validate connection com.mysql.cj.jdbc.ConnectionImpl@5f7e5d44 (No operations allowed after connection closed.). Possibly consider using a shorter maxLifetime value.
2026-07-08 11:47:14 [HikariPool-1:housekeeper] WARN  com.zaxxer.hikari.pool.PoolBase - HikariPool-1 - Failed to validate connection com.mysql.cj.jdbc.ConnectionImpl@48074a35 (No operations allowed after connection closed.). Possibly consider using a shorter maxLifetime value.
2026-07-08 11:48:27 [HikariPool-1:housekeeper] WARN  com.zaxxer.hikari.pool.PoolBase - HikariPool-1 - Failed to validate connection com.mysql.cj.jdbc.ConnectionImpl@517a79fb (No operations allowed after connection closed.). Possibly consider using a shorter maxLifetime value.
2026-07-08 11:48:52 [HikariPool-1:housekeeper] WARN  com.zaxxer.hikari.pool.PoolBase - HikariPool-1 - Failed to validate connection com.mysql.cj.jdbc.ConnectionImpl@ee731b2 (No operations allowed after connection closed.). Possibly consider using a shorter maxLifetime value.
2026-07-08 11:48:54 [HikariPool-1:housekeeper] WARN  com.zaxxer.hikari.pool.PoolBase - HikariPool-1 - Failed to validate connection com.mysql.cj.jdbc.ConnectionImpl@5b70f399 (No operations allowed after connection closed.). Possibly consider using a shorter maxLifetime value.
2026-07-08 11:48:54 [HikariPool-1:housekeeper] WARN  com.zaxxer.hikari.pool.PoolBase - HikariPool-1 - Failed to validate connection com.mysql.cj.jdbc.ConnectionImpl@3b041ef8 (No operations allowed after connection closed.). Possibly consider using a shorter maxLifetime value.
2026-07-08 11:49:05 [HikariPool-1:housekeeper] WARN  com.zaxxer.hikari.pool.PoolBase - HikariPool-1 - Failed to validate connection com.mysql.cj.jdbc.ConnectionImpl@cd9c28b (No operations allowed after connection closed.). Possibly consider using a shorter maxLifetime value.
2026-07-08 11:50:06 [HikariPool-1:housekeeper] WARN  com.zaxxer.hikari.pool.PoolBase - HikariPool-1 - Failed to validate connection com.mysql.cj.jdbc.ConnectionImpl@36af0d2e (No operations allowed after connection closed.). Possibly consider using a shorter maxLifetime value.
2026-07-08 11:50:36 [HikariPool-1:housekeeper] WARN  com.zaxxer.hikari.pool.PoolBase - HikariPool-1 - Failed to validate connection com.mysql.cj.jdbc.ConnectionImpl@6fc86474 (No operations allowed after connection closed.). Possibly consider using a shorter maxLifetime value.
2026-07-08 11:50:44 [HikariPool-1:housekeeper] WARN  com.zaxxer.hikari.pool.PoolBase - HikariPool-1 - Failed to validate connection com.mysql.cj.jdbc.ConnectionImpl@35f543d1 (No operations allowed after connection closed.). Possibly consider using a shorter maxLifetime value.
2026-07-08 11:50:47 [HikariPool-1:housekeeper] WARN  com.zaxxer.hikari.pool.PoolBase - HikariPool-1 - Failed to validate connection com.mysql.cj.jdbc.ConnectionImpl@dd7c1ee (No operations allowed after connection closed.). Possibly consider using a shorter maxLifetime value.
2026-07-08 11:50:54 [HikariPool-1:housekeeper] WARN  com.zaxxer.hikari.pool.PoolBase - HikariPool-1 - Failed to validate connection com.mysql.cj.jdbc.ConnectionImpl@19011da6 (No operations allowed after connection closed.). Possibly consider using a shorter maxLifetime value.
2026-07-08 11:51:59 [HikariPool-1:housekeeper] WARN  com.zaxxer.hikari.pool.PoolBase - HikariPool-1 - Failed to validate connection com.mysql.cj.jdbc.ConnectionImpl@13fb1ae9 (No operations allowed after connection closed.). Possibly consider using a shorter maxLifetime value.
2026-07-08 11:52:27 [HikariPool-1:housekeeper] WARN  com.zaxxer.hikari.pool.PoolBase - HikariPool-1 - Failed to validate connection com.mysql.cj.jdbc.ConnectionImpl@2d28061f (No operations allowed after connection closed.). Possibly consider using a shorter maxLifetime value.
2026-07-08 11:52:31 [HikariPool-1:housekeeper] WARN  com.zaxxer.hikari.pool.PoolBase - HikariPool-1 - Failed to validate connection com.mysql.cj.jdbc.ConnectionImpl@454196b6 (No operations allowed after connection closed.). Possibly consider using a shorter maxLifetime value.
2026-07-08 11:52:34 [HikariPool-1:housekeeper] WARN  com.zaxxer.hikari.pool.PoolBase - HikariPool-1 - Failed to validate connection com.mysql.cj.jdbc.ConnectionImpl@71bb6122 (No operations allowed after connection closed.). Possibly consider using a shorter maxLifetime value.
2026-07-08 11:52:38 [HikariPool-1:housekeeper] WARN  com.zaxxer.hikari.pool.PoolBase - HikariPool-1 - Failed to validate connection com.mysql.cj.jdbc.ConnectionImpl@1c4e99f4 (No operations allowed after connection closed.). Possibly consider using a shorter maxLifetime value.
2026-07-08 11:53:42 [HikariPool-1:housekeeper] WARN  com.zaxxer.hikari.pool.PoolBase - HikariPool-1 - Failed to validate connection com.mysql.cj.jdbc.ConnectionImpl@251fc305 (No operations allowed after connection closed.). Possibly consider using a shorter maxLifetime value.
2026-07-08 11:54:17 [HikariPool-1:housekeeper] WARN  com.zaxxer.hikari.pool.PoolBase - HikariPool-1 - Failed to validate connection com.mysql.cj.jdbc.ConnectionImpl@46bacbe1 (No operations allowed after connection closed.). Possibly consider using a shorter maxLifetime value.
2026-07-08 11:54:22 [HikariPool-1:housekeeper] WARN  com.zaxxer.hikari.pool.PoolBase - HikariPool-1 - Failed to validate connection com.mysql.cj.jdbc.ConnectionImpl@750f92df (No operations allowed after connection closed.). Possibly consider using a shorter maxLifetime value.
2026-07-08 11:54:24 [HikariPool-1:housekeeper] WARN  com.zaxxer.hikari.pool.PoolBase - HikariPool-1 - Failed to validate connection com.mysql.cj.jdbc.ConnectionImpl@97822fd (No operations allowed after connection closed.). Possibly consider using a shorter maxLifetime value.
2026-07-08 11:54:30 [HikariPool-1:housekeeper] WARN  com.zaxxer.hikari.pool.PoolBase - HikariPool-1 - Failed to validate connection com.mysql.cj.jdbc.ConnectionImpl@190d05f0 (No operations allowed after connection closed.). Possibly consider using a shorter maxLifetime value.
2026-07-08 11:55:22 [HikariPool-1:housekeeper] WARN  com.zaxxer.hikari.pool.PoolBase - HikariPool-1 - Failed to validate connection com.mysql.cj.jdbc.ConnectionImpl@25a4cfba (No operations allowed after connection closed.). Possibly consider using a shorter maxLifetime value.
2026-07-08 11:55:54 [HikariPool-1:housekeeper] WARN  com.zaxxer.hikari.pool.PoolBase - HikariPool-1 - Failed to validate connection com.mysql.cj.jdbc.ConnectionImpl@1cd0d4ec (No operations allowed after connection closed.). Possibly consider using a shorter maxLifetime value.
2026-07-08 11:56:09 [HikariPool-1:housekeeper] WARN  com.zaxxer.hikari.pool.PoolBase - HikariPool-1 - Failed to validate connection com.mysql.cj.jdbc.ConnectionImpl@127f8a1f (No operations allowed after connection closed.). Possibly consider using a shorter maxLifetime value.
2026-07-08 11:56:13 [HikariPool-1:housekeeper] WARN  com.zaxxer.hikari.pool.PoolBase - HikariPool-1 - Failed to validate connection com.mysql.cj.jdbc.ConnectionImpl@7e168308 (No operations allowed after connection closed.). Possibly consider using a shorter maxLifetime value.
2026-07-08 11:56:20 [HikariPool-1:housekeeper] WARN  com.zaxxer.hikari.pool.PoolBase - HikariPool-1 - Failed to validate connection com.mysql.cj.jdbc.ConnectionImpl@45fce36a (No operations allowed after connection closed.). Possibly consider using a shorter maxLifetime value.
2026-07-08 11:57:14 [HikariPool-1:housekeeper] WARN  com.zaxxer.hikari.pool.PoolBase - HikariPool-1 - Failed to validate connection com.mysql.cj.jdbc.ConnectionImpl@159e1a34 (No operations allowed after connection closed.). Possibly consider using a shorter maxLifetime value.
2026-07-08 11:57:34 [HikariPool-1:housekeeper] WARN  com.zaxxer.hikari.pool.PoolBase - HikariPool-1 - Failed to validate connection com.mysql.cj.jdbc.ConnectionImpl@7d9f8a6e (No operations allowed after connection closed.). Possibly consider using a shorter maxLifetime value.
2026-07-08 11:58:03 [HikariPool-1:housekeeper] WARN  com.zaxxer.hikari.pool.PoolBase - HikariPool-1 - Failed to validate connection com.mysql.cj.jdbc.ConnectionImpl@5e7b19f7 (No operations allowed after connection closed.). Possibly consider using a shorter maxLifetime value.
2026-07-08 11:58:06 [HikariPool-1:housekeeper] WARN  com.zaxxer.hikari.pool.PoolBase - HikariPool-1 - Failed to validate connection com.mysql.cj.jdbc.ConnectionImpl@56cf7bb5 (No operations allowed after connection closed.). Possibly consider using a shorter maxLifetime value.
2026-07-08 11:58:09 [HikariPool-1:housekeeper] WARN  com.zaxxer.hikari.pool.PoolBase - HikariPool-1 - Failed to validate connection com.mysql.cj.jdbc.ConnectionImpl@62729b1c (No operations allowed after connection closed.). Possibly consider using a shorter maxLifetime value.
2026-07-08 11:59:09 [HikariPool-1:housekeeper] WARN  com.zaxxer.hikari.pool.PoolBase - HikariPool-1 - Failed to validate connection com.mysql.cj.jdbc.ConnectionImpl@64c08204 (No operations allowed after connection closed.). Possibly consider using a shorter maxLifetime value.
2026-07-08 11:59:21 [HikariPool-1:housekeeper] WARN  com.zaxxer.hikari.pool.PoolBase - HikariPool-1 - Failed to validate connection com.mysql.cj.jdbc.ConnectionImpl@c06b8d3 (No operations allowed after connection closed.). Possibly consider using a shorter maxLifetime value.
2026-07-08 11:59:45 [HikariPool-1:housekeeper] WARN  com.zaxxer.hikari.pool.PoolBase - HikariPool-1 - Failed to validate connection com.mysql.cj.jdbc.ConnectionImpl@1aea05d9 (No operations allowed after connection closed.). Possibly consider using a shorter maxLifetime value.
2026-07-08 11:59:46 [HikariPool-1:housekeeper] WARN  com.zaxxer.hikari.pool.PoolBase - HikariPool-1 - Failed to validate connection com.mysql.cj.jdbc.ConnectionImpl@49ac4002 (No operations allowed after connection closed.). Possibly consider using a shorter maxLifetime value.
2026-07-08 11:59:51 [HikariPool-1:housekeeper] WARN  com.zaxxer.hikari.pool.PoolBase - HikariPool-1 - Failed to validate connection com.mysql.cj.jdbc.ConnectionImpl@609e1adb (No operations allowed after connection closed.). Possibly consider using a shorter maxLifetime value.
2026-07-08 12:00:59 [HikariPool-1:housekeeper] WARN  com.zaxxer.hikari.pool.PoolBase - HikariPool-1 - Failed to validate connection com.mysql.cj.jdbc.ConnectionImpl@2a101fdc (No operations allowed after connection closed.). Possibly consider using a shorter maxLifetime value.
2026-07-08 12:01:02 [HikariPool-1:housekeeper] WARN  com.zaxxer.hikari.pool.PoolBase - HikariPool-1 - Failed to validate connection com.mysql.cj.jdbc.ConnectionImpl@5c68ac3c (No operations allowed after connection closed.). Possibly consider using a shorter maxLifetime value.
2026-07-08 12:01:22 [HikariPool-1:housekeeper] WARN  com.zaxxer.hikari.pool.PoolBase - HikariPool-1 - Failed to validate connection com.mysql.cj.jdbc.ConnectionImpl@4cb02da8 (No operations allowed after connection closed.). Possibly consider using a shorter maxLifetime value.
2026-07-08 12:01:30 [HikariPool-1:housekeeper] WARN  com.zaxxer.hikari.pool.PoolBase - HikariPool-1 - Failed to validate connection com.mysql.cj.jdbc.ConnectionImpl@6b626416 (No operations allowed after connection closed.). Possibly consider using a shorter maxLifetime value.
2026-07-08 12:01:43 [HikariPool-1:housekeeper] WARN  com.zaxxer.hikari.pool.PoolBase - HikariPool-1 - Failed to validate connection com.mysql.cj.jdbc.ConnectionImpl@3fe29281 (No operations allowed after connection closed.). Possibly consider using a shorter maxLifetime value.
2026-07-08 12:02:43 [HikariPool-1:housekeeper] WARN  com.zaxxer.hikari.pool.PoolBase - HikariPool-1 - Failed to validate connection com.mysql.cj.jdbc.ConnectionImpl@430d70 (No operations allowed after connection closed.). Possibly consider using a shorter maxLifetime value.
2026-07-08 12:02:53 [HikariPool-1:housekeeper] WARN  com.zaxxer.hikari.pool.PoolBase - HikariPool-1 - Failed to validate connection com.mysql.cj.jdbc.ConnectionImpl@486f1373 (No operations allowed after connection closed.). Possibly consider using a shorter maxLifetime value.
2026-07-08 12:03:18 [HikariPool-1:housekeeper] WARN  com.zaxxer.hikari.pool.PoolBase - HikariPool-1 - Failed to validate connection com.mysql.cj.jdbc.ConnectionImpl@64370042 (No operations allowed after connection closed.). Possibly consider using a shorter maxLifetime value.
2026-07-08 12:03:23 [HikariPool-1:housekeeper] WARN  com.zaxxer.hikari.pool.PoolBase - HikariPool-1 - Failed to validate connection com.mysql.cj.jdbc.ConnectionImpl@202dc82c (No operations allowed after connection closed.). Possibly consider using a shorter maxLifetime value.
2026-07-08 12:03:32 [HikariPool-1:housekeeper] WARN  com.zaxxer.hikari.pool.PoolBase - HikariPool-1 - Failed to validate connection com.mysql.cj.jdbc.ConnectionImpl@6049dc3f (No operations allowed after connection closed.). Possibly consider using a shorter maxLifetime value.
2026-07-08 12:04:30 [HikariPool-1:housekeeper] WARN  com.zaxxer.hikari.pool.PoolBase - HikariPool-1 - Failed to validate connection com.mysql.cj.jdbc.ConnectionImpl@1d2415c3 (No operations allowed after connection closed.). Possibly consider using a shorter maxLifetime value.
2026-07-08 12:04:50 [HikariPool-1:housekeeper] WARN  com.zaxxer.hikari.pool.PoolBase - HikariPool-1 - Failed to validate connection com.mysql.cj.jdbc.ConnectionImpl@155abacf (No operations allowed after connection closed.). Possibly consider using a shorter maxLifetime value.
2026-07-08 12:05:03 [HikariPool-1:housekeeper] WARN  com.zaxxer.hikari.pool.PoolBase - HikariPool-1 - Failed to validate connection com.mysql.cj.jdbc.ConnectionImpl@5e5579e0 (No operations allowed after connection closed.). Possibly consider using a shorter maxLifetime value.
2026-07-08 12:05:11 [HikariPool-1:housekeeper] WARN  com.zaxxer.hikari.pool.PoolBase - HikariPool-1 - Failed to validate connection com.mysql.cj.jdbc.ConnectionImpl@4412b44a (No operations allowed after connection closed.). Possibly consider using a shorter maxLifetime value.
2026-07-08 12:05:12 [HikariPool-1:housekeeper] WARN  com.zaxxer.hikari.pool.PoolBase - HikariPool-1 - Failed to validate connection com.mysql.cj.jdbc.ConnectionImpl@45f9cb73 (No operations allowed after connection closed.). Possibly consider using a shorter maxLifetime value.
2026-07-08 12:06:09 [HikariPool-1:housekeeper] WARN  com.zaxxer.hikari.pool.PoolBase - HikariPool-1 - Failed to validate connection com.mysql.cj.jdbc.ConnectionImpl@3602411a (No operations allowed after connection closed.). Possibly consider using a shorter maxLifetime value.
2026-07-08 12:06:39 [HikariPool-1:housekeeper] WARN  com.zaxxer.hikari.pool.PoolBase - HikariPool-1 - Failed to validate connection com.mysql.cj.jdbc.ConnectionImpl@6603100e (No operations allowed after connection closed.). Possibly consider using a shorter maxLifetime value.
2026-07-08 12:06:43 [HikariPool-1:housekeeper] WARN  com.zaxxer.hikari.pool.PoolBase - HikariPool-1 - Failed to validate connection com.mysql.cj.jdbc.ConnectionImpl@49046bc0 (No operations allowed after connection closed.). Possibly consider using a shorter maxLifetime value.
2026-07-08 12:06:54 [HikariPool-1:housekeeper] WARN  com.zaxxer.hikari.pool.PoolBase - HikariPool-1 - Failed to validate connection com.mysql.cj.jdbc.ConnectionImpl@3603a927 (No operations allowed after connection closed.). Possibly consider using a shorter maxLifetime value.
2026-07-08 12:07:01 [HikariPool-1:housekeeper] WARN  com.zaxxer.hikari.pool.PoolBase - HikariPool-1 - Failed to validate connection com.mysql.cj.jdbc.ConnectionImpl@72811de5 (No operations allowed after connection closed.). Possibly consider using a shorter maxLifetime value.
2026-07-08 12:07:49 [HikariPool-1:housekeeper] WARN  com.zaxxer.hikari.pool.PoolBase - HikariPool-1 - Failed to validate connection com.mysql.cj.jdbc.ConnectionImpl@33d0fabe (No operations allowed after connection closed.). Possibly consider using a shorter maxLifetime value.
2026-07-08 12:08:34 [HikariPool-1:housekeeper] WARN  com.zaxxer.hikari.pool.PoolBase - HikariPool-1 - Failed to validate connection com.mysql.cj.jdbc.ConnectionImpl@7364b8a7 (No operations allowed after connection closed.). Possibly consider using a shorter maxLifetime value.
2026-07-08 12:08:37 [HikariPool-1:housekeeper] WARN  com.zaxxer.hikari.pool.PoolBase - HikariPool-1 - Failed to validate connection com.mysql.cj.jdbc.ConnectionImpl@566556e9 (No operations allowed after connection closed.). Possibly consider using a shorter maxLifetime value.
2026-07-08 12:08:41 [HikariPool-1:housekeeper] WARN  com.zaxxer.hikari.pool.PoolBase - HikariPool-1 - Failed to validate connection com.mysql.cj.jdbc.ConnectionImpl@580984d6 (No operations allowed after connection closed.). Possibly consider using a shorter maxLifetime value.
2026-07-08 12:08:53 [HikariPool-1:housekeeper] WARN  com.zaxxer.hikari.pool.PoolBase - HikariPool-1 - Failed to validate connection com.mysql.cj.jdbc.ConnectionImpl@efeaef0 (No operations allowed after connection closed.). Possibly consider using a shorter maxLifetime value.
2026-07-08 12:09:45 [HikariPool-1:housekeeper] WARN  com.zaxxer.hikari.pool.PoolBase - HikariPool-1 - Failed to validate connection com.mysql.cj.jdbc.ConnectionImpl@326c6bfa (No operations allowed after connection closed.). Possibly consider using a shorter maxLifetime value.
2026-07-08 12:10:15 [HikariPool-1:housekeeper] WARN  com.zaxxer.hikari.pool.PoolBase - HikariPool-1 - Failed to validate connection com.mysql.cj.jdbc.ConnectionImpl@5d25d541 (No operations allowed after connection closed.). Possibly consider using a shorter maxLifetime value.
2026-07-08 12:10:29 [HikariPool-1:housekeeper] WARN  com.zaxxer.hikari.pool.PoolBase - HikariPool-1 - Failed to validate connection com.mysql.cj.jdbc.ConnectionImpl@572864be (No operations allowed after connection closed.). Possibly consider using a shorter maxLifetime value.
2026-07-08 12:10:35 [HikariPool-1:housekeeper] WARN  com.zaxxer.hikari.pool.PoolBase - HikariPool-1 - Failed to validate connection com.mysql.cj.jdbc.ConnectionImpl@39ac9e16 (No operations allowed after connection closed.). Possibly consider using a shorter maxLifetime value.
2026-07-08 12:10:49 [HikariPool-1:housekeeper] WARN  com.zaxxer.hikari.pool.PoolBase - HikariPool-1 - Failed to validate connection com.mysql.cj.jdbc.ConnectionImpl@7c4ffae9 (No operations allowed after connection closed.). Possibly consider using a shorter maxLifetime value.
2026-07-08 12:11:38 [HikariPool-1:housekeeper] WARN  com.zaxxer.hikari.pool.PoolBase - HikariPool-1 - Failed to validate connection com.mysql.cj.jdbc.ConnectionImpl@6dfc2a42 (No operations allowed after connection closed.). Possibly consider using a shorter maxLifetime value.
2026-07-08 12:12:09 [HikariPool-1:housekeeper] WARN  com.zaxxer.hikari.pool.PoolBase - HikariPool-1 - Failed to validate connection com.mysql.cj.jdbc.ConnectionImpl@351c9d99 (No operations allowed after connection closed.). Possibly consider using a shorter maxLifetime value.
2026-07-08 12:12:10 [HikariPool-1:housekeeper] WARN  com.zaxxer.hikari.pool.PoolBase - HikariPool-1 - Failed to validate connection com.mysql.cj.jdbc.ConnectionImpl@63ea6aa8 (No operations allowed after connection closed.). Possibly consider using a shorter maxLifetime value.
2026-07-08 12:12:32 [HikariPool-1:housekeeper] WARN  com.zaxxer.hikari.pool.PoolBase - HikariPool-1 - Failed to validate connection com.mysql.cj.jdbc.ConnectionImpl@686e5876 (No operations allowed after connection closed.). Possibly consider using a shorter maxLifetime value.
2026-07-08 12:12:38 [HikariPool-1:housekeeper] WARN  com.zaxxer.hikari.pool.PoolBase - HikariPool-1 - Failed to validate connection com.mysql.cj.jdbc.ConnectionImpl@11b61d1c (No operations allowed after connection closed.). Possibly consider using a shorter maxLifetime value.
2026-07-08 12:13:18 [HikariPool-1:housekeeper] WARN  com.zaxxer.hikari.pool.PoolBase - HikariPool-1 - Failed to validate connection com.mysql.cj.jdbc.ConnectionImpl@3b8edb01 (No operations allowed after connection closed.). Possibly consider using a shorter maxLifetime value.
2026-07-08 12:13:45 [HikariPool-1:housekeeper] WARN  com.zaxxer.hikari.pool.PoolBase - HikariPool-1 - Failed to validate connection com.mysql.cj.jdbc.ConnectionImpl@5cfdf2ce (No operations allowed after connection closed.). Possibly consider using a shorter maxLifetime value.
2026-07-08 12:13:57 [HikariPool-1:housekeeper] WARN  com.zaxxer.hikari.pool.PoolBase - HikariPool-1 - Failed to validate connection com.mysql.cj.jdbc.ConnectionImpl@7ce7dcde (No operations allowed after connection closed.). Possibly consider using a shorter maxLifetime value.
2026-07-08 12:14:15 [HikariPool-1:housekeeper] WARN  com.zaxxer.hikari.pool.PoolBase - HikariPool-1 - Failed to validate connection com.mysql.cj.jdbc.ConnectionImpl@2026e848 (No operations allowed after connection closed.). Possibly consider using a shorter maxLifetime value.
2026-07-08 12:14:17 [HikariPool-1:housekeeper] WARN  com.zaxxer.hikari.pool.PoolBase - HikariPool-1 - Failed to validate connection com.mysql.cj.jdbc.ConnectionImpl@31339da4 (No operations allowed after connection closed.). Possibly consider using a shorter maxLifetime value.
2026-07-08 12:15:05 [HikariPool-1:housekeeper] WARN  com.zaxxer.hikari.pool.PoolBase - HikariPool-1 - Failed to validate connection com.mysql.cj.jdbc.ConnectionImpl@5235b522 (No operations allowed after connection closed.). Possibly consider using a shorter maxLifetime value.
2026-07-08 12:15:25 [HikariPool-1:housekeeper] WARN  com.zaxxer.hikari.pool.PoolBase - HikariPool-1 - Failed to validate connection com.mysql.cj.jdbc.ConnectionImpl@33b1046a (No operations allowed after connection closed.). Possibly consider using a shorter maxLifetime value.
2026-07-08 12:15:43 [HikariPool-1:housekeeper] WARN  com.zaxxer.hikari.pool.PoolBase - HikariPool-1 - Failed to validate connection com.mysql.cj.jdbc.ConnectionImpl@61215b4a (No operations allowed after connection closed.). Possibly consider using a shorter maxLifetime value.
2026-07-08 12:16:09 [HikariPool-1:housekeeper] WARN  com.zaxxer.hikari.pool.PoolBase - HikariPool-1 - Failed to validate connection com.mysql.cj.jdbc.ConnectionImpl@2c248a76 (No operations allowed after connection closed.). Possibly consider using a shorter maxLifetime value.
2026-07-08 12:16:10 [HikariPool-1:housekeeper] WARN  com.zaxxer.hikari.pool.PoolBase - HikariPool-1 - Failed to validate connection com.mysql.cj.jdbc.ConnectionImpl@4af3f8c3 (No operations allowed after connection closed.). Possibly consider using a shorter maxLifetime value.
2026-07-08 12:16:45 [HikariPool-1:housekeeper] WARN  com.zaxxer.hikari.pool.PoolBase - HikariPool-1 - Failed to validate connection com.mysql.cj.jdbc.ConnectionImpl@37761fb2 (No operations allowed after connection closed.). Possibly consider using a shorter maxLifetime value.
2026-07-08 12:17:11 [HikariPool-1:housekeeper] WARN  com.zaxxer.hikari.pool.PoolBase - HikariPool-1 - Failed to validate connection com.mysql.cj.jdbc.ConnectionImpl@6b63933 (No operations allowed after connection closed.). Possibly consider using a shorter maxLifetime value.
2026-07-08 12:17:26 [HikariPool-1:housekeeper] WARN  com.zaxxer.hikari.pool.PoolBase - HikariPool-1 - Failed to validate connection com.mysql.cj.jdbc.ConnectionImpl@54daf291 (No operations allowed after connection closed.). Possibly consider using a shorter maxLifetime value.
2026-07-08 12:17:55 [HikariPool-1:housekeeper] WARN  com.zaxxer.hikari.pool.PoolBase - HikariPool-1 - Failed to validate connection com.mysql.cj.jdbc.ConnectionImpl@16ce4f6c (No operations allowed after connection closed.). Possibly consider using a shorter maxLifetime value.
2026-07-08 12:17:57 [HikariPool-1:housekeeper] WARN  com.zaxxer.hikari.pool.PoolBase - HikariPool-1 - Failed to validate connection com.mysql.cj.jdbc.ConnectionImpl@71d79b17 (No operations allowed after connection closed.). Possibly consider using a shorter maxLifetime value.
2026-07-08 12:18:35 [HikariPool-1:housekeeper] WARN  com.zaxxer.hikari.pool.PoolBase - HikariPool-1 - Failed to validate connection com.mysql.cj.jdbc.ConnectionImpl@646ac886 (No operations allowed after connection closed.). Possibly consider using a shorter maxLifetime value.
2026-07-08 12:18:58 [HikariPool-1:housekeeper] WARN  com.zaxxer.hikari.pool.PoolBase - HikariPool-1 - Failed to validate connection com.mysql.cj.jdbc.ConnectionImpl@278b1029 (No operations allowed after connection closed.). Possibly consider using a shorter maxLifetime value.
2026-07-08 12:19:04 [HikariPool-1:housekeeper] WARN  com.zaxxer.hikari.pool.PoolBase - HikariPool-1 - Failed to validate connection com.mysql.cj.jdbc.ConnectionImpl@58d5f3db (No operations allowed after connection closed.). Possibly consider using a shorter maxLifetime value.
2026-07-08 12:19:38 [HikariPool-1:housekeeper] WARN  com.zaxxer.hikari.pool.PoolBase - HikariPool-1 - Failed to validate connection com.mysql.cj.jdbc.ConnectionImpl@7d336dbe (No operations allowed after connection closed.). Possibly consider using a shorter maxLifetime value.
2026-07-08 12:19:53 [HikariPool-1:housekeeper] WARN  com.zaxxer.hikari.pool.PoolBase - HikariPool-1 - Failed to validate connection com.mysql.cj.jdbc.ConnectionImpl@29a2cf9f (No operations allowed after connection closed.). Possibly consider using a shorter maxLifetime value.
2026-07-08 12:20:26 [HikariPool-1:housekeeper] WARN  com.zaxxer.hikari.pool.PoolBase - HikariPool-1 - Failed to validate connection com.mysql.cj.jdbc.ConnectionImpl@7c93b74d (No operations allowed after connection closed.). Possibly consider using a shorter maxLifetime value.
2026-07-08 12:20:48 [HikariPool-1:housekeeper] WARN  com.zaxxer.hikari.pool.PoolBase - HikariPool-1 - Failed to validate connection com.mysql.cj.jdbc.ConnectionImpl@68e234ef (No operations allowed after connection closed.). Possibly consider using a shorter maxLifetime value.
2026-07-08 12:20:58 [HikariPool-1:housekeeper] WARN  com.zaxxer.hikari.pool.PoolBase - HikariPool-1 - Failed to validate connection com.mysql.cj.jdbc.ConnectionImpl@48797743 (No operations allowed after connection closed.). Possibly consider using a shorter maxLifetime value.
2026-07-08 12:21:27 [HikariPool-1:housekeeper] WARN  com.zaxxer.hikari.pool.PoolBase - HikariPool-1 - Failed to validate connection com.mysql.cj.jdbc.ConnectionImpl@7832a686 (No operations allowed after connection closed.). Possibly consider using a shorter maxLifetime value.
2026-07-08 12:21:52 [HikariPool-1:housekeeper] WARN  com.zaxxer.hikari.pool.PoolBase - HikariPool-1 - Failed to validate connection com.mysql.cj.jdbc.ConnectionImpl@5e41b4c7 (No operations allowed after connection closed.). Possibly consider using a shorter maxLifetime value.
2026-07-08 12:22:23 [HikariPool-1:housekeeper] WARN  com.zaxxer.hikari.pool.PoolBase - HikariPool-1 - Failed to validate connection com.mysql.cj.jdbc.ConnectionImpl@47a8d35c (No operations allowed after connection closed.). Possibly consider using a shorter maxLifetime value.
2026-07-08 12:22:28 [HikariPool-1:housekeeper] WARN  com.zaxxer.hikari.pool.PoolBase - HikariPool-1 - Failed to validate connection com.mysql.cj.jdbc.ConnectionImpl@41d2e23e (No operations allowed after connection closed.). Possibly consider using a shorter maxLifetime value.
2026-07-08 12:22:57 [HikariPool-1:housekeeper] WARN  com.zaxxer.hikari.pool.PoolBase - HikariPool-1 - Failed to validate connection com.mysql.cj.jdbc.ConnectionImpl@70a270ab (No operations allowed after connection closed.). Possibly consider using a shorter maxLifetime value.
2026-07-08 12:23:09 [HikariPool-1:housekeeper] WARN  com.zaxxer.hikari.pool.PoolBase - HikariPool-1 - Failed to validate connection com.mysql.cj.jdbc.ConnectionImpl@aed9be (No operations allowed after connection closed.). Possibly consider using a shorter maxLifetime value.
2026-07-08 12:23:47 [HikariPool-1:housekeeper] WARN  com.zaxxer.hikari.pool.PoolBase - HikariPool-1 - Failed to validate connection com.mysql.cj.jdbc.ConnectionImpl@197e68d6 (No operations allowed after connection closed.). Possibly consider using a shorter maxLifetime value.
2026-07-08 12:24:00 [HikariPool-1:housekeeper] WARN  com.zaxxer.hikari.pool.PoolBase - HikariPool-1 - Failed to validate connection com.mysql.cj.jdbc.ConnectionImpl@614c307a (No operations allowed after connection closed.). Possibly consider using a shorter maxLifetime value.
2026-07-08 12:24:15 [HikariPool-1:housekeeper] WARN  com.zaxxer.hikari.pool.PoolBase - HikariPool-1 - Failed to validate connection com.mysql.cj.jdbc.ConnectionImpl@224d4724 (No operations allowed after connection closed.). Possibly consider using a shorter maxLifetime value.
2026-07-08 12:24:37 [HikariPool-1:housekeeper] WARN  com.zaxxer.hikari.pool.PoolBase - HikariPool-1 - Failed to validate connection com.mysql.cj.jdbc.ConnectionImpl@7e4722e8 (No operations allowed after connection closed.). Possibly consider using a shorter maxLifetime value.
2026-07-08 12:24:59 [HikariPool-1:housekeeper] WARN  com.zaxxer.hikari.pool.PoolBase - HikariPool-1 - Failed to validate connection com.mysql.cj.jdbc.ConnectionImpl@3202fcf (No operations allowed after connection closed.). Possibly consider using a shorter maxLifetime value.
2026-07-08 12:25:37 [HikariPool-1:housekeeper] WARN  com.zaxxer.hikari.pool.PoolBase - HikariPool-1 - Failed to validate connection com.mysql.cj.jdbc.ConnectionImpl@7a141d38 (No operations allowed after connection closed.). Possibly consider using a shorter maxLifetime value.
2026-07-08 12:25:59 [HikariPool-1:housekeeper] WARN  com.zaxxer.hikari.pool.PoolBase - HikariPool-1 - Failed to validate connection com.mysql.cj.jdbc.ConnectionImpl@52d17fd1 (No operations allowed after connection closed.). Possibly consider using a shorter maxLifetime value.
2026-07-08 12:26:06 [HikariPool-1:housekeeper] WARN  com.zaxxer.hikari.pool.PoolBase - HikariPool-1 - Failed to validate connection com.mysql.cj.jdbc.ConnectionImpl@2c112082 (No operations allowed after connection closed.). Possibly consider using a shorter maxLifetime value.
2026-07-08 12:26:18 [HikariPool-1:housekeeper] WARN  com.zaxxer.hikari.pool.PoolBase - HikariPool-1 - Failed to validate connection com.mysql.cj.jdbc.ConnectionImpl@4eb32c2a (No operations allowed after connection closed.). Possibly consider using a shorter maxLifetime value.
2026-07-08 12:26:42 [HikariPool-1:housekeeper] WARN  com.zaxxer.hikari.pool.PoolBase - HikariPool-1 - Failed to validate connection com.mysql.cj.jdbc.ConnectionImpl@2d86d4ff (No operations allowed after connection closed.). Possibly consider using a shorter maxLifetime value.
2026-07-08 12:27:37 [HikariPool-1:housekeeper] WARN  com.zaxxer.hikari.pool.PoolBase - HikariPool-1 - Failed to validate connection com.mysql.cj.jdbc.ConnectionImpl@42c95982 (No operations allowed after connection closed.). Possibly consider using a shorter maxLifetime value.
2026-07-08 12:27:49 [HikariPool-1:housekeeper] WARN  com.zaxxer.hikari.pool.PoolBase - HikariPool-1 - Failed to validate connection com.mysql.cj.jdbc.ConnectionImpl@66f8df43 (No operations allowed after connection closed.). Possibly consider using a shorter maxLifetime value.
2026-07-08 12:28:06 [HikariPool-1:housekeeper] WARN  com.zaxxer.hikari.pool.PoolBase - HikariPool-1 - Failed to validate connection com.mysql.cj.jdbc.ConnectionImpl@1c6067ba (No operations allowed after connection closed.). Possibly consider using a shorter maxLifetime value.
2026-07-08 12:28:12 [HikariPool-1:housekeeper] WARN  com.zaxxer.hikari.pool.PoolBase - HikariPool-1 - Failed to validate connection com.mysql.cj.jdbc.ConnectionImpl@578219e3 (No operations allowed after connection closed.). Possibly consider using a shorter maxLifetime value.
2026-07-08 12:28:32 [HikariPool-1:housekeeper] WARN  com.zaxxer.hikari.pool.PoolBase - HikariPool-1 - Failed to validate connection com.mysql.cj.jdbc.ConnectionImpl@359f1770 (No operations allowed after connection closed.). Possibly consider using a shorter maxLifetime value.
2026-07-08 12:29:34 [HikariPool-1:housekeeper] WARN  com.zaxxer.hikari.pool.PoolBase - HikariPool-1 - Failed to validate connection com.mysql.cj.jdbc.ConnectionImpl@3d02be3 (No operations allowed after connection closed.). Possibly consider using a shorter maxLifetime value.
2026-07-08 12:29:38 [HikariPool-1:housekeeper] WARN  com.zaxxer.hikari.pool.PoolBase - HikariPool-1 - Failed to validate connection com.mysql.cj.jdbc.ConnectionImpl@b60d441 (No operations allowed after connection closed.). Possibly consider using a shorter maxLifetime value.
2026-07-08 12:29:58 [HikariPool-1:housekeeper] WARN  com.zaxxer.hikari.pool.PoolBase - HikariPool-1 - Failed to validate connection com.mysql.cj.jdbc.ConnectionImpl@1cd15c88 (No operations allowed after connection closed.). Possibly consider using a shorter maxLifetime value.
2026-07-08 12:30:09 [HikariPool-1:housekeeper] WARN  com.zaxxer.hikari.pool.PoolBase - HikariPool-1 - Failed to validate connection com.mysql.cj.jdbc.ConnectionImpl@13a3d529 (No operations allowed after connection closed.). Possibly consider using a shorter maxLifetime value.
2026-07-08 12:30:17 [HikariPool-1:housekeeper] WARN  com.zaxxer.hikari.pool.PoolBase - HikariPool-1 - Failed to validate connection com.mysql.cj.jdbc.ConnectionImpl@8cfe399 (No operations allowed after connection closed.). Possibly consider using a shorter maxLifetime value.
2026-07-08 12:31:27 [HikariPool-1:housekeeper] WARN  com.zaxxer.hikari.pool.PoolBase - HikariPool-1 - Failed to validate connection com.mysql.cj.jdbc.ConnectionImpl@7cf34a2b (No operations allowed after connection closed.). Possibly consider using a shorter maxLifetime value.
2026-07-08 12:31:28 [HikariPool-1:housekeeper] WARN  com.zaxxer.hikari.pool.PoolBase - HikariPool-1 - Failed to validate connection com.mysql.cj.jdbc.ConnectionImpl@730dd68b (No operations allowed after connection closed.). Possibly consider using a shorter maxLifetime value.
2026-07-08 12:31:54 [HikariPool-1:housekeeper] WARN  com.zaxxer.hikari.pool.PoolBase - HikariPool-1 - Failed to validate connection com.mysql.cj.jdbc.ConnectionImpl@24336a00 (No operations allowed after connection closed.). Possibly consider using a shorter maxLifetime value.
2026-07-08 12:31:57 [HikariPool-1:housekeeper] WARN  com.zaxxer.hikari.pool.PoolBase - HikariPool-1 - Failed to validate connection com.mysql.cj.jdbc.ConnectionImpl@f664403 (No operations allowed after connection closed.). Possibly consider using a shorter maxLifetime value.
2026-07-08 12:32:04 [HikariPool-1:housekeeper] WARN  com.zaxxer.hikari.pool.PoolBase - HikariPool-1 - Failed to validate connection com.mysql.cj.jdbc.ConnectionImpl@12c262ea (No operations allowed after connection closed.). Possibly consider using a shorter maxLifetime value.
2026-07-08 12:33:05 [HikariPool-1:housekeeper] WARN  com.zaxxer.hikari.pool.PoolBase - HikariPool-1 - Failed to validate connection com.mysql.cj.jdbc.ConnectionImpl@5160d8e2 (No operations allowed after connection closed.). Possibly consider using a shorter maxLifetime value.
2026-07-08 12:33:15 [HikariPool-1:housekeeper] WARN  com.zaxxer.hikari.pool.PoolBase - HikariPool-1 - Failed to validate connection com.mysql.cj.jdbc.ConnectionImpl@6dcf32da (No operations allowed after connection closed.). Possibly consider using a shorter maxLifetime value.
2026-07-08 12:33:40 [HikariPool-1:housekeeper] WARN  com.zaxxer.hikari.pool.PoolBase - HikariPool-1 - Failed to validate connection com.mysql.cj.jdbc.ConnectionImpl@64b1bf50 (No operations allowed after connection closed.). Possibly consider using a shorter maxLifetime value.
2026-07-08 12:33:46 [HikariPool-1:housekeeper] WARN  com.zaxxer.hikari.pool.PoolBase - HikariPool-1 - Failed to validate connection com.mysql.cj.jdbc.ConnectionImpl@42911df4 (No operations allowed after connection closed.). Possibly consider using a shorter maxLifetime value.
2026-07-08 12:33:57 [HikariPool-1:housekeeper] WARN  com.zaxxer.hikari.pool.PoolBase - HikariPool-1 - Failed to validate connection com.mysql.cj.jdbc.ConnectionImpl@167f59e6 (No operations allowed after connection closed.). Possibly consider using a shorter maxLifetime value.
2026-07-08 12:34:55 [HikariPool-1:housekeeper] WARN  com.zaxxer.hikari.pool.PoolBase - HikariPool-1 - Failed to validate connection com.mysql.cj.jdbc.ConnectionImpl@6f44a45d (No operations allowed after connection closed.). Possibly consider using a shorter maxLifetime value.
2026-07-08 12:34:58 [HikariPool-1:housekeeper] WARN  com.zaxxer.hikari.pool.PoolBase - HikariPool-1 - Failed to validate connection com.mysql.cj.jdbc.ConnectionImpl@154093c9 (No operations allowed after connection closed.). Possibly consider using a shorter maxLifetime value.
2026-07-08 12:35:17 [HikariPool-1:housekeeper] WARN  com.zaxxer.hikari.pool.PoolBase - HikariPool-1 - Failed to validate connection com.mysql.cj.jdbc.ConnectionImpl@330b4ff8 (No operations allowed after connection closed.). Possibly consider using a shorter maxLifetime value.
2026-07-08 12:35:30 [HikariPool-1:housekeeper] WARN  com.zaxxer.hikari.pool.PoolBase - HikariPool-1 - Failed to validate connection com.mysql.cj.jdbc.ConnectionImpl@620bb6a4 (No operations allowed after connection closed.). Possibly consider using a shorter maxLifetime value.
2026-07-08 12:35:44 [HikariPool-1:housekeeper] WARN  com.zaxxer.hikari.pool.PoolBase - HikariPool-1 - Failed to validate connection com.mysql.cj.jdbc.ConnectionImpl@1a594af8 (No operations allowed after connection closed.). Possibly consider using a shorter maxLifetime value.
2026-07-08 12:36:32 [HikariPool-1:housekeeper] WARN  com.zaxxer.hikari.pool.PoolBase - HikariPool-1 - Failed to validate connection com.mysql.cj.jdbc.ConnectionImpl@67a1623e (No operations allowed after connection closed.). Possibly consider using a shorter maxLifetime value.
2026-07-08 12:36:47 [HikariPool-1:housekeeper] WARN  com.zaxxer.hikari.pool.PoolBase - HikariPool-1 - Failed to validate connection com.mysql.cj.jdbc.ConnectionImpl@6192d071 (No operations allowed after connection closed.). Possibly consider using a shorter maxLifetime value.
2026-07-08 12:36:56 [HikariPool-1:housekeeper] WARN  com.zaxxer.hikari.pool.PoolBase - HikariPool-1 - Failed to validate connection com.mysql.cj.jdbc.ConnectionImpl@57bc508a (No operations allowed after connection closed.). Possibly consider using a shorter maxLifetime value.
2026-07-08 12:37:09 [HikariPool-1:housekeeper] WARN  com.zaxxer.hikari.pool.PoolBase - HikariPool-1 - Failed to validate connection com.mysql.cj.jdbc.ConnectionImpl@7eab9c11 (No operations allowed after connection closed.). Possibly consider using a shorter maxLifetime value.
2026-07-08 12:37:25 [HikariPool-1:housekeeper] WARN  com.zaxxer.hikari.pool.PoolBase - HikariPool-1 - Failed to validate connection com.mysql.cj.jdbc.ConnectionImpl@3bc5149e (No operations allowed after connection closed.). Possibly consider using a shorter maxLifetime value.
2026-07-08 12:38:27 [HikariPool-1:housekeeper] WARN  com.zaxxer.hikari.pool.PoolBase - HikariPool-1 - Failed to validate connection com.mysql.cj.jdbc.ConnectionImpl@671b5877 (No operations allowed after connection closed.). Possibly consider using a shorter maxLifetime value.
2026-07-08 12:38:28 [HikariPool-1:housekeeper] WARN  com.zaxxer.hikari.pool.PoolBase - HikariPool-1 - Failed to validate connection com.mysql.cj.jdbc.ConnectionImpl@328371b (No operations allowed after connection closed.). Possibly consider using a shorter maxLifetime value.
2026-07-08 12:38:36 [HikariPool-1:housekeeper] WARN  com.zaxxer.hikari.pool.PoolBase - HikariPool-1 - Failed to validate connection com.mysql.cj.jdbc.ConnectionImpl@56f1c44d (No operations allowed after connection closed.). Possibly consider using a shorter maxLifetime value.
2026-07-08 12:38:59 [HikariPool-1:housekeeper] WARN  com.zaxxer.hikari.pool.PoolBase - HikariPool-1 - Failed to validate connection com.mysql.cj.jdbc.ConnectionImpl@2e8842ec (No operations allowed after connection closed.). Possibly consider using a shorter maxLifetime value.
2026-07-08 12:39:05 [HikariPool-1:housekeeper] WARN  com.zaxxer.hikari.pool.PoolBase - HikariPool-1 - Failed to validate connection com.mysql.cj.jdbc.ConnectionImpl@34d15ab3 (No operations allowed after connection closed.). Possibly consider using a shorter maxLifetime value.
2026-07-08 12:40:06 [HikariPool-1:housekeeper] WARN  com.zaxxer.hikari.pool.PoolBase - HikariPool-1 - Failed to validate connection com.mysql.cj.jdbc.ConnectionImpl@14ca1c22 (No operations allowed after connection closed.). Possibly consider using a shorter maxLifetime value.
2026-07-08 12:40:15 [HikariPool-1:housekeeper] WARN  com.zaxxer.hikari.pool.PoolBase - HikariPool-1 - Failed to validate connection com.mysql.cj.jdbc.ConnectionImpl@17d1315e (No operations allowed after connection closed.). Possibly consider using a shorter maxLifetime value.
2026-07-08 12:40:28 [HikariPool-1:housekeeper] WARN  com.zaxxer.hikari.pool.PoolBase - HikariPool-1 - Failed to validate connection com.mysql.cj.jdbc.ConnectionImpl@66c53842 (No operations allowed after connection closed.). Possibly consider using a shorter maxLifetime value.
2026-07-08 12:40:43 [HikariPool-1:housekeeper] WARN  com.zaxxer.hikari.pool.PoolBase - HikariPool-1 - Failed to validate connection com.mysql.cj.jdbc.ConnectionImpl@e8d357c (No operations allowed after connection closed.). Possibly consider using a shorter maxLifetime value.
2026-07-08 12:40:48 [HikariPool-1:housekeeper] WARN  com.zaxxer.hikari.pool.PoolBase - HikariPool-1 - Failed to validate connection com.mysql.cj.jdbc.ConnectionImpl@334434ac (No operations allowed after connection closed.). Possibly consider using a shorter maxLifetime value.
2026-07-08 12:42:00 [HikariPool-1:housekeeper] WARN  com.zaxxer.hikari.pool.PoolBase - HikariPool-1 - Failed to validate connection com.mysql.cj.jdbc.ConnectionImpl@1f7173c (No operations allowed after connection closed.). Possibly consider using a shorter maxLifetime value.
2026-07-08 12:42:07 [HikariPool-1:housekeeper] WARN  com.zaxxer.hikari.pool.PoolBase - HikariPool-1 - Failed to validate connection com.mysql.cj.jdbc.ConnectionImpl@f36a3a9 (No operations allowed after connection closed.). Possibly consider using a shorter maxLifetime value.
2026-07-08 12:42:27 [HikariPool-1:housekeeper] WARN  com.zaxxer.hikari.pool.PoolBase - HikariPool-1 - Failed to validate connection com.mysql.cj.jdbc.ConnectionImpl@67e404f5 (No operations allowed after connection closed.). Possibly consider using a shorter maxLifetime value.
2026-07-08 12:42:28 [HikariPool-1:housekeeper] WARN  com.zaxxer.hikari.pool.PoolBase - HikariPool-1 - Failed to validate connection com.mysql.cj.jdbc.ConnectionImpl@68aa75b8 (No operations allowed after connection closed.). Possibly consider using a shorter maxLifetime value.
2026-07-08 12:42:33 [HikariPool-1:housekeeper] WARN  com.zaxxer.hikari.pool.PoolBase - HikariPool-1 - Failed to validate connection com.mysql.cj.jdbc.ConnectionImpl@2bcd8a07 (No operations allowed after connection closed.). Possibly consider using a shorter maxLifetime value.
2026-07-08 12:43:37 [HikariPool-1:housekeeper] WARN  com.zaxxer.hikari.pool.PoolBase - HikariPool-1 - Failed to validate connection com.mysql.cj.jdbc.ConnectionImpl@6cc9f027 (No operations allowed after connection closed.). Possibly consider using a shorter maxLifetime value.
2026-07-08 12:44:00 [HikariPool-1:housekeeper] WARN  com.zaxxer.hikari.pool.PoolBase - HikariPool-1 - Failed to validate connection com.mysql.cj.jdbc.ConnectionImpl@583cc2a9 (No operations allowed after connection closed.). Possibly consider using a shorter maxLifetime value.
2026-07-08 12:44:09 [HikariPool-1:housekeeper] WARN  com.zaxxer.hikari.pool.PoolBase - HikariPool-1 - Failed to validate connection com.mysql.cj.jdbc.ConnectionImpl@3c0d7518 (No operations allowed after connection closed.). Possibly consider using a shorter maxLifetime value.
2026-07-08 12:44:22 [HikariPool-1:housekeeper] WARN  com.zaxxer.hikari.pool.PoolBase - HikariPool-1 - Failed to validate connection com.mysql.cj.jdbc.ConnectionImpl@629ce0a3 (No operations allowed after connection closed.). Possibly consider using a shorter maxLifetime value.
2026-07-08 12:44:28 [HikariPool-1:housekeeper] WARN  com.zaxxer.hikari.pool.PoolBase - HikariPool-1 - Failed to validate connection com.mysql.cj.jdbc.ConnectionImpl@1b5d8557 (No operations allowed after connection closed.). Possibly consider using a shorter maxLifetime value.
2026-07-08 12:45:13 [HikariPool-1:housekeeper] WARN  com.zaxxer.hikari.pool.PoolBase - HikariPool-1 - Failed to validate connection com.mysql.cj.jdbc.ConnectionImpl@445f8c56 (No operations allowed after connection closed.). Possibly consider using a shorter maxLifetime value.
2026-07-08 12:45:47 [HikariPool-1:housekeeper] WARN  com.zaxxer.hikari.pool.PoolBase - HikariPool-1 - Failed to validate connection com.mysql.cj.jdbc.ConnectionImpl@2e3b1189 (No operations allowed after connection closed.). Possibly consider using a shorter maxLifetime value.
2026-07-08 12:45:58 [HikariPool-1:housekeeper] WARN  com.zaxxer.hikari.pool.PoolBase - HikariPool-1 - Failed to validate connection com.mysql.cj.jdbc.ConnectionImpl@7d53766 (No operations allowed after connection closed.). Possibly consider using a shorter maxLifetime value.
2026-07-08 12:46:06 [HikariPool-1:housekeeper] WARN  com.zaxxer.hikari.pool.PoolBase - HikariPool-1 - Failed to validate connection com.mysql.cj.jdbc.ConnectionImpl@722a84f5 (No operations allowed after connection closed.). Possibly consider using a shorter maxLifetime value.
2026-07-08 12:46:15 [HikariPool-1:housekeeper] WARN  com.zaxxer.hikari.pool.PoolBase - HikariPool-1 - Failed to validate connection com.mysql.cj.jdbc.ConnectionImpl@620b243f (No operations allowed after connection closed.). Possibly consider using a shorter maxLifetime value.
2026-07-08 12:47:10 [HikariPool-1:housekeeper] WARN  com.zaxxer.hikari.pool.PoolBase - HikariPool-1 - Failed to validate connection com.mysql.cj.jdbc.ConnectionImpl@1bc11a88 (No operations allowed after connection closed.). Possibly consider using a shorter maxLifetime value.
2026-07-08 12:47:42 [HikariPool-1:housekeeper] WARN  com.zaxxer.hikari.pool.PoolBase - HikariPool-1 - Failed to validate connection com.mysql.cj.jdbc.ConnectionImpl@36ab7f0f (No operations allowed after connection closed.). Possibly consider using a shorter maxLifetime value.
2026-07-08 12:47:54 [HikariPool-1:housekeeper] WARN  com.zaxxer.hikari.pool.PoolBase - HikariPool-1 - Failed to validate connection com.mysql.cj.jdbc.ConnectionImpl@494cec71 (No operations allowed after connection closed.). Possibly consider using a shorter maxLifetime value.
2026-07-08 12:47:54 [HikariPool-1:housekeeper] WARN  com.zaxxer.hikari.pool.PoolBase - HikariPool-1 - Failed to validate connection com.mysql.cj.jdbc.ConnectionImpl@7d530bd6 (No operations allowed after connection closed.). Possibly consider using a shorter maxLifetime value.
2026-07-08 12:47:55 [HikariPool-1:housekeeper] WARN  com.zaxxer.hikari.pool.PoolBase - HikariPool-1 - Failed to validate connection com.mysql.cj.jdbc.ConnectionImpl@7251f16e (No operations allowed after connection closed.). Possibly consider using a shorter maxLifetime value.
2026-07-08 12:49:11 [HikariPool-1:housekeeper] WARN  com.zaxxer.hikari.pool.PoolBase - HikariPool-1 - Failed to validate connection com.mysql.cj.jdbc.ConnectionImpl@5c50b431 (No operations allowed after connection closed.). Possibly consider using a shorter maxLifetime value.
2026-07-08 12:49:32 [HikariPool-1:housekeeper] WARN  com.zaxxer.hikari.pool.PoolBase - HikariPool-1 - Failed to validate connection com.mysql.cj.jdbc.ConnectionImpl@43c1cb85 (No operations allowed after connection closed.). Possibly consider using a shorter maxLifetime value.
2026-07-08 12:49:37 [HikariPool-1:housekeeper] WARN  com.zaxxer.hikari.pool.PoolBase - HikariPool-1 - Failed to validate connection com.mysql.cj.jdbc.ConnectionImpl@67ce42c3 (No operations allowed after connection closed.). Possibly consider using a shorter maxLifetime value.
2026-07-08 12:49:39 [HikariPool-1:housekeeper] WARN  com.zaxxer.hikari.pool.PoolBase - HikariPool-1 - Failed to validate connection com.mysql.cj.jdbc.ConnectionImpl@a432f16 (No operations allowed after connection closed.). Possibly consider using a shorter maxLifetime value.
2026-07-08 12:49:42 [HikariPool-1:housekeeper] WARN  com.zaxxer.hikari.pool.PoolBase - HikariPool-1 - Failed to validate connection com.mysql.cj.jdbc.ConnectionImpl@47934038 (No operations allowed after connection closed.). Possibly consider using a shorter maxLifetime value.
2026-07-08 12:51:09 [HikariPool-1:housekeeper] WARN  com.zaxxer.hikari.pool.PoolBase - HikariPool-1 - Failed to validate connection com.mysql.cj.jdbc.ConnectionImpl@4d3f76d0 (No operations allowed after connection closed.). Possibly consider using a shorter maxLifetime value.
2026-07-08 12:51:14 [HikariPool-1:housekeeper] WARN  com.zaxxer.hikari.pool.PoolBase - HikariPool-1 - Failed to validate connection com.mysql.cj.jdbc.ConnectionImpl@4b5a5279 (No operations allowed after connection closed.). Possibly consider using a shorter maxLifetime value.
2026-07-08 12:51:25 [HikariPool-1:housekeeper] WARN  com.zaxxer.hikari.pool.PoolBase - HikariPool-1 - Failed to validate connection com.mysql.cj.jdbc.ConnectionImpl@169559aa (No operations allowed after connection closed.). Possibly consider using a shorter maxLifetime value.
2026-07-08 12:51:27 [HikariPool-1:housekeeper] WARN  com.zaxxer.hikari.pool.PoolBase - HikariPool-1 - Failed to validate connection com.mysql.cj.jdbc.ConnectionImpl@6f78a028 (No operations allowed after connection closed.). Possibly consider using a shorter maxLifetime value.
2026-07-08 12:51:37 [HikariPool-1:housekeeper] WARN  com.zaxxer.hikari.pool.PoolBase - HikariPool-1 - Failed to validate connection com.mysql.cj.jdbc.ConnectionImpl@76a8ee24 (No operations allowed after connection closed.). Possibly consider using a shorter maxLifetime value.
2026-07-08 12:52:51 [HikariPool-1:housekeeper] WARN  com.zaxxer.hikari.pool.PoolBase - HikariPool-1 - Failed to validate connection com.mysql.cj.jdbc.ConnectionImpl@3bb57491 (No operations allowed after connection closed.). Possibly consider using a shorter maxLifetime value.
2026-07-08 12:52:53 [HikariPool-1:housekeeper] WARN  com.zaxxer.hikari.pool.PoolBase - HikariPool-1 - Failed to validate connection com.mysql.cj.jdbc.ConnectionImpl@208efff9 (No operations allowed after connection closed.). Possibly consider using a shorter maxLifetime value.
2026-07-08 12:53:16 [HikariPool-1:housekeeper] WARN  com.zaxxer.hikari.pool.PoolBase - HikariPool-1 - Failed to validate connection com.mysql.cj.jdbc.ConnectionImpl@fe70c8b (No operations allowed after connection closed.). Possibly consider using a shorter maxLifetime value.
2026-07-08 12:53:18 [HikariPool-1:housekeeper] WARN  com.zaxxer.hikari.pool.PoolBase - HikariPool-1 - Failed to validate connection com.mysql.cj.jdbc.ConnectionImpl@3977564b (No operations allowed after connection closed.). Possibly consider using a shorter maxLifetime value.
2026-07-08 12:53:24 [HikariPool-1:housekeeper] WARN  com.zaxxer.hikari.pool.PoolBase - HikariPool-1 - Failed to validate connection com.mysql.cj.jdbc.ConnectionImpl@6e5117ab (No operations allowed after connection closed.). Possibly consider using a shorter maxLifetime value.
2026-07-08 12:54:33 [HikariPool-1:housekeeper] WARN  com.zaxxer.hikari.pool.PoolBase - HikariPool-1 - Failed to validate connection com.mysql.cj.jdbc.ConnectionImpl@71ab90a8 (No operations allowed after connection closed.). Possibly consider using a shorter maxLifetime value.
2026-07-08 12:54:39 [HikariPool-1:housekeeper] WARN  com.zaxxer.hikari.pool.PoolBase - HikariPool-1 - Failed to validate connection com.mysql.cj.jdbc.ConnectionImpl@14e7e861 (No operations allowed after connection closed.). Possibly consider using a shorter maxLifetime value.
2026-07-08 12:54:57 [HikariPool-1:housekeeper] WARN  com.zaxxer.hikari.pool.PoolBase - HikariPool-1 - Failed to validate connection com.mysql.cj.jdbc.ConnectionImpl@4e1b3d65 (No operations allowed after connection closed.). Possibly consider using a shorter maxLifetime value.
2026-07-08 12:55:08 [HikariPool-1:housekeeper] WARN  com.zaxxer.hikari.pool.PoolBase - HikariPool-1 - Failed to validate connection com.mysql.cj.jdbc.ConnectionImpl@7d4fbcb2 (No operations allowed after connection closed.). Possibly consider using a shorter maxLifetime value.
2026-07-08 12:55:10 [HikariPool-1:housekeeper] WARN  com.zaxxer.hikari.pool.PoolBase - HikariPool-1 - Failed to validate connection com.mysql.cj.jdbc.ConnectionImpl@4f6e912b (No operations allowed after connection closed.). Possibly consider using a shorter maxLifetime value.
2026-07-08 12:56:23 [HikariPool-1:housekeeper] WARN  com.zaxxer.hikari.pool.PoolBase - HikariPool-1 - Failed to validate connection com.mysql.cj.jdbc.ConnectionImpl@1e686587 (No operations allowed after connection closed.). Possibly consider using a shorter maxLifetime value.
2026-07-08 12:56:24 [HikariPool-1:housekeeper] WARN  com.zaxxer.hikari.pool.PoolBase - HikariPool-1 - Failed to validate connection com.mysql.cj.jdbc.ConnectionImpl@da2bf69 (No operations allowed after connection closed.). Possibly consider using a shorter maxLifetime value.
2026-07-08 12:56:44 [HikariPool-1:housekeeper] WARN  com.zaxxer.hikari.pool.PoolBase - HikariPool-1 - Failed to validate connection com.mysql.cj.jdbc.ConnectionImpl@367e903f (No operations allowed after connection closed.). Possibly consider using a shorter maxLifetime value.
2026-07-08 12:56:54 [HikariPool-1:housekeeper] WARN  com.zaxxer.hikari.pool.PoolBase - HikariPool-1 - Failed to validate connection com.mysql.cj.jdbc.ConnectionImpl@62aa06d2 (No operations allowed after connection closed.). Possibly consider using a shorter maxLifetime value.
2026-07-08 12:56:59 [HikariPool-1:housekeeper] WARN  com.zaxxer.hikari.pool.PoolBase - HikariPool-1 - Failed to validate connection com.mysql.cj.jdbc.ConnectionImpl@38d63c13 (No operations allowed after connection closed.). Possibly consider using a shorter maxLifetime value.
2026-07-08 12:58:00 [HikariPool-1:housekeeper] WARN  com.zaxxer.hikari.pool.PoolBase - HikariPool-1 - Failed to validate connection com.mysql.cj.jdbc.ConnectionImpl@6f9feafc (No operations allowed after connection closed.). Possibly consider using a shorter maxLifetime value.
2026-07-08 12:58:22 [HikariPool-1:housekeeper] WARN  com.zaxxer.hikari.pool.PoolBase - HikariPool-1 - Failed to validate connection com.mysql.cj.jdbc.ConnectionImpl@7add4198 (No operations allowed after connection closed.). Possibly consider using a shorter maxLifetime value.
2026-07-08 12:58:28 [HikariPool-1:housekeeper] WARN  com.zaxxer.hikari.pool.PoolBase - HikariPool-1 - Failed to validate connection com.mysql.cj.jdbc.ConnectionImpl@633a10fe (No operations allowed after connection closed.). Possibly consider using a shorter maxLifetime value.
2026-07-08 12:58:44 [HikariPool-1:housekeeper] WARN  com.zaxxer.hikari.pool.PoolBase - HikariPool-1 - Failed to validate connection com.mysql.cj.jdbc.ConnectionImpl@21723458 (No operations allowed after connection closed.). Possibly consider using a shorter maxLifetime value.
2026-07-08 12:58:56 [HikariPool-1:housekeeper] WARN  com.zaxxer.hikari.pool.PoolBase - HikariPool-1 - Failed to validate connection com.mysql.cj.jdbc.ConnectionImpl@779898f2 (No operations allowed after connection closed.). Possibly consider using a shorter maxLifetime value.
2026-07-08 12:59:46 [HikariPool-1:housekeeper] WARN  com.zaxxer.hikari.pool.PoolBase - HikariPool-1 - Failed to validate connection com.mysql.cj.jdbc.ConnectionImpl@6d7253a2 (No operations allowed after connection closed.). Possibly consider using a shorter maxLifetime value.
2026-07-08 13:00:03 [HikariPool-1:housekeeper] WARN  com.zaxxer.hikari.pool.PoolBase - HikariPool-1 - Failed to validate connection com.mysql.cj.jdbc.ConnectionImpl@2c11dada (No operations allowed after connection closed.). Possibly consider using a shorter maxLifetime value.
2026-07-08 13:00:21 [HikariPool-1:housekeeper] WARN  com.zaxxer.hikari.pool.PoolBase - HikariPool-1 - Failed to validate connection com.mysql.cj.jdbc.ConnectionImpl@1db884cc (No operations allowed after connection closed.). Possibly consider using a shorter maxLifetime value.
2026-07-08 13:00:25 [HikariPool-1:housekeeper] WARN  com.zaxxer.hikari.pool.PoolBase - HikariPool-1 - Failed to validate connection com.mysql.cj.jdbc.ConnectionImpl@4ca52aca (No operations allowed after connection closed.). Possibly consider using a shorter maxLifetime value.
2026-07-08 13:00:39 [HikariPool-1:housekeeper] WARN  com.zaxxer.hikari.pool.PoolBase - HikariPool-1 - Failed to validate connection com.mysql.cj.jdbc.ConnectionImpl@6f0dccd2 (No operations allowed after connection closed.). Possibly consider using a shorter maxLifetime value.
2026-07-08 13:01:23 [HikariPool-1:housekeeper] WARN  com.zaxxer.hikari.pool.PoolBase - HikariPool-1 - Failed to validate connection com.mysql.cj.jdbc.ConnectionImpl@5fb5c1ea (No operations allowed after connection closed.). Possibly consider using a shorter maxLifetime value.
2026-07-08 13:01:54 [HikariPool-1:housekeeper] WARN  com.zaxxer.hikari.pool.PoolBase - HikariPool-1 - Failed to validate connection com.mysql.cj.jdbc.ConnectionImpl@3bc96376 (No operations allowed after connection closed.). Possibly consider using a shorter maxLifetime value.
2026-07-08 13:02:11 [HikariPool-1:housekeeper] WARN  com.zaxxer.hikari.pool.PoolBase - HikariPool-1 - Failed to validate connection com.mysql.cj.jdbc.ConnectionImpl@2973a51b (No operations allowed after connection closed.). Possibly consider using a shorter maxLifetime value.
2026-07-08 13:02:18 [HikariPool-1:housekeeper] WARN  com.zaxxer.hikari.pool.PoolBase - HikariPool-1 - Failed to validate connection com.mysql.cj.jdbc.ConnectionImpl@79cfad22 (No operations allowed after connection closed.). Possibly consider using a shorter maxLifetime value.
2026-07-08 13:02:24 [HikariPool-1:housekeeper] WARN  com.zaxxer.hikari.pool.PoolBase - HikariPool-1 - Failed to validate connection com.mysql.cj.jdbc.ConnectionImpl@51afb69f (No operations allowed after connection closed.). Possibly consider using a shorter maxLifetime value.
2026-07-08 13:02:59 [HikariPool-1:housekeeper] WARN  com.zaxxer.hikari.pool.PoolBase - HikariPool-1 - Failed to validate connection com.mysql.cj.jdbc.ConnectionImpl@31e9dccb (No operations allowed after connection closed.). Possibly consider using a shorter maxLifetime value.
2026-07-08 13:03:34 [HikariPool-1:housekeeper] WARN  com.zaxxer.hikari.pool.PoolBase - HikariPool-1 - Failed to validate connection com.mysql.cj.jdbc.ConnectionImpl@7c1db3f7 (No operations allowed after connection closed.). Possibly consider using a shorter maxLifetime value.
2026-07-08 13:03:59 [HikariPool-1:housekeeper] WARN  com.zaxxer.hikari.pool.PoolBase - HikariPool-1 - Failed to validate connection com.mysql.cj.jdbc.ConnectionImpl@68425889 (No operations allowed after connection closed.). Possibly consider using a shorter maxLifetime value.
2026-07-08 13:04:18 [HikariPool-1:housekeeper] WARN  com.zaxxer.hikari.pool.PoolBase - HikariPool-1 - Failed to validate connection com.mysql.cj.jdbc.ConnectionImpl@7e1d6ecb (No operations allowed after connection closed.). Possibly consider using a shorter maxLifetime value.
2026-07-08 13:04:18 [HikariPool-1:housekeeper] WARN  com.zaxxer.hikari.pool.PoolBase - HikariPool-1 - Failed to validate connection com.mysql.cj.jdbc.ConnectionImpl@55b0214 (No operations allowed after connection closed.). Possibly consider using a shorter maxLifetime value.
2026-07-08 13:04:57 [HikariPool-1:housekeeper] WARN  com.zaxxer.hikari.pool.PoolBase - HikariPool-1 - Failed to validate connection com.mysql.cj.jdbc.ConnectionImpl@1d9b00a3 (No operations allowed after connection closed.). Possibly consider using a shorter maxLifetime value.
2026-07-08 13:05:20 [HikariPool-1:housekeeper] WARN  com.zaxxer.hikari.pool.PoolBase - HikariPool-1 - Failed to validate connection com.mysql.cj.jdbc.ConnectionImpl@4b5a60cb (No operations allowed after connection closed.). Possibly consider using a shorter maxLifetime value.
2026-07-08 13:05:47 [HikariPool-1:housekeeper] WARN  com.zaxxer.hikari.pool.PoolBase - HikariPool-1 - Failed to validate connection com.mysql.cj.jdbc.ConnectionImpl@53971474 (No operations allowed after connection closed.). Possibly consider using a shorter maxLifetime value.
2026-07-08 13:06:08 [HikariPool-1:housekeeper] WARN  com.zaxxer.hikari.pool.PoolBase - HikariPool-1 - Failed to validate connection com.mysql.cj.jdbc.ConnectionImpl@69e3c01a (No operations allowed after connection closed.). Possibly consider using a shorter maxLifetime value.
2026-07-08 13:06:08 [HikariPool-1:housekeeper] WARN  com.zaxxer.hikari.pool.PoolBase - HikariPool-1 - Failed to validate connection com.mysql.cj.jdbc.ConnectionImpl@708222ab (No operations allowed after connection closed.). Possibly consider using a shorter maxLifetime value.
2026-07-08 13:06:43 [HikariPool-1:housekeeper] WARN  com.zaxxer.hikari.pool.PoolBase - HikariPool-1 - Failed to validate connection com.mysql.cj.jdbc.ConnectionImpl@3c3f9f24 (No operations allowed after connection closed.). Possibly consider using a shorter maxLifetime value.
2026-07-08 13:06:50 [SpringApplicationShutdownHook] INFO  o.s.boot.tomcat.GracefulShutdown - Commencing graceful shutdown. Waiting for active requests to complete
2026-07-08 13:06:50 [tomcat-shutdown] INFO  o.s.boot.tomcat.GracefulShutdown - Graceful shutdown complete
2026-07-08 13:06:50 [SpringApplicationShutdownHook] INFO  o.s.o.j.LocalContainerEntityManagerFactoryBean - Closing JPA EntityManagerFactory for persistence unit 'default'
2026-07-08 13:06:50 [SpringApplicationShutdownHook] INFO  com.zaxxer.hikari.HikariDataSource - HikariPool-1 - Shutdown initiated...
2026-07-08 13:06:50 [SpringApplicationShutdownHook] INFO  com.zaxxer.hikari.HikariDataSource - HikariPool-1 - Shutdown completed.
2026-07-08 14:07:04 [background-preinit] INFO  o.h.validator.internal.util.Version - HV000001: Hibernate Validator 9.0.1.Final
2026-07-08 14:07:04 [restartedMain] INFO  c.e.D.DocgenBackendApplication - Starting DocgenBackendApplication using Java 21.0.9 with PID 5944 (E:\DocGen New Front V2\Docgen-Backend\target\classes started by prath in E:\DocGen New Front V2\Docgen-Backend)
2026-07-08 14:07:04 [restartedMain] DEBUG c.e.D.DocgenBackendApplication - Running with Spring Boot v4.0.6, Spring v7.0.7
2026-07-08 14:07:04 [restartedMain] INFO  c.e.D.DocgenBackendApplication - No active profile set, falling back to 1 default profile: "default"
2026-07-08 14:07:04 [restartedMain] INFO  o.s.b.d.e.DevToolsPropertyDefaultsPostProcessor - Devtools property defaults active! Set 'spring.devtools.add-properties' to 'false' to disable
2026-07-08 14:07:04 [restartedMain] INFO  o.s.b.d.e.DevToolsPropertyDefaultsPostProcessor - For additional web related logging consider setting the 'logging.level.web' property to 'DEBUG'
2026-07-08 14:07:05 [restartedMain] INFO  o.s.d.r.c.RepositoryConfigurationDelegate - Bootstrapping Spring Data JPA repositories in DEFAULT mode.
2026-07-08 14:07:05 [restartedMain] INFO  o.s.d.r.c.RepositoryConfigurationDelegate - Finished Spring Data repository scanning in 46 ms. Found 2 JPA repository interfaces.
2026-07-08 14:07:05 [restartedMain] INFO  o.s.boot.tomcat.TomcatWebServer - Tomcat initialized with port 8080 (http)
2026-07-08 14:07:05 [restartedMain] INFO  o.a.coyote.http11.Http11NioProtocol - Initializing ProtocolHandler ["http-nio-8080"]
2026-07-08 14:07:05 [restartedMain] INFO  o.a.catalina.core.StandardService - Starting service [Tomcat]
2026-07-08 14:07:05 [restartedMain] INFO  o.a.catalina.core.StandardEngine - Starting Servlet engine: [Apache Tomcat/11.0.21]
2026-07-08 14:07:05 [restartedMain] INFO  o.s.b.w.c.s.WebApplicationContextInitializer - Root WebApplicationContext: initialization completed in 1374 ms
2026-07-08 14:07:05 [restartedMain] DEBUG c.e.Docgen_Backend.config.JwtFilter - Filter 'jwtFilter' configured for use
2026-07-08 14:07:06 [restartedMain] INFO  org.hibernate.orm.jpa - HHH008540: Processing PersistenceUnitInfo [name: default]
2026-07-08 14:07:06 [restartedMain] INFO  org.hibernate.orm.core - HHH000001: Hibernate ORM core version 7.2.12.Final
2026-07-08 14:07:06 [restartedMain] INFO  o.s.o.j.p.SpringPersistenceUnitInfo - No LoadTimeWeaver setup: ignoring JPA class transformer
2026-07-08 14:07:06 [restartedMain] INFO  com.zaxxer.hikari.HikariDataSource - HikariPool-1 - Starting...
2026-07-08 14:07:07 [restartedMain] INFO  com.zaxxer.hikari.pool.HikariPool - HikariPool-1 - Added connection com.mysql.cj.jdbc.ConnectionImpl@466c07b5
2026-07-08 14:07:07 [restartedMain] INFO  com.zaxxer.hikari.HikariDataSource - HikariPool-1 - Start completed.
2026-07-08 14:07:07 [restartedMain] WARN  org.hibernate.orm.jdbc - HHH100045: Could not obtain connection metadata: java.sql.SQLSyntaxErrorException: Unknown column 'RESERVED' in 'WHERE'
2026-07-08 14:07:07 [restartedMain] WARN  org.hibernate.orm.deprecation - HHH90000025: MySQLDialect does not need to be specified explicitly using 'hibernate.dialect' (remove the property setting and it will be selected by default)
2026-07-08 14:07:07 [restartedMain] INFO  o.hibernate.orm.connections.pooling - HHH10001005: Database info:
	Database JDBC URL [undefined/unknown]
	Database driver: undefined/unknown
	Database dialect: MySQLDialect
	Database version: 8.0
	Default catalog/schema: unknown/unknown
	Autocommit mode: undefined/unknown
	Isolation level: NONE [default NONE]
	JDBC fetch size: undefined/unknown
	Pool: DataSourceConnectionProvider
	Minimum pool size: undefined/unknown
	Maximum pool size: undefined/unknown
2026-07-08 14:07:09 [restartedMain] INFO  org.hibernate.orm.core - HHH000489: No JTA platform available (set 'hibernate.transaction.jta.platform' to enable JTA platform integration)
2026-07-08 14:07:17 [restartedMain] INFO  o.s.o.j.LocalContainerEntityManagerFactoryBean - Initialized JPA EntityManagerFactory for persistence unit 'default'
2026-07-08 14:07:17 [restartedMain] INFO  o.s.d.j.r.q.QueryEnhancerFactories - Hibernate is in classpath; If applicable, HQL parser will be used.
2026-07-08 14:07:17 [restartedMain] INFO  o.s.s.c.a.a.c.InitializeUserDetailsBeanManagerConfigurer$InitializeUserDetailsManagerConfigurer - Global AuthenticationManager configured with UserDetailsService bean with name customUserDetailsService
2026-07-08 14:07:17 [restartedMain] WARN  o.s.b.j.a.JpaBaseConfiguration$JpaWebConfiguration - spring.jpa.open-in-view is enabled by default. Therefore, database queries may be performed during view rendering. Explicitly configure spring.jpa.open-in-view to disable this warning
2026-07-08 14:07:17 [restartedMain] INFO  o.a.coyote.http11.Http11NioProtocol - Starting ProtocolHandler ["http-nio-8080"]
2026-07-08 14:07:17 [restartedMain] INFO  o.s.boot.tomcat.TomcatWebServer - Tomcat started on port 8080 (http) with context path '/'
2026-07-08 14:07:17 [restartedMain] INFO  c.e.D.DocgenBackendApplication - Started DocgenBackendApplication in 13.931 seconds (process running for 14.518)
2026-07-08 14:07:52 [http-nio-8080-exec-2] INFO  o.a.c.c.C.[Tomcat].[localhost].[/] - Initializing Spring DispatcherServlet 'dispatcherServlet'
2026-07-08 14:07:52 [http-nio-8080-exec-2] INFO  o.s.web.servlet.DispatcherServlet - Initializing Servlet 'dispatcherServlet'
2026-07-08 14:07:52 [http-nio-8080-exec-2] INFO  o.s.web.servlet.DispatcherServlet - Completed initialization in 1 ms
2026-07-08 14:07:52 [http-nio-8080-exec-3] INFO  c.e.Docgen_Backend.config.JwtFilter - JWT validated successfully for userId=6a311365ec2c34f3d9e4f06e
2026-07-08 14:07:52 [http-nio-8080-exec-3] INFO  c.e.D.controller.UserController - GET /api/v2/users - Fetch all users request received | page=0, size=8, sortBy=id, direction=desc
2026-07-08 14:07:52 [http-nio-8080-exec-3] WARN  com.zaxxer.hikari.pool.PoolBase - HikariPool-1 - Failed to validate connection com.mysql.cj.jdbc.ConnectionImpl@466c07b5 (No operations allowed after connection closed.). Possibly consider using a shorter maxLifetime value.
2026-07-08 14:07:52 [http-nio-8080-exec-3] WARN  com.zaxxer.hikari.pool.PoolBase - HikariPool-1 - Failed to validate connection com.mysql.cj.jdbc.ConnectionImpl@757c9fec (No operations allowed after connection closed.). Possibly consider using a shorter maxLifetime value.
2026-07-08 14:07:52 [http-nio-8080-exec-3] WARN  com.zaxxer.hikari.pool.PoolBase - HikariPool-1 - Failed to validate connection com.mysql.cj.jdbc.ConnectionImpl@46089675 (No operations allowed after connection closed.). Possibly consider using a shorter maxLifetime value.
2026-07-08 14:07:55 [http-nio-8080-exec-3] INFO  c.e.D.controller.UserController - Fetched 8 users on page 0 of 1
2026-07-08 14:07:55 [http-nio-8080-exec-5] INFO  c.e.Docgen_Backend.config.JwtFilter - JWT validated successfully for userId=6a311365ec2c34f3d9e4f06e
2026-07-08 14:07:55 [http-nio-8080-exec-5] INFO  c.e.D.controller.UserController - GET /api/v2/users - Fetch all users request received | page=0, size=8, sortBy=id, direction=desc
2026-07-08 14:07:57 [http-nio-8080-exec-6] INFO  c.e.Docgen_Backend.config.JwtFilter - JWT validated successfully for userId=6a311365ec2c34f3d9e4f06e
2026-07-08 14:07:57 [http-nio-8080-exec-6] INFO  c.e.D.controller.UserController - GET /api/v2/users/17 - Fetch request received
2026-07-08 14:07:57 [http-nio-8080-exec-6] INFO  c.e.D.service.impl.UserServiceImpl - Fetching user profile for edit | userId=17
2026-07-08 14:07:57 [http-nio-8080-exec-6] DEBUG c.e.D.service.impl.UserServiceImpl - User found | userId=17 | employeeId=NSS833
2026-07-08 14:07:57 [http-nio-8080-exec-6] INFO  c.e.D.service.impl.UserServiceImpl - User profile fetched successfully | userId=17 | timeTaken=357ms
2026-07-08 14:07:57 [http-nio-8080-exec-6] INFO  c.e.D.controller.UserController - Profile fetched successfully for userId=17
2026-07-08 14:07:57 [http-nio-8080-exec-6] DEBUG c.e.D.controller.UserController - Fetched profile data: UserProfileResponseDTO(id=17, employeeName=Labade Pooja Bhanudas, employeeId=NSS833, email=poojalabade.qa.engineer@gmail.com, mobileNo=7822994346, joiningDesignation=Software Tester, currentDesignation=QA Engineer, department=Information Technology, company=NSS, identity=MRS, pfType=WITH_PF, accountNo=2568108019550, bankName=Canara Bank, currentAddress=Pune, permanentAddress=null, joiningCTC=220000.0, currentCTC=null, dateOfBirth=2001-05-20, offerDate=2023-04-14, joiningDate=2023-04-17, panNo=BPZPL7168H, documents={APPOINTMENT_LETTER=DocumentResponseDTO(generated=false, data=null), INTERNSHIP_LETTER=DocumentResponseDTO(generated=false, data=null), EXPERIENCE_LETTER=DocumentResponseDTO(generated=true, data={issueDate=2026-06-30, relievingDate=2026-06-30}), FULL_AND_FINAL=DocumentResponseDTO(generated=false, data=null), CONFIRMATION_LETTER=DocumentResponseDTO(generated=false, data=null), INCREMENT_LETTER=DocumentResponseDTO(generated=false, data=null), RELIEVING_LETTER=DocumentResponseDTO(generated=true, data={issueDate=2026-06-30, relievingDate=2026-06-30}), SALARY_SLIP=DocumentResponseDTO(generated=false, data=null), COMPLETION_LETTER=DocumentResponseDTO(generated=false, data=null), OFFER_LETTER=DocumentResponseDTO(generated=false, data=null)})
2026-07-08 14:07:57 [http-nio-8080-exec-8] INFO  c.e.Docgen_Backend.config.JwtFilter - JWT validated successfully for userId=6a311365ec2c34f3d9e4f06e
2026-07-08 14:07:57 [http-nio-8080-exec-8] INFO  c.e.D.controller.UserController - GET /api/v2/users/17 - Fetch request received
2026-07-08 14:07:57 [http-nio-8080-exec-8] INFO  c.e.D.service.impl.UserServiceImpl - Fetching user profile for edit | userId=17
2026-07-08 14:07:58 [http-nio-8080-exec-5] INFO  c.e.D.controller.UserController - Fetched 8 users on page 0 of 1
2026-07-08 14:07:58 [http-nio-8080-exec-8] DEBUG c.e.D.service.impl.UserServiceImpl - User found | userId=17 | employeeId=NSS833
2026-07-08 14:07:58 [http-nio-8080-exec-8] INFO  c.e.D.service.impl.UserServiceImpl - User profile fetched successfully | userId=17 | timeTaken=312ms
2026-07-08 14:07:58 [http-nio-8080-exec-8] INFO  c.e.D.controller.UserController - Profile fetched successfully for userId=17
2026-07-08 14:07:58 [http-nio-8080-exec-8] DEBUG c.e.D.controller.UserController - Fetched profile data: UserProfileResponseDTO(id=17, employeeName=Labade Pooja Bhanudas, employeeId=NSS833, email=poojalabade.qa.engineer@gmail.com, mobileNo=7822994346, joiningDesignation=Software Tester, currentDesignation=QA Engineer, department=Information Technology, company=NSS, identity=MRS, pfType=WITH_PF, accountNo=2568108019550, bankName=Canara Bank, currentAddress=Pune, permanentAddress=null, joiningCTC=220000.0, currentCTC=null, dateOfBirth=2001-05-20, offerDate=2023-04-14, joiningDate=2023-04-17, panNo=BPZPL7168H, documents={APPOINTMENT_LETTER=DocumentResponseDTO(generated=false, data=null), INTERNSHIP_LETTER=DocumentResponseDTO(generated=false, data=null), EXPERIENCE_LETTER=DocumentResponseDTO(generated=true, data={issueDate=2026-06-30, relievingDate=2026-06-30}), FULL_AND_FINAL=DocumentResponseDTO(generated=false, data=null), CONFIRMATION_LETTER=DocumentResponseDTO(generated=false, data=null), INCREMENT_LETTER=DocumentResponseDTO(generated=false, data=null), RELIEVING_LETTER=DocumentResponseDTO(generated=true, data={issueDate=2026-06-30, relievingDate=2026-06-30}), SALARY_SLIP=DocumentResponseDTO(generated=false, data=null), COMPLETION_LETTER=DocumentResponseDTO(generated=false, data=null), OFFER_LETTER=DocumentResponseDTO(generated=false, data=null)})
2026-07-08 14:08:01 [http-nio-8080-exec-1] INFO  c.e.Docgen_Backend.config.JwtFilter - JWT validated successfully for userId=6a311365ec2c34f3d9e4f06e
2026-07-08 14:08:01 [http-nio-8080-exec-1] INFO  c.e.D.controller.UserController - GET /api/v2/users - Fetch all users request received | page=0, size=8, sortBy=id, direction=desc
2026-07-08 14:08:05 [http-nio-8080-exec-1] INFO  c.e.D.controller.UserController - Fetched 8 users on page 0 of 1
2026-07-08 14:08:05 [http-nio-8080-exec-1] INFO  c.e.Docgen_Backend.config.JwtFilter - JWT validated successfully for userId=6a311365ec2c34f3d9e4f06e
2026-07-08 14:08:05 [http-nio-8080-exec-1] INFO  c.e.D.controller.UserController - GET /api/v2/users - Fetch all users request received | page=0, size=8, sortBy=id, direction=desc
2026-07-08 14:08:08 [http-nio-8080-exec-1] INFO  c.e.D.controller.UserController - Fetched 8 users on page 0 of 1
2026-07-08 14:09:37 [HikariPool-1:housekeeper] WARN  com.zaxxer.hikari.pool.PoolBase - HikariPool-1 - Failed to validate connection com.mysql.cj.jdbc.ConnectionImpl@1436f593 (No operations allowed after connection closed.). Possibly consider using a shorter maxLifetime value.
2026-07-08 14:09:43 [HikariPool-1:housekeeper] WARN  com.zaxxer.hikari.pool.PoolBase - HikariPool-1 - Failed to validate connection com.mysql.cj.jdbc.ConnectionImpl@25e82053 (No operations allowed after connection closed.). Possibly consider using a shorter maxLifetime value.
2026-07-08 14:09:49 [HikariPool-1:housekeeper] WARN  com.zaxxer.hikari.pool.PoolBase - HikariPool-1 - Failed to validate connection com.mysql.cj.jdbc.ConnectionImpl@74190adc (No operations allowed after connection closed.). Possibly consider using a shorter maxLifetime value.
2026-07-08 14:10:16 [http-nio-8080-exec-5] INFO  c.e.Docgen_Backend.config.JwtFilter - JWT validated successfully for userId=6a311365ec2c34f3d9e4f06e
2026-07-08 14:10:16 [http-nio-8080-exec-5] INFO  c.e.D.controller.UserController - GET /api/v2/users - Fetch all users request received | page=0, size=8, sortBy=id, direction=desc
2026-07-08 14:10:16 [http-nio-8080-exec-5] WARN  com.zaxxer.hikari.pool.PoolBase - HikariPool-1 - Failed to validate connection com.mysql.cj.jdbc.ConnectionImpl@4b6cb98a (No operations allowed after connection closed.). Possibly consider using a shorter maxLifetime value.
2026-07-08 14:10:16 [http-nio-8080-exec-5] WARN  com.zaxxer.hikari.pool.PoolBase - HikariPool-1 - Failed to validate connection com.mysql.cj.jdbc.ConnectionImpl@5b6fa1b4 (No operations allowed after connection closed.). Possibly consider using a shorter maxLifetime value.
2026-07-08 14:10:21 [http-nio-8080-exec-5] INFO  c.e.D.controller.UserController - Fetched 8 users on page 0 of 1
2026-07-08 14:10:21 [http-nio-8080-exec-10] INFO  c.e.Docgen_Backend.config.JwtFilter - JWT validated successfully for userId=6a311365ec2c34f3d9e4f06e
2026-07-08 14:10:21 [http-nio-8080-exec-10] INFO  c.e.D.controller.UserController - GET /api/v2/users - Fetch all users request received | page=0, size=8, sortBy=id, direction=desc
2026-07-08 14:10:22 [http-nio-8080-exec-1] INFO  c.e.Docgen_Backend.config.JwtFilter - JWT validated successfully for userId=6a311365ec2c34f3d9e4f06e
2026-07-08 14:10:22 [http-nio-8080-exec-1] INFO  c.e.D.controller.UserController - GET /api/v2/users/17 - Fetch request received
2026-07-08 14:10:22 [http-nio-8080-exec-1] INFO  c.e.D.service.impl.UserServiceImpl - Fetching user profile for edit | userId=17
2026-07-08 14:10:22 [http-nio-8080-exec-1] DEBUG c.e.D.service.impl.UserServiceImpl - User found | userId=17 | employeeId=NSS833
2026-07-08 14:10:22 [http-nio-8080-exec-1] INFO  c.e.D.service.impl.UserServiceImpl - User profile fetched successfully | userId=17 | timeTaken=517ms
2026-07-08 14:10:22 [http-nio-8080-exec-1] INFO  c.e.D.controller.UserController - Profile fetched successfully for userId=17
2026-07-08 14:10:22 [http-nio-8080-exec-1] DEBUG c.e.D.controller.UserController - Fetched profile data: UserProfileResponseDTO(id=17, employeeName=Labade Pooja Bhanudas, employeeId=NSS833, email=poojalabade.qa.engineer@gmail.com, mobileNo=7822994346, joiningDesignation=Software Tester, currentDesignation=QA Engineer, department=Information Technology, company=NSS, identity=MRS, pfType=WITH_PF, accountNo=2568108019550, bankName=Canara Bank, currentAddress=Pune, permanentAddress=null, joiningCTC=220000.0, currentCTC=null, dateOfBirth=2001-05-20, offerDate=2023-04-14, joiningDate=2023-04-17, panNo=BPZPL7168H, documents={APPOINTMENT_LETTER=DocumentResponseDTO(generated=false, data=null), INTERNSHIP_LETTER=DocumentResponseDTO(generated=false, data=null), EXPERIENCE_LETTER=DocumentResponseDTO(generated=true, data={issueDate=2026-06-30, relievingDate=2026-06-30}), FULL_AND_FINAL=DocumentResponseDTO(generated=false, data=null), CONFIRMATION_LETTER=DocumentResponseDTO(generated=false, data=null), INCREMENT_LETTER=DocumentResponseDTO(generated=false, data=null), RELIEVING_LETTER=DocumentResponseDTO(generated=true, data={issueDate=2026-06-30, relievingDate=2026-06-30}), SALARY_SLIP=DocumentResponseDTO(generated=false, data=null), COMPLETION_LETTER=DocumentResponseDTO(generated=false, data=null), OFFER_LETTER=DocumentResponseDTO(generated=false, data=null)})
2026-07-08 14:10:23 [http-nio-8080-exec-3] INFO  c.e.Docgen_Backend.config.JwtFilter - JWT validated successfully for userId=6a311365ec2c34f3d9e4f06e
2026-07-08 14:10:23 [http-nio-8080-exec-3] INFO  c.e.D.controller.UserController - GET /api/v2/users/17 - Fetch request received
2026-07-08 14:10:23 [http-nio-8080-exec-3] INFO  c.e.D.service.impl.UserServiceImpl - Fetching user profile for edit | userId=17
2026-07-08 14:10:23 [http-nio-8080-exec-3] DEBUG c.e.D.service.impl.UserServiceImpl - User found | userId=17 | employeeId=NSS833
2026-07-08 14:10:23 [http-nio-8080-exec-3] INFO  c.e.D.service.impl.UserServiceImpl - User profile fetched successfully | userId=17 | timeTaken=382ms
2026-07-08 14:10:23 [http-nio-8080-exec-3] INFO  c.e.D.controller.UserController - Profile fetched successfully for userId=17
2026-07-08 14:10:23 [http-nio-8080-exec-3] DEBUG c.e.D.controller.UserController - Fetched profile data: UserProfileResponseDTO(id=17, employeeName=Labade Pooja Bhanudas, employeeId=NSS833, email=poojalabade.qa.engineer@gmail.com, mobileNo=7822994346, joiningDesignation=Software Tester, currentDesignation=QA Engineer, department=Information Technology, company=NSS, identity=MRS, pfType=WITH_PF, accountNo=2568108019550, bankName=Canara Bank, currentAddress=Pune, permanentAddress=null, joiningCTC=220000.0, currentCTC=null, dateOfBirth=2001-05-20, offerDate=2023-04-14, joiningDate=2023-04-17, panNo=BPZPL7168H, documents={APPOINTMENT_LETTER=DocumentResponseDTO(generated=false, data=null), INTERNSHIP_LETTER=DocumentResponseDTO(generated=false, data=null), EXPERIENCE_LETTER=DocumentResponseDTO(generated=true, data={issueDate=2026-06-30, relievingDate=2026-06-30}), FULL_AND_FINAL=DocumentResponseDTO(generated=false, data=null), CONFIRMATION_LETTER=DocumentResponseDTO(generated=false, data=null), INCREMENT_LETTER=DocumentResponseDTO(generated=false, data=null), RELIEVING_LETTER=DocumentResponseDTO(generated=true, data={issueDate=2026-06-30, relievingDate=2026-06-30}), SALARY_SLIP=DocumentResponseDTO(generated=false, data=null), COMPLETION_LETTER=DocumentResponseDTO(generated=false, data=null), OFFER_LETTER=DocumentResponseDTO(generated=false, data=null)})
2026-07-08 14:10:25 [http-nio-8080-exec-10] INFO  c.e.D.controller.UserController - Fetched 8 users on page 0 of 1
2026-07-08 14:11:00 [http-nio-8080-exec-7] INFO  c.e.Docgen_Backend.config.JwtFilter - JWT validated successfully for userId=6a311365ec2c34f3d9e4f06e
2026-07-08 14:11:00 [http-nio-8080-exec-7] INFO  c.e.D.controller.UserController - POST /api/v2/users/create-profile - Request received for employeeId=NSS833
2026-07-08 14:11:00 [http-nio-8080-exec-7] DEBUG c.e.D.controller.UserController - Full request payload: CreateProfileRequest(employeeName=Labade Pooja Bhanudas, email=poojalabade.qa.engineer@gmail.com, mobileNo=7822994346, employeeId=NSS833, joiningDesignation=Software Tester, currentDesignation=QA Engineer, department=Information Technology, currentAddress=Pune, permanentAddress=null, accountNo=2568108019550, bankName=Canara Bank, joiningCTC=220000.0, currentCTC=null, dateOfBirth=2001-05-20, offerDate=2023-04-14, joiningDate=2023-04-17, panNo=BPZPL7168H, company=NSS, pfType=WITH_PF, identity=MRS, documents=[SALARY_SLIP], documentData={SALARY_SLIP={startMonth=2026-07, endMonth=2026-07, salaryWorkdays={2026-07=31}}})
2026-07-08 14:11:00 [http-nio-8080-exec-7] INFO  c.e.D.service.impl.UserServiceImpl - Creating user profile for employeeId=NSS833
2026-07-08 14:11:00 [http-nio-8080-exec-7] DEBUG c.e.D.service.impl.UserServiceImpl - Validating request for employeeId=NSS833
2026-07-08 14:11:00 [http-nio-8080-exec-7] WARN  com.zaxxer.hikari.pool.PoolBase - HikariPool-1 - Failed to validate connection com.mysql.cj.jdbc.ConnectionImpl@13124587 (No operations allowed after connection closed.). Possibly consider using a shorter maxLifetime value.
2026-07-08 14:11:00 [http-nio-8080-exec-7] WARN  com.zaxxer.hikari.pool.PoolBase - HikariPool-1 - Failed to validate connection com.mysql.cj.jdbc.ConnectionImpl@7bd54bb1 (No operations allowed after connection closed.). Possibly consider using a shorter maxLifetime value.
2026-07-08 14:11:00 [http-nio-8080-exec-7] WARN  com.zaxxer.hikari.pool.PoolBase - HikariPool-1 - Failed to validate connection com.mysql.cj.jdbc.ConnectionImpl@39a72aa4 (No operations allowed after connection closed.). Possibly consider using a shorter maxLifetime value.
2026-07-08 14:11:00 [http-nio-8080-exec-7] ERROR c.e.D.service.impl.UserServiceImpl - Error while creating profile for employeeId=NSS833 | error=Employee ID already exists
java.lang.IllegalArgumentException: Employee ID already exists
	at com.example.Docgen_Backend.service.impl.UserServiceImpl.validateRequest(UserServiceImpl.java:89)
	at com.example.Docgen_Backend.service.impl.UserServiceImpl.createProfile(UserServiceImpl.java:37)
	at com.example.Docgen_Backend.controller.UserController.createProfile(UserController.java:35)
	at java.base/jdk.internal.reflect.DirectMethodHandleAccessor.invoke(DirectMethodHandleAccessor.java:103)
	at java.base/java.lang.reflect.Method.invoke(Method.java:580)
	at org.springframework.web.method.support.InvocableHandlerMethod.doInvoke(InvocableHandlerMethod.java:252)
	at org.springframework.web.method.support.InvocableHandlerMethod.invokeForRequest(InvocableHandlerMethod.java:184)
	at org.springframework.web.servlet.mvc.method.annotation.ServletInvocableHandlerMethod.invokeAndHandle(ServletInvocableHandlerMethod.java:117)
	at org.springframework.web.servlet.mvc.method.annotation.RequestMappingHandlerAdapter.invokeHandlerMethod(RequestMappingHandlerAdapter.java:934)
	at org.springframework.web.servlet.mvc.method.annotation.RequestMappingHandlerAdapter.handleInternal(RequestMappingHandlerAdapter.java:853)
	at org.springframework.web.servlet.mvc.method.AbstractHandlerMethodAdapter.handle(AbstractHandlerMethodAdapter.java:86)
	at org.springframework.web.servlet.DispatcherServlet.doDispatch(DispatcherServlet.java:963)
	at org.springframework.web.servlet.DispatcherServlet.doService(DispatcherServlet.java:866)
	at org.springframework.web.servlet.FrameworkServlet.processRequest(FrameworkServlet.java:1000)
	at org.springframework.web.servlet.FrameworkServlet.doPost(FrameworkServlet.java:903)
	at jakarta.servlet.http.HttpServlet.service(HttpServlet.java:649)
	at org.springframework.web.servlet.FrameworkServlet.service(FrameworkServlet.java:874)
	at jakarta.servlet.http.HttpServlet.service(HttpServlet.java:710)
	at org.apache.catalina.core.ApplicationFilterChain.doFilter(ApplicationFilterChain.java:128)
	at org.apache.tomcat.websocket.server.WsFilter.doFilter(WsFilter.java:53)
	at org.apache.catalina.core.ApplicationFilterChain.doFilter(ApplicationFilterChain.java:107)
	at org.springframework.web.filter.OncePerRequestFilter.doFilter(OncePerRequestFilter.java:110)
	at org.apache.catalina.core.ApplicationFilterChain.doFilter(ApplicationFilterChain.java:107)
	at org.springframework.web.filter.CompositeFilter$VirtualFilterChain.doFilter(CompositeFilter.java:108)
	at org.springframework.security.web.FilterChainProxy.lambda$doFilterInternal$3(FilterChainProxy.java:235)
	at org.springframework.security.web.FilterChainProxy$VirtualFilterChain.doFilter(FilterChainProxy.java:376)
	at org.springframework.security.web.access.intercept.AuthorizationFilter.doFilter(AuthorizationFilter.java:101)
	at org.springframework.security.web.FilterChainProxy$VirtualFilterChain.doFilter(FilterChainProxy.java:385)
	at org.springframework.security.web.access.ExceptionTranslationFilter.doFilter(ExceptionTranslationFilter.java:126)
	at org.springframework.security.web.access.ExceptionTranslationFilter.doFilter(ExceptionTranslationFilter.java:120)
	at org.springframework.security.web.FilterChainProxy$VirtualFilterChain.doFilter(FilterChainProxy.java:385)
	at org.springframework.security.web.session.SessionManagementFilter.doFilter(SessionManagementFilter.java:132)
	at org.springframework.security.web.session.SessionManagementFilter.doFilter(SessionManagementFilter.java:86)
	at org.springframework.security.web.FilterChainProxy$VirtualFilterChain.doFilter(FilterChainProxy.java:385)
	at org.springframework.security.web.authentication.AnonymousAuthenticationFilter.doFilter(AnonymousAuthenticationFilter.java:100)
	at org.springframework.security.web.FilterChainProxy$VirtualFilterChain.doFilter(FilterChainProxy.java:385)
	at org.springframework.security.web.servletapi.SecurityContextHolderAwareRequestFilter.doFilter(SecurityContextHolderAwareRequestFilter.java:181)
	at org.springframework.security.web.FilterChainProxy$VirtualFilterChain.doFilter(FilterChainProxy.java:385)
	at org.springframework.security.web.savedrequest.RequestCacheAwareFilter.doFilter(RequestCacheAwareFilter.java:63)
	at org.springframework.security.web.FilterChainProxy$VirtualFilterChain.doFilter(FilterChainProxy.java:385)
	at com.example.Docgen_Backend.config.JwtFilter.doFilterInternal(JwtFilter.java:111)
	at org.springframework.web.filter.OncePerRequestFilter.doFilter(OncePerRequestFilter.java:116)
	at org.springframework.security.web.FilterChainProxy$VirtualFilterChain.doFilter(FilterChainProxy.java:385)
	at org.springframework.security.web.authentication.logout.LogoutFilter.doFilter(LogoutFilter.java:110)
	at org.springframework.security.web.authentication.logout.LogoutFilter.doFilter(LogoutFilter.java:96)
	at org.springframework.security.web.FilterChainProxy$VirtualFilterChain.doFilter(FilterChainProxy.java:385)
	at org.springframework.web.filter.CorsFilter.doFilterInternal(CorsFilter.java:91)
	at org.springframework.web.filter.OncePerRequestFilter.doFilter(OncePerRequestFilter.java:116)
	at org.springframework.security.web.FilterChainProxy$VirtualFilterChain.doFilter(FilterChainProxy.java:385)
	at org.springframework.security.web.header.HeaderWriterFilter.doHeadersAfter(HeaderWriterFilter.java:90)
	at org.springframework.security.web.header.HeaderWriterFilter.doFilterInternal(HeaderWriterFilter.java:75)
	at org.springframework.web.filter.OncePerRequestFilter.doFilter(OncePerRequestFilter.java:116)
	at org.springframework.security.web.FilterChainProxy$VirtualFilterChain.doFilter(FilterChainProxy.java:385)
	at org.springframework.security.web.context.SecurityContextHolderFilter.doFilter(SecurityContextHolderFilter.java:82)
	at org.springframework.security.web.context.SecurityContextHolderFilter.doFilter(SecurityContextHolderFilter.java:69)
	at org.springframework.security.web.FilterChainProxy$VirtualFilterChain.doFilter(FilterChainProxy.java:385)
	at org.springframework.security.web.context.request.async.WebAsyncManagerIntegrationFilter.doFilterInternal(WebAsyncManagerIntegrationFilter.java:62)
	at org.springframework.web.filter.OncePerRequestFilter.doFilter(OncePerRequestFilter.java:116)
	at org.springframework.security.web.FilterChainProxy$VirtualFilterChain.doFilter(FilterChainProxy.java:385)
	at org.springframework.security.web.session.DisableEncodeUrlFilter.doFilterInternal(DisableEncodeUrlFilter.java:42)
	at org.springframework.web.filter.OncePerRequestFilter.doFilter(OncePerRequestFilter.java:116)
	at org.springframework.security.web.FilterChainProxy$VirtualFilterChain.doFilter(FilterChainProxy.java:385)
	at org.springframework.security.web.FilterChainProxy.doFilterInternal(FilterChainProxy.java:237)
	at org.springframework.security.web.FilterChainProxy.doFilter(FilterChainProxy.java:195)
	at org.springframework.web.filter.CompositeFilter$VirtualFilterChain.doFilter(CompositeFilter.java:113)
	at org.springframework.web.filter.ServletRequestPathFilter.doFilter(ServletRequestPathFilter.java:52)
	at org.springframework.web.filter.CompositeFilter$VirtualFilterChain.doFilter(CompositeFilter.java:113)
	at org.springframework.web.filter.CompositeFilter.doFilter(CompositeFilter.java:74)
	at org.springframework.security.config.annotation.web.configuration.WebSecurityConfiguration$CompositeFilterChainProxy.doFilter(WebSecurityConfiguration.java:317)
	at org.springframework.web.filter.DelegatingFilterProxy.invokeDelegate(DelegatingFilterProxy.java:355)
	at org.springframework.web.filter.DelegatingFilterProxy.doFilter(DelegatingFilterProxy.java:272)
	at org.apache.catalina.core.ApplicationFilterChain.doFilter(ApplicationFilterChain.java:107)
	at org.springframework.web.filter.RequestContextFilter.doFilterInternal(RequestContextFilter.java:100)
	at org.springframework.web.filter.OncePerRequestFilter.doFilter(OncePerRequestFilter.java:116)
	at org.apache.catalina.core.ApplicationFilterChain.doFilter(ApplicationFilterChain.java:107)
	at org.springframework.web.filter.FormContentFilter.doFilterInternal(FormContentFilter.java:93)
	at org.springframework.web.filter.OncePerRequestFilter.doFilter(OncePerRequestFilter.java:116)
	at org.apache.catalina.core.ApplicationFilterChain.doFilter(ApplicationFilterChain.java:107)
	at org.springframework.web.filter.CharacterEncodingFilter.doFilterInternal(CharacterEncodingFilter.java:199)
	at org.springframework.web.filter.OncePerRequestFilter.doFilter(OncePerRequestFilter.java:116)
	at org.apache.catalina.core.ApplicationFilterChain.doFilter(ApplicationFilterChain.java:107)
	at org.apache.catalina.core.StandardWrapperValve.invoke(StandardWrapperValve.java:165)
	at org.apache.catalina.core.StandardContextValve.invoke(StandardContextValve.java:77)
	at org.apache.catalina.authenticator.AuthenticatorBase.invoke(AuthenticatorBase.java:492)
	at org.apache.catalina.core.StandardHostValve.invoke(StandardHostValve.java:113)
	at org.apache.catalina.valves.ErrorReportValve.invoke(ErrorReportValve.java:83)
	at org.apache.catalina.core.StandardEngineValve.invoke(StandardEngineValve.java:72)
	at org.apache.catalina.connector.CoyoteAdapter.service(CoyoteAdapter.java:341)
	at org.apache.coyote.http11.Http11Processor.service(Http11Processor.java:397)
	at org.apache.coyote.AbstractProcessorLight.process(AbstractProcessorLight.java:63)
	at org.apache.coyote.AbstractProtocol$ConnectionHandler.process(AbstractProtocol.java:903)
	at org.apache.tomcat.util.net.NioEndpoint$SocketProcessor.doRun(NioEndpoint.java:1801)
	at org.apache.tomcat.util.net.SocketProcessorBase.run(SocketProcessorBase.java:52)
	at org.apache.tomcat.util.threads.ThreadPoolExecutor.runWorker(ThreadPoolExecutor.java:946)
	at org.apache.tomcat.util.threads.ThreadPoolExecutor$Worker.run(ThreadPoolExecutor.java:480)
	at org.apache.tomcat.util.threads.TaskThread$WrappingRunnable.run(TaskThread.java:57)
	at java.base/java.lang.Thread.run(Thread.java:1583)
2026-07-08 14:11:00 [http-nio-8080-exec-7] ERROR c.e.D.e.GlobalExceptionHandler - Invalid input: Employee ID already exists
2026-07-08 14:11:00 [http-nio-8080-exec-7] WARN  o.s.w.s.m.m.a.ExceptionHandlerExceptionResolver - Resolved [java.lang.IllegalArgumentException: Employee ID already exists]
2026-07-08 14:12:41 [HikariPool-1:housekeeper] WARN  com.zaxxer.hikari.pool.PoolBase - HikariPool-1 - Failed to validate connection com.mysql.cj.jdbc.ConnectionImpl@1ceae4c2 (No operations allowed after connection closed.). Possibly consider using a shorter maxLifetime value.
2026-07-08 14:12:51 [HikariPool-1:housekeeper] WARN  com.zaxxer.hikari.pool.PoolBase - HikariPool-1 - Failed to validate connection com.mysql.cj.jdbc.ConnectionImpl@7057126c (No operations allowed after connection closed.). Possibly consider using a shorter maxLifetime value.
2026-07-08 14:14:37 [HikariPool-1:housekeeper] WARN  com.zaxxer.hikari.pool.PoolBase - HikariPool-1 - Failed to validate connection com.mysql.cj.jdbc.ConnectionImpl@66201d50 (No operations allowed after connection closed.). Possibly consider using a shorter maxLifetime value.
2026-07-08 14:14:42 [HikariPool-1:housekeeper] WARN  com.zaxxer.hikari.pool.PoolBase - HikariPool-1 - Failed to validate connection com.mysql.cj.jdbc.ConnectionImpl@47973a69 (No operations allowed after connection closed.). Possibly consider using a shorter maxLifetime value.
2026-07-08 14:16:25 [HikariPool-1:housekeeper] WARN  com.zaxxer.hikari.pool.PoolBase - HikariPool-1 - Failed to validate connection com.mysql.cj.jdbc.ConnectionImpl@5322a3e9 (No operations allowed after connection closed.). Possibly consider using a shorter maxLifetime value.
2026-07-08 14:16:29 [HikariPool-1:housekeeper] WARN  com.zaxxer.hikari.pool.PoolBase - HikariPool-1 - Failed to validate connection com.mysql.cj.jdbc.ConnectionImpl@66aa2248 (No operations allowed after connection closed.). Possibly consider using a shorter maxLifetime value.
2026-07-08 14:18:11 [HikariPool-1:housekeeper] WARN  com.zaxxer.hikari.pool.PoolBase - HikariPool-1 - Failed to validate connection com.mysql.cj.jdbc.ConnectionImpl@18900886 (No operations allowed after connection closed.). Possibly consider using a shorter maxLifetime value.
2026-07-08 14:18:20 [HikariPool-1:housekeeper] WARN  com.zaxxer.hikari.pool.PoolBase - HikariPool-1 - Failed to validate connection com.mysql.cj.jdbc.ConnectionImpl@1cd5d4f5 (No operations allowed after connection closed.). Possibly consider using a shorter maxLifetime value.
2026-07-08 14:19:50 [HikariPool-1:housekeeper] WARN  com.zaxxer.hikari.pool.PoolBase - HikariPool-1 - Failed to validate connection com.mysql.cj.jdbc.ConnectionImpl@3316f480 (No operations allowed after connection closed.). Possibly consider using a shorter maxLifetime value.
2026-07-08 14:20:18 [HikariPool-1:housekeeper] WARN  com.zaxxer.hikari.pool.PoolBase - HikariPool-1 - Failed to validate connection com.mysql.cj.jdbc.ConnectionImpl@1d110e2 (No operations allowed after connection closed.). Possibly consider using a shorter maxLifetime value.
2026-07-08 14:21:29 [HikariPool-1:housekeeper] WARN  com.zaxxer.hikari.pool.PoolBase - HikariPool-1 - Failed to validate connection com.mysql.cj.jdbc.ConnectionImpl@7eaccc8f (No operations allowed after connection closed.). Possibly consider using a shorter maxLifetime value.
2026-07-08 14:22:03 [HikariPool-1:housekeeper] WARN  com.zaxxer.hikari.pool.PoolBase - HikariPool-1 - Failed to validate connection com.mysql.cj.jdbc.ConnectionImpl@4c990c59 (No operations allowed after connection closed.). Possibly consider using a shorter maxLifetime value.
2026-07-08 14:23:21 [HikariPool-1:housekeeper] WARN  com.zaxxer.hikari.pool.PoolBase - HikariPool-1 - Failed to validate connection com.mysql.cj.jdbc.ConnectionImpl@7a50975c (No operations allowed after connection closed.). Possibly consider using a shorter maxLifetime value.
2026-07-08 14:23:44 [HikariPool-1:housekeeper] WARN  com.zaxxer.hikari.pool.PoolBase - HikariPool-1 - Failed to validate connection com.mysql.cj.jdbc.ConnectionImpl@90eba6c (No operations allowed after connection closed.). Possibly consider using a shorter maxLifetime value.
2026-07-08 14:23:45 [http-nio-8080-exec-2] INFO  c.e.Docgen_Backend.config.JwtFilter - JWT validated successfully for userId=6a311365ec2c34f3d9e4f06e
2026-07-08 14:23:45 [http-nio-8080-exec-2] INFO  c.e.D.controller.UserController - GET /api/v2/users - Fetch all users request received | page=0, size=8, sortBy=id, direction=desc
2026-07-08 14:23:45 [http-nio-8080-exec-2] WARN  com.zaxxer.hikari.pool.PoolBase - HikariPool-1 - Failed to validate connection com.mysql.cj.jdbc.ConnectionImpl@23995632 (No operations allowed after connection closed.). Possibly consider using a shorter maxLifetime value.
2026-07-08 14:23:48 [http-nio-8080-exec-2] INFO  c.e.D.controller.UserController - Fetched 8 users on page 0 of 1
2026-07-08 14:23:49 [http-nio-8080-exec-1] INFO  c.e.Docgen_Backend.config.JwtFilter - JWT validated successfully for userId=6a311365ec2c34f3d9e4f06e
2026-07-08 14:23:49 [http-nio-8080-exec-1] INFO  c.e.D.controller.UserController - GET /api/v2/users - Fetch all users request received | page=0, size=8, sortBy=id, direction=desc
2026-07-08 14:23:50 [http-nio-8080-exec-4] INFO  c.e.Docgen_Backend.config.JwtFilter - JWT validated successfully for userId=6a311365ec2c34f3d9e4f06e
2026-07-08 14:23:50 [http-nio-8080-exec-4] INFO  c.e.D.controller.UserController - GET /api/v2/users/17 - Fetch request received
2026-07-08 14:23:50 [http-nio-8080-exec-4] INFO  c.e.D.service.impl.UserServiceImpl - Fetching user profile for edit | userId=17
2026-07-08 14:23:50 [http-nio-8080-exec-4] DEBUG c.e.D.service.impl.UserServiceImpl - User found | userId=17 | employeeId=NSS833
2026-07-08 14:23:50 [http-nio-8080-exec-4] INFO  c.e.D.service.impl.UserServiceImpl - User profile fetched successfully | userId=17 | timeTaken=442ms
2026-07-08 14:23:50 [http-nio-8080-exec-4] INFO  c.e.D.controller.UserController - Profile fetched successfully for userId=17
2026-07-08 14:23:50 [http-nio-8080-exec-4] DEBUG c.e.D.controller.UserController - Fetched profile data: UserProfileResponseDTO(id=17, employeeName=Labade Pooja Bhanudas, employeeId=NSS833, email=poojalabade.qa.engineer@gmail.com, mobileNo=7822994346, joiningDesignation=Software Tester, currentDesignation=QA Engineer, department=Information Technology, company=NSS, identity=MRS, pfType=WITH_PF, accountNo=2568108019550, bankName=Canara Bank, currentAddress=Pune, permanentAddress=null, joiningCTC=220000.0, currentCTC=null, dateOfBirth=2001-05-20, offerDate=2023-04-14, joiningDate=2023-04-17, panNo=BPZPL7168H, documents={APPOINTMENT_LETTER=DocumentResponseDTO(generated=false, data=null), INTERNSHIP_LETTER=DocumentResponseDTO(generated=false, data=null), EXPERIENCE_LETTER=DocumentResponseDTO(generated=true, data={issueDate=2026-06-30, relievingDate=2026-06-30}), FULL_AND_FINAL=DocumentResponseDTO(generated=false, data=null), CONFIRMATION_LETTER=DocumentResponseDTO(generated=false, data=null), INCREMENT_LETTER=DocumentResponseDTO(generated=false, data=null), RELIEVING_LETTER=DocumentResponseDTO(generated=true, data={issueDate=2026-06-30, relievingDate=2026-06-30}), SALARY_SLIP=DocumentResponseDTO(generated=false, data=null), COMPLETION_LETTER=DocumentResponseDTO(generated=false, data=null), OFFER_LETTER=DocumentResponseDTO(generated=false, data=null)})
2026-07-08 14:23:50 [http-nio-8080-exec-4] INFO  c.e.Docgen_Backend.config.JwtFilter - JWT validated successfully for userId=6a311365ec2c34f3d9e4f06e
2026-07-08 14:23:50 [http-nio-8080-exec-4] INFO  c.e.D.controller.UserController - GET /api/v2/users/17 - Fetch request received
2026-07-08 14:23:50 [http-nio-8080-exec-4] INFO  c.e.D.service.impl.UserServiceImpl - Fetching user profile for edit | userId=17
2026-07-08 14:23:51 [http-nio-8080-exec-4] DEBUG c.e.D.service.impl.UserServiceImpl - User found | userId=17 | employeeId=NSS833
2026-07-08 14:23:51 [http-nio-8080-exec-4] INFO  c.e.D.service.impl.UserServiceImpl - User profile fetched successfully | userId=17 | timeTaken=426ms
2026-07-08 14:23:51 [http-nio-8080-exec-4] INFO  c.e.D.controller.UserController - Profile fetched successfully for userId=17
2026-07-08 14:23:51 [http-nio-8080-exec-4] DEBUG c.e.D.controller.UserController - Fetched profile data: UserProfileResponseDTO(id=17, employeeName=Labade Pooja Bhanudas, employeeId=NSS833, email=poojalabade.qa.engineer@gmail.com, mobileNo=7822994346, joiningDesignation=Software Tester, currentDesignation=QA Engineer, department=Information Technology, company=NSS, identity=MRS, pfType=WITH_PF, accountNo=2568108019550, bankName=Canara Bank, currentAddress=Pune, permanentAddress=null, joiningCTC=220000.0, currentCTC=null, dateOfBirth=2001-05-20, offerDate=2023-04-14, joiningDate=2023-04-17, panNo=BPZPL7168H, documents={APPOINTMENT_LETTER=DocumentResponseDTO(generated=false, data=null), INTERNSHIP_LETTER=DocumentResponseDTO(generated=false, data=null), EXPERIENCE_LETTER=DocumentResponseDTO(generated=true, data={issueDate=2026-06-30, relievingDate=2026-06-30}), FULL_AND_FINAL=DocumentResponseDTO(generated=false, data=null), CONFIRMATION_LETTER=DocumentResponseDTO(generated=false, data=null), INCREMENT_LETTER=DocumentResponseDTO(generated=false, data=null), RELIEVING_LETTER=DocumentResponseDTO(generated=true, data={issueDate=2026-06-30, relievingDate=2026-06-30}), SALARY_SLIP=DocumentResponseDTO(generated=false, data=null), COMPLETION_LETTER=DocumentResponseDTO(generated=false, data=null), OFFER_LETTER=DocumentResponseDTO(generated=false, data=null)})
2026-07-08 14:23:51 [http-nio-8080-exec-1] INFO  c.e.D.controller.UserController - Fetched 8 users on page 0 of 1
2026-07-08 14:25:28 [HikariPool-1:housekeeper] WARN  com.zaxxer.hikari.pool.PoolBase - HikariPool-1 - Failed to validate connection com.mysql.cj.jdbc.ConnectionImpl@12c6cd14 (No operations allowed after connection closed.). Possibly consider using a shorter maxLifetime value.
2026-07-08 14:25:30 [HikariPool-1:housekeeper] WARN  com.zaxxer.hikari.pool.PoolBase - HikariPool-1 - Failed to validate connection com.mysql.cj.jdbc.ConnectionImpl@6fb575ab (No operations allowed after connection closed.). Possibly consider using a shorter maxLifetime value.
2026-07-08 14:25:41 [HikariPool-1:housekeeper] WARN  com.zaxxer.hikari.pool.PoolBase - HikariPool-1 - Failed to validate connection com.mysql.cj.jdbc.ConnectionImpl@11f4321d (No operations allowed after connection closed.). Possibly consider using a shorter maxLifetime value.
2026-07-08 14:27:08 [HikariPool-1:housekeeper] WARN  com.zaxxer.hikari.pool.PoolBase - HikariPool-1 - Failed to validate connection com.mysql.cj.jdbc.ConnectionImpl@559ea02 (No operations allowed after connection closed.). Possibly consider using a shorter maxLifetime value.
2026-07-08 14:27:26 [HikariPool-1:housekeeper] WARN  com.zaxxer.hikari.pool.PoolBase - HikariPool-1 - Failed to validate connection com.mysql.cj.jdbc.ConnectionImpl@71d179d8 (No operations allowed after connection closed.). Possibly consider using a shorter maxLifetime value.
2026-07-08 14:29:03 [HikariPool-1:housekeeper] WARN  com.zaxxer.hikari.pool.PoolBase - HikariPool-1 - Failed to validate connection com.mysql.cj.jdbc.ConnectionImpl@7934d50d (No operations allowed after connection closed.). Possibly consider using a shorter maxLifetime value.
2026-07-08 14:29:08 [HikariPool-1:housekeeper] WARN  com.zaxxer.hikari.pool.PoolBase - HikariPool-1 - Failed to validate connection com.mysql.cj.jdbc.ConnectionImpl@6cc2b516 (No operations allowed after connection closed.). Possibly consider using a shorter maxLifetime value.
2026-07-08 14:30:50 [HikariPool-1:housekeeper] WARN  com.zaxxer.hikari.pool.PoolBase - HikariPool-1 - Failed to validate connection com.mysql.cj.jdbc.ConnectionImpl@66bbb36d (No operations allowed after connection closed.). Possibly consider using a shorter maxLifetime value.
2026-07-08 14:31:01 [HikariPool-1:housekeeper] WARN  com.zaxxer.hikari.pool.PoolBase - HikariPool-1 - Failed to validate connection com.mysql.cj.jdbc.ConnectionImpl@17fc3a8f (No operations allowed after connection closed.). Possibly consider using a shorter maxLifetime value.
2026-07-08 14:32:44 [HikariPool-1:housekeeper] WARN  com.zaxxer.hikari.pool.PoolBase - HikariPool-1 - Failed to validate connection com.mysql.cj.jdbc.ConnectionImpl@5574b118 (No operations allowed after connection closed.). Possibly consider using a shorter maxLifetime value.
2026-07-08 14:32:49 [HikariPool-1:housekeeper] WARN  com.zaxxer.hikari.pool.PoolBase - HikariPool-1 - Failed to validate connection com.mysql.cj.jdbc.ConnectionImpl@5e5f92af (No operations allowed after connection closed.). Possibly consider using a shorter maxLifetime value.
2026-07-08 14:34:31 [HikariPool-1:housekeeper] WARN  com.zaxxer.hikari.pool.PoolBase - HikariPool-1 - Failed to validate connection com.mysql.cj.jdbc.ConnectionImpl@4a1f8258 (No operations allowed after connection closed.). Possibly consider using a shorter maxLifetime value.
2026-07-08 14:34:40 [HikariPool-1:housekeeper] WARN  com.zaxxer.hikari.pool.PoolBase - HikariPool-1 - Failed to validate connection com.mysql.cj.jdbc.ConnectionImpl@1dde86af (No operations allowed after connection closed.). Possibly consider using a shorter maxLifetime value.
2026-07-08 14:36:08 [HikariPool-1:housekeeper] WARN  com.zaxxer.hikari.pool.PoolBase - HikariPool-1 - Failed to validate connection com.mysql.cj.jdbc.ConnectionImpl@90dedad (No operations allowed after connection closed.). Possibly consider using a shorter maxLifetime value.
2026-07-08 14:36:28 [HikariPool-1:housekeeper] WARN  com.zaxxer.hikari.pool.PoolBase - HikariPool-1 - Failed to validate connection com.mysql.cj.jdbc.ConnectionImpl@428dca48 (No operations allowed after connection closed.). Possibly consider using a shorter maxLifetime value.
2026-07-08 14:37:57 [HikariPool-1:housekeeper] WARN  com.zaxxer.hikari.pool.PoolBase - HikariPool-1 - Failed to validate connection com.mysql.cj.jdbc.ConnectionImpl@2e9d8f5e (No operations allowed after connection closed.). Possibly consider using a shorter maxLifetime value.
2026-07-08 14:38:17 [HikariPool-1:housekeeper] WARN  com.zaxxer.hikari.pool.PoolBase - HikariPool-1 - Failed to validate connection com.mysql.cj.jdbc.ConnectionImpl@57e7164f (No operations allowed after connection closed.). Possibly consider using a shorter maxLifetime value.
2026-07-08 14:39:50 [HikariPool-1:housekeeper] WARN  com.zaxxer.hikari.pool.PoolBase - HikariPool-1 - Failed to validate connection com.mysql.cj.jdbc.ConnectionImpl@6d157a2 (No operations allowed after connection closed.). Possibly consider using a shorter maxLifetime value.
2026-07-08 14:40:02 [HikariPool-1:housekeeper] WARN  com.zaxxer.hikari.pool.PoolBase - HikariPool-1 - Failed to validate connection com.mysql.cj.jdbc.ConnectionImpl@30c1b07d (No operations allowed after connection closed.). Possibly consider using a shorter maxLifetime value.
2026-07-08 14:41:35 [HikariPool-1:housekeeper] WARN  com.zaxxer.hikari.pool.PoolBase - HikariPool-1 - Failed to validate connection com.mysql.cj.jdbc.ConnectionImpl@5e8f646f (No operations allowed after connection closed.). Possibly consider using a shorter maxLifetime value.
2026-07-08 14:41:48 [HikariPool-1:housekeeper] WARN  com.zaxxer.hikari.pool.PoolBase - HikariPool-1 - Failed to validate connection com.mysql.cj.jdbc.ConnectionImpl@608d089e (No operations allowed after connection closed.). Possibly consider using a shorter maxLifetime value.
2026-07-08 14:43:32 [HikariPool-1:housekeeper] WARN  com.zaxxer.hikari.pool.PoolBase - HikariPool-1 - Failed to validate connection com.mysql.cj.jdbc.ConnectionImpl@6ded815a (No operations allowed after connection closed.). Possibly consider using a shorter maxLifetime value.
2026-07-08 14:43:34 [HikariPool-1:housekeeper] WARN  com.zaxxer.hikari.pool.PoolBase - HikariPool-1 - Failed to validate connection com.mysql.cj.jdbc.ConnectionImpl@28dba236 (No operations allowed after connection closed.). Possibly consider using a shorter maxLifetime value.
2026-07-08 14:45:11 [HikariPool-1:housekeeper] WARN  com.zaxxer.hikari.pool.PoolBase - HikariPool-1 - Failed to validate connection com.mysql.cj.jdbc.ConnectionImpl@41978298 (No operations allowed after connection closed.). Possibly consider using a shorter maxLifetime value.
2026-07-08 14:45:12 [HikariPool-1:housekeeper] WARN  com.zaxxer.hikari.pool.PoolBase - HikariPool-1 - Failed to validate connection com.mysql.cj.jdbc.ConnectionImpl@419ac5c3 (No operations allowed after connection closed.). Possibly consider using a shorter maxLifetime value.
2026-07-08 14:46:56 [HikariPool-1:housekeeper] WARN  com.zaxxer.hikari.pool.PoolBase - HikariPool-1 - Failed to validate connection com.mysql.cj.jdbc.ConnectionImpl@3c640c2a (No operations allowed after connection closed.). Possibly consider using a shorter maxLifetime value.
2026-07-08 14:47:11 [HikariPool-1:housekeeper] WARN  com.zaxxer.hikari.pool.PoolBase - HikariPool-1 - Failed to validate connection com.mysql.cj.jdbc.ConnectionImpl@695b5864 (No operations allowed after connection closed.). Possibly consider using a shorter maxLifetime value.
2026-07-08 14:48:52 [HikariPool-1:housekeeper] WARN  com.zaxxer.hikari.pool.PoolBase - HikariPool-1 - Failed to validate connection com.mysql.cj.jdbc.ConnectionImpl@62617ae8 (No operations allowed after connection closed.). Possibly consider using a shorter maxLifetime value.
2026-07-08 14:49:08 [HikariPool-1:housekeeper] WARN  com.zaxxer.hikari.pool.PoolBase - HikariPool-1 - Failed to validate connection com.mysql.cj.jdbc.ConnectionImpl@6d964e7f (No operations allowed after connection closed.). Possibly consider using a shorter maxLifetime value.
2026-07-08 14:50:42 [HikariPool-1:housekeeper] WARN  com.zaxxer.hikari.pool.PoolBase - HikariPool-1 - Failed to validate connection com.mysql.cj.jdbc.ConnectionImpl@3bec6bac (No operations allowed after connection closed.). Possibly consider using a shorter maxLifetime value.
2026-07-08 14:50:54 [HikariPool-1:housekeeper] WARN  com.zaxxer.hikari.pool.PoolBase - HikariPool-1 - Failed to validate connection com.mysql.cj.jdbc.ConnectionImpl@57f53b20 (No operations allowed after connection closed.). Possibly consider using a shorter maxLifetime value.
2026-07-08 14:52:28 [HikariPool-1:housekeeper] WARN  com.zaxxer.hikari.pool.PoolBase - HikariPool-1 - Failed to validate connection com.mysql.cj.jdbc.ConnectionImpl@428bef20 (No operations allowed after connection closed.). Possibly consider using a shorter maxLifetime value.
2026-07-08 14:52:47 [HikariPool-1:housekeeper] WARN  com.zaxxer.hikari.pool.PoolBase - HikariPool-1 - Failed to validate connection com.mysql.cj.jdbc.ConnectionImpl@4f2a9fdc (No operations allowed after connection closed.). Possibly consider using a shorter maxLifetime value.
2026-07-08 14:54:11 [HikariPool-1:housekeeper] WARN  com.zaxxer.hikari.pool.PoolBase - HikariPool-1 - Failed to validate connection com.mysql.cj.jdbc.ConnectionImpl@5a99d9dd (No operations allowed after connection closed.). Possibly consider using a shorter maxLifetime value.
2026-07-08 14:54:37 [HikariPool-1:housekeeper] WARN  com.zaxxer.hikari.pool.PoolBase - HikariPool-1 - Failed to validate connection com.mysql.cj.jdbc.ConnectionImpl@342c2d77 (No operations allowed after connection closed.). Possibly consider using a shorter maxLifetime value.
2026-07-08 14:55:54 [HikariPool-1:housekeeper] WARN  com.zaxxer.hikari.pool.PoolBase - HikariPool-1 - Failed to validate connection com.mysql.cj.jdbc.ConnectionImpl@518fe8e7 (No operations allowed after connection closed.). Possibly consider using a shorter maxLifetime value.
2026-07-08 14:56:27 [HikariPool-1:housekeeper] WARN  com.zaxxer.hikari.pool.PoolBase - HikariPool-1 - Failed to validate connection com.mysql.cj.jdbc.ConnectionImpl@37540597 (No operations allowed after connection closed.). Possibly consider using a shorter maxLifetime value.
2026-07-08 14:57:53 [HikariPool-1:housekeeper] WARN  com.zaxxer.hikari.pool.PoolBase - HikariPool-1 - Failed to validate connection com.mysql.cj.jdbc.ConnectionImpl@386af6bf (No operations allowed after connection closed.). Possibly consider using a shorter maxLifetime value.
2026-07-08 14:58:15 [HikariPool-1:housekeeper] WARN  com.zaxxer.hikari.pool.PoolBase - HikariPool-1 - Failed to validate connection com.mysql.cj.jdbc.ConnectionImpl@7bce1512 (No operations allowed after connection closed.). Possibly consider using a shorter maxLifetime value.
2026-07-08 14:59:48 [HikariPool-1:housekeeper] WARN  com.zaxxer.hikari.pool.PoolBase - HikariPool-1 - Failed to validate connection com.mysql.cj.jdbc.ConnectionImpl@6561807d (No operations allowed after connection closed.). Possibly consider using a shorter maxLifetime value.
2026-07-08 14:59:54 [HikariPool-1:housekeeper] WARN  com.zaxxer.hikari.pool.PoolBase - HikariPool-1 - Failed to validate connection com.mysql.cj.jdbc.ConnectionImpl@ca21eae (No operations allowed after connection closed.). Possibly consider using a shorter maxLifetime value.
2026-07-08 15:01:41 [HikariPool-1:housekeeper] WARN  com.zaxxer.hikari.pool.PoolBase - HikariPool-1 - Failed to validate connection com.mysql.cj.jdbc.ConnectionImpl@657cb1d7 (No operations allowed after connection closed.). Possibly consider using a shorter maxLifetime value.
2026-07-08 15:01:50 [HikariPool-1:housekeeper] WARN  com.zaxxer.hikari.pool.PoolBase - HikariPool-1 - Failed to validate connection com.mysql.cj.jdbc.ConnectionImpl@1eedbb1 (No operations allowed after connection closed.). Possibly consider using a shorter maxLifetime value.
2026-07-08 15:03:30 [HikariPool-1:housekeeper] WARN  com.zaxxer.hikari.pool.PoolBase - HikariPool-1 - Failed to validate connection com.mysql.cj.jdbc.ConnectionImpl@3008c9cb (No operations allowed after connection closed.). Possibly consider using a shorter maxLifetime value.
2026-07-08 15:03:34 [HikariPool-1:housekeeper] WARN  com.zaxxer.hikari.pool.PoolBase - HikariPool-1 - Failed to validate connection com.mysql.cj.jdbc.ConnectionImpl@75d5cd76 (No operations allowed after connection closed.). Possibly consider using a shorter maxLifetime value.
2026-07-08 15:05:17 [HikariPool-1:housekeeper] WARN  com.zaxxer.hikari.pool.PoolBase - HikariPool-1 - Failed to validate connection com.mysql.cj.jdbc.ConnectionImpl@146efda2 (No operations allowed after connection closed.). Possibly consider using a shorter maxLifetime value.
2026-07-08 15:05:19 [HikariPool-1:housekeeper] WARN  com.zaxxer.hikari.pool.PoolBase - HikariPool-1 - Failed to validate connection com.mysql.cj.jdbc.ConnectionImpl@6d2e4665 (No operations allowed after connection closed.). Possibly consider using a shorter maxLifetime value.
2026-07-08 15:07:09 [HikariPool-1:housekeeper] WARN  com.zaxxer.hikari.pool.PoolBase - HikariPool-1 - Failed to validate connection com.mysql.cj.jdbc.ConnectionImpl@364b88cb (No operations allowed after connection closed.). Possibly consider using a shorter maxLifetime value.
2026-07-08 15:07:13 [HikariPool-1:housekeeper] WARN  com.zaxxer.hikari.pool.PoolBase - HikariPool-1 - Failed to validate connection com.mysql.cj.jdbc.ConnectionImpl@46a5f70d (No operations allowed after connection closed.). Possibly consider using a shorter maxLifetime value.
2026-07-08 15:08:51 [HikariPool-1:housekeeper] WARN  com.zaxxer.hikari.pool.PoolBase - HikariPool-1 - Failed to validate connection com.mysql.cj.jdbc.ConnectionImpl@59a78cd2 (No operations allowed after connection closed.). Possibly consider using a shorter maxLifetime value.
2026-07-08 15:08:53 [HikariPool-1:housekeeper] WARN  com.zaxxer.hikari.pool.PoolBase - HikariPool-1 - Failed to validate connection com.mysql.cj.jdbc.ConnectionImpl@39e37d40 (No operations allowed after connection closed.). Possibly consider using a shorter maxLifetime value.
2026-07-08 15:10:28 [HikariPool-1:housekeeper] WARN  com.zaxxer.hikari.pool.PoolBase - HikariPool-1 - Failed to validate connection com.mysql.cj.jdbc.ConnectionImpl@5097e8ee (No operations allowed after connection closed.). Possibly consider using a shorter maxLifetime value.
2026-07-08 15:10:53 [HikariPool-1:housekeeper] WARN  com.zaxxer.hikari.pool.PoolBase - HikariPool-1 - Failed to validate connection com.mysql.cj.jdbc.ConnectionImpl@4151cdb (No operations allowed after connection closed.). Possibly consider using a shorter maxLifetime value.
2026-07-08 15:12:14 [HikariPool-1:housekeeper] WARN  com.zaxxer.hikari.pool.PoolBase - HikariPool-1 - Failed to validate connection com.mysql.cj.jdbc.ConnectionImpl@490134c5 (No operations allowed after connection closed.). Possibly consider using a shorter maxLifetime value.
2026-07-08 15:12:34 [HikariPool-1:housekeeper] WARN  com.zaxxer.hikari.pool.PoolBase - HikariPool-1 - Failed to validate connection com.mysql.cj.jdbc.ConnectionImpl@4938f3db (No operations allowed after connection closed.). Possibly consider using a shorter maxLifetime value.
2026-07-08 15:13:51 [HikariPool-1:housekeeper] WARN  com.zaxxer.hikari.pool.PoolBase - HikariPool-1 - Failed to validate connection com.mysql.cj.jdbc.ConnectionImpl@5cf7f79b (No operations allowed after connection closed.). Possibly consider using a shorter maxLifetime value.
2026-07-08 15:14:22 [HikariPool-1:housekeeper] WARN  com.zaxxer.hikari.pool.PoolBase - HikariPool-1 - Failed to validate connection com.mysql.cj.jdbc.ConnectionImpl@9a05df4 (No operations allowed after connection closed.). Possibly consider using a shorter maxLifetime value.
2026-07-08 15:15:42 [HikariPool-1:housekeeper] WARN  com.zaxxer.hikari.pool.PoolBase - HikariPool-1 - Failed to validate connection com.mysql.cj.jdbc.ConnectionImpl@74f80b91 (No operations allowed after connection closed.). Possibly consider using a shorter maxLifetime value.
2026-07-08 15:16:01 [HikariPool-1:housekeeper] WARN  com.zaxxer.hikari.pool.PoolBase - HikariPool-1 - Failed to validate connection com.mysql.cj.jdbc.ConnectionImpl@3e72c63c (No operations allowed after connection closed.). Possibly consider using a shorter maxLifetime value.
2026-07-08 15:17:26 [HikariPool-1:housekeeper] WARN  com.zaxxer.hikari.pool.PoolBase - HikariPool-1 - Failed to validate connection com.mysql.cj.jdbc.ConnectionImpl@1e48d8e1 (No operations allowed after connection closed.). Possibly consider using a shorter maxLifetime value.
2026-07-08 15:18:00 [HikariPool-1:housekeeper] WARN  com.zaxxer.hikari.pool.PoolBase - HikariPool-1 - Failed to validate connection com.mysql.cj.jdbc.ConnectionImpl@3087e5c6 (No operations allowed after connection closed.). Possibly consider using a shorter maxLifetime value.
2026-07-08 15:19:26 [HikariPool-1:housekeeper] WARN  com.zaxxer.hikari.pool.PoolBase - HikariPool-1 - Failed to validate connection com.mysql.cj.jdbc.ConnectionImpl@5b010d9 (No operations allowed after connection closed.). Possibly consider using a shorter maxLifetime value.
2026-07-08 15:19:49 [HikariPool-1:housekeeper] WARN  com.zaxxer.hikari.pool.PoolBase - HikariPool-1 - Failed to validate connection com.mysql.cj.jdbc.ConnectionImpl@76981a11 (No operations allowed after connection closed.). Possibly consider using a shorter maxLifetime value.
2026-07-08 15:21:15 [HikariPool-1:housekeeper] WARN  com.zaxxer.hikari.pool.PoolBase - HikariPool-1 - Failed to validate connection com.mysql.cj.jdbc.ConnectionImpl@14895944 (No operations allowed after connection closed.). Possibly consider using a shorter maxLifetime value.
2026-07-08 15:21:39 [HikariPool-1:housekeeper] WARN  com.zaxxer.hikari.pool.PoolBase - HikariPool-1 - Failed to validate connection com.mysql.cj.jdbc.ConnectionImpl@288aa4fc (No operations allowed after connection closed.). Possibly consider using a shorter maxLifetime value.
2026-07-08 15:22:56 [HikariPool-1:housekeeper] WARN  com.zaxxer.hikari.pool.PoolBase - HikariPool-1 - Failed to validate connection com.mysql.cj.jdbc.ConnectionImpl@32c2329c (No operations allowed after connection closed.). Possibly consider using a shorter maxLifetime value.
2026-07-08 15:23:32 [HikariPool-1:housekeeper] WARN  com.zaxxer.hikari.pool.PoolBase - HikariPool-1 - Failed to validate connection com.mysql.cj.jdbc.ConnectionImpl@723620d4 (No operations allowed after connection closed.). Possibly consider using a shorter maxLifetime value.
2026-07-08 15:24:33 [HikariPool-1:housekeeper] WARN  com.zaxxer.hikari.pool.PoolBase - HikariPool-1 - Failed to validate connection com.mysql.cj.jdbc.ConnectionImpl@452195f9 (No operations allowed after connection closed.). Possibly consider using a shorter maxLifetime value.
2026-07-08 15:25:24 [HikariPool-1:housekeeper] WARN  com.zaxxer.hikari.pool.PoolBase - HikariPool-1 - Failed to validate connection com.mysql.cj.jdbc.ConnectionImpl@3f49c846 (No operations allowed after connection closed.). Possibly consider using a shorter maxLifetime value.
2026-07-08 15:26:25 [HikariPool-1:housekeeper] WARN  com.zaxxer.hikari.pool.PoolBase - HikariPool-1 - Failed to validate connection com.mysql.cj.jdbc.ConnectionImpl@3077c9b5 (No operations allowed after connection closed.). Possibly consider using a shorter maxLifetime value.
2026-07-08 15:27:08 [HikariPool-1:housekeeper] WARN  com.zaxxer.hikari.pool.PoolBase - HikariPool-1 - Failed to validate connection com.mysql.cj.jdbc.ConnectionImpl@6ea4f634 (No operations allowed after connection closed.). Possibly consider using a shorter maxLifetime value.
2026-07-08 15:28:24 [HikariPool-1:housekeeper] WARN  com.zaxxer.hikari.pool.PoolBase - HikariPool-1 - Failed to validate connection com.mysql.cj.jdbc.ConnectionImpl@19f08656 (No operations allowed after connection closed.). Possibly consider using a shorter maxLifetime value.
2026-07-08 15:29:02 [HikariPool-1:housekeeper] WARN  com.zaxxer.hikari.pool.PoolBase - HikariPool-1 - Failed to validate connection com.mysql.cj.jdbc.ConnectionImpl@3f2e3b3b (No operations allowed after connection closed.). Possibly consider using a shorter maxLifetime value.
2026-07-08 15:30:09 [HikariPool-1:housekeeper] WARN  com.zaxxer.hikari.pool.PoolBase - HikariPool-1 - Failed to validate connection com.mysql.cj.jdbc.ConnectionImpl@137ff90f (No operations allowed after connection closed.). Possibly consider using a shorter maxLifetime value.
2026-07-08 15:30:40 [HikariPool-1:housekeeper] WARN  com.zaxxer.hikari.pool.PoolBase - HikariPool-1 - Failed to validate connection com.mysql.cj.jdbc.ConnectionImpl@38e5f9aa (No operations allowed after connection closed.). Possibly consider using a shorter maxLifetime value.
2026-07-08 15:31:51 [HikariPool-1:housekeeper] WARN  com.zaxxer.hikari.pool.PoolBase - HikariPool-1 - Failed to validate connection com.mysql.cj.jdbc.ConnectionImpl@5af55f02 (No operations allowed after connection closed.). Possibly consider using a shorter maxLifetime value.
2026-07-08 15:32:24 [HikariPool-1:housekeeper] WARN  com.zaxxer.hikari.pool.PoolBase - HikariPool-1 - Failed to validate connection com.mysql.cj.jdbc.ConnectionImpl@5c9a2639 (No operations allowed after connection closed.). Possibly consider using a shorter maxLifetime value.
2026-07-08 15:33:33 [HikariPool-1:housekeeper] WARN  com.zaxxer.hikari.pool.PoolBase - HikariPool-1 - Failed to validate connection com.mysql.cj.jdbc.ConnectionImpl@69f69f28 (No operations allowed after connection closed.). Possibly consider using a shorter maxLifetime value.
2026-07-08 15:34:19 [HikariPool-1:housekeeper] WARN  com.zaxxer.hikari.pool.PoolBase - HikariPool-1 - Failed to validate connection com.mysql.cj.jdbc.ConnectionImpl@261dfb9 (No operations allowed after connection closed.). Possibly consider using a shorter maxLifetime value.
2026-07-08 15:35:18 [HikariPool-1:housekeeper] WARN  com.zaxxer.hikari.pool.PoolBase - HikariPool-1 - Failed to validate connection com.mysql.cj.jdbc.ConnectionImpl@180d8013 (No operations allowed after connection closed.). Possibly consider using a shorter maxLifetime value.
2026-07-08 15:36:13 [HikariPool-1:housekeeper] WARN  com.zaxxer.hikari.pool.PoolBase - HikariPool-1 - Failed to validate connection com.mysql.cj.jdbc.ConnectionImpl@27b53de5 (No operations allowed after connection closed.). Possibly consider using a shorter maxLifetime value.
2026-07-08 15:37:12 [HikariPool-1:housekeeper] WARN  com.zaxxer.hikari.pool.PoolBase - HikariPool-1 - Failed to validate connection com.mysql.cj.jdbc.ConnectionImpl@6cee82e5 (No operations allowed after connection closed.). Possibly consider using a shorter maxLifetime value.
2026-07-08 15:37:51 [HikariPool-1:housekeeper] WARN  com.zaxxer.hikari.pool.PoolBase - HikariPool-1 - Failed to validate connection com.mysql.cj.jdbc.ConnectionImpl@64003ab6 (No operations allowed after connection closed.). Possibly consider using a shorter maxLifetime value.
2026-07-08 15:39:05 [HikariPool-1:housekeeper] WARN  com.zaxxer.hikari.pool.PoolBase - HikariPool-1 - Failed to validate connection com.mysql.cj.jdbc.ConnectionImpl@58f5b973 (No operations allowed after connection closed.). Possibly consider using a shorter maxLifetime value.
2026-07-08 15:39:38 [HikariPool-1:housekeeper] WARN  com.zaxxer.hikari.pool.PoolBase - HikariPool-1 - Failed to validate connection com.mysql.cj.jdbc.ConnectionImpl@7498f3e0 (No operations allowed after connection closed.). Possibly consider using a shorter maxLifetime value.
2026-07-08 15:40:53 [HikariPool-1:housekeeper] WARN  com.zaxxer.hikari.pool.PoolBase - HikariPool-1 - Failed to validate connection com.mysql.cj.jdbc.ConnectionImpl@66b1e762 (No operations allowed after connection closed.). Possibly consider using a shorter maxLifetime value.
2026-07-08 15:41:15 [HikariPool-1:housekeeper] WARN  com.zaxxer.hikari.pool.PoolBase - HikariPool-1 - Failed to validate connection com.mysql.cj.jdbc.ConnectionImpl@10e206f (No operations allowed after connection closed.). Possibly consider using a shorter maxLifetime value.
2026-07-08 15:42:51 [HikariPool-1:housekeeper] WARN  com.zaxxer.hikari.pool.PoolBase - HikariPool-1 - Failed to validate connection com.mysql.cj.jdbc.ConnectionImpl@2c016f3a (No operations allowed after connection closed.). Possibly consider using a shorter maxLifetime value.
2026-07-08 15:43:14 [HikariPool-1:housekeeper] WARN  com.zaxxer.hikari.pool.PoolBase - HikariPool-1 - Failed to validate connection com.mysql.cj.jdbc.ConnectionImpl@38338735 (No operations allowed after connection closed.). Possibly consider using a shorter maxLifetime value.
2026-07-08 15:44:34 [HikariPool-1:housekeeper] WARN  com.zaxxer.hikari.pool.PoolBase - HikariPool-1 - Failed to validate connection com.mysql.cj.jdbc.ConnectionImpl@4a8b7a1d (No operations allowed after connection closed.). Possibly consider using a shorter maxLifetime value.
2026-07-08 15:45:00 [HikariPool-1:housekeeper] WARN  com.zaxxer.hikari.pool.PoolBase - HikariPool-1 - Failed to validate connection com.mysql.cj.jdbc.ConnectionImpl@500dcdca (No operations allowed after connection closed.). Possibly consider using a shorter maxLifetime value.
2026-07-08 15:46:28 [HikariPool-1:housekeeper] WARN  com.zaxxer.hikari.pool.PoolBase - HikariPool-1 - Failed to validate connection com.mysql.cj.jdbc.ConnectionImpl@95a68c4 (No operations allowed after connection closed.). Possibly consider using a shorter maxLifetime value.
2026-07-08 15:46:47 [HikariPool-1:housekeeper] WARN  com.zaxxer.hikari.pool.PoolBase - HikariPool-1 - Failed to validate connection com.mysql.cj.jdbc.ConnectionImpl@5c7dcc6e (No operations allowed after connection closed.). Possibly consider using a shorter maxLifetime value.
2026-07-08 15:48:22 [HikariPool-1:housekeeper] WARN  com.zaxxer.hikari.pool.PoolBase - HikariPool-1 - Failed to validate connection com.mysql.cj.jdbc.ConnectionImpl@1ba4e362 (No operations allowed after connection closed.). Possibly consider using a shorter maxLifetime value.
2026-07-08 15:48:27 [HikariPool-1:housekeeper] WARN  com.zaxxer.hikari.pool.PoolBase - HikariPool-1 - Failed to validate connection com.mysql.cj.jdbc.ConnectionImpl@4ab848ed (No operations allowed after connection closed.). Possibly consider using a shorter maxLifetime value.
2026-07-08 15:50:09 [HikariPool-1:housekeeper] WARN  com.zaxxer.hikari.pool.PoolBase - HikariPool-1 - Failed to validate connection com.mysql.cj.jdbc.ConnectionImpl@22f3bd98 (No operations allowed after connection closed.). Possibly consider using a shorter maxLifetime value.
2026-07-08 15:50:13 [HikariPool-1:housekeeper] WARN  com.zaxxer.hikari.pool.PoolBase - HikariPool-1 - Failed to validate connection com.mysql.cj.jdbc.ConnectionImpl@75e64919 (No operations allowed after connection closed.). Possibly consider using a shorter maxLifetime value.
2026-07-08 15:51:51 [HikariPool-1:housekeeper] WARN  com.zaxxer.hikari.pool.PoolBase - HikariPool-1 - Failed to validate connection com.mysql.cj.jdbc.ConnectionImpl@6c99ebb8 (No operations allowed after connection closed.). Possibly consider using a shorter maxLifetime value.
2026-07-08 15:52:07 [HikariPool-1:housekeeper] WARN  com.zaxxer.hikari.pool.PoolBase - HikariPool-1 - Failed to validate connection com.mysql.cj.jdbc.ConnectionImpl@22127d76 (No operations allowed after connection closed.). Possibly consider using a shorter maxLifetime value.
2026-07-08 15:53:39 [HikariPool-1:housekeeper] WARN  com.zaxxer.hikari.pool.PoolBase - HikariPool-1 - Failed to validate connection com.mysql.cj.jdbc.ConnectionImpl@469ca590 (No operations allowed after connection closed.). Possibly consider using a shorter maxLifetime value.
2026-07-08 15:54:01 [HikariPool-1:housekeeper] WARN  com.zaxxer.hikari.pool.PoolBase - HikariPool-1 - Failed to validate connection com.mysql.cj.jdbc.ConnectionImpl@68d469e1 (No operations allowed after connection closed.). Possibly consider using a shorter maxLifetime value.
2026-07-08 15:55:29 [HikariPool-1:housekeeper] WARN  com.zaxxer.hikari.pool.PoolBase - HikariPool-1 - Failed to validate connection com.mysql.cj.jdbc.ConnectionImpl@74b60330 (No operations allowed after connection closed.). Possibly consider using a shorter maxLifetime value.
2026-07-08 15:55:50 [HikariPool-1:housekeeper] WARN  com.zaxxer.hikari.pool.PoolBase - HikariPool-1 - Failed to validate connection com.mysql.cj.jdbc.ConnectionImpl@4725fa5 (No operations allowed after connection closed.). Possibly consider using a shorter maxLifetime value.
2026-07-08 15:57:23 [HikariPool-1:housekeeper] WARN  com.zaxxer.hikari.pool.PoolBase - HikariPool-1 - Failed to validate connection com.mysql.cj.jdbc.ConnectionImpl@3ba42e94 (No operations allowed after connection closed.). Possibly consider using a shorter maxLifetime value.
2026-07-08 15:57:27 [HikariPool-1:housekeeper] WARN  com.zaxxer.hikari.pool.PoolBase - HikariPool-1 - Failed to validate connection com.mysql.cj.jdbc.ConnectionImpl@77233d60 (No operations allowed after connection closed.). Possibly consider using a shorter maxLifetime value.
2026-07-08 15:59:08 [HikariPool-1:housekeeper] WARN  com.zaxxer.hikari.pool.PoolBase - HikariPool-1 - Failed to validate connection com.mysql.cj.jdbc.ConnectionImpl@7085ffb7 (No operations allowed after connection closed.). Possibly consider using a shorter maxLifetime value.
2026-07-08 15:59:27 [HikariPool-1:housekeeper] WARN  com.zaxxer.hikari.pool.PoolBase - HikariPool-1 - Failed to validate connection com.mysql.cj.jdbc.ConnectionImpl@5d0eb590 (No operations allowed after connection closed.). Possibly consider using a shorter maxLifetime value.
2026-07-08 16:01:06 [HikariPool-1:housekeeper] WARN  com.zaxxer.hikari.pool.PoolBase - HikariPool-1 - Failed to validate connection com.mysql.cj.jdbc.ConnectionImpl@6c0f72e9 (No operations allowed after connection closed.). Possibly consider using a shorter maxLifetime value.
2026-07-08 16:01:16 [HikariPool-1:housekeeper] WARN  com.zaxxer.hikari.pool.PoolBase - HikariPool-1 - Failed to validate connection com.mysql.cj.jdbc.ConnectionImpl@53a01242 (No operations allowed after connection closed.). Possibly consider using a shorter maxLifetime value.
2026-07-08 16:02:58 [HikariPool-1:housekeeper] WARN  com.zaxxer.hikari.pool.PoolBase - HikariPool-1 - Failed to validate connection com.mysql.cj.jdbc.ConnectionImpl@491db754 (No operations allowed after connection closed.). Possibly consider using a shorter maxLifetime value.
2026-07-08 16:03:00 [HikariPool-1:housekeeper] WARN  com.zaxxer.hikari.pool.PoolBase - HikariPool-1 - Failed to validate connection com.mysql.cj.jdbc.ConnectionImpl@23cc945f (No operations allowed after connection closed.). Possibly consider using a shorter maxLifetime value.
2026-07-08 16:04:53 [HikariPool-1:housekeeper] WARN  com.zaxxer.hikari.pool.PoolBase - HikariPool-1 - Failed to validate connection com.mysql.cj.jdbc.ConnectionImpl@5d6c0231 (No operations allowed after connection closed.). Possibly consider using a shorter maxLifetime value.
2026-07-08 16:04:59 [HikariPool-1:housekeeper] WARN  com.zaxxer.hikari.pool.PoolBase - HikariPool-1 - Failed to validate connection com.mysql.cj.jdbc.ConnectionImpl@4266331b (No operations allowed after connection closed.). Possibly consider using a shorter maxLifetime value.
2026-07-08 16:06:48 [HikariPool-1:housekeeper] WARN  com.zaxxer.hikari.pool.PoolBase - HikariPool-1 - Failed to validate connection com.mysql.cj.jdbc.ConnectionImpl@380fce76 (No operations allowed after connection closed.). Possibly consider using a shorter maxLifetime value.
2026-07-08 16:06:50 [HikariPool-1:housekeeper] WARN  com.zaxxer.hikari.pool.PoolBase - HikariPool-1 - Failed to validate connection com.mysql.cj.jdbc.ConnectionImpl@4f27bb9c (No operations allowed after connection closed.). Possibly consider using a shorter maxLifetime value.
2026-07-08 16:08:38 [HikariPool-1:housekeeper] WARN  com.zaxxer.hikari.pool.PoolBase - HikariPool-1 - Failed to validate connection com.mysql.cj.jdbc.ConnectionImpl@33dfbf15 (No operations allowed after connection closed.). Possibly consider using a shorter maxLifetime value.
2026-07-08 16:08:42 [HikariPool-1:housekeeper] WARN  com.zaxxer.hikari.pool.PoolBase - HikariPool-1 - Failed to validate connection com.mysql.cj.jdbc.ConnectionImpl@1c69b1d2 (No operations allowed after connection closed.). Possibly consider using a shorter maxLifetime value.
2026-07-08 16:10:28 [HikariPool-1:housekeeper] WARN  com.zaxxer.hikari.pool.PoolBase - HikariPool-1 - Failed to validate connection com.mysql.cj.jdbc.ConnectionImpl@6ee00298 (No operations allowed after connection closed.). Possibly consider using a shorter maxLifetime value.
2026-07-08 16:10:30 [HikariPool-1:housekeeper] WARN  com.zaxxer.hikari.pool.PoolBase - HikariPool-1 - Failed to validate connection com.mysql.cj.jdbc.ConnectionImpl@78ef9eaa (No operations allowed after connection closed.). Possibly consider using a shorter maxLifetime value.
2026-07-08 16:12:17 [HikariPool-1:housekeeper] WARN  com.zaxxer.hikari.pool.PoolBase - HikariPool-1 - Failed to validate connection com.mysql.cj.jdbc.ConnectionImpl@29d94744 (No operations allowed after connection closed.). Possibly consider using a shorter maxLifetime value.
2026-07-08 16:12:23 [HikariPool-1:housekeeper] WARN  com.zaxxer.hikari.pool.PoolBase - HikariPool-1 - Failed to validate connection com.mysql.cj.jdbc.ConnectionImpl@2ed98084 (No operations allowed after connection closed.). Possibly consider using a shorter maxLifetime value.
2026-07-08 16:14:05 [HikariPool-1:housekeeper] WARN  com.zaxxer.hikari.pool.PoolBase - HikariPool-1 - Failed to validate connection com.mysql.cj.jdbc.ConnectionImpl@4947c050 (No operations allowed after connection closed.). Possibly consider using a shorter maxLifetime value.
2026-07-08 16:14:14 [HikariPool-1:housekeeper] WARN  com.zaxxer.hikari.pool.PoolBase - HikariPool-1 - Failed to validate connection com.mysql.cj.jdbc.ConnectionImpl@77c6989a (No operations allowed after connection closed.). Possibly consider using a shorter maxLifetime value.
2026-07-08 16:15:55 [HikariPool-1:housekeeper] WARN  com.zaxxer.hikari.pool.PoolBase - HikariPool-1 - Failed to validate connection com.mysql.cj.jdbc.ConnectionImpl@10aac833 (No operations allowed after connection closed.). Possibly consider using a shorter maxLifetime value.
2026-07-08 16:15:58 [HikariPool-1:housekeeper] WARN  com.zaxxer.hikari.pool.PoolBase - HikariPool-1 - Failed to validate connection com.mysql.cj.jdbc.ConnectionImpl@9f0375c (No operations allowed after connection closed.). Possibly consider using a shorter maxLifetime value.
2026-07-08 16:17:33 [HikariPool-1:housekeeper] WARN  com.zaxxer.hikari.pool.PoolBase - HikariPool-1 - Failed to validate connection com.mysql.cj.jdbc.ConnectionImpl@6eeacf98 (No operations allowed after connection closed.). Possibly consider using a shorter maxLifetime value.
2026-07-08 16:17:57 [HikariPool-1:housekeeper] WARN  com.zaxxer.hikari.pool.PoolBase - HikariPool-1 - Failed to validate connection com.mysql.cj.jdbc.ConnectionImpl@277e6955 (No operations allowed after connection closed.). Possibly consider using a shorter maxLifetime value.
2026-07-08 16:19:19 [HikariPool-1:housekeeper] WARN  com.zaxxer.hikari.pool.PoolBase - HikariPool-1 - Failed to validate connection com.mysql.cj.jdbc.ConnectionImpl@c8b5333 (No operations allowed after connection closed.). Possibly consider using a shorter maxLifetime value.
2026-07-08 16:19:54 [HikariPool-1:housekeeper] WARN  com.zaxxer.hikari.pool.PoolBase - HikariPool-1 - Failed to validate connection com.mysql.cj.jdbc.ConnectionImpl@101633a8 (No operations allowed after connection closed.). Possibly consider using a shorter maxLifetime value.
2026-07-08 16:21:07 [HikariPool-1:housekeeper] WARN  com.zaxxer.hikari.pool.PoolBase - HikariPool-1 - Failed to validate connection com.mysql.cj.jdbc.ConnectionImpl@5c8ce1e7 (No operations allowed after connection closed.). Possibly consider using a shorter maxLifetime value.
2026-07-08 16:21:50 [HikariPool-1:housekeeper] WARN  com.zaxxer.hikari.pool.PoolBase - HikariPool-1 - Failed to validate connection com.mysql.cj.jdbc.ConnectionImpl@f575a0e (No operations allowed after connection closed.). Possibly consider using a shorter maxLifetime value.
2026-07-08 16:22:46 [HikariPool-1:housekeeper] WARN  com.zaxxer.hikari.pool.PoolBase - HikariPool-1 - Failed to validate connection com.mysql.cj.jdbc.ConnectionImpl@7fa60296 (No operations allowed after connection closed.). Possibly consider using a shorter maxLifetime value.
2026-07-08 16:23:32 [HikariPool-1:housekeeper] WARN  com.zaxxer.hikari.pool.PoolBase - HikariPool-1 - Failed to validate connection com.mysql.cj.jdbc.ConnectionImpl@992852f (No operations allowed after connection closed.). Possibly consider using a shorter maxLifetime value.
2026-07-08 16:24:46 [HikariPool-1:housekeeper] WARN  com.zaxxer.hikari.pool.PoolBase - HikariPool-1 - Failed to validate connection com.mysql.cj.jdbc.ConnectionImpl@7046046d (No operations allowed after connection closed.). Possibly consider using a shorter maxLifetime value.
2026-07-08 16:25:22 [HikariPool-1:housekeeper] WARN  com.zaxxer.hikari.pool.PoolBase - HikariPool-1 - Failed to validate connection com.mysql.cj.jdbc.ConnectionImpl@50014e4b (No operations allowed after connection closed.). Possibly consider using a shorter maxLifetime value.
2026-07-08 16:26:26 [HikariPool-1:housekeeper] WARN  com.zaxxer.hikari.pool.PoolBase - HikariPool-1 - Failed to validate connection com.mysql.cj.jdbc.ConnectionImpl@77650e6f (No operations allowed after connection closed.). Possibly consider using a shorter maxLifetime value.
2026-07-08 16:27:20 [HikariPool-1:housekeeper] WARN  com.zaxxer.hikari.pool.PoolBase - HikariPool-1 - Failed to validate connection com.mysql.cj.jdbc.ConnectionImpl@581722dd (No operations allowed after connection closed.). Possibly consider using a shorter maxLifetime value.
2026-07-08 16:28:15 [HikariPool-1:housekeeper] WARN  com.zaxxer.hikari.pool.PoolBase - HikariPool-1 - Failed to validate connection com.mysql.cj.jdbc.ConnectionImpl@3025391c (No operations allowed after connection closed.). Possibly consider using a shorter maxLifetime value.
2026-07-08 16:29:14 [HikariPool-1:housekeeper] WARN  com.zaxxer.hikari.pool.PoolBase - HikariPool-1 - Failed to validate connection com.mysql.cj.jdbc.ConnectionImpl@2135932d (No operations allowed after connection closed.). Possibly consider using a shorter maxLifetime value.
2026-07-08 16:30:13 [HikariPool-1:housekeeper] WARN  com.zaxxer.hikari.pool.PoolBase - HikariPool-1 - Failed to validate connection com.mysql.cj.jdbc.ConnectionImpl@3587f93c (No operations allowed after connection closed.). Possibly consider using a shorter maxLifetime value.
2026-07-08 16:31:09 [HikariPool-1:housekeeper] WARN  com.zaxxer.hikari.pool.PoolBase - HikariPool-1 - Failed to validate connection com.mysql.cj.jdbc.ConnectionImpl@5218375d (No operations allowed after connection closed.). Possibly consider using a shorter maxLifetime value.
2026-07-08 16:32:05 [HikariPool-1:housekeeper] WARN  com.zaxxer.hikari.pool.PoolBase - HikariPool-1 - Failed to validate connection com.mysql.cj.jdbc.ConnectionImpl@6ade362f (No operations allowed after connection closed.). Possibly consider using a shorter maxLifetime value.
2026-07-08 16:32:59 [HikariPool-1:housekeeper] WARN  com.zaxxer.hikari.pool.PoolBase - HikariPool-1 - Failed to validate connection com.mysql.cj.jdbc.ConnectionImpl@6d9930d4 (No operations allowed after connection closed.). Possibly consider using a shorter maxLifetime value.
2026-07-08 16:33:53 [HikariPool-1:housekeeper] WARN  com.zaxxer.hikari.pool.PoolBase - HikariPool-1 - Failed to validate connection com.mysql.cj.jdbc.ConnectionImpl@45acd071 (No operations allowed after connection closed.). Possibly consider using a shorter maxLifetime value.
2026-07-08 16:34:58 [HikariPool-1:housekeeper] WARN  com.zaxxer.hikari.pool.PoolBase - HikariPool-1 - Failed to validate connection com.mysql.cj.jdbc.ConnectionImpl@5d17be7c (No operations allowed after connection closed.). Possibly consider using a shorter maxLifetime value.
2026-07-08 16:35:52 [HikariPool-1:housekeeper] WARN  com.zaxxer.hikari.pool.PoolBase - HikariPool-1 - Failed to validate connection com.mysql.cj.jdbc.ConnectionImpl@670cf61e (No operations allowed after connection closed.). Possibly consider using a shorter maxLifetime value.
2026-07-08 16:36:55 [HikariPool-1:housekeeper] WARN  com.zaxxer.hikari.pool.PoolBase - HikariPool-1 - Failed to validate connection com.mysql.cj.jdbc.ConnectionImpl@1f4cc5ff (No operations allowed after connection closed.). Possibly consider using a shorter maxLifetime value.
2026-07-08 16:37:48 [HikariPool-1:housekeeper] WARN  com.zaxxer.hikari.pool.PoolBase - HikariPool-1 - Failed to validate connection com.mysql.cj.jdbc.ConnectionImpl@5f7d8bf0 (No operations allowed after connection closed.). Possibly consider using a shorter maxLifetime value.
2026-07-08 16:38:46 [HikariPool-1:housekeeper] WARN  com.zaxxer.hikari.pool.PoolBase - HikariPool-1 - Failed to validate connection com.mysql.cj.jdbc.ConnectionImpl@1a924bd8 (No operations allowed after connection closed.). Possibly consider using a shorter maxLifetime value.
2026-07-08 16:39:41 [HikariPool-1:housekeeper] WARN  com.zaxxer.hikari.pool.PoolBase - HikariPool-1 - Failed to validate connection com.mysql.cj.jdbc.ConnectionImpl@7f44c341 (No operations allowed after connection closed.). Possibly consider using a shorter maxLifetime value.
2026-07-08 16:40:32 [HikariPool-1:housekeeper] WARN  com.zaxxer.hikari.pool.PoolBase - HikariPool-1 - Failed to validate connection com.mysql.cj.jdbc.ConnectionImpl@54e002c4 (No operations allowed after connection closed.). Possibly consider using a shorter maxLifetime value.
2026-07-08 16:41:41 [HikariPool-1:housekeeper] WARN  com.zaxxer.hikari.pool.PoolBase - HikariPool-1 - Failed to validate connection com.mysql.cj.jdbc.ConnectionImpl@6e48a4e8 (No operations allowed after connection closed.). Possibly consider using a shorter maxLifetime value.
2026-07-08 16:42:18 [HikariPool-1:housekeeper] WARN  com.zaxxer.hikari.pool.PoolBase - HikariPool-1 - Failed to validate connection com.mysql.cj.jdbc.ConnectionImpl@44c0fd8e (No operations allowed after connection closed.). Possibly consider using a shorter maxLifetime value.
2026-07-08 16:43:40 [HikariPool-1:housekeeper] WARN  com.zaxxer.hikari.pool.PoolBase - HikariPool-1 - Failed to validate connection com.mysql.cj.jdbc.ConnectionImpl@2139e331 (No operations allowed after connection closed.). Possibly consider using a shorter maxLifetime value.
2026-07-08 16:44:03 [HikariPool-1:housekeeper] WARN  com.zaxxer.hikari.pool.PoolBase - HikariPool-1 - Failed to validate connection com.mysql.cj.jdbc.ConnectionImpl@63eef0ea (No operations allowed after connection closed.). Possibly consider using a shorter maxLifetime value.
2026-07-08 16:45:28 [HikariPool-1:housekeeper] WARN  com.zaxxer.hikari.pool.PoolBase - HikariPool-1 - Failed to validate connection com.mysql.cj.jdbc.ConnectionImpl@6cf76881 (No operations allowed after connection closed.). Possibly consider using a shorter maxLifetime value.
2026-07-08 16:45:59 [HikariPool-1:housekeeper] WARN  com.zaxxer.hikari.pool.PoolBase - HikariPool-1 - Failed to validate connection com.mysql.cj.jdbc.ConnectionImpl@528e17ef (No operations allowed after connection closed.). Possibly consider using a shorter maxLifetime value.
2026-07-08 16:47:05 [HikariPool-1:housekeeper] WARN  com.zaxxer.hikari.pool.PoolBase - HikariPool-1 - Failed to validate connection com.mysql.cj.jdbc.ConnectionImpl@4e04bbbc (No operations allowed after connection closed.). Possibly consider using a shorter maxLifetime value.
2026-07-08 16:54:04 [HikariPool-1:housekeeper] WARN  com.zaxxer.hikari.pool.HikariPool - HikariPool-1 - Thread starvation or clock leap detected (housekeeper delta=6m51s628ms492µs100ns).
2026-07-08 16:54:04 [HikariPool-1:housekeeper] WARN  com.zaxxer.hikari.pool.PoolBase - HikariPool-1 - Failed to validate connection com.mysql.cj.jdbc.ConnectionImpl@340f304a (No operations allowed after connection closed.). Possibly consider using a shorter maxLifetime value.
2026-07-08 16:54:04 [HikariPool-1:housekeeper] WARN  com.zaxxer.hikari.pool.PoolBase - HikariPool-1 - Failed to validate connection com.mysql.cj.jdbc.ConnectionImpl@459ce9eb (No operations allowed after connection closed.). Possibly consider using a shorter maxLifetime value.
2026-07-08 16:55:50 [HikariPool-1:housekeeper] WARN  com.zaxxer.hikari.pool.PoolBase - HikariPool-1 - Failed to validate connection com.mysql.cj.jdbc.ConnectionImpl@309529f5 (No operations allowed after connection closed.). Possibly consider using a shorter maxLifetime value.
2026-07-08 16:55:58 [HikariPool-1:housekeeper] WARN  com.zaxxer.hikari.pool.PoolBase - HikariPool-1 - Failed to validate connection com.mysql.cj.jdbc.ConnectionImpl@20d02308 (No operations allowed after connection closed.). Possibly consider using a shorter maxLifetime value.
2026-07-08 17:02:00 [HikariPool-1:housekeeper] WARN  com.zaxxer.hikari.pool.HikariPool - HikariPool-1 - Thread starvation or clock leap detected (housekeeper delta=5m56s53ms688µs300ns).
2026-07-08 17:02:00 [HikariPool-1:housekeeper] WARN  com.zaxxer.hikari.pool.PoolBase - HikariPool-1 - Failed to validate connection com.mysql.cj.jdbc.ConnectionImpl@1be20e68 (No operations allowed after connection closed.). Possibly consider using a shorter maxLifetime value.
2026-07-08 17:02:00 [HikariPool-1:housekeeper] WARN  com.zaxxer.hikari.pool.PoolBase - HikariPool-1 - Failed to validate connection com.mysql.cj.jdbc.ConnectionImpl@699b5616 (No operations allowed after connection closed.). Possibly consider using a shorter maxLifetime value.
2026-07-08 17:04:23 [HikariPool-1:housekeeper] WARN  com.zaxxer.hikari.pool.PoolBase - HikariPool-1 - Failed to validate connection com.mysql.cj.jdbc.ConnectionImpl@61984578 (No operations allowed after connection closed.). Possibly consider using a shorter maxLifetime value.
2026-07-08 17:04:32 [HikariPool-1:housekeeper] WARN  com.zaxxer.hikari.pool.PoolBase - HikariPool-1 - Failed to validate connection com.mysql.cj.jdbc.ConnectionImpl@358c3622 (No operations allowed after connection closed.). Possibly consider using a shorter maxLifetime value.
2026-07-08 17:06:01 [HikariPool-1:housekeeper] WARN  com.zaxxer.hikari.pool.PoolBase - HikariPool-1 - Failed to validate connection com.mysql.cj.jdbc.ConnectionImpl@2504db5c (No operations allowed after connection closed.). Possibly consider using a shorter maxLifetime value.
2026-07-08 17:06:18 [HikariPool-1:housekeeper] WARN  com.zaxxer.hikari.pool.PoolBase - HikariPool-1 - Failed to validate connection com.mysql.cj.jdbc.ConnectionImpl@fa21012 (No operations allowed after connection closed.). Possibly consider using a shorter maxLifetime value.
2026-07-08 17:07:58 [HikariPool-1:housekeeper] WARN  com.zaxxer.hikari.pool.PoolBase - HikariPool-1 - Failed to validate connection com.mysql.cj.jdbc.ConnectionImpl@2da1ebc8 (No operations allowed after connection closed.). Possibly consider using a shorter maxLifetime value.
2026-07-08 17:08:10 [HikariPool-1:housekeeper] WARN  com.zaxxer.hikari.pool.PoolBase - HikariPool-1 - Failed to validate connection com.mysql.cj.jdbc.ConnectionImpl@31d77924 (No operations allowed after connection closed.). Possibly consider using a shorter maxLifetime value.
2026-07-08 17:09:46 [HikariPool-1:housekeeper] WARN  com.zaxxer.hikari.pool.PoolBase - HikariPool-1 - Failed to validate connection com.mysql.cj.jdbc.ConnectionImpl@5d6398e1 (No operations allowed after connection closed.). Possibly consider using a shorter maxLifetime value.
2026-07-08 17:09:51 [HikariPool-1:housekeeper] WARN  com.zaxxer.hikari.pool.PoolBase - HikariPool-1 - Failed to validate connection com.mysql.cj.jdbc.ConnectionImpl@2f964ffd (No operations allowed after connection closed.). Possibly consider using a shorter maxLifetime value.
2026-07-08 17:11:38 [HikariPool-1:housekeeper] WARN  com.zaxxer.hikari.pool.PoolBase - HikariPool-1 - Failed to validate connection com.mysql.cj.jdbc.ConnectionImpl@263a1491 (No operations allowed after connection closed.). Possibly consider using a shorter maxLifetime value.
2026-07-08 17:11:43 [HikariPool-1:housekeeper] WARN  com.zaxxer.hikari.pool.PoolBase - HikariPool-1 - Failed to validate connection com.mysql.cj.jdbc.ConnectionImpl@52094760 (No operations allowed after connection closed.). Possibly consider using a shorter maxLifetime value.
2026-07-08 17:13:24 [HikariPool-1:housekeeper] WARN  com.zaxxer.hikari.pool.PoolBase - HikariPool-1 - Failed to validate connection com.mysql.cj.jdbc.ConnectionImpl@4f7d037b (No operations allowed after connection closed.). Possibly consider using a shorter maxLifetime value.
2026-07-08 17:13:39 [HikariPool-1:housekeeper] WARN  com.zaxxer.hikari.pool.PoolBase - HikariPool-1 - Failed to validate connection com.mysql.cj.jdbc.ConnectionImpl@2775fd80 (No operations allowed after connection closed.). Possibly consider using a shorter maxLifetime value.
2026-07-08 17:15:03 [HikariPool-1:housekeeper] WARN  com.zaxxer.hikari.pool.PoolBase - HikariPool-1 - Failed to validate connection com.mysql.cj.jdbc.ConnectionImpl@181e3602 (No operations allowed after connection closed.). Possibly consider using a shorter maxLifetime value.
2026-07-08 17:15:26 [HikariPool-1:housekeeper] WARN  com.zaxxer.hikari.pool.PoolBase - HikariPool-1 - Failed to validate connection com.mysql.cj.jdbc.ConnectionImpl@1cf411e (No operations allowed after connection closed.). Possibly consider using a shorter maxLifetime value.
2026-07-08 18:47:00 [HikariPool-1:housekeeper] WARN  com.zaxxer.hikari.pool.PoolBase - HikariPool-1 - Failed to validate connection com.mysql.cj.jdbc.ConnectionImpl@2bf6a8d8 (No operations allowed after connection closed.). Possibly consider using a shorter maxLifetime value.
2026-07-08 18:47:01 [HikariPool-1:housekeeper] WARN  com.zaxxer.hikari.pool.HikariPool - HikariPool-1 - Thread starvation or clock leap detected (housekeeper delta=1h30m30s552ms151µs600ns).
2026-07-08 18:47:01 [HikariPool-1:housekeeper] WARN  com.zaxxer.hikari.pool.PoolBase - HikariPool-1 - Failed to validate connection com.mysql.cj.jdbc.ConnectionImpl@28ced94b (No operations allowed after connection closed.). Possibly consider using a shorter maxLifetime value.
2026-07-08 18:47:34 [SpringApplicationShutdownHook] INFO  o.s.boot.tomcat.GracefulShutdown - Commencing graceful shutdown. Waiting for active requests to complete
2026-07-08 18:47:35 [tomcat-shutdown] INFO  o.s.boot.tomcat.GracefulShutdown - Graceful shutdown complete
2026-07-08 18:47:35 [SpringApplicationShutdownHook] INFO  o.s.o.j.LocalContainerEntityManagerFactoryBean - Closing JPA EntityManagerFactory for persistence unit 'default'
2026-07-08 18:47:35 [SpringApplicationShutdownHook] INFO  com.zaxxer.hikari.HikariDataSource - HikariPool-1 - Shutdown initiated...
2026-07-08 18:47:35 [SpringApplicationShutdownHook] INFO  com.zaxxer.hikari.HikariDataSource - HikariPool-1 - Shutdown completed.
