2026-07-15 11:08:14 [background-preinit] INFO  o.h.validator.internal.util.Version - HV000001: Hibernate Validator 9.0.1.Final
2026-07-15 11:08:14 [restartedMain] INFO  c.e.D.DocgenBackendApplication - Starting DocgenBackendApplication using Java 21.0.9 with PID 22632 (E:\DocGen New Front V2\Docgen-Backend\target\classes started by prath in E:\DocGen New Front V2\Docgen-Backend)
2026-07-15 11:08:14 [restartedMain] DEBUG c.e.D.DocgenBackendApplication - Running with Spring Boot v4.0.6, Spring v7.0.7
2026-07-15 11:08:14 [restartedMain] INFO  c.e.D.DocgenBackendApplication - No active profile set, falling back to 1 default profile: "default"
2026-07-15 11:08:15 [restartedMain] INFO  o.s.b.d.e.DevToolsPropertyDefaultsPostProcessor - Devtools property defaults active! Set 'spring.devtools.add-properties' to 'false' to disable
2026-07-15 11:08:15 [restartedMain] INFO  o.s.b.d.e.DevToolsPropertyDefaultsPostProcessor - For additional web related logging consider setting the 'logging.level.web' property to 'DEBUG'
2026-07-15 11:08:16 [restartedMain] INFO  o.s.d.r.c.RepositoryConfigurationDelegate - Bootstrapping Spring Data JPA repositories in DEFAULT mode.
2026-07-15 11:08:16 [restartedMain] INFO  o.s.d.r.c.RepositoryConfigurationDelegate - Finished Spring Data repository scanning in 79 ms. Found 2 JPA repository interfaces.
2026-07-15 11:08:17 [restartedMain] INFO  o.s.boot.tomcat.TomcatWebServer - Tomcat initialized with port 8080 (http)
2026-07-15 11:08:17 [restartedMain] INFO  o.a.coyote.http11.Http11NioProtocol - Initializing ProtocolHandler ["http-nio-8080"]
2026-07-15 11:08:17 [restartedMain] INFO  o.a.catalina.core.StandardService - Starting service [Tomcat]
2026-07-15 11:08:17 [restartedMain] INFO  o.a.catalina.core.StandardEngine - Starting Servlet engine: [Apache Tomcat/11.0.21]
2026-07-15 11:08:17 [restartedMain] INFO  o.s.b.w.c.s.WebApplicationContextInitializer - Root WebApplicationContext: initialization completed in 2426 ms
2026-07-15 11:08:17 [restartedMain] DEBUG c.e.Docgen_Backend.config.JwtFilter - Filter 'jwtFilter' configured for use
2026-07-15 11:08:17 [restartedMain] INFO  org.hibernate.orm.jpa - HHH008540: Processing PersistenceUnitInfo [name: default]
2026-07-15 11:08:17 [restartedMain] INFO  org.hibernate.orm.core - HHH000001: Hibernate ORM core version 7.2.12.Final
2026-07-15 11:08:18 [restartedMain] INFO  o.s.o.j.p.SpringPersistenceUnitInfo - No LoadTimeWeaver setup: ignoring JPA class transformer
2026-07-15 11:08:18 [restartedMain] INFO  com.zaxxer.hikari.HikariDataSource - HikariPool-1 - Starting...
2026-07-15 11:08:21 [restartedMain] INFO  com.zaxxer.hikari.pool.HikariPool - HikariPool-1 - Added connection com.mysql.cj.jdbc.ConnectionImpl@25a45c3a
2026-07-15 11:08:21 [restartedMain] INFO  com.zaxxer.hikari.HikariDataSource - HikariPool-1 - Start completed.
2026-07-15 11:08:21 [restartedMain] WARN  org.hibernate.orm.jdbc - HHH100045: Could not obtain connection metadata: java.sql.SQLSyntaxErrorException: Unknown column 'RESERVED' in 'WHERE'
2026-07-15 11:08:21 [restartedMain] WARN  org.hibernate.orm.deprecation - HHH90000025: MySQLDialect does not need to be specified explicitly using 'hibernate.dialect' (remove the property setting and it will be selected by default)
2026-07-15 11:08:21 [restartedMain] INFO  o.hibernate.orm.connections.pooling - HHH10001005: Database info:
	Database JDBC URL [undefined/unknown]
	Database driver: undefined/unknown
	Database dialect: MySQLDialect
	Database version: 8.0
	Default catalog/schema: unknown/unknown
	Autocommit mode: undefined/unknown
	Isolation level: NONE [default NONE]
	JDBC fetch size: undefined/unknown
	Pool: DataSourceConnectionProvider
	Minimum pool size: undefined/unknown
	Maximum pool size: undefined/unknown
2026-07-15 11:08:23 [restartedMain] INFO  org.hibernate.orm.core - HHH000489: No JTA platform available (set 'hibernate.transaction.jta.platform' to enable JTA platform integration)
2026-07-15 11:08:32 [restartedMain] INFO  o.s.o.j.LocalContainerEntityManagerFactoryBean - Initialized JPA EntityManagerFactory for persistence unit 'default'
2026-07-15 11:08:32 [restartedMain] INFO  o.s.d.j.r.q.QueryEnhancerFactories - Hibernate is in classpath; If applicable, HQL parser will be used.
2026-07-15 11:08:32 [restartedMain] INFO  o.s.s.c.a.a.c.InitializeUserDetailsBeanManagerConfigurer$InitializeUserDetailsManagerConfigurer - Global AuthenticationManager configured with UserDetailsService bean with name customUserDetailsService
2026-07-15 11:08:32 [restartedMain] WARN  o.s.b.j.a.JpaBaseConfiguration$JpaWebConfiguration - spring.jpa.open-in-view is enabled by default. Therefore, database queries may be performed during view rendering. Explicitly configure spring.jpa.open-in-view to disable this warning
2026-07-15 11:08:33 [restartedMain] INFO  o.a.coyote.http11.Http11NioProtocol - Starting ProtocolHandler ["http-nio-8080"]
2026-07-15 11:08:33 [restartedMain] INFO  o.s.boot.tomcat.TomcatWebServer - Tomcat started on port 8080 (http) with context path '/'
2026-07-15 11:08:33 [restartedMain] INFO  c.e.D.DocgenBackendApplication - Started DocgenBackendApplication in 19.261 seconds (process running for 20.014)
2026-07-15 11:09:37 [http-nio-8080-exec-2] INFO  o.a.c.c.C.[Tomcat].[localhost].[/] - Initializing Spring DispatcherServlet 'dispatcherServlet'
2026-07-15 11:09:37 [http-nio-8080-exec-2] INFO  o.s.web.servlet.DispatcherServlet - Initializing Servlet 'dispatcherServlet'
2026-07-15 11:09:37 [http-nio-8080-exec-2] INFO  o.s.web.servlet.DispatcherServlet - Completed initialization in 3 ms
2026-07-15 11:09:37 [http-nio-8080-exec-3] INFO  c.e.Docgen_Backend.config.JwtFilter - JWT validated successfully for userId=6a311365ec2c34f3d9e4f06e
2026-07-15 11:09:37 [http-nio-8080-exec-3] INFO  c.e.D.controller.UserController - GET /api/v2/users - Fetch all users request received | page=0, size=8, sortBy=id, direction=desc
2026-07-15 11:09:37 [http-nio-8080-exec-3] WARN  com.zaxxer.hikari.pool.PoolBase - HikariPool-1 - Failed to validate connection com.mysql.cj.jdbc.ConnectionImpl@25a45c3a (No operations allowed after connection closed.). Possibly consider using a shorter maxLifetime value.
2026-07-15 11:09:37 [http-nio-8080-exec-3] WARN  com.zaxxer.hikari.pool.PoolBase - HikariPool-1 - Failed to validate connection com.mysql.cj.jdbc.ConnectionImpl@460dc35f (No operations allowed after connection closed.). Possibly consider using a shorter maxLifetime value.
2026-07-15 11:09:37 [http-nio-8080-exec-3] WARN  com.zaxxer.hikari.pool.PoolBase - HikariPool-1 - Failed to validate connection com.mysql.cj.jdbc.ConnectionImpl@23639648 (No operations allowed after connection closed.). Possibly consider using a shorter maxLifetime value.
2026-07-15 11:09:40 [http-nio-8080-exec-3] INFO  c.e.D.controller.UserController - Fetched 8 users on page 0 of 2
2026-07-15 11:09:40 [http-nio-8080-exec-4] INFO  c.e.Docgen_Backend.config.JwtFilter - JWT validated successfully for userId=6a311365ec2c34f3d9e4f06e
2026-07-15 11:09:40 [http-nio-8080-exec-4] INFO  c.e.D.controller.UserController - GET /api/v2/users - Fetch all users request received | page=0, size=8, sortBy=id, direction=desc
2026-07-15 11:09:43 [http-nio-8080-exec-4] INFO  c.e.D.controller.UserController - Fetched 8 users on page 0 of 2
2026-07-15 11:10:02 [http-nio-8080-exec-9] INFO  c.e.Docgen_Backend.config.JwtFilter - JWT validated successfully for userId=6a311365ec2c34f3d9e4f06e
2026-07-15 11:10:02 [http-nio-8080-exec-9] INFO  c.e.D.controller.UserController - GET /api/v2/users/20 - Fetch request received
2026-07-15 11:10:02 [http-nio-8080-exec-9] INFO  c.e.D.service.impl.UserServiceImpl - Fetching user profile for edit | userId=20
2026-07-15 11:10:03 [http-nio-8080-exec-9] DEBUG c.e.D.service.impl.UserServiceImpl - User found | userId=20 | employeeId=CTS0380
2026-07-15 11:10:03 [http-nio-8080-exec-9] INFO  c.e.D.service.impl.UserServiceImpl - User profile fetched successfully | userId=20 | timeTaken=687ms
2026-07-15 11:10:03 [http-nio-8080-exec-9] INFO  c.e.D.controller.UserController - Profile fetched successfully for userId=20
2026-07-15 11:10:03 [http-nio-8080-exec-9] DEBUG c.e.D.controller.UserController - Fetched profile data: UserProfileResponseDTO(id=20, employeeName=Sakshi Sunilrao Yeole, employeeId=CTS0380, email=ssy290489@gmail.com, mobileNo=9579080633, joiningDesignation=Data Analyst, currentDesignation=Data Analyst, department=Information Technology, company=CTS, identity=MRS, pfType=WITH_PF, accountNo=2601235318269640, bankName=AU SMALL FINANCE BANK, currentAddress=W/o Ankush Belpande, D-603, Santosh Dreams, Ravet, Pune – 412101, permanentAddress=null, joiningCTC=850000.0, currentCTC=850000.0, dateOfBirth=1995-10-05, offerDate=2025-10-09, joiningDate=2025-11-10, panNo=ASAPY2454L, documents={APPOINTMENT_LETTER=DocumentResponseDTO(generated=false, data=null), INTERNSHIP_LETTER=DocumentResponseDTO(generated=false, data=null), EXPERIENCE_LETTER=DocumentResponseDTO(generated=true, data={issueDate=2026-07-10, relievingDate=2026-07-10}), FULL_AND_FINAL=DocumentResponseDTO(generated=false, data=null), CONFIRMATION_LETTER=DocumentResponseDTO(generated=false, data=null), INCREMENT_LETTER=DocumentResponseDTO(generated=true, data={issueDate=2026-04-01}), RELIEVING_LETTER=DocumentResponseDTO(generated=true, data={issueDate=2026-07-10, relievingDate=2026-07-10}), SALARY_SLIP=DocumentResponseDTO(generated=true, data={startMonth=2026-04, endMonth=2026-06}), COMPLETION_LETTER=DocumentResponseDTO(generated=false, data=null), OFFER_LETTER=DocumentResponseDTO(generated=true, data={issueDate=2025-10-09, probationPeriod=3})})
2026-07-15 11:10:03 [http-nio-8080-exec-10] INFO  c.e.Docgen_Backend.config.JwtFilter - JWT validated successfully for userId=6a311365ec2c34f3d9e4f06e
2026-07-15 11:10:03 [http-nio-8080-exec-10] INFO  c.e.D.controller.UserController - GET /api/v2/users/20 - Fetch request received
2026-07-15 11:10:03 [http-nio-8080-exec-10] INFO  c.e.D.service.impl.UserServiceImpl - Fetching user profile for edit | userId=20
2026-07-15 11:10:04 [http-nio-8080-exec-10] DEBUG c.e.D.service.impl.UserServiceImpl - User found | userId=20 | employeeId=CTS0380
2026-07-15 11:10:04 [http-nio-8080-exec-10] INFO  c.e.D.service.impl.UserServiceImpl - User profile fetched successfully | userId=20 | timeTaken=622ms
2026-07-15 11:10:04 [http-nio-8080-exec-10] INFO  c.e.D.controller.UserController - Profile fetched successfully for userId=20
2026-07-15 11:10:04 [http-nio-8080-exec-10] DEBUG c.e.D.controller.UserController - Fetched profile data: UserProfileResponseDTO(id=20, employeeName=Sakshi Sunilrao Yeole, employeeId=CTS0380, email=ssy290489@gmail.com, mobileNo=9579080633, joiningDesignation=Data Analyst, currentDesignation=Data Analyst, department=Information Technology, company=CTS, identity=MRS, pfType=WITH_PF, accountNo=2601235318269640, bankName=AU SMALL FINANCE BANK, currentAddress=W/o Ankush Belpande, D-603, Santosh Dreams, Ravet, Pune – 412101, permanentAddress=null, joiningCTC=850000.0, currentCTC=850000.0, dateOfBirth=1995-10-05, offerDate=2025-10-09, joiningDate=2025-11-10, panNo=ASAPY2454L, documents={APPOINTMENT_LETTER=DocumentResponseDTO(generated=false, data=null), INTERNSHIP_LETTER=DocumentResponseDTO(generated=false, data=null), EXPERIENCE_LETTER=DocumentResponseDTO(generated=true, data={issueDate=2026-07-10, relievingDate=2026-07-10}), FULL_AND_FINAL=DocumentResponseDTO(generated=false, data=null), CONFIRMATION_LETTER=DocumentResponseDTO(generated=false, data=null), INCREMENT_LETTER=DocumentResponseDTO(generated=true, data={issueDate=2026-04-01}), RELIEVING_LETTER=DocumentResponseDTO(generated=true, data={issueDate=2026-07-10, relievingDate=2026-07-10}), SALARY_SLIP=DocumentResponseDTO(generated=true, data={startMonth=2026-04, endMonth=2026-06}), COMPLETION_LETTER=DocumentResponseDTO(generated=false, data=null), OFFER_LETTER=DocumentResponseDTO(generated=true, data={issueDate=2025-10-09, probationPeriod=3})})
2026-07-15 11:11:14 [HikariPool-1:housekeeper] WARN  com.zaxxer.hikari.pool.PoolBase - HikariPool-1 - Failed to validate connection com.mysql.cj.jdbc.ConnectionImpl@5a73ba33 (No operations allowed after connection closed.). Possibly consider using a shorter maxLifetime value.
2026-07-15 11:11:16 [HikariPool-1:housekeeper] WARN  com.zaxxer.hikari.pool.PoolBase - HikariPool-1 - Failed to validate connection com.mysql.cj.jdbc.ConnectionImpl@6be364f0 (No operations allowed after connection closed.). Possibly consider using a shorter maxLifetime value.
2026-07-15 11:11:22 [HikariPool-1:housekeeper] WARN  com.zaxxer.hikari.pool.PoolBase - HikariPool-1 - Failed to validate connection com.mysql.cj.jdbc.ConnectionImpl@7db9cada (No operations allowed after connection closed.). Possibly consider using a shorter maxLifetime value.
2026-07-15 11:12:21 [http-nio-8080-exec-5] INFO  c.e.Docgen_Backend.config.JwtFilter - JWT validated successfully for userId=6a311365ec2c34f3d9e4f06e
2026-07-15 11:12:21 [http-nio-8080-exec-5] INFO  c.e.D.controller.UserController - GET /api/v2/users - Fetch all users request received | page=0, size=8, sortBy=id, direction=desc
2026-07-15 11:12:21 [http-nio-8080-exec-5] WARN  com.zaxxer.hikari.pool.PoolBase - HikariPool-1 - Failed to validate connection com.mysql.cj.jdbc.ConnectionImpl@79da0f4f (No operations allowed after connection closed.). Possibly consider using a shorter maxLifetime value.
2026-07-15 11:12:21 [http-nio-8080-exec-5] WARN  com.zaxxer.hikari.pool.PoolBase - HikariPool-1 - Failed to validate connection com.mysql.cj.jdbc.ConnectionImpl@2ccbc089 (No operations allowed after connection closed.). Possibly consider using a shorter maxLifetime value.
2026-07-15 11:12:25 [http-nio-8080-exec-5] INFO  c.e.D.controller.UserController - Fetched 8 users on page 0 of 2
2026-07-15 11:12:25 [http-nio-8080-exec-6] INFO  c.e.Docgen_Backend.config.JwtFilter - JWT validated successfully for userId=6a311365ec2c34f3d9e4f06e
2026-07-15 11:12:25 [http-nio-8080-exec-6] INFO  c.e.D.controller.UserController - GET /api/v2/users - Fetch all users request received | page=0, size=8, sortBy=id, direction=desc
2026-07-15 11:12:27 [http-nio-8080-exec-9] INFO  c.e.Docgen_Backend.config.JwtFilter - JWT validated successfully for userId=6a311365ec2c34f3d9e4f06e
2026-07-15 11:12:27 [http-nio-8080-exec-9] INFO  c.e.D.controller.UserController - GET /api/v2/users/19 - Fetch request received
2026-07-15 11:12:27 [http-nio-8080-exec-9] INFO  c.e.D.service.impl.UserServiceImpl - Fetching user profile for edit | userId=19
2026-07-15 11:12:27 [http-nio-8080-exec-9] DEBUG c.e.D.service.impl.UserServiceImpl - User found | userId=19 | employeeId=SMDS0347
2026-07-15 11:12:27 [http-nio-8080-exec-9] INFO  c.e.D.service.impl.UserServiceImpl - User profile fetched successfully | userId=19 | timeTaken=492ms
2026-07-15 11:12:27 [http-nio-8080-exec-9] INFO  c.e.D.controller.UserController - Profile fetched successfully for userId=19
2026-07-15 11:12:27 [http-nio-8080-exec-9] DEBUG c.e.D.controller.UserController - Fetched profile data: UserProfileResponseDTO(id=19, employeeName=Chetan Vishwnath Jadhav, employeeId=SMDS0347, email=chetanvjadhav2905@gmail.com, mobileNo=8999725163, joiningDesignation=Power BI Developer, currentDesignation=Power BI Developer, department=Information Technology, company=SMT, identity=MR, pfType=WITH_PF, accountNo=067010110011164, bankName=Bank of india, currentAddress=Flat no E-08 Higane Home Colony Karve Nager Warje Pune-411052, permanentAddress=null, joiningCTC=750000.0, currentCTC=750000.0, dateOfBirth=1992-05-29, offerDate=2022-04-21, joiningDate=2022-05-02, panNo=BBTPJ7835H, documents={APPOINTMENT_LETTER=DocumentResponseDTO(generated=true, data={issueDate=2022-04-21, probationPeriod=30}), INTERNSHIP_LETTER=DocumentResponseDTO(generated=false, data=null), EXPERIENCE_LETTER=DocumentResponseDTO(generated=false, data=null), FULL_AND_FINAL=DocumentResponseDTO(generated=false, data=null), CONFIRMATION_LETTER=DocumentResponseDTO(generated=false, data=null), INCREMENT_LETTER=DocumentResponseDTO(generated=true, data={issueDate=2025-04-01}), RELIEVING_LETTER=DocumentResponseDTO(generated=false, data=null), SALARY_SLIP=DocumentResponseDTO(generated=true, data={startMonth=2026-04, endMonth=2026-06}), COMPLETION_LETTER=DocumentResponseDTO(generated=false, data=null), OFFER_LETTER=DocumentResponseDTO(generated=true, data={issueDate=2022-04-21, probationPeriod=3})})
2026-07-15 11:12:27 [http-nio-8080-exec-9] INFO  c.e.Docgen_Backend.config.JwtFilter - JWT validated successfully for userId=6a311365ec2c34f3d9e4f06e
2026-07-15 11:12:27 [http-nio-8080-exec-9] INFO  c.e.D.controller.UserController - GET /api/v2/users/19 - Fetch request received
2026-07-15 11:12:27 [http-nio-8080-exec-9] INFO  c.e.D.service.impl.UserServiceImpl - Fetching user profile for edit | userId=19
2026-07-15 11:12:28 [http-nio-8080-exec-9] DEBUG c.e.D.service.impl.UserServiceImpl - User found | userId=19 | employeeId=SMDS0347
2026-07-15 11:12:28 [http-nio-8080-exec-9] INFO  c.e.D.service.impl.UserServiceImpl - User profile fetched successfully | userId=19 | timeTaken=413ms
2026-07-15 11:12:28 [http-nio-8080-exec-9] INFO  c.e.D.controller.UserController - Profile fetched successfully for userId=19
2026-07-15 11:12:28 [http-nio-8080-exec-9] DEBUG c.e.D.controller.UserController - Fetched profile data: UserProfileResponseDTO(id=19, employeeName=Chetan Vishwnath Jadhav, employeeId=SMDS0347, email=chetanvjadhav2905@gmail.com, mobileNo=8999725163, joiningDesignation=Power BI Developer, currentDesignation=Power BI Developer, department=Information Technology, company=SMT, identity=MR, pfType=WITH_PF, accountNo=067010110011164, bankName=Bank of india, currentAddress=Flat no E-08 Higane Home Colony Karve Nager Warje Pune-411052, permanentAddress=null, joiningCTC=750000.0, currentCTC=750000.0, dateOfBirth=1992-05-29, offerDate=2022-04-21, joiningDate=2022-05-02, panNo=BBTPJ7835H, documents={APPOINTMENT_LETTER=DocumentResponseDTO(generated=true, data={issueDate=2022-04-21, probationPeriod=30}), INTERNSHIP_LETTER=DocumentResponseDTO(generated=false, data=null), EXPERIENCE_LETTER=DocumentResponseDTO(generated=false, data=null), FULL_AND_FINAL=DocumentResponseDTO(generated=false, data=null), CONFIRMATION_LETTER=DocumentResponseDTO(generated=false, data=null), INCREMENT_LETTER=DocumentResponseDTO(generated=true, data={issueDate=2025-04-01}), RELIEVING_LETTER=DocumentResponseDTO(generated=false, data=null), SALARY_SLIP=DocumentResponseDTO(generated=true, data={startMonth=2026-04, endMonth=2026-06}), COMPLETION_LETTER=DocumentResponseDTO(generated=false, data=null), OFFER_LETTER=DocumentResponseDTO(generated=true, data={issueDate=2022-04-21, probationPeriod=3})})
2026-07-15 11:12:29 [http-nio-8080-exec-6] INFO  c.e.D.controller.UserController - Fetched 8 users on page 0 of 2
2026-07-15 11:14:09 [HikariPool-1:housekeeper] WARN  com.zaxxer.hikari.pool.PoolBase - HikariPool-1 - Failed to validate connection com.mysql.cj.jdbc.ConnectionImpl@25551e4d (No operations allowed after connection closed.). Possibly consider using a shorter maxLifetime value.
2026-07-15 11:14:12 [HikariPool-1:housekeeper] WARN  com.zaxxer.hikari.pool.PoolBase - HikariPool-1 - Failed to validate connection com.mysql.cj.jdbc.ConnectionImpl@66bdc58f (No operations allowed after connection closed.). Possibly consider using a shorter maxLifetime value.
2026-07-15 11:14:16 [HikariPool-1:housekeeper] WARN  com.zaxxer.hikari.pool.PoolBase - HikariPool-1 - Failed to validate connection com.mysql.cj.jdbc.ConnectionImpl@3e121b81 (No operations allowed after connection closed.). Possibly consider using a shorter maxLifetime value.
2026-07-15 11:15:58 [HikariPool-1:housekeeper] WARN  com.zaxxer.hikari.pool.PoolBase - HikariPool-1 - Failed to validate connection com.mysql.cj.jdbc.ConnectionImpl@33b8dd78 (No operations allowed after connection closed.). Possibly consider using a shorter maxLifetime value.
2026-07-15 11:16:09 [HikariPool-1:housekeeper] WARN  com.zaxxer.hikari.pool.PoolBase - HikariPool-1 - Failed to validate connection com.mysql.cj.jdbc.ConnectionImpl@67cbee86 (No operations allowed after connection closed.). Possibly consider using a shorter maxLifetime value.
2026-07-15 11:17:38 [HikariPool-1:housekeeper] WARN  com.zaxxer.hikari.pool.PoolBase - HikariPool-1 - Failed to validate connection com.mysql.cj.jdbc.ConnectionImpl@3c0d78ad (No operations allowed after connection closed.). Possibly consider using a shorter maxLifetime value.
2026-07-15 11:17:49 [HikariPool-1:housekeeper] WARN  com.zaxxer.hikari.pool.PoolBase - HikariPool-1 - Failed to validate connection com.mysql.cj.jdbc.ConnectionImpl@7d5b112e (No operations allowed after connection closed.). Possibly consider using a shorter maxLifetime value.
2026-07-15 11:19:33 [HikariPool-1:housekeeper] WARN  com.zaxxer.hikari.pool.PoolBase - HikariPool-1 - Failed to validate connection com.mysql.cj.jdbc.ConnectionImpl@3a80c821 (No operations allowed after connection closed.). Possibly consider using a shorter maxLifetime value.
2026-07-15 11:19:44 [HikariPool-1:housekeeper] WARN  com.zaxxer.hikari.pool.PoolBase - HikariPool-1 - Failed to validate connection com.mysql.cj.jdbc.ConnectionImpl@394b65e4 (No operations allowed after connection closed.). Possibly consider using a shorter maxLifetime value.
2026-07-15 11:20:05 [http-nio-8080-exec-8] INFO  c.e.Docgen_Backend.config.JwtFilter - JWT validated successfully for userId=6a311365ec2c34f3d9e4f06e
2026-07-15 11:20:05 [http-nio-8080-exec-8] INFO  c.e.D.controller.UserController - GET /api/v2/users/19 - Fetch request received
2026-07-15 11:20:05 [http-nio-8080-exec-8] INFO  c.e.D.service.impl.UserServiceImpl - Fetching user profile for edit | userId=19
2026-07-15 11:20:05 [http-nio-8080-exec-8] WARN  com.zaxxer.hikari.pool.PoolBase - HikariPool-1 - Failed to validate connection com.mysql.cj.jdbc.ConnectionImpl@2c41cc85 (No operations allowed after connection closed.). Possibly consider using a shorter maxLifetime value.
2026-07-15 11:20:05 [http-nio-8080-exec-8] WARN  com.zaxxer.hikari.pool.PoolBase - HikariPool-1 - Failed to validate connection com.mysql.cj.jdbc.ConnectionImpl@1ef129a1 (No operations allowed after connection closed.). Possibly consider using a shorter maxLifetime value.
2026-07-15 11:20:05 [http-nio-8080-exec-8] DEBUG c.e.D.service.impl.UserServiceImpl - User found | userId=19 | employeeId=SMDS0347
2026-07-15 11:20:05 [http-nio-8080-exec-8] INFO  c.e.D.service.impl.UserServiceImpl - User profile fetched successfully | userId=19 | timeTaken=818ms
2026-07-15 11:20:05 [http-nio-8080-exec-8] INFO  c.e.D.controller.UserController - Profile fetched successfully for userId=19
2026-07-15 11:20:05 [http-nio-8080-exec-8] DEBUG c.e.D.controller.UserController - Fetched profile data: UserProfileResponseDTO(id=19, employeeName=Chetan Vishwnath Jadhav, employeeId=SMDS0347, email=chetanvjadhav2905@gmail.com, mobileNo=8999725163, joiningDesignation=Power BI Developer, currentDesignation=Power BI Developer, department=Information Technology, company=SMT, identity=MR, pfType=WITH_PF, accountNo=067010110011164, bankName=Bank of india, currentAddress=Flat no E-08 Higane Home Colony Karve Nager Warje Pune-411052, permanentAddress=null, joiningCTC=750000.0, currentCTC=750000.0, dateOfBirth=1992-05-29, offerDate=2022-04-21, joiningDate=2022-05-02, panNo=BBTPJ7835H, documents={APPOINTMENT_LETTER=DocumentResponseDTO(generated=true, data={issueDate=2022-04-21, probationPeriod=30}), INTERNSHIP_LETTER=DocumentResponseDTO(generated=false, data=null), EXPERIENCE_LETTER=DocumentResponseDTO(generated=false, data=null), FULL_AND_FINAL=DocumentResponseDTO(generated=false, data=null), CONFIRMATION_LETTER=DocumentResponseDTO(generated=false, data=null), INCREMENT_LETTER=DocumentResponseDTO(generated=true, data={issueDate=2025-04-01}), RELIEVING_LETTER=DocumentResponseDTO(generated=false, data=null), SALARY_SLIP=DocumentResponseDTO(generated=true, data={startMonth=2026-04, endMonth=2026-06}), COMPLETION_LETTER=DocumentResponseDTO(generated=false, data=null), OFFER_LETTER=DocumentResponseDTO(generated=true, data={issueDate=2022-04-21, probationPeriod=3})})
2026-07-15 11:20:05 [http-nio-8080-exec-7] INFO  c.e.Docgen_Backend.config.JwtFilter - JWT validated successfully for userId=6a311365ec2c34f3d9e4f06e
2026-07-15 11:20:05 [http-nio-8080-exec-7] INFO  c.e.D.controller.UserController - GET /api/v2/users/19 - Fetch request received
2026-07-15 11:20:05 [http-nio-8080-exec-7] INFO  c.e.D.service.impl.UserServiceImpl - Fetching user profile for edit | userId=19
2026-07-15 11:20:06 [http-nio-8080-exec-7] DEBUG c.e.D.service.impl.UserServiceImpl - User found | userId=19 | employeeId=SMDS0347
2026-07-15 11:20:06 [http-nio-8080-exec-7] INFO  c.e.D.service.impl.UserServiceImpl - User profile fetched successfully | userId=19 | timeTaken=542ms
2026-07-15 11:20:06 [http-nio-8080-exec-7] INFO  c.e.D.controller.UserController - Profile fetched successfully for userId=19
2026-07-15 11:20:06 [http-nio-8080-exec-7] DEBUG c.e.D.controller.UserController - Fetched profile data: UserProfileResponseDTO(id=19, employeeName=Chetan Vishwnath Jadhav, employeeId=SMDS0347, email=chetanvjadhav2905@gmail.com, mobileNo=8999725163, joiningDesignation=Power BI Developer, currentDesignation=Power BI Developer, department=Information Technology, company=SMT, identity=MR, pfType=WITH_PF, accountNo=067010110011164, bankName=Bank of india, currentAddress=Flat no E-08 Higane Home Colony Karve Nager Warje Pune-411052, permanentAddress=null, joiningCTC=750000.0, currentCTC=750000.0, dateOfBirth=1992-05-29, offerDate=2022-04-21, joiningDate=2022-05-02, panNo=BBTPJ7835H, documents={APPOINTMENT_LETTER=DocumentResponseDTO(generated=true, data={issueDate=2022-04-21, probationPeriod=30}), INTERNSHIP_LETTER=DocumentResponseDTO(generated=false, data=null), EXPERIENCE_LETTER=DocumentResponseDTO(generated=false, data=null), FULL_AND_FINAL=DocumentResponseDTO(generated=false, data=null), CONFIRMATION_LETTER=DocumentResponseDTO(generated=false, data=null), INCREMENT_LETTER=DocumentResponseDTO(generated=true, data={issueDate=2025-04-01}), RELIEVING_LETTER=DocumentResponseDTO(generated=false, data=null), SALARY_SLIP=DocumentResponseDTO(generated=true, data={startMonth=2026-04, endMonth=2026-06}), COMPLETION_LETTER=DocumentResponseDTO(generated=false, data=null), OFFER_LETTER=DocumentResponseDTO(generated=true, data={issueDate=2022-04-21, probationPeriod=3})})
2026-07-15 11:20:46 [http-nio-8080-exec-6] INFO  c.e.Docgen_Backend.config.JwtFilter - JWT validated successfully for userId=6a311365ec2c34f3d9e4f06e
2026-07-15 11:20:46 [http-nio-8080-exec-6] INFO  c.e.D.controller.UserController - GET /api/v2/users - Fetch all users request received | page=0, size=8, sortBy=id, direction=desc
2026-07-15 11:20:46 [http-nio-8080-exec-6] WARN  com.zaxxer.hikari.pool.PoolBase - HikariPool-1 - Failed to validate connection com.mysql.cj.jdbc.ConnectionImpl@15b5efb4 (No operations allowed after connection closed.). Possibly consider using a shorter maxLifetime value.
2026-07-15 11:20:46 [http-nio-8080-exec-6] WARN  com.zaxxer.hikari.pool.PoolBase - HikariPool-1 - Failed to validate connection com.mysql.cj.jdbc.ConnectionImpl@4c2833ea (No operations allowed after connection closed.). Possibly consider using a shorter maxLifetime value.
2026-07-15 11:20:46 [http-nio-8080-exec-6] WARN  com.zaxxer.hikari.pool.PoolBase - HikariPool-1 - Failed to validate connection com.mysql.cj.jdbc.ConnectionImpl@6b4e7e08 (No operations allowed after connection closed.). Possibly consider using a shorter maxLifetime value.
2026-07-15 11:20:48 [http-nio-8080-exec-6] INFO  c.e.D.controller.UserController - Fetched 8 users on page 0 of 2
2026-07-15 11:20:48 [http-nio-8080-exec-2] INFO  c.e.Docgen_Backend.config.JwtFilter - JWT validated successfully for userId=6a311365ec2c34f3d9e4f06e
2026-07-15 11:20:48 [http-nio-8080-exec-2] INFO  c.e.D.controller.UserController - GET /api/v2/users - Fetch all users request received | page=0, size=8, sortBy=id, direction=desc
2026-07-15 11:20:49 [http-nio-8080-exec-4] INFO  c.e.Docgen_Backend.config.JwtFilter - JWT validated successfully for userId=6a311365ec2c34f3d9e4f06e
2026-07-15 11:20:49 [http-nio-8080-exec-4] INFO  c.e.D.controller.UserController - GET /api/v2/users/20 - Fetch request received
2026-07-15 11:20:49 [http-nio-8080-exec-4] INFO  c.e.D.service.impl.UserServiceImpl - Fetching user profile for edit | userId=20
2026-07-15 11:20:50 [http-nio-8080-exec-4] DEBUG c.e.D.service.impl.UserServiceImpl - User found | userId=20 | employeeId=CTS0380
2026-07-15 11:20:50 [http-nio-8080-exec-4] INFO  c.e.D.service.impl.UserServiceImpl - User profile fetched successfully | userId=20 | timeTaken=478ms
2026-07-15 11:20:50 [http-nio-8080-exec-4] INFO  c.e.D.controller.UserController - Profile fetched successfully for userId=20
2026-07-15 11:20:50 [http-nio-8080-exec-4] DEBUG c.e.D.controller.UserController - Fetched profile data: UserProfileResponseDTO(id=20, employeeName=Sakshi Sunilrao Yeole, employeeId=CTS0380, email=ssy290489@gmail.com, mobileNo=9579080633, joiningDesignation=Data Analyst, currentDesignation=Data Analyst, department=Information Technology, company=CTS, identity=MRS, pfType=WITH_PF, accountNo=2601235318269640, bankName=AU SMALL FINANCE BANK, currentAddress=W/o Ankush Belpande, D-603, Santosh Dreams, Ravet, Pune – 412101, permanentAddress=null, joiningCTC=850000.0, currentCTC=850000.0, dateOfBirth=1995-10-05, offerDate=2025-10-09, joiningDate=2025-11-10, panNo=ASAPY2454L, documents={APPOINTMENT_LETTER=DocumentResponseDTO(generated=false, data=null), INTERNSHIP_LETTER=DocumentResponseDTO(generated=false, data=null), EXPERIENCE_LETTER=DocumentResponseDTO(generated=true, data={issueDate=2026-07-10, relievingDate=2026-07-10}), FULL_AND_FINAL=DocumentResponseDTO(generated=false, data=null), CONFIRMATION_LETTER=DocumentResponseDTO(generated=false, data=null), INCREMENT_LETTER=DocumentResponseDTO(generated=true, data={issueDate=2026-04-01}), RELIEVING_LETTER=DocumentResponseDTO(generated=true, data={issueDate=2026-07-10, relievingDate=2026-07-10}), SALARY_SLIP=DocumentResponseDTO(generated=true, data={startMonth=2026-04, endMonth=2026-06}), COMPLETION_LETTER=DocumentResponseDTO(generated=false, data=null), OFFER_LETTER=DocumentResponseDTO(generated=true, data={issueDate=2025-10-09, probationPeriod=3})})
2026-07-15 11:20:50 [http-nio-8080-exec-5] INFO  c.e.Docgen_Backend.config.JwtFilter - JWT validated successfully for userId=6a311365ec2c34f3d9e4f06e
2026-07-15 11:20:50 [http-nio-8080-exec-5] INFO  c.e.D.controller.UserController - GET /api/v2/users/20 - Fetch request received
2026-07-15 11:20:50 [http-nio-8080-exec-5] INFO  c.e.D.service.impl.UserServiceImpl - Fetching user profile for edit | userId=20
2026-07-15 11:20:50 [http-nio-8080-exec-5] DEBUG c.e.D.service.impl.UserServiceImpl - User found | userId=20 | employeeId=CTS0380
2026-07-15 11:20:50 [http-nio-8080-exec-5] INFO  c.e.D.service.impl.UserServiceImpl - User profile fetched successfully | userId=20 | timeTaken=437ms
2026-07-15 11:20:50 [http-nio-8080-exec-5] INFO  c.e.D.controller.UserController - Profile fetched successfully for userId=20
2026-07-15 11:20:50 [http-nio-8080-exec-5] DEBUG c.e.D.controller.UserController - Fetched profile data: UserProfileResponseDTO(id=20, employeeName=Sakshi Sunilrao Yeole, employeeId=CTS0380, email=ssy290489@gmail.com, mobileNo=9579080633, joiningDesignation=Data Analyst, currentDesignation=Data Analyst, department=Information Technology, company=CTS, identity=MRS, pfType=WITH_PF, accountNo=2601235318269640, bankName=AU SMALL FINANCE BANK, currentAddress=W/o Ankush Belpande, D-603, Santosh Dreams, Ravet, Pune – 412101, permanentAddress=null, joiningCTC=850000.0, currentCTC=850000.0, dateOfBirth=1995-10-05, offerDate=2025-10-09, joiningDate=2025-11-10, panNo=ASAPY2454L, documents={APPOINTMENT_LETTER=DocumentResponseDTO(generated=false, data=null), INTERNSHIP_LETTER=DocumentResponseDTO(generated=false, data=null), EXPERIENCE_LETTER=DocumentResponseDTO(generated=true, data={issueDate=2026-07-10, relievingDate=2026-07-10}), FULL_AND_FINAL=DocumentResponseDTO(generated=false, data=null), CONFIRMATION_LETTER=DocumentResponseDTO(generated=false, data=null), INCREMENT_LETTER=DocumentResponseDTO(generated=true, data={issueDate=2026-04-01}), RELIEVING_LETTER=DocumentResponseDTO(generated=true, data={issueDate=2026-07-10, relievingDate=2026-07-10}), SALARY_SLIP=DocumentResponseDTO(generated=true, data={startMonth=2026-04, endMonth=2026-06}), COMPLETION_LETTER=DocumentResponseDTO(generated=false, data=null), OFFER_LETTER=DocumentResponseDTO(generated=true, data={issueDate=2025-10-09, probationPeriod=3})})
2026-07-15 11:20:51 [http-nio-8080-exec-2] INFO  c.e.D.controller.UserController - Fetched 8 users on page 0 of 2
2026-07-15 11:22:38 [HikariPool-1:housekeeper] WARN  com.zaxxer.hikari.pool.PoolBase - HikariPool-1 - Failed to validate connection com.mysql.cj.jdbc.ConnectionImpl@10d565f3 (No operations allowed after connection closed.). Possibly consider using a shorter maxLifetime value.
2026-07-15 11:22:45 [HikariPool-1:housekeeper] WARN  com.zaxxer.hikari.pool.PoolBase - HikariPool-1 - Failed to validate connection com.mysql.cj.jdbc.ConnectionImpl@83c7b06 (No operations allowed after connection closed.). Possibly consider using a shorter maxLifetime value.
2026-07-15 11:22:45 [HikariPool-1:housekeeper] WARN  com.zaxxer.hikari.pool.PoolBase - HikariPool-1 - Failed to validate connection com.mysql.cj.jdbc.ConnectionImpl@5cb60c3f (No operations allowed after connection closed.). Possibly consider using a shorter maxLifetime value.
2026-07-15 11:24:38 [HikariPool-1:housekeeper] WARN  com.zaxxer.hikari.pool.PoolBase - HikariPool-1 - Failed to validate connection com.mysql.cj.jdbc.ConnectionImpl@648b550e (No operations allowed after connection closed.). Possibly consider using a shorter maxLifetime value.
2026-07-15 11:24:41 [HikariPool-1:housekeeper] WARN  com.zaxxer.hikari.pool.PoolBase - HikariPool-1 - Failed to validate connection com.mysql.cj.jdbc.ConnectionImpl@50124182 (No operations allowed after connection closed.). Possibly consider using a shorter maxLifetime value.
2026-07-15 11:25:03 [http-nio-8080-exec-6] INFO  c.e.Docgen_Backend.config.JwtFilter - JWT validated successfully for userId=6a311365ec2c34f3d9e4f06e
2026-07-15 11:25:04 [http-nio-8080-exec-6] INFO  c.e.D.controller.UserController - POST /api/v2/users/create-profile - Request received for employeeId=SMT124
2026-07-15 11:25:04 [http-nio-8080-exec-6] DEBUG c.e.D.controller.UserController - Full request payload: CreateProfileRequest(employeeName=Prathamesh Bhavsar, email=prathamesh69bhavsar@gmail.com, mobileNo=8007454299, employeeId=SMT124, joiningDesignation=Programmer Analyst Trainee, currentDesignation=Senior Java developer, department=Information Technology, currentAddress=N-42,VD-1/3/1,Sawta Nager,Cidco,Trimurti Chowk, permanentAddress=null, accountNo=5746446273, bankName=Bank of India, joiningCTC=500000.0, currentCTC=800000.0, dateOfBirth=2026-07-15, offerDate=2026-07-15, joiningDate=2026-07-15, panNo=BPZPL7168H, company=CTS, pfType=WITH_PF, identity=MRS, documents=[RELIEVING_LETTER], documentData={RELIEVING_LETTER={relievingDate=2026-07-15, issueDate=2026-07-15}})
2026-07-15 11:25:04 [http-nio-8080-exec-6] INFO  c.e.D.service.impl.UserServiceImpl - Creating user profile for employeeId=SMT124
2026-07-15 11:25:04 [http-nio-8080-exec-6] DEBUG c.e.D.service.impl.UserServiceImpl - Validating request for employeeId=SMT124
2026-07-15 11:25:04 [http-nio-8080-exec-6] WARN  com.zaxxer.hikari.pool.PoolBase - HikariPool-1 - Failed to validate connection com.mysql.cj.jdbc.ConnectionImpl@6bed7c1b (No operations allowed after connection closed.). Possibly consider using a shorter maxLifetime value.
2026-07-15 11:25:04 [http-nio-8080-exec-6] WARN  com.zaxxer.hikari.pool.PoolBase - HikariPool-1 - Failed to validate connection com.mysql.cj.jdbc.ConnectionImpl@65d7347c (No operations allowed after connection closed.). Possibly consider using a shorter maxLifetime value.
2026-07-15 11:25:04 [http-nio-8080-exec-6] ERROR c.e.D.service.impl.UserServiceImpl - Error while creating profile for employeeId=SMT124 | error=Employee ID already exists
java.lang.IllegalArgumentException: Employee ID already exists
	at com.example.Docgen_Backend.service.impl.UserServiceImpl.validateRequest(UserServiceImpl.java:89)
	at com.example.Docgen_Backend.service.impl.UserServiceImpl.createProfile(UserServiceImpl.java:37)
	at com.example.Docgen_Backend.controller.UserController.createProfile(UserController.java:35)
	at java.base/jdk.internal.reflect.DirectMethodHandleAccessor.invoke(DirectMethodHandleAccessor.java:103)
	at java.base/java.lang.reflect.Method.invoke(Method.java:580)
	at org.springframework.web.method.support.InvocableHandlerMethod.doInvoke(InvocableHandlerMethod.java:252)
	at org.springframework.web.method.support.InvocableHandlerMethod.invokeForRequest(InvocableHandlerMethod.java:184)
	at org.springframework.web.servlet.mvc.method.annotation.ServletInvocableHandlerMethod.invokeAndHandle(ServletInvocableHandlerMethod.java:117)
	at org.springframework.web.servlet.mvc.method.annotation.RequestMappingHandlerAdapter.invokeHandlerMethod(RequestMappingHandlerAdapter.java:934)
	at org.springframework.web.servlet.mvc.method.annotation.RequestMappingHandlerAdapter.handleInternal(RequestMappingHandlerAdapter.java:853)
	at org.springframework.web.servlet.mvc.method.AbstractHandlerMethodAdapter.handle(AbstractHandlerMethodAdapter.java:86)
	at org.springframework.web.servlet.DispatcherServlet.doDispatch(DispatcherServlet.java:963)
	at org.springframework.web.servlet.DispatcherServlet.doService(DispatcherServlet.java:866)
	at org.springframework.web.servlet.FrameworkServlet.processRequest(FrameworkServlet.java:1000)
	at org.springframework.web.servlet.FrameworkServlet.doPost(FrameworkServlet.java:903)
	at jakarta.servlet.http.HttpServlet.service(HttpServlet.java:649)
	at org.springframework.web.servlet.FrameworkServlet.service(FrameworkServlet.java:874)
	at jakarta.servlet.http.HttpServlet.service(HttpServlet.java:710)
	at org.apache.catalina.core.ApplicationFilterChain.doFilter(ApplicationFilterChain.java:128)
	at org.apache.tomcat.websocket.server.WsFilter.doFilter(WsFilter.java:53)
	at org.apache.catalina.core.ApplicationFilterChain.doFilter(ApplicationFilterChain.java:107)
	at org.springframework.web.filter.OncePerRequestFilter.doFilter(OncePerRequestFilter.java:110)
	at org.apache.catalina.core.ApplicationFilterChain.doFilter(ApplicationFilterChain.java:107)
	at org.springframework.web.filter.CompositeFilter$VirtualFilterChain.doFilter(CompositeFilter.java:108)
	at org.springframework.security.web.FilterChainProxy.lambda$doFilterInternal$3(FilterChainProxy.java:235)
	at org.springframework.security.web.FilterChainProxy$VirtualFilterChain.doFilter(FilterChainProxy.java:376)
	at org.springframework.security.web.access.intercept.AuthorizationFilter.doFilter(AuthorizationFilter.java:101)
	at org.springframework.security.web.FilterChainProxy$VirtualFilterChain.doFilter(FilterChainProxy.java:385)
	at org.springframework.security.web.access.ExceptionTranslationFilter.doFilter(ExceptionTranslationFilter.java:126)
	at org.springframework.security.web.access.ExceptionTranslationFilter.doFilter(ExceptionTranslationFilter.java:120)
	at org.springframework.security.web.FilterChainProxy$VirtualFilterChain.doFilter(FilterChainProxy.java:385)
	at org.springframework.security.web.session.SessionManagementFilter.doFilter(SessionManagementFilter.java:132)
	at org.springframework.security.web.session.SessionManagementFilter.doFilter(SessionManagementFilter.java:86)
	at org.springframework.security.web.FilterChainProxy$VirtualFilterChain.doFilter(FilterChainProxy.java:385)
	at org.springframework.security.web.authentication.AnonymousAuthenticationFilter.doFilter(AnonymousAuthenticationFilter.java:100)
	at org.springframework.security.web.FilterChainProxy$VirtualFilterChain.doFilter(FilterChainProxy.java:385)
	at org.springframework.security.web.servletapi.SecurityContextHolderAwareRequestFilter.doFilter(SecurityContextHolderAwareRequestFilter.java:181)
	at org.springframework.security.web.FilterChainProxy$VirtualFilterChain.doFilter(FilterChainProxy.java:385)
	at org.springframework.security.web.savedrequest.RequestCacheAwareFilter.doFilter(RequestCacheAwareFilter.java:63)
	at org.springframework.security.web.FilterChainProxy$VirtualFilterChain.doFilter(FilterChainProxy.java:385)
	at com.example.Docgen_Backend.config.JwtFilter.doFilterInternal(JwtFilter.java:111)
	at org.springframework.web.filter.OncePerRequestFilter.doFilter(OncePerRequestFilter.java:116)
	at org.springframework.security.web.FilterChainProxy$VirtualFilterChain.doFilter(FilterChainProxy.java:385)
	at org.springframework.security.web.authentication.logout.LogoutFilter.doFilter(LogoutFilter.java:110)
	at org.springframework.security.web.authentication.logout.LogoutFilter.doFilter(LogoutFilter.java:96)
	at org.springframework.security.web.FilterChainProxy$VirtualFilterChain.doFilter(FilterChainProxy.java:385)
	at org.springframework.web.filter.CorsFilter.doFilterInternal(CorsFilter.java:91)
	at org.springframework.web.filter.OncePerRequestFilter.doFilter(OncePerRequestFilter.java:116)
	at org.springframework.security.web.FilterChainProxy$VirtualFilterChain.doFilter(FilterChainProxy.java:385)
	at org.springframework.security.web.header.HeaderWriterFilter.doHeadersAfter(HeaderWriterFilter.java:90)
	at org.springframework.security.web.header.HeaderWriterFilter.doFilterInternal(HeaderWriterFilter.java:75)
	at org.springframework.web.filter.OncePerRequestFilter.doFilter(OncePerRequestFilter.java:116)
	at org.springframework.security.web.FilterChainProxy$VirtualFilterChain.doFilter(FilterChainProxy.java:385)
	at org.springframework.security.web.context.SecurityContextHolderFilter.doFilter(SecurityContextHolderFilter.java:82)
	at org.springframework.security.web.context.SecurityContextHolderFilter.doFilter(SecurityContextHolderFilter.java:69)
	at org.springframework.security.web.FilterChainProxy$VirtualFilterChain.doFilter(FilterChainProxy.java:385)
	at org.springframework.security.web.context.request.async.WebAsyncManagerIntegrationFilter.doFilterInternal(WebAsyncManagerIntegrationFilter.java:62)
	at org.springframework.web.filter.OncePerRequestFilter.doFilter(OncePerRequestFilter.java:116)
	at org.springframework.security.web.FilterChainProxy$VirtualFilterChain.doFilter(FilterChainProxy.java:385)
	at org.springframework.security.web.session.DisableEncodeUrlFilter.doFilterInternal(DisableEncodeUrlFilter.java:42)
	at org.springframework.web.filter.OncePerRequestFilter.doFilter(OncePerRequestFilter.java:116)
	at org.springframework.security.web.FilterChainProxy$VirtualFilterChain.doFilter(FilterChainProxy.java:385)
	at org.springframework.security.web.FilterChainProxy.doFilterInternal(FilterChainProxy.java:237)
	at org.springframework.security.web.FilterChainProxy.doFilter(FilterChainProxy.java:195)
	at org.springframework.web.filter.CompositeFilter$VirtualFilterChain.doFilter(CompositeFilter.java:113)
	at org.springframework.web.filter.ServletRequestPathFilter.doFilter(ServletRequestPathFilter.java:52)
	at org.springframework.web.filter.CompositeFilter$VirtualFilterChain.doFilter(CompositeFilter.java:113)
	at org.springframework.web.filter.CompositeFilter.doFilter(CompositeFilter.java:74)
	at org.springframework.security.config.annotation.web.configuration.WebSecurityConfiguration$CompositeFilterChainProxy.doFilter(WebSecurityConfiguration.java:317)
	at org.springframework.web.filter.DelegatingFilterProxy.invokeDelegate(DelegatingFilterProxy.java:355)
	at org.springframework.web.filter.DelegatingFilterProxy.doFilter(DelegatingFilterProxy.java:272)
	at org.apache.catalina.core.ApplicationFilterChain.doFilter(ApplicationFilterChain.java:107)
	at org.springframework.web.filter.RequestContextFilter.doFilterInternal(RequestContextFilter.java:100)
	at org.springframework.web.filter.OncePerRequestFilter.doFilter(OncePerRequestFilter.java:116)
	at org.apache.catalina.core.ApplicationFilterChain.doFilter(ApplicationFilterChain.java:107)
	at org.springframework.web.filter.FormContentFilter.doFilterInternal(FormContentFilter.java:93)
	at org.springframework.web.filter.OncePerRequestFilter.doFilter(OncePerRequestFilter.java:116)
	at org.apache.catalina.core.ApplicationFilterChain.doFilter(ApplicationFilterChain.java:107)
	at org.springframework.web.filter.CharacterEncodingFilter.doFilterInternal(CharacterEncodingFilter.java:199)
	at org.springframework.web.filter.OncePerRequestFilter.doFilter(OncePerRequestFilter.java:116)
	at org.apache.catalina.core.ApplicationFilterChain.doFilter(ApplicationFilterChain.java:107)
	at org.apache.catalina.core.StandardWrapperValve.invoke(StandardWrapperValve.java:165)
	at org.apache.catalina.core.StandardContextValve.invoke(StandardContextValve.java:77)
	at org.apache.catalina.authenticator.AuthenticatorBase.invoke(AuthenticatorBase.java:492)
	at org.apache.catalina.core.StandardHostValve.invoke(StandardHostValve.java:113)
	at org.apache.catalina.valves.ErrorReportValve.invoke(ErrorReportValve.java:83)
	at org.apache.catalina.core.StandardEngineValve.invoke(StandardEngineValve.java:72)
	at org.apache.catalina.connector.CoyoteAdapter.service(CoyoteAdapter.java:341)
	at org.apache.coyote.http11.Http11Processor.service(Http11Processor.java:397)
	at org.apache.coyote.AbstractProcessorLight.process(AbstractProcessorLight.java:63)
	at org.apache.coyote.AbstractProtocol$ConnectionHandler.process(AbstractProtocol.java:903)
	at org.apache.tomcat.util.net.NioEndpoint$SocketProcessor.doRun(NioEndpoint.java:1801)
	at org.apache.tomcat.util.net.SocketProcessorBase.run(SocketProcessorBase.java:52)
	at org.apache.tomcat.util.threads.ThreadPoolExecutor.runWorker(ThreadPoolExecutor.java:946)
	at org.apache.tomcat.util.threads.ThreadPoolExecutor$Worker.run(ThreadPoolExecutor.java:480)
	at org.apache.tomcat.util.threads.TaskThread$WrappingRunnable.run(TaskThread.java:57)
	at java.base/java.lang.Thread.run(Thread.java:1583)
2026-07-15 11:25:05 [http-nio-8080-exec-6] ERROR c.e.D.e.GlobalExceptionHandler - Invalid input: Employee ID already exists
2026-07-15 11:25:05 [http-nio-8080-exec-6] WARN  o.s.w.s.m.m.a.ExceptionHandlerExceptionResolver - Resolved [java.lang.IllegalArgumentException: Employee ID already exists]
2026-07-15 11:25:17 [SpringApplicationShutdownHook] INFO  o.s.boot.tomcat.GracefulShutdown - Commencing graceful shutdown. Waiting for active requests to complete
2026-07-15 11:25:17 [tomcat-shutdown] INFO  o.s.boot.tomcat.GracefulShutdown - Graceful shutdown complete
2026-07-15 11:25:17 [SpringApplicationShutdownHook] INFO  o.s.o.j.LocalContainerEntityManagerFactoryBean - Closing JPA EntityManagerFactory for persistence unit 'default'
2026-07-15 11:25:17 [SpringApplicationShutdownHook] INFO  com.zaxxer.hikari.HikariDataSource - HikariPool-1 - Shutdown initiated...
2026-07-15 11:25:17 [SpringApplicationShutdownHook] INFO  com.zaxxer.hikari.HikariDataSource - HikariPool-1 - Shutdown completed.
2026-07-15 11:36:41 [background-preinit] INFO  o.h.validator.internal.util.Version - HV000001: Hibernate Validator 9.0.1.Final
2026-07-15 11:36:41 [restartedMain] INFO  c.e.D.DocgenBackendApplication - Starting DocgenBackendApplication using Java 21.0.9 with PID 22744 (E:\DocGen New Front V2\Docgen-Backend\target\classes started by prath in E:\DocGen New Front V2\Docgen-Backend)
2026-07-15 11:36:41 [restartedMain] DEBUG c.e.D.DocgenBackendApplication - Running with Spring Boot v4.0.6, Spring v7.0.7
2026-07-15 11:36:41 [restartedMain] INFO  c.e.D.DocgenBackendApplication - No active profile set, falling back to 1 default profile: "default"
2026-07-15 11:36:41 [restartedMain] INFO  o.s.b.d.e.DevToolsPropertyDefaultsPostProcessor - Devtools property defaults active! Set 'spring.devtools.add-properties' to 'false' to disable
2026-07-15 11:36:41 [restartedMain] INFO  o.s.b.d.e.DevToolsPropertyDefaultsPostProcessor - For additional web related logging consider setting the 'logging.level.web' property to 'DEBUG'
2026-07-15 11:36:41 [restartedMain] INFO  o.s.d.r.c.RepositoryConfigurationDelegate - Bootstrapping Spring Data JPA repositories in DEFAULT mode.
2026-07-15 11:36:41 [restartedMain] INFO  o.s.d.r.c.RepositoryConfigurationDelegate - Finished Spring Data repository scanning in 49 ms. Found 2 JPA repository interfaces.
2026-07-15 11:36:42 [restartedMain] INFO  o.s.boot.tomcat.TomcatWebServer - Tomcat initialized with port 8080 (http)
2026-07-15 11:36:42 [restartedMain] INFO  o.a.coyote.http11.Http11NioProtocol - Initializing ProtocolHandler ["http-nio-8080"]
2026-07-15 11:36:42 [restartedMain] INFO  o.a.catalina.core.StandardService - Starting service [Tomcat]
2026-07-15 11:36:42 [restartedMain] INFO  o.a.catalina.core.StandardEngine - Starting Servlet engine: [Apache Tomcat/11.0.21]
2026-07-15 11:36:42 [restartedMain] INFO  o.s.b.w.c.s.WebApplicationContextInitializer - Root WebApplicationContext: initialization completed in 1329 ms
2026-07-15 11:36:42 [restartedMain] DEBUG c.e.Docgen_Backend.config.JwtFilter - Filter 'jwtFilter' configured for use
2026-07-15 11:36:42 [restartedMain] INFO  org.hibernate.orm.jpa - HHH008540: Processing PersistenceUnitInfo [name: default]
2026-07-15 11:36:42 [restartedMain] INFO  org.hibernate.orm.core - HHH000001: Hibernate ORM core version 7.2.12.Final
2026-07-15 11:36:43 [restartedMain] INFO  o.s.o.j.p.SpringPersistenceUnitInfo - No LoadTimeWeaver setup: ignoring JPA class transformer
2026-07-15 11:36:43 [restartedMain] INFO  com.zaxxer.hikari.HikariDataSource - HikariPool-1 - Starting...
2026-07-15 11:36:43 [restartedMain] INFO  com.zaxxer.hikari.pool.HikariPool - HikariPool-1 - Added connection com.mysql.cj.jdbc.ConnectionImpl@56edeb8f
2026-07-15 11:36:43 [restartedMain] INFO  com.zaxxer.hikari.HikariDataSource - HikariPool-1 - Start completed.
2026-07-15 11:36:44 [restartedMain] WARN  org.hibernate.orm.jdbc - HHH100045: Could not obtain connection metadata: java.sql.SQLSyntaxErrorException: Unknown column 'RESERVED' in 'WHERE'
2026-07-15 11:36:44 [restartedMain] WARN  org.hibernate.orm.deprecation - HHH90000025: MySQLDialect does not need to be specified explicitly using 'hibernate.dialect' (remove the property setting and it will be selected by default)
2026-07-15 11:36:44 [restartedMain] INFO  o.hibernate.orm.connections.pooling - HHH10001005: Database info:
	Database JDBC URL [undefined/unknown]
	Database driver: undefined/unknown
	Database dialect: MySQLDialect
	Database version: 8.0
	Default catalog/schema: unknown/unknown
	Autocommit mode: undefined/unknown
	Isolation level: NONE [default NONE]
	JDBC fetch size: undefined/unknown
	Pool: DataSourceConnectionProvider
	Minimum pool size: undefined/unknown
	Maximum pool size: undefined/unknown
2026-07-15 11:36:45 [restartedMain] INFO  org.hibernate.orm.core - HHH000489: No JTA platform available (set 'hibernate.transaction.jta.platform' to enable JTA platform integration)
2026-07-15 11:36:57 [restartedMain] INFO  o.s.o.j.LocalContainerEntityManagerFactoryBean - Initialized JPA EntityManagerFactory for persistence unit 'default'
2026-07-15 11:36:57 [restartedMain] INFO  o.s.d.j.r.q.QueryEnhancerFactories - Hibernate is in classpath; If applicable, HQL parser will be used.
2026-07-15 11:36:57 [restartedMain] INFO  o.s.s.c.a.a.c.InitializeUserDetailsBeanManagerConfigurer$InitializeUserDetailsManagerConfigurer - Global AuthenticationManager configured with UserDetailsService bean with name customUserDetailsService
2026-07-15 11:36:57 [restartedMain] WARN  o.s.b.j.a.JpaBaseConfiguration$JpaWebConfiguration - spring.jpa.open-in-view is enabled by default. Therefore, database queries may be performed during view rendering. Explicitly configure spring.jpa.open-in-view to disable this warning
2026-07-15 11:36:57 [restartedMain] INFO  o.a.coyote.http11.Http11NioProtocol - Starting ProtocolHandler ["http-nio-8080"]
2026-07-15 11:36:57 [restartedMain] INFO  o.s.boot.tomcat.TomcatWebServer - Tomcat started on port 8080 (http) with context path '/'
2026-07-15 11:36:57 [restartedMain] INFO  c.e.D.DocgenBackendApplication - Started DocgenBackendApplication in 17.508 seconds (process running for 18.181)
2026-07-15 11:36:59 [http-nio-8080-exec-2] INFO  o.a.c.c.C.[Tomcat].[localhost].[/] - Initializing Spring DispatcherServlet 'dispatcherServlet'
2026-07-15 11:36:59 [http-nio-8080-exec-2] INFO  o.s.web.servlet.DispatcherServlet - Initializing Servlet 'dispatcherServlet'
2026-07-15 11:36:59 [http-nio-8080-exec-2] INFO  o.s.web.servlet.DispatcherServlet - Completed initialization in 1 ms
2026-07-15 11:36:59 [http-nio-8080-exec-3] INFO  c.e.Docgen_Backend.config.JwtFilter - JWT validated successfully for userId=6a311365ec2c34f3d9e4f06e
2026-07-15 11:37:00 [http-nio-8080-exec-3] INFO  c.e.D.controller.UserController - GET /api/v2/users - Fetch all users request received | page=0, size=8, sortBy=id, direction=desc
2026-07-15 11:37:03 [http-nio-8080-exec-3] INFO  c.e.D.controller.UserController - Fetched 8 users on page 0 of 2
2026-07-15 11:37:04 [http-nio-8080-exec-4] INFO  c.e.Docgen_Backend.config.JwtFilter - JWT validated successfully for userId=6a311365ec2c34f3d9e4f06e
2026-07-15 11:37:04 [http-nio-8080-exec-4] INFO  c.e.D.controller.UserController - GET /api/v2/users - Fetch all users request received | page=0, size=8, sortBy=id, direction=desc
2026-07-15 11:37:07 [http-nio-8080-exec-4] INFO  c.e.D.controller.UserController - Fetched 8 users on page 0 of 2
2026-07-15 11:38:27 [HikariPool-1:housekeeper] WARN  com.zaxxer.hikari.pool.PoolBase - HikariPool-1 - Failed to validate connection com.mysql.cj.jdbc.ConnectionImpl@471e978e (No operations allowed after connection closed.). Possibly consider using a shorter maxLifetime value.
2026-07-15 11:38:32 [HikariPool-1:housekeeper] WARN  com.zaxxer.hikari.pool.PoolBase - HikariPool-1 - Failed to validate connection com.mysql.cj.jdbc.ConnectionImpl@6807542 (No operations allowed after connection closed.). Possibly consider using a shorter maxLifetime value.
2026-07-15 11:38:33 [HikariPool-1:housekeeper] WARN  com.zaxxer.hikari.pool.PoolBase - HikariPool-1 - Failed to validate connection com.mysql.cj.jdbc.ConnectionImpl@56edeb8f (No operations allowed after connection closed.). Possibly consider using a shorter maxLifetime value.
2026-07-15 11:40:28 [HikariPool-1:housekeeper] WARN  com.zaxxer.hikari.pool.PoolBase - HikariPool-1 - Failed to validate connection com.mysql.cj.jdbc.ConnectionImpl@351130fb (No operations allowed after connection closed.). Possibly consider using a shorter maxLifetime value.
2026-07-15 11:40:29 [HikariPool-1:housekeeper] WARN  com.zaxxer.hikari.pool.PoolBase - HikariPool-1 - Failed to validate connection com.mysql.cj.jdbc.ConnectionImpl@23869e0e (No operations allowed after connection closed.). Possibly consider using a shorter maxLifetime value.
2026-07-15 11:42:20 [HikariPool-1:housekeeper] WARN  com.zaxxer.hikari.pool.PoolBase - HikariPool-1 - Failed to validate connection com.mysql.cj.jdbc.ConnectionImpl@26a9d559 (No operations allowed after connection closed.). Possibly consider using a shorter maxLifetime value.
2026-07-15 11:42:21 [HikariPool-1:housekeeper] WARN  com.zaxxer.hikari.pool.PoolBase - HikariPool-1 - Failed to validate connection com.mysql.cj.jdbc.ConnectionImpl@414c685b (No operations allowed after connection closed.). Possibly consider using a shorter maxLifetime value.
2026-07-15 11:44:01 [HikariPool-1:housekeeper] WARN  com.zaxxer.hikari.pool.PoolBase - HikariPool-1 - Failed to validate connection com.mysql.cj.jdbc.ConnectionImpl@562de892 (No operations allowed after connection closed.). Possibly consider using a shorter maxLifetime value.
2026-07-15 11:44:06 [HikariPool-1:housekeeper] WARN  com.zaxxer.hikari.pool.PoolBase - HikariPool-1 - Failed to validate connection com.mysql.cj.jdbc.ConnectionImpl@393e5313 (No operations allowed after connection closed.). Possibly consider using a shorter maxLifetime value.
2026-07-15 11:45:43 [HikariPool-1:housekeeper] WARN  com.zaxxer.hikari.pool.PoolBase - HikariPool-1 - Failed to validate connection com.mysql.cj.jdbc.ConnectionImpl@1b92eadf (No operations allowed after connection closed.). Possibly consider using a shorter maxLifetime value.
2026-07-15 11:46:00 [HikariPool-1:housekeeper] WARN  com.zaxxer.hikari.pool.PoolBase - HikariPool-1 - Failed to validate connection com.mysql.cj.jdbc.ConnectionImpl@2bedbe68 (No operations allowed after connection closed.). Possibly consider using a shorter maxLifetime value.
2026-07-15 11:47:36 [HikariPool-1:housekeeper] WARN  com.zaxxer.hikari.pool.PoolBase - HikariPool-1 - Failed to validate connection com.mysql.cj.jdbc.ConnectionImpl@6c481c10 (No operations allowed after connection closed.). Possibly consider using a shorter maxLifetime value.
2026-07-15 11:47:39 [HikariPool-1:housekeeper] WARN  com.zaxxer.hikari.pool.PoolBase - HikariPool-1 - Failed to validate connection com.mysql.cj.jdbc.ConnectionImpl@1fa52ab7 (No operations allowed after connection closed.). Possibly consider using a shorter maxLifetime value.
2026-07-15 11:49:23 [HikariPool-1:housekeeper] WARN  com.zaxxer.hikari.pool.PoolBase - HikariPool-1 - Failed to validate connection com.mysql.cj.jdbc.ConnectionImpl@79752120 (No operations allowed after connection closed.). Possibly consider using a shorter maxLifetime value.
2026-07-15 11:49:28 [HikariPool-1:housekeeper] WARN  com.zaxxer.hikari.pool.PoolBase - HikariPool-1 - Failed to validate connection com.mysql.cj.jdbc.ConnectionImpl@6233d483 (No operations allowed after connection closed.). Possibly consider using a shorter maxLifetime value.
2026-07-15 11:51:07 [HikariPool-1:housekeeper] WARN  com.zaxxer.hikari.pool.PoolBase - HikariPool-1 - Failed to validate connection com.mysql.cj.jdbc.ConnectionImpl@5475bae0 (No operations allowed after connection closed.). Possibly consider using a shorter maxLifetime value.
2026-07-15 11:51:22 [HikariPool-1:housekeeper] WARN  com.zaxxer.hikari.pool.PoolBase - HikariPool-1 - Failed to validate connection com.mysql.cj.jdbc.ConnectionImpl@59a1527c (No operations allowed after connection closed.). Possibly consider using a shorter maxLifetime value.
2026-07-15 11:52:52 [HikariPool-1:housekeeper] WARN  com.zaxxer.hikari.pool.PoolBase - HikariPool-1 - Failed to validate connection com.mysql.cj.jdbc.ConnectionImpl@5c110ee4 (No operations allowed after connection closed.). Possibly consider using a shorter maxLifetime value.
2026-07-15 11:53:22 [HikariPool-1:housekeeper] WARN  com.zaxxer.hikari.pool.PoolBase - HikariPool-1 - Failed to validate connection com.mysql.cj.jdbc.ConnectionImpl@4409b0bf (No operations allowed after connection closed.). Possibly consider using a shorter maxLifetime value.
2026-07-15 11:54:40 [http-nio-8080-exec-8] INFO  c.e.Docgen_Backend.config.JwtFilter - JWT validated successfully for userId=6a311365ec2c34f3d9e4f06e
2026-07-15 11:54:40 [http-nio-8080-exec-8] INFO  c.e.D.controller.UserController - POST /api/v2/users/create-profile - Request received for employeeId=DSS184
2026-07-15 11:54:40 [http-nio-8080-exec-8] DEBUG c.e.D.controller.UserController - Full request payload: CreateProfileRequest(employeeName=Siddhant Dilip Nakti, email=siddhantnakti01@gmail.com, mobileNo=8975145349, employeeId=DSS184, joiningDesignation=Application Support Engineer, currentDesignation=Application Support Engineer, department=Information Technology, currentAddress=Vanaj,Kothrud.411038, permanentAddress=null, accountNo=2601279919239462, bankName=AU Bank, joiningCTC=800000.0, currentCTC=800000.0, dateOfBirth=2001-05-29, offerDate=2025-08-21, joiningDate=2025-08-25, panNo=AXVPN3340C, company=DCS, pfType=WITH_PF, identity=MR, documents=[SALARY_SLIP, OFFER_LETTER], documentData={OFFER_LETTER={issueDate=2025-08-21, probationPeriod=null}, SALARY_SLIP={startMonth=2026-04, endMonth=2026-06, salaryWorkdays={2026-04=30, 2026-05=31, 2026-06=30}}})
2026-07-15 11:54:40 [http-nio-8080-exec-8] INFO  c.e.D.service.impl.UserServiceImpl - Creating user profile for employeeId=DSS184
2026-07-15 11:54:40 [http-nio-8080-exec-8] DEBUG c.e.D.service.impl.UserServiceImpl - Validating request for employeeId=DSS184
2026-07-15 11:54:41 [http-nio-8080-exec-8] WARN  com.zaxxer.hikari.pool.PoolBase - HikariPool-1 - Failed to validate connection com.mysql.cj.jdbc.ConnectionImpl@64bd1e (No operations allowed after connection closed.). Possibly consider using a shorter maxLifetime value.
2026-07-15 11:54:41 [http-nio-8080-exec-8] WARN  com.zaxxer.hikari.pool.PoolBase - HikariPool-1 - Failed to validate connection com.mysql.cj.jdbc.ConnectionImpl@ed50a57 (No operations allowed after connection closed.). Possibly consider using a shorter maxLifetime value.
2026-07-15 11:54:41 [http-nio-8080-exec-8] DEBUG c.e.D.service.impl.UserServiceImpl - Building UserProfile entity for employeeId=DSS184
2026-07-15 11:54:41 [http-nio-8080-exec-8] INFO  c.e.D.service.impl.UserServiceImpl - Current Address : Vanaj,Kothrud.411038
2026-07-15 11:54:41 [http-nio-8080-exec-8] INFO  c.e.D.service.impl.UserServiceImpl - Permanent Address : null
2026-07-15 11:54:41 [http-nio-8080-exec-8] INFO  c.e.D.service.impl.UserServiceImpl - Joining CTC : 800000.0
2026-07-15 11:54:41 [http-nio-8080-exec-8] INFO  c.e.D.service.impl.UserServiceImpl - Current CTC : 800000.0
2026-07-15 11:54:41 [http-nio-8080-exec-8] DEBUG c.e.D.service.impl.UserServiceImpl - Processing documents for employeeId=DSS184 | documents=[SALARY_SLIP, OFFER_LETTER]
2026-07-15 11:54:41 [http-nio-8080-exec-8] ERROR c.e.D.service.impl.UserServiceImpl - Error while creating profile for employeeId=DSS184 | error=probationPeriod is required
java.lang.IllegalArgumentException: probationPeriod is required
	at com.example.Docgen_Backend.service.impl.UserServiceImpl.getRequiredInteger(UserServiceImpl.java:188)
	at com.example.Docgen_Backend.service.impl.UserServiceImpl.handleOfferLetter(UserServiceImpl.java:216)
	at com.example.Docgen_Backend.service.impl.UserServiceImpl.processDocuments(UserServiceImpl.java:156)
	at com.example.Docgen_Backend.service.impl.UserServiceImpl.createProfile(UserServiceImpl.java:51)
	at com.example.Docgen_Backend.controller.UserController.createProfile(UserController.java:35)
	at java.base/jdk.internal.reflect.DirectMethodHandleAccessor.invoke(DirectMethodHandleAccessor.java:103)
	at java.base/java.lang.reflect.Method.invoke(Method.java:580)
	at org.springframework.web.method.support.InvocableHandlerMethod.doInvoke(InvocableHandlerMethod.java:252)
	at org.springframework.web.method.support.InvocableHandlerMethod.invokeForRequest(InvocableHandlerMethod.java:184)
	at org.springframework.web.servlet.mvc.method.annotation.ServletInvocableHandlerMethod.invokeAndHandle(ServletInvocableHandlerMethod.java:117)
	at org.springframework.web.servlet.mvc.method.annotation.RequestMappingHandlerAdapter.invokeHandlerMethod(RequestMappingHandlerAdapter.java:934)
	at org.springframework.web.servlet.mvc.method.annotation.RequestMappingHandlerAdapter.handleInternal(RequestMappingHandlerAdapter.java:853)
	at org.springframework.web.servlet.mvc.method.AbstractHandlerMethodAdapter.handle(AbstractHandlerMethodAdapter.java:86)
	at org.springframework.web.servlet.DispatcherServlet.doDispatch(DispatcherServlet.java:963)
	at org.springframework.web.servlet.DispatcherServlet.doService(DispatcherServlet.java:866)
	at org.springframework.web.servlet.FrameworkServlet.processRequest(FrameworkServlet.java:1000)
	at org.springframework.web.servlet.FrameworkServlet.doPost(FrameworkServlet.java:903)
	at jakarta.servlet.http.HttpServlet.service(HttpServlet.java:649)
	at org.springframework.web.servlet.FrameworkServlet.service(FrameworkServlet.java:874)
	at jakarta.servlet.http.HttpServlet.service(HttpServlet.java:710)
	at org.apache.catalina.core.ApplicationFilterChain.doFilter(ApplicationFilterChain.java:128)
	at org.apache.tomcat.websocket.server.WsFilter.doFilter(WsFilter.java:53)
	at org.apache.catalina.core.ApplicationFilterChain.doFilter(ApplicationFilterChain.java:107)
	at org.springframework.web.filter.OncePerRequestFilter.doFilter(OncePerRequestFilter.java:110)
	at org.apache.catalina.core.ApplicationFilterChain.doFilter(ApplicationFilterChain.java:107)
	at org.springframework.web.filter.CompositeFilter$VirtualFilterChain.doFilter(CompositeFilter.java:108)
	at org.springframework.security.web.FilterChainProxy.lambda$doFilterInternal$3(FilterChainProxy.java:235)
	at org.springframework.security.web.FilterChainProxy$VirtualFilterChain.doFilter(FilterChainProxy.java:376)
	at org.springframework.security.web.access.intercept.AuthorizationFilter.doFilter(AuthorizationFilter.java:101)
	at org.springframework.security.web.FilterChainProxy$VirtualFilterChain.doFilter(FilterChainProxy.java:385)
	at org.springframework.security.web.access.ExceptionTranslationFilter.doFilter(ExceptionTranslationFilter.java:126)
	at org.springframework.security.web.access.ExceptionTranslationFilter.doFilter(ExceptionTranslationFilter.java:120)
	at org.springframework.security.web.FilterChainProxy$VirtualFilterChain.doFilter(FilterChainProxy.java:385)
	at org.springframework.security.web.session.SessionManagementFilter.doFilter(SessionManagementFilter.java:132)
	at org.springframework.security.web.session.SessionManagementFilter.doFilter(SessionManagementFilter.java:86)
	at org.springframework.security.web.FilterChainProxy$VirtualFilterChain.doFilter(FilterChainProxy.java:385)
	at org.springframework.security.web.authentication.AnonymousAuthenticationFilter.doFilter(AnonymousAuthenticationFilter.java:100)
	at org.springframework.security.web.FilterChainProxy$VirtualFilterChain.doFilter(FilterChainProxy.java:385)
	at org.springframework.security.web.servletapi.SecurityContextHolderAwareRequestFilter.doFilter(SecurityContextHolderAwareRequestFilter.java:181)
	at org.springframework.security.web.FilterChainProxy$VirtualFilterChain.doFilter(FilterChainProxy.java:385)
	at org.springframework.security.web.savedrequest.RequestCacheAwareFilter.doFilter(RequestCacheAwareFilter.java:63)
	at org.springframework.security.web.FilterChainProxy$VirtualFilterChain.doFilter(FilterChainProxy.java:385)
	at com.example.Docgen_Backend.config.JwtFilter.doFilterInternal(JwtFilter.java:111)
	at org.springframework.web.filter.OncePerRequestFilter.doFilter(OncePerRequestFilter.java:116)
	at org.springframework.security.web.FilterChainProxy$VirtualFilterChain.doFilter(FilterChainProxy.java:385)
	at org.springframework.security.web.authentication.logout.LogoutFilter.doFilter(LogoutFilter.java:110)
	at org.springframework.security.web.authentication.logout.LogoutFilter.doFilter(LogoutFilter.java:96)
	at org.springframework.security.web.FilterChainProxy$VirtualFilterChain.doFilter(FilterChainProxy.java:385)
	at org.springframework.web.filter.CorsFilter.doFilterInternal(CorsFilter.java:91)
	at org.springframework.web.filter.OncePerRequestFilter.doFilter(OncePerRequestFilter.java:116)
	at org.springframework.security.web.FilterChainProxy$VirtualFilterChain.doFilter(FilterChainProxy.java:385)
	at org.springframework.security.web.header.HeaderWriterFilter.doHeadersAfter(HeaderWriterFilter.java:90)
	at org.springframework.security.web.header.HeaderWriterFilter.doFilterInternal(HeaderWriterFilter.java:75)
	at org.springframework.web.filter.OncePerRequestFilter.doFilter(OncePerRequestFilter.java:116)
	at org.springframework.security.web.FilterChainProxy$VirtualFilterChain.doFilter(FilterChainProxy.java:385)
	at org.springframework.security.web.context.SecurityContextHolderFilter.doFilter(SecurityContextHolderFilter.java:82)
	at org.springframework.security.web.context.SecurityContextHolderFilter.doFilter(SecurityContextHolderFilter.java:69)
	at org.springframework.security.web.FilterChainProxy$VirtualFilterChain.doFilter(FilterChainProxy.java:385)
	at org.springframework.security.web.context.request.async.WebAsyncManagerIntegrationFilter.doFilterInternal(WebAsyncManagerIntegrationFilter.java:62)
	at org.springframework.web.filter.OncePerRequestFilter.doFilter(OncePerRequestFilter.java:116)
	at org.springframework.security.web.FilterChainProxy$VirtualFilterChain.doFilter(FilterChainProxy.java:385)
	at org.springframework.security.web.session.DisableEncodeUrlFilter.doFilterInternal(DisableEncodeUrlFilter.java:42)
	at org.springframework.web.filter.OncePerRequestFilter.doFilter(OncePerRequestFilter.java:116)
	at org.springframework.security.web.FilterChainProxy$VirtualFilterChain.doFilter(FilterChainProxy.java:385)
	at org.springframework.security.web.FilterChainProxy.doFilterInternal(FilterChainProxy.java:237)
	at org.springframework.security.web.FilterChainProxy.doFilter(FilterChainProxy.java:195)
	at org.springframework.web.filter.CompositeFilter$VirtualFilterChain.doFilter(CompositeFilter.java:113)
	at org.springframework.web.filter.ServletRequestPathFilter.doFilter(ServletRequestPathFilter.java:52)
	at org.springframework.web.filter.CompositeFilter$VirtualFilterChain.doFilter(CompositeFilter.java:113)
	at org.springframework.web.filter.CompositeFilter.doFilter(CompositeFilter.java:74)
	at org.springframework.security.config.annotation.web.configuration.WebSecurityConfiguration$CompositeFilterChainProxy.doFilter(WebSecurityConfiguration.java:317)
	at org.springframework.web.filter.DelegatingFilterProxy.invokeDelegate(DelegatingFilterProxy.java:355)
	at org.springframework.web.filter.DelegatingFilterProxy.doFilter(DelegatingFilterProxy.java:272)
	at org.apache.catalina.core.ApplicationFilterChain.doFilter(ApplicationFilterChain.java:107)
	at org.springframework.web.filter.RequestContextFilter.doFilterInternal(RequestContextFilter.java:100)
	at org.springframework.web.filter.OncePerRequestFilter.doFilter(OncePerRequestFilter.java:116)
	at org.apache.catalina.core.ApplicationFilterChain.doFilter(ApplicationFilterChain.java:107)
	at org.springframework.web.filter.FormContentFilter.doFilterInternal(FormContentFilter.java:93)
	at org.springframework.web.filter.OncePerRequestFilter.doFilter(OncePerRequestFilter.java:116)
	at org.apache.catalina.core.ApplicationFilterChain.doFilter(ApplicationFilterChain.java:107)
	at org.springframework.web.filter.CharacterEncodingFilter.doFilterInternal(CharacterEncodingFilter.java:199)
	at org.springframework.web.filter.OncePerRequestFilter.doFilter(OncePerRequestFilter.java:116)
	at org.apache.catalina.core.ApplicationFilterChain.doFilter(ApplicationFilterChain.java:107)
	at org.apache.catalina.core.StandardWrapperValve.invoke(StandardWrapperValve.java:165)
	at org.apache.catalina.core.StandardContextValve.invoke(StandardContextValve.java:77)
	at org.apache.catalina.authenticator.AuthenticatorBase.invoke(AuthenticatorBase.java:492)
	at org.apache.catalina.core.StandardHostValve.invoke(StandardHostValve.java:113)
	at org.apache.catalina.valves.ErrorReportValve.invoke(ErrorReportValve.java:83)
	at org.apache.catalina.core.StandardEngineValve.invoke(StandardEngineValve.java:72)
	at org.apache.catalina.connector.CoyoteAdapter.service(CoyoteAdapter.java:341)
	at org.apache.coyote.http11.Http11Processor.service(Http11Processor.java:397)
	at org.apache.coyote.AbstractProcessorLight.process(AbstractProcessorLight.java:63)
	at org.apache.coyote.AbstractProtocol$ConnectionHandler.process(AbstractProtocol.java:903)
	at org.apache.tomcat.util.net.NioEndpoint$SocketProcessor.doRun(NioEndpoint.java:1801)
	at org.apache.tomcat.util.net.SocketProcessorBase.run(SocketProcessorBase.java:52)
	at org.apache.tomcat.util.threads.ThreadPoolExecutor.runWorker(ThreadPoolExecutor.java:946)
	at org.apache.tomcat.util.threads.ThreadPoolExecutor$Worker.run(ThreadPoolExecutor.java:480)
	at org.apache.tomcat.util.threads.TaskThread$WrappingRunnable.run(TaskThread.java:57)
	at java.base/java.lang.Thread.run(Thread.java:1583)
2026-07-15 11:54:41 [http-nio-8080-exec-8] ERROR c.e.D.e.GlobalExceptionHandler - Invalid input: probationPeriod is required
2026-07-15 11:54:41 [http-nio-8080-exec-8] WARN  o.s.w.s.m.m.a.ExceptionHandlerExceptionResolver - Resolved [java.lang.IllegalArgumentException: probationPeriod is required]
2026-07-15 11:54:50 [http-nio-8080-exec-10] INFO  c.e.Docgen_Backend.config.JwtFilter - JWT validated successfully for userId=6a311365ec2c34f3d9e4f06e
2026-07-15 11:54:50 [http-nio-8080-exec-10] INFO  c.e.D.controller.UserController - POST /api/v2/users/create-profile - Request received for employeeId=DSS184
2026-07-15 11:54:50 [http-nio-8080-exec-10] DEBUG c.e.D.controller.UserController - Full request payload: CreateProfileRequest(employeeName=Siddhant Dilip Nakti, email=siddhantnakti01@gmail.com, mobileNo=8975145349, employeeId=DSS184, joiningDesignation=Application Support Engineer, currentDesignation=Application Support Engineer, department=Information Technology, currentAddress=Vanaj,Kothrud.411038, permanentAddress=null, accountNo=2601279919239462, bankName=AU Bank, joiningCTC=800000.0, currentCTC=800000.0, dateOfBirth=2001-05-29, offerDate=2025-08-21, joiningDate=2025-08-25, panNo=AXVPN3340C, company=DCS, pfType=WITH_PF, identity=MR, documents=[SALARY_SLIP, OFFER_LETTER], documentData={OFFER_LETTER={issueDate=2025-08-21, probationPeriod=3}, SALARY_SLIP={startMonth=2026-04, endMonth=2026-06, salaryWorkdays={2026-04=30, 2026-05=31, 2026-06=30}}})
2026-07-15 11:54:50 [http-nio-8080-exec-10] INFO  c.e.D.service.impl.UserServiceImpl - Creating user profile for employeeId=DSS184
2026-07-15 11:54:50 [http-nio-8080-exec-10] DEBUG c.e.D.service.impl.UserServiceImpl - Validating request for employeeId=DSS184
2026-07-15 11:54:51 [http-nio-8080-exec-10] DEBUG c.e.D.service.impl.UserServiceImpl - Building UserProfile entity for employeeId=DSS184
2026-07-15 11:54:51 [http-nio-8080-exec-10] INFO  c.e.D.service.impl.UserServiceImpl - Current Address : Vanaj,Kothrud.411038
2026-07-15 11:54:51 [http-nio-8080-exec-10] INFO  c.e.D.service.impl.UserServiceImpl - Permanent Address : null
2026-07-15 11:54:51 [http-nio-8080-exec-10] INFO  c.e.D.service.impl.UserServiceImpl - Joining CTC : 800000.0
2026-07-15 11:54:51 [http-nio-8080-exec-10] INFO  c.e.D.service.impl.UserServiceImpl - Current CTC : 800000.0
2026-07-15 11:54:51 [http-nio-8080-exec-10] DEBUG c.e.D.service.impl.UserServiceImpl - Processing documents for employeeId=DSS184 | documents=[SALARY_SLIP, OFFER_LETTER]
2026-07-15 11:54:51 [http-nio-8080-exec-10] DEBUG c.e.D.service.impl.UserServiceImpl - Saving user profile to database for employeeId=DSS184
2026-07-15 11:54:51 [http-nio-8080-exec-10] INFO  c.e.D.service.impl.UserServiceImpl - User profile created successfully for employeeId=DSS184
2026-07-15 11:54:51 [http-nio-8080-exec-10] INFO  c.e.D.controller.UserController - Profile created successfully for employeeId=DSS184
2026-07-15 11:56:28 [HikariPool-1:housekeeper] WARN  com.zaxxer.hikari.pool.PoolBase - HikariPool-1 - Failed to validate connection com.mysql.cj.jdbc.ConnectionImpl@659486fd (No operations allowed after connection closed.). Possibly consider using a shorter maxLifetime value.
2026-07-15 11:56:37 [HikariPool-1:housekeeper] WARN  com.zaxxer.hikari.pool.PoolBase - HikariPool-1 - Failed to validate connection com.mysql.cj.jdbc.ConnectionImpl@3abb6611 (No operations allowed after connection closed.). Possibly consider using a shorter maxLifetime value.
2026-07-15 11:58:14 [HikariPool-1:housekeeper] WARN  com.zaxxer.hikari.pool.PoolBase - HikariPool-1 - Failed to validate connection com.mysql.cj.jdbc.ConnectionImpl@7cb81d3d (No operations allowed after connection closed.). Possibly consider using a shorter maxLifetime value.
2026-07-15 11:58:23 [HikariPool-1:housekeeper] WARN  com.zaxxer.hikari.pool.PoolBase - HikariPool-1 - Failed to validate connection com.mysql.cj.jdbc.ConnectionImpl@5b0ed6b4 (No operations allowed after connection closed.). Possibly consider using a shorter maxLifetime value.
2026-07-15 12:00:06 [HikariPool-1:housekeeper] WARN  com.zaxxer.hikari.pool.PoolBase - HikariPool-1 - Failed to validate connection com.mysql.cj.jdbc.ConnectionImpl@cea7267 (No operations allowed after connection closed.). Possibly consider using a shorter maxLifetime value.
2026-07-15 12:00:06 [HikariPool-1:housekeeper] WARN  com.zaxxer.hikari.pool.PoolBase - HikariPool-1 - Failed to validate connection com.mysql.cj.jdbc.ConnectionImpl@3e27f455 (No operations allowed after connection closed.). Possibly consider using a shorter maxLifetime value.
2026-07-15 12:01:49 [HikariPool-1:housekeeper] WARN  com.zaxxer.hikari.pool.PoolBase - HikariPool-1 - Failed to validate connection com.mysql.cj.jdbc.ConnectionImpl@302b5916 (No operations allowed after connection closed.). Possibly consider using a shorter maxLifetime value.
2026-07-15 12:01:51 [HikariPool-1:housekeeper] WARN  com.zaxxer.hikari.pool.PoolBase - HikariPool-1 - Failed to validate connection com.mysql.cj.jdbc.ConnectionImpl@7579bc0d (No operations allowed after connection closed.). Possibly consider using a shorter maxLifetime value.
2026-07-15 12:03:26 [HikariPool-1:housekeeper] WARN  com.zaxxer.hikari.pool.PoolBase - HikariPool-1 - Failed to validate connection com.mysql.cj.jdbc.ConnectionImpl@747d7bab (No operations allowed after connection closed.). Possibly consider using a shorter maxLifetime value.
2026-07-15 12:03:29 [HikariPool-1:housekeeper] WARN  com.zaxxer.hikari.pool.PoolBase - HikariPool-1 - Failed to validate connection com.mysql.cj.jdbc.ConnectionImpl@1a9c0ca7 (No operations allowed after connection closed.). Possibly consider using a shorter maxLifetime value.
2026-07-15 12:05:05 [HikariPool-1:housekeeper] WARN  com.zaxxer.hikari.pool.PoolBase - HikariPool-1 - Failed to validate connection com.mysql.cj.jdbc.ConnectionImpl@223d522d (No operations allowed after connection closed.). Possibly consider using a shorter maxLifetime value.
2026-07-15 12:05:25 [HikariPool-1:housekeeper] WARN  com.zaxxer.hikari.pool.PoolBase - HikariPool-1 - Failed to validate connection com.mysql.cj.jdbc.ConnectionImpl@b56f3e (No operations allowed after connection closed.). Possibly consider using a shorter maxLifetime value.
2026-07-15 12:06:50 [HikariPool-1:housekeeper] WARN  com.zaxxer.hikari.pool.PoolBase - HikariPool-1 - Failed to validate connection com.mysql.cj.jdbc.ConnectionImpl@32d23bea (No operations allowed after connection closed.). Possibly consider using a shorter maxLifetime value.
2026-07-15 12:07:08 [HikariPool-1:housekeeper] WARN  com.zaxxer.hikari.pool.PoolBase - HikariPool-1 - Failed to validate connection com.mysql.cj.jdbc.ConnectionImpl@3233951c (No operations allowed after connection closed.). Possibly consider using a shorter maxLifetime value.
2026-07-15 12:08:34 [HikariPool-1:housekeeper] WARN  com.zaxxer.hikari.pool.PoolBase - HikariPool-1 - Failed to validate connection com.mysql.cj.jdbc.ConnectionImpl@61b6bd05 (No operations allowed after connection closed.). Possibly consider using a shorter maxLifetime value.
2026-07-15 12:09:01 [HikariPool-1:housekeeper] WARN  com.zaxxer.hikari.pool.PoolBase - HikariPool-1 - Failed to validate connection com.mysql.cj.jdbc.ConnectionImpl@488fcf23 (No operations allowed after connection closed.). Possibly consider using a shorter maxLifetime value.
2026-07-15 12:10:33 [HikariPool-1:housekeeper] WARN  com.zaxxer.hikari.pool.PoolBase - HikariPool-1 - Failed to validate connection com.mysql.cj.jdbc.ConnectionImpl@4bbed95e (No operations allowed after connection closed.). Possibly consider using a shorter maxLifetime value.
2026-07-15 12:10:54 [HikariPool-1:housekeeper] WARN  com.zaxxer.hikari.pool.PoolBase - HikariPool-1 - Failed to validate connection com.mysql.cj.jdbc.ConnectionImpl@285204da (No operations allowed after connection closed.). Possibly consider using a shorter maxLifetime value.
2026-07-15 12:12:10 [HikariPool-1:housekeeper] WARN  com.zaxxer.hikari.pool.PoolBase - HikariPool-1 - Failed to validate connection com.mysql.cj.jdbc.ConnectionImpl@2a9922a4 (No operations allowed after connection closed.). Possibly consider using a shorter maxLifetime value.
2026-07-15 12:12:51 [HikariPool-1:housekeeper] WARN  com.zaxxer.hikari.pool.PoolBase - HikariPool-1 - Failed to validate connection com.mysql.cj.jdbc.ConnectionImpl@1d7ff0f5 (No operations allowed after connection closed.). Possibly consider using a shorter maxLifetime value.
2026-07-15 12:14:09 [HikariPool-1:housekeeper] WARN  com.zaxxer.hikari.pool.PoolBase - HikariPool-1 - Failed to validate connection com.mysql.cj.jdbc.ConnectionImpl@6a3de0ca (No operations allowed after connection closed.). Possibly consider using a shorter maxLifetime value.
2026-07-15 12:14:45 [HikariPool-1:housekeeper] WARN  com.zaxxer.hikari.pool.PoolBase - HikariPool-1 - Failed to validate connection com.mysql.cj.jdbc.ConnectionImpl@37097a63 (No operations allowed after connection closed.). Possibly consider using a shorter maxLifetime value.
2026-07-15 12:16:01 [HikariPool-1:housekeeper] WARN  com.zaxxer.hikari.pool.PoolBase - HikariPool-1 - Failed to validate connection com.mysql.cj.jdbc.ConnectionImpl@288595d6 (No operations allowed after connection closed.). Possibly consider using a shorter maxLifetime value.
2026-07-15 12:16:36 [HikariPool-1:housekeeper] WARN  com.zaxxer.hikari.pool.PoolBase - HikariPool-1 - Failed to validate connection com.mysql.cj.jdbc.ConnectionImpl@1f789470 (No operations allowed after connection closed.). Possibly consider using a shorter maxLifetime value.
2026-07-15 12:17:49 [HikariPool-1:housekeeper] WARN  com.zaxxer.hikari.pool.PoolBase - HikariPool-1 - Failed to validate connection com.mysql.cj.jdbc.ConnectionImpl@6e41a479 (No operations allowed after connection closed.). Possibly consider using a shorter maxLifetime value.
2026-07-15 12:18:23 [HikariPool-1:housekeeper] WARN  com.zaxxer.hikari.pool.PoolBase - HikariPool-1 - Failed to validate connection com.mysql.cj.jdbc.ConnectionImpl@270dd72e (No operations allowed after connection closed.). Possibly consider using a shorter maxLifetime value.
2026-07-15 12:19:33 [HikariPool-1:housekeeper] WARN  com.zaxxer.hikari.pool.PoolBase - HikariPool-1 - Failed to validate connection com.mysql.cj.jdbc.ConnectionImpl@5b43158a (No operations allowed after connection closed.). Possibly consider using a shorter maxLifetime value.
2026-07-15 12:20:13 [HikariPool-1:housekeeper] WARN  com.zaxxer.hikari.pool.PoolBase - HikariPool-1 - Failed to validate connection com.mysql.cj.jdbc.ConnectionImpl@6197803 (No operations allowed after connection closed.). Possibly consider using a shorter maxLifetime value.
2026-07-15 12:21:10 [http-nio-8080-exec-4] INFO  c.e.Docgen_Backend.config.JwtFilter - JWT validated successfully for userId=6a311365ec2c34f3d9e4f06e
2026-07-15 12:21:10 [http-nio-8080-exec-4] INFO  c.e.D.controller.UserController - GET /api/v2/users - Fetch all users request received | page=0, size=8, sortBy=id, direction=desc
2026-07-15 12:21:10 [http-nio-8080-exec-4] WARN  com.zaxxer.hikari.pool.PoolBase - HikariPool-1 - Failed to validate connection com.mysql.cj.jdbc.ConnectionImpl@3c1eb0ef (No operations allowed after connection closed.). Possibly consider using a shorter maxLifetime value.
2026-07-15 12:21:10 [http-nio-8080-exec-4] WARN  com.zaxxer.hikari.pool.PoolBase - HikariPool-1 - Failed to validate connection com.mysql.cj.jdbc.ConnectionImpl@1e086a11 (No operations allowed after connection closed.). Possibly consider using a shorter maxLifetime value.
2026-07-15 12:21:13 [http-nio-8080-exec-4] INFO  c.e.D.controller.UserController - Fetched 8 users on page 0 of 2
2026-07-15 12:21:13 [http-nio-8080-exec-5] INFO  c.e.Docgen_Backend.config.JwtFilter - JWT validated successfully for userId=6a311365ec2c34f3d9e4f06e
2026-07-15 12:21:13 [http-nio-8080-exec-5] INFO  c.e.D.controller.UserController - GET /api/v2/users - Fetch all users request received | page=0, size=8, sortBy=id, direction=desc
2026-07-15 12:21:14 [http-nio-8080-exec-8] INFO  c.e.Docgen_Backend.config.JwtFilter - JWT validated successfully for userId=6a311365ec2c34f3d9e4f06e
2026-07-15 12:21:14 [http-nio-8080-exec-8] INFO  c.e.D.controller.UserController - GET /api/v2/users/19 - Fetch request received
2026-07-15 12:21:14 [http-nio-8080-exec-8] INFO  c.e.D.service.impl.UserServiceImpl - Fetching user profile for edit | userId=19
2026-07-15 12:21:16 [http-nio-8080-exec-5] INFO  c.e.D.controller.UserController - Fetched 8 users on page 0 of 2
2026-07-15 12:21:18 [http-nio-8080-exec-8] DEBUG c.e.D.service.impl.UserServiceImpl - User found | userId=19 | employeeId=SMDS0347
2026-07-15 12:21:18 [http-nio-8080-exec-8] INFO  c.e.D.service.impl.UserServiceImpl - User profile fetched successfully | userId=19 | timeTaken=3951ms
2026-07-15 12:21:18 [http-nio-8080-exec-8] INFO  c.e.D.controller.UserController - Profile fetched successfully for userId=19
2026-07-15 12:21:18 [http-nio-8080-exec-8] DEBUG c.e.D.controller.UserController - Fetched profile data: UserProfileResponseDTO(id=19, employeeName=Chetan Vishwnath Jadhav, employeeId=SMDS0347, email=chetanvjadhav2905@gmail.com, mobileNo=8999725163, joiningDesignation=Power BI Developer, currentDesignation=Power BI Developer, department=Information Technology, company=SMT, identity=MR, pfType=WITH_PF, accountNo=067010110011164, bankName=Bank of india, currentAddress=Flat no E-08 Higane Home Colony Karve Nager Warje Pune-411052, permanentAddress=null, joiningCTC=750000.0, currentCTC=750000.0, dateOfBirth=1992-05-29, offerDate=2022-04-21, joiningDate=2022-05-02, panNo=BBTPJ7835H, documents={APPOINTMENT_LETTER=DocumentResponseDTO(generated=true, data={issueDate=2022-04-21, probationPeriod=30}), INTERNSHIP_LETTER=DocumentResponseDTO(generated=false, data=null), EXPERIENCE_LETTER=DocumentResponseDTO(generated=false, data=null), FULL_AND_FINAL=DocumentResponseDTO(generated=false, data=null), CONFIRMATION_LETTER=DocumentResponseDTO(generated=false, data=null), INCREMENT_LETTER=DocumentResponseDTO(generated=true, data={issueDate=2025-04-01}), RELIEVING_LETTER=DocumentResponseDTO(generated=false, data=null), SALARY_SLIP=DocumentResponseDTO(generated=true, data={startMonth=2026-04, endMonth=2026-06}), COMPLETION_LETTER=DocumentResponseDTO(generated=false, data=null), OFFER_LETTER=DocumentResponseDTO(generated=true, data={issueDate=2022-04-21, probationPeriod=3})})
2026-07-15 12:21:18 [http-nio-8080-exec-9] INFO  c.e.Docgen_Backend.config.JwtFilter - JWT validated successfully for userId=6a311365ec2c34f3d9e4f06e
2026-07-15 12:21:18 [http-nio-8080-exec-9] INFO  c.e.D.controller.UserController - GET /api/v2/users/19 - Fetch request received
2026-07-15 12:21:18 [http-nio-8080-exec-9] INFO  c.e.D.service.impl.UserServiceImpl - Fetching user profile for edit | userId=19
2026-07-15 12:21:18 [http-nio-8080-exec-3] INFO  c.e.Docgen_Backend.config.JwtFilter - JWT validated successfully for userId=6a311365ec2c34f3d9e4f06e
2026-07-15 12:21:18 [http-nio-8080-exec-3] INFO  c.e.D.controller.UserController - GET /api/v2/users - Fetch all users request received | page=0, size=8, sortBy=id, direction=desc
2026-07-15 12:21:20 [http-nio-8080-exec-9] DEBUG c.e.D.service.impl.UserServiceImpl - User found | userId=19 | employeeId=SMDS0347
2026-07-15 12:21:20 [http-nio-8080-exec-9] INFO  c.e.D.service.impl.UserServiceImpl - User profile fetched successfully | userId=19 | timeTaken=1646ms
2026-07-15 12:21:20 [http-nio-8080-exec-9] INFO  c.e.D.controller.UserController - Profile fetched successfully for userId=19
2026-07-15 12:21:20 [http-nio-8080-exec-9] DEBUG c.e.D.controller.UserController - Fetched profile data: UserProfileResponseDTO(id=19, employeeName=Chetan Vishwnath Jadhav, employeeId=SMDS0347, email=chetanvjadhav2905@gmail.com, mobileNo=8999725163, joiningDesignation=Power BI Developer, currentDesignation=Power BI Developer, department=Information Technology, company=SMT, identity=MR, pfType=WITH_PF, accountNo=067010110011164, bankName=Bank of india, currentAddress=Flat no E-08 Higane Home Colony Karve Nager Warje Pune-411052, permanentAddress=null, joiningCTC=750000.0, currentCTC=750000.0, dateOfBirth=1992-05-29, offerDate=2022-04-21, joiningDate=2022-05-02, panNo=BBTPJ7835H, documents={APPOINTMENT_LETTER=DocumentResponseDTO(generated=true, data={issueDate=2022-04-21, probationPeriod=30}), INTERNSHIP_LETTER=DocumentResponseDTO(generated=false, data=null), EXPERIENCE_LETTER=DocumentResponseDTO(generated=false, data=null), FULL_AND_FINAL=DocumentResponseDTO(generated=false, data=null), CONFIRMATION_LETTER=DocumentResponseDTO(generated=false, data=null), INCREMENT_LETTER=DocumentResponseDTO(generated=true, data={issueDate=2025-04-01}), RELIEVING_LETTER=DocumentResponseDTO(generated=false, data=null), SALARY_SLIP=DocumentResponseDTO(generated=true, data={startMonth=2026-04, endMonth=2026-06}), COMPLETION_LETTER=DocumentResponseDTO(generated=false, data=null), OFFER_LETTER=DocumentResponseDTO(generated=true, data={issueDate=2022-04-21, probationPeriod=3})})
2026-07-15 12:21:23 [http-nio-8080-exec-3] INFO  c.e.D.controller.UserController - Fetched 8 users on page 0 of 2
2026-07-15 12:21:23 [http-nio-8080-exec-1] INFO  c.e.Docgen_Backend.config.JwtFilter - JWT validated successfully for userId=6a311365ec2c34f3d9e4f06e
2026-07-15 12:21:23 [http-nio-8080-exec-1] INFO  c.e.D.controller.UserController - GET /api/v2/users - Fetch all users request received | page=0, size=8, sortBy=id, direction=desc
2026-07-15 12:21:24 [http-nio-8080-exec-7] INFO  c.e.Docgen_Backend.config.JwtFilter - JWT validated successfully for userId=6a311365ec2c34f3d9e4f06e
2026-07-15 12:21:24 [http-nio-8080-exec-7] INFO  c.e.D.controller.UserController - GET /api/v2/users/21 - Fetch request received
2026-07-15 12:21:24 [http-nio-8080-exec-7] INFO  c.e.D.service.impl.UserServiceImpl - Fetching user profile for edit | userId=21
2026-07-15 12:21:25 [http-nio-8080-exec-7] DEBUG c.e.D.service.impl.UserServiceImpl - User found | userId=21 | employeeId=DSS184
2026-07-15 12:21:25 [http-nio-8080-exec-7] INFO  c.e.D.service.impl.UserServiceImpl - User profile fetched successfully | userId=21 | timeTaken=436ms
2026-07-15 12:21:25 [http-nio-8080-exec-7] INFO  c.e.D.controller.UserController - Profile fetched successfully for userId=21
2026-07-15 12:21:25 [http-nio-8080-exec-7] DEBUG c.e.D.controller.UserController - Fetched profile data: UserProfileResponseDTO(id=21, employeeName=Siddhant Dilip Nakti, employeeId=DSS184, email=siddhantnakti01@gmail.com, mobileNo=8975145349, joiningDesignation=Application Support Engineer, currentDesignation=Application Support Engineer, department=Information Technology, company=DCS, identity=MR, pfType=WITH_PF, accountNo=2601279919239462, bankName=AU Bank, currentAddress=Vanaj,Kothrud.411038, permanentAddress=null, joiningCTC=800000.0, currentCTC=800000.0, dateOfBirth=2001-05-29, offerDate=2025-08-21, joiningDate=2025-08-25, panNo=AXVPN3340C, documents={APPOINTMENT_LETTER=DocumentResponseDTO(generated=false, data=null), INTERNSHIP_LETTER=DocumentResponseDTO(generated=false, data=null), EXPERIENCE_LETTER=DocumentResponseDTO(generated=false, data=null), FULL_AND_FINAL=DocumentResponseDTO(generated=false, data=null), CONFIRMATION_LETTER=DocumentResponseDTO(generated=false, data=null), INCREMENT_LETTER=DocumentResponseDTO(generated=false, data=null), RELIEVING_LETTER=DocumentResponseDTO(generated=false, data=null), SALARY_SLIP=DocumentResponseDTO(generated=true, data={startMonth=2026-04, endMonth=2026-06}), COMPLETION_LETTER=DocumentResponseDTO(generated=false, data=null), OFFER_LETTER=DocumentResponseDTO(generated=true, data={issueDate=2025-08-21, probationPeriod=3})})
2026-07-15 12:21:25 [http-nio-8080-exec-5] INFO  c.e.Docgen_Backend.config.JwtFilter - JWT validated successfully for userId=6a311365ec2c34f3d9e4f06e
2026-07-15 12:21:25 [http-nio-8080-exec-5] INFO  c.e.D.controller.UserController - GET /api/v2/users/21 - Fetch request received
2026-07-15 12:21:25 [http-nio-8080-exec-5] INFO  c.e.D.service.impl.UserServiceImpl - Fetching user profile for edit | userId=21
2026-07-15 12:21:25 [http-nio-8080-exec-5] DEBUG c.e.D.service.impl.UserServiceImpl - User found | userId=21 | employeeId=DSS184
2026-07-15 12:21:25 [http-nio-8080-exec-5] INFO  c.e.D.service.impl.UserServiceImpl - User profile fetched successfully | userId=21 | timeTaken=322ms
2026-07-15 12:21:25 [http-nio-8080-exec-5] INFO  c.e.D.controller.UserController - Profile fetched successfully for userId=21
2026-07-15 12:21:25 [http-nio-8080-exec-5] DEBUG c.e.D.controller.UserController - Fetched profile data: UserProfileResponseDTO(id=21, employeeName=Siddhant Dilip Nakti, employeeId=DSS184, email=siddhantnakti01@gmail.com, mobileNo=8975145349, joiningDesignation=Application Support Engineer, currentDesignation=Application Support Engineer, department=Information Technology, company=DCS, identity=MR, pfType=WITH_PF, accountNo=2601279919239462, bankName=AU Bank, currentAddress=Vanaj,Kothrud.411038, permanentAddress=null, joiningCTC=800000.0, currentCTC=800000.0, dateOfBirth=2001-05-29, offerDate=2025-08-21, joiningDate=2025-08-25, panNo=AXVPN3340C, documents={APPOINTMENT_LETTER=DocumentResponseDTO(generated=false, data=null), INTERNSHIP_LETTER=DocumentResponseDTO(generated=false, data=null), EXPERIENCE_LETTER=DocumentResponseDTO(generated=false, data=null), FULL_AND_FINAL=DocumentResponseDTO(generated=false, data=null), CONFIRMATION_LETTER=DocumentResponseDTO(generated=false, data=null), INCREMENT_LETTER=DocumentResponseDTO(generated=false, data=null), RELIEVING_LETTER=DocumentResponseDTO(generated=false, data=null), SALARY_SLIP=DocumentResponseDTO(generated=true, data={startMonth=2026-04, endMonth=2026-06}), COMPLETION_LETTER=DocumentResponseDTO(generated=false, data=null), OFFER_LETTER=DocumentResponseDTO(generated=true, data={issueDate=2025-08-21, probationPeriod=3})})
2026-07-15 12:21:26 [http-nio-8080-exec-1] INFO  c.e.D.controller.UserController - Fetched 8 users on page 0 of 2
2026-07-15 12:22:53 [HikariPool-1:housekeeper] WARN  com.zaxxer.hikari.pool.PoolBase - HikariPool-1 - Failed to validate connection com.mysql.cj.jdbc.ConnectionImpl@6d3bd5ee (No operations allowed after connection closed.). Possibly consider using a shorter maxLifetime value.
2026-07-15 12:22:58 [HikariPool-1:housekeeper] WARN  com.zaxxer.hikari.pool.PoolBase - HikariPool-1 - Failed to validate connection com.mysql.cj.jdbc.ConnectionImpl@4c34c4aa (No operations allowed after connection closed.). Possibly consider using a shorter maxLifetime value.
2026-07-15 12:23:06 [HikariPool-1:housekeeper] WARN  com.zaxxer.hikari.pool.PoolBase - HikariPool-1 - Failed to validate connection com.mysql.cj.jdbc.ConnectionImpl@59e1ff2d (No operations allowed after connection closed.). Possibly consider using a shorter maxLifetime value.
2026-07-15 12:23:08 [HikariPool-1:housekeeper] WARN  com.zaxxer.hikari.pool.PoolBase - HikariPool-1 - Failed to validate connection com.mysql.cj.jdbc.ConnectionImpl@680b127a (No operations allowed after connection closed.). Possibly consider using a shorter maxLifetime value.
2026-07-15 12:24:48 [HikariPool-1:housekeeper] WARN  com.zaxxer.hikari.pool.PoolBase - HikariPool-1 - Failed to validate connection com.mysql.cj.jdbc.ConnectionImpl@2f09a45 (No operations allowed after connection closed.). Possibly consider using a shorter maxLifetime value.
2026-07-15 12:24:54 [HikariPool-1:housekeeper] WARN  com.zaxxer.hikari.pool.PoolBase - HikariPool-1 - Failed to validate connection com.mysql.cj.jdbc.ConnectionImpl@88e6679 (No operations allowed after connection closed.). Possibly consider using a shorter maxLifetime value.
2026-07-15 12:26:34 [HikariPool-1:housekeeper] WARN  com.zaxxer.hikari.pool.PoolBase - HikariPool-1 - Failed to validate connection com.mysql.cj.jdbc.ConnectionImpl@3e02aa23 (No operations allowed after connection closed.). Possibly consider using a shorter maxLifetime value.
2026-07-15 12:26:38 [HikariPool-1:housekeeper] WARN  com.zaxxer.hikari.pool.PoolBase - HikariPool-1 - Failed to validate connection com.mysql.cj.jdbc.ConnectionImpl@61f323ce (No operations allowed after connection closed.). Possibly consider using a shorter maxLifetime value.
2026-07-15 12:28:19 [HikariPool-1:housekeeper] WARN  com.zaxxer.hikari.pool.PoolBase - HikariPool-1 - Failed to validate connection com.mysql.cj.jdbc.ConnectionImpl@6832ca8d (No operations allowed after connection closed.). Possibly consider using a shorter maxLifetime value.
2026-07-15 12:28:35 [HikariPool-1:housekeeper] WARN  com.zaxxer.hikari.pool.PoolBase - HikariPool-1 - Failed to validate connection com.mysql.cj.jdbc.ConnectionImpl@7056ca77 (No operations allowed after connection closed.). Possibly consider using a shorter maxLifetime value.
2026-07-15 12:30:02 [HikariPool-1:housekeeper] WARN  com.zaxxer.hikari.pool.PoolBase - HikariPool-1 - Failed to validate connection com.mysql.cj.jdbc.ConnectionImpl@765bafc7 (No operations allowed after connection closed.). Possibly consider using a shorter maxLifetime value.
2026-07-15 12:30:21 [HikariPool-1:housekeeper] WARN  com.zaxxer.hikari.pool.PoolBase - HikariPool-1 - Failed to validate connection com.mysql.cj.jdbc.ConnectionImpl@22f04673 (No operations allowed after connection closed.). Possibly consider using a shorter maxLifetime value.
2026-07-15 12:31:44 [HikariPool-1:housekeeper] WARN  com.zaxxer.hikari.pool.PoolBase - HikariPool-1 - Failed to validate connection com.mysql.cj.jdbc.ConnectionImpl@1af908d9 (No operations allowed after connection closed.). Possibly consider using a shorter maxLifetime value.
2026-07-15 12:32:06 [HikariPool-1:housekeeper] WARN  com.zaxxer.hikari.pool.PoolBase - HikariPool-1 - Failed to validate connection com.mysql.cj.jdbc.ConnectionImpl@47bbeb8d (No operations allowed after connection closed.). Possibly consider using a shorter maxLifetime value.
2026-07-15 12:33:43 [HikariPool-1:housekeeper] WARN  com.zaxxer.hikari.pool.PoolBase - HikariPool-1 - Failed to validate connection com.mysql.cj.jdbc.ConnectionImpl@19c813a4 (No operations allowed after connection closed.). Possibly consider using a shorter maxLifetime value.
2026-07-15 12:34:06 [HikariPool-1:housekeeper] WARN  com.zaxxer.hikari.pool.PoolBase - HikariPool-1 - Failed to validate connection com.mysql.cj.jdbc.ConnectionImpl@2119cf56 (No operations allowed after connection closed.). Possibly consider using a shorter maxLifetime value.
2026-07-15 12:35:28 [HikariPool-1:housekeeper] WARN  com.zaxxer.hikari.pool.PoolBase - HikariPool-1 - Failed to validate connection com.mysql.cj.jdbc.ConnectionImpl@187e03b8 (No operations allowed after connection closed.). Possibly consider using a shorter maxLifetime value.
2026-07-15 12:36:02 [HikariPool-1:housekeeper] WARN  com.zaxxer.hikari.pool.PoolBase - HikariPool-1 - Failed to validate connection com.mysql.cj.jdbc.ConnectionImpl@7b7b1768 (No operations allowed after connection closed.). Possibly consider using a shorter maxLifetime value.
2026-07-15 12:37:26 [HikariPool-1:housekeeper] WARN  com.zaxxer.hikari.pool.PoolBase - HikariPool-1 - Failed to validate connection com.mysql.cj.jdbc.ConnectionImpl@41b8523e (No operations allowed after connection closed.). Possibly consider using a shorter maxLifetime value.
2026-07-15 12:37:41 [HikariPool-1:housekeeper] WARN  com.zaxxer.hikari.pool.PoolBase - HikariPool-1 - Failed to validate connection com.mysql.cj.jdbc.ConnectionImpl@4ece183d (No operations allowed after connection closed.). Possibly consider using a shorter maxLifetime value.
2026-07-15 12:39:18 [HikariPool-1:housekeeper] WARN  com.zaxxer.hikari.pool.PoolBase - HikariPool-1 - Failed to validate connection com.mysql.cj.jdbc.ConnectionImpl@7b5a627a (No operations allowed after connection closed.). Possibly consider using a shorter maxLifetime value.
2026-07-15 12:39:25 [HikariPool-1:housekeeper] WARN  com.zaxxer.hikari.pool.PoolBase - HikariPool-1 - Failed to validate connection com.mysql.cj.jdbc.ConnectionImpl@44d29f9d (No operations allowed after connection closed.). Possibly consider using a shorter maxLifetime value.
2026-07-15 12:41:10 [HikariPool-1:housekeeper] WARN  com.zaxxer.hikari.pool.PoolBase - HikariPool-1 - Failed to validate connection com.mysql.cj.jdbc.ConnectionImpl@130b1afc (No operations allowed after connection closed.). Possibly consider using a shorter maxLifetime value.
2026-07-15 12:41:24 [HikariPool-1:housekeeper] WARN  com.zaxxer.hikari.pool.PoolBase - HikariPool-1 - Failed to validate connection com.mysql.cj.jdbc.ConnectionImpl@220fdbaa (No operations allowed after connection closed.). Possibly consider using a shorter maxLifetime value.
2026-07-15 12:43:04 [HikariPool-1:housekeeper] WARN  com.zaxxer.hikari.pool.PoolBase - HikariPool-1 - Failed to validate connection com.mysql.cj.jdbc.ConnectionImpl@52c064d (No operations allowed after connection closed.). Possibly consider using a shorter maxLifetime value.
2026-07-15 12:43:06 [HikariPool-1:housekeeper] WARN  com.zaxxer.hikari.pool.PoolBase - HikariPool-1 - Failed to validate connection com.mysql.cj.jdbc.ConnectionImpl@27cd2d53 (No operations allowed after connection closed.). Possibly consider using a shorter maxLifetime value.
2026-07-15 12:44:43 [HikariPool-1:housekeeper] WARN  com.zaxxer.hikari.pool.PoolBase - HikariPool-1 - Failed to validate connection com.mysql.cj.jdbc.ConnectionImpl@302d176f (No operations allowed after connection closed.). Possibly consider using a shorter maxLifetime value.
2026-07-15 12:44:46 [HikariPool-1:housekeeper] WARN  com.zaxxer.hikari.pool.PoolBase - HikariPool-1 - Failed to validate connection com.mysql.cj.jdbc.ConnectionImpl@35addbc2 (No operations allowed after connection closed.). Possibly consider using a shorter maxLifetime value.
2026-07-15 12:46:20 [HikariPool-1:housekeeper] WARN  com.zaxxer.hikari.pool.PoolBase - HikariPool-1 - Failed to validate connection com.mysql.cj.jdbc.ConnectionImpl@7b44df91 (No operations allowed after connection closed.). Possibly consider using a shorter maxLifetime value.
2026-07-15 12:46:23 [HikariPool-1:housekeeper] WARN  com.zaxxer.hikari.pool.PoolBase - HikariPool-1 - Failed to validate connection com.mysql.cj.jdbc.ConnectionImpl@45b058e8 (No operations allowed after connection closed.). Possibly consider using a shorter maxLifetime value.
2026-07-15 12:48:17 [HikariPool-1:housekeeper] WARN  com.zaxxer.hikari.pool.PoolBase - HikariPool-1 - Failed to validate connection com.mysql.cj.jdbc.ConnectionImpl@1e18f857 (No operations allowed after connection closed.). Possibly consider using a shorter maxLifetime value.
2026-07-15 12:48:23 [HikariPool-1:housekeeper] WARN  com.zaxxer.hikari.pool.PoolBase - HikariPool-1 - Failed to validate connection com.mysql.cj.jdbc.ConnectionImpl@31ca3835 (No operations allowed after connection closed.). Possibly consider using a shorter maxLifetime value.
2026-07-15 12:50:03 [HikariPool-1:housekeeper] WARN  com.zaxxer.hikari.pool.PoolBase - HikariPool-1 - Failed to validate connection com.mysql.cj.jdbc.ConnectionImpl@2ff9c534 (No operations allowed after connection closed.). Possibly consider using a shorter maxLifetime value.
2026-07-15 12:50:17 [HikariPool-1:housekeeper] WARN  com.zaxxer.hikari.pool.PoolBase - HikariPool-1 - Failed to validate connection com.mysql.cj.jdbc.ConnectionImpl@64e60039 (No operations allowed after connection closed.). Possibly consider using a shorter maxLifetime value.
2026-07-15 12:51:56 [HikariPool-1:housekeeper] WARN  com.zaxxer.hikari.pool.PoolBase - HikariPool-1 - Failed to validate connection com.mysql.cj.jdbc.ConnectionImpl@2106e5af (No operations allowed after connection closed.). Possibly consider using a shorter maxLifetime value.
2026-07-15 12:52:05 [HikariPool-1:housekeeper] WARN  com.zaxxer.hikari.pool.PoolBase - HikariPool-1 - Failed to validate connection com.mysql.cj.jdbc.ConnectionImpl@1d886127 (No operations allowed after connection closed.). Possibly consider using a shorter maxLifetime value.
2026-07-15 12:53:34 [HikariPool-1:housekeeper] WARN  com.zaxxer.hikari.pool.PoolBase - HikariPool-1 - Failed to validate connection com.mysql.cj.jdbc.ConnectionImpl@71bf2024 (No operations allowed after connection closed.). Possibly consider using a shorter maxLifetime value.
2026-07-15 12:53:55 [HikariPool-1:housekeeper] WARN  com.zaxxer.hikari.pool.PoolBase - HikariPool-1 - Failed to validate connection com.mysql.cj.jdbc.ConnectionImpl@3cf72196 (No operations allowed after connection closed.). Possibly consider using a shorter maxLifetime value.
2026-07-15 12:55:15 [HikariPool-1:housekeeper] WARN  com.zaxxer.hikari.pool.PoolBase - HikariPool-1 - Failed to validate connection com.mysql.cj.jdbc.ConnectionImpl@4767ee8a (No operations allowed after connection closed.). Possibly consider using a shorter maxLifetime value.
2026-07-15 12:55:33 [HikariPool-1:housekeeper] WARN  com.zaxxer.hikari.pool.PoolBase - HikariPool-1 - Failed to validate connection com.mysql.cj.jdbc.ConnectionImpl@67b99889 (No operations allowed after connection closed.). Possibly consider using a shorter maxLifetime value.
2026-07-15 12:57:06 [HikariPool-1:housekeeper] WARN  com.zaxxer.hikari.pool.PoolBase - HikariPool-1 - Failed to validate connection com.mysql.cj.jdbc.ConnectionImpl@5a0ccfab (No operations allowed after connection closed.). Possibly consider using a shorter maxLifetime value.
2026-07-15 12:57:10 [HikariPool-1:housekeeper] WARN  com.zaxxer.hikari.pool.PoolBase - HikariPool-1 - Failed to validate connection com.mysql.cj.jdbc.ConnectionImpl@2c361647 (No operations allowed after connection closed.). Possibly consider using a shorter maxLifetime value.
2026-07-15 12:58:45 [HikariPool-1:housekeeper] WARN  com.zaxxer.hikari.pool.PoolBase - HikariPool-1 - Failed to validate connection com.mysql.cj.jdbc.ConnectionImpl@357e2cfc (No operations allowed after connection closed.). Possibly consider using a shorter maxLifetime value.
2026-07-15 12:59:01 [HikariPool-1:housekeeper] WARN  com.zaxxer.hikari.pool.PoolBase - HikariPool-1 - Failed to validate connection com.mysql.cj.jdbc.ConnectionImpl@b8ed900 (No operations allowed after connection closed.). Possibly consider using a shorter maxLifetime value.
2026-07-15 13:00:25 [HikariPool-1:housekeeper] WARN  com.zaxxer.hikari.pool.PoolBase - HikariPool-1 - Failed to validate connection com.mysql.cj.jdbc.ConnectionImpl@53cbb5da (No operations allowed after connection closed.). Possibly consider using a shorter maxLifetime value.
2026-07-15 13:00:40 [HikariPool-1:housekeeper] WARN  com.zaxxer.hikari.pool.PoolBase - HikariPool-1 - Failed to validate connection com.mysql.cj.jdbc.ConnectionImpl@39b7cc30 (No operations allowed after connection closed.). Possibly consider using a shorter maxLifetime value.
2026-07-15 13:02:18 [HikariPool-1:housekeeper] WARN  com.zaxxer.hikari.pool.PoolBase - HikariPool-1 - Failed to validate connection com.mysql.cj.jdbc.ConnectionImpl@13fefcb1 (No operations allowed after connection closed.). Possibly consider using a shorter maxLifetime value.
2026-07-15 13:02:29 [HikariPool-1:housekeeper] WARN  com.zaxxer.hikari.pool.PoolBase - HikariPool-1 - Failed to validate connection com.mysql.cj.jdbc.ConnectionImpl@325e2e70 (No operations allowed after connection closed.). Possibly consider using a shorter maxLifetime value.
2026-07-15 13:04:10 [HikariPool-1:housekeeper] WARN  com.zaxxer.hikari.pool.PoolBase - HikariPool-1 - Failed to validate connection com.mysql.cj.jdbc.ConnectionImpl@64fba05d (No operations allowed after connection closed.). Possibly consider using a shorter maxLifetime value.
2026-07-15 13:04:14 [HikariPool-1:housekeeper] WARN  com.zaxxer.hikari.pool.PoolBase - HikariPool-1 - Failed to validate connection com.mysql.cj.jdbc.ConnectionImpl@6f476aee (No operations allowed after connection closed.). Possibly consider using a shorter maxLifetime value.
2026-07-15 13:05:52 [HikariPool-1:housekeeper] WARN  com.zaxxer.hikari.pool.PoolBase - HikariPool-1 - Failed to validate connection com.mysql.cj.jdbc.ConnectionImpl@49999011 (No operations allowed after connection closed.). Possibly consider using a shorter maxLifetime value.
2026-07-15 13:06:08 [HikariPool-1:housekeeper] WARN  com.zaxxer.hikari.pool.PoolBase - HikariPool-1 - Failed to validate connection com.mysql.cj.jdbc.ConnectionImpl@1376bedd (No operations allowed after connection closed.). Possibly consider using a shorter maxLifetime value.
2026-07-15 13:07:40 [HikariPool-1:housekeeper] WARN  com.zaxxer.hikari.pool.PoolBase - HikariPool-1 - Failed to validate connection com.mysql.cj.jdbc.ConnectionImpl@422eafb8 (No operations allowed after connection closed.). Possibly consider using a shorter maxLifetime value.
2026-07-15 13:07:52 [HikariPool-1:housekeeper] WARN  com.zaxxer.hikari.pool.PoolBase - HikariPool-1 - Failed to validate connection com.mysql.cj.jdbc.ConnectionImpl@5d29e6a0 (No operations allowed after connection closed.). Possibly consider using a shorter maxLifetime value.
2026-07-15 13:09:30 [HikariPool-1:housekeeper] WARN  com.zaxxer.hikari.pool.PoolBase - HikariPool-1 - Failed to validate connection com.mysql.cj.jdbc.ConnectionImpl@389fdee4 (No operations allowed after connection closed.). Possibly consider using a shorter maxLifetime value.
2026-07-15 13:09:30 [HikariPool-1:housekeeper] WARN  com.zaxxer.hikari.pool.PoolBase - HikariPool-1 - Failed to validate connection com.mysql.cj.jdbc.ConnectionImpl@28e6be59 (No operations allowed after connection closed.). Possibly consider using a shorter maxLifetime value.
2026-07-15 13:11:07 [HikariPool-1:housekeeper] WARN  com.zaxxer.hikari.pool.PoolBase - HikariPool-1 - Failed to validate connection com.mysql.cj.jdbc.ConnectionImpl@78534d8a (No operations allowed after connection closed.). Possibly consider using a shorter maxLifetime value.
2026-07-15 13:11:23 [HikariPool-1:housekeeper] WARN  com.zaxxer.hikari.pool.PoolBase - HikariPool-1 - Failed to validate connection com.mysql.cj.jdbc.ConnectionImpl@46776254 (No operations allowed after connection closed.). Possibly consider using a shorter maxLifetime value.
2026-07-15 13:13:04 [HikariPool-1:housekeeper] WARN  com.zaxxer.hikari.pool.PoolBase - HikariPool-1 - Failed to validate connection com.mysql.cj.jdbc.ConnectionImpl@39a3214d (No operations allowed after connection closed.). Possibly consider using a shorter maxLifetime value.
2026-07-15 13:13:11 [HikariPool-1:housekeeper] WARN  com.zaxxer.hikari.pool.PoolBase - HikariPool-1 - Failed to validate connection com.mysql.cj.jdbc.ConnectionImpl@14b2d144 (No operations allowed after connection closed.). Possibly consider using a shorter maxLifetime value.
2026-07-15 13:14:49 [HikariPool-1:housekeeper] WARN  com.zaxxer.hikari.pool.PoolBase - HikariPool-1 - Failed to validate connection com.mysql.cj.jdbc.ConnectionImpl@1fab3f37 (No operations allowed after connection closed.). Possibly consider using a shorter maxLifetime value.
2026-07-15 13:14:59 [HikariPool-1:housekeeper] WARN  com.zaxxer.hikari.pool.PoolBase - HikariPool-1 - Failed to validate connection com.mysql.cj.jdbc.ConnectionImpl@275ec76f (No operations allowed after connection closed.). Possibly consider using a shorter maxLifetime value.
2026-07-15 13:16:40 [HikariPool-1:housekeeper] WARN  com.zaxxer.hikari.pool.PoolBase - HikariPool-1 - Failed to validate connection com.mysql.cj.jdbc.ConnectionImpl@48879351 (No operations allowed after connection closed.). Possibly consider using a shorter maxLifetime value.
2026-07-15 13:16:46 [HikariPool-1:housekeeper] WARN  com.zaxxer.hikari.pool.PoolBase - HikariPool-1 - Failed to validate connection com.mysql.cj.jdbc.ConnectionImpl@1c01c46b (No operations allowed after connection closed.). Possibly consider using a shorter maxLifetime value.
2026-07-15 13:18:32 [HikariPool-1:housekeeper] WARN  com.zaxxer.hikari.pool.PoolBase - HikariPool-1 - Failed to validate connection com.mysql.cj.jdbc.ConnectionImpl@7cd6255a (No operations allowed after connection closed.). Possibly consider using a shorter maxLifetime value.
2026-07-15 13:18:36 [HikariPool-1:housekeeper] WARN  com.zaxxer.hikari.pool.PoolBase - HikariPool-1 - Failed to validate connection com.mysql.cj.jdbc.ConnectionImpl@b0e75f2 (No operations allowed after connection closed.). Possibly consider using a shorter maxLifetime value.
2026-07-15 13:20:19 [HikariPool-1:housekeeper] WARN  com.zaxxer.hikari.pool.PoolBase - HikariPool-1 - Failed to validate connection com.mysql.cj.jdbc.ConnectionImpl@7ad0410e (No operations allowed after connection closed.). Possibly consider using a shorter maxLifetime value.
2026-07-15 13:20:36 [HikariPool-1:housekeeper] WARN  com.zaxxer.hikari.pool.PoolBase - HikariPool-1 - Failed to validate connection com.mysql.cj.jdbc.ConnectionImpl@58f1f66d (No operations allowed after connection closed.). Possibly consider using a shorter maxLifetime value.
2026-07-15 13:22:05 [HikariPool-1:housekeeper] WARN  com.zaxxer.hikari.pool.PoolBase - HikariPool-1 - Failed to validate connection com.mysql.cj.jdbc.ConnectionImpl@5808444e (No operations allowed after connection closed.). Possibly consider using a shorter maxLifetime value.
2026-07-15 13:22:19 [HikariPool-1:housekeeper] WARN  com.zaxxer.hikari.pool.PoolBase - HikariPool-1 - Failed to validate connection com.mysql.cj.jdbc.ConnectionImpl@327e4e65 (No operations allowed after connection closed.). Possibly consider using a shorter maxLifetime value.
2026-07-15 13:23:42 [HikariPool-1:housekeeper] WARN  com.zaxxer.hikari.pool.PoolBase - HikariPool-1 - Failed to validate connection com.mysql.cj.jdbc.ConnectionImpl@4dc83642 (No operations allowed after connection closed.). Possibly consider using a shorter maxLifetime value.
2026-07-15 13:24:10 [HikariPool-1:housekeeper] WARN  com.zaxxer.hikari.pool.PoolBase - HikariPool-1 - Failed to validate connection com.mysql.cj.jdbc.ConnectionImpl@34a68608 (No operations allowed after connection closed.). Possibly consider using a shorter maxLifetime value.
2026-07-15 14:04:32 [HikariPool-1:housekeeper] WARN  com.zaxxer.hikari.pool.HikariPool - HikariPool-1 - Thread starvation or clock leap detected (housekeeper delta=40m16s793ms259µs300ns).
2026-07-15 14:04:32 [HikariPool-1:housekeeper] WARN  com.zaxxer.hikari.pool.PoolBase - HikariPool-1 - Failed to validate connection com.mysql.cj.jdbc.ConnectionImpl@2ea83c7e (No operations allowed after connection closed.). Possibly consider using a shorter maxLifetime value.
2026-07-15 14:04:32 [HikariPool-1:housekeeper] WARN  com.zaxxer.hikari.pool.PoolBase - HikariPool-1 - Failed to validate connection com.mysql.cj.jdbc.ConnectionImpl@54cf4d1f (No operations allowed after connection closed.). Possibly consider using a shorter maxLifetime value.
2026-07-15 14:06:22 [HikariPool-1:housekeeper] WARN  com.zaxxer.hikari.pool.PoolBase - HikariPool-1 - Failed to validate connection com.mysql.cj.jdbc.ConnectionImpl@3bebc034 (No operations allowed after connection closed.). Possibly consider using a shorter maxLifetime value.
2026-07-15 14:06:26 [HikariPool-1:housekeeper] WARN  com.zaxxer.hikari.pool.PoolBase - HikariPool-1 - Failed to validate connection com.mysql.cj.jdbc.ConnectionImpl@94c91a3 (No operations allowed after connection closed.). Possibly consider using a shorter maxLifetime value.
2026-07-15 14:08:07 [HikariPool-1:housekeeper] WARN  com.zaxxer.hikari.pool.PoolBase - HikariPool-1 - Failed to validate connection com.mysql.cj.jdbc.ConnectionImpl@27c58220 (No operations allowed after connection closed.). Possibly consider using a shorter maxLifetime value.
2026-07-15 14:08:19 [HikariPool-1:housekeeper] WARN  com.zaxxer.hikari.pool.PoolBase - HikariPool-1 - Failed to validate connection com.mysql.cj.jdbc.ConnectionImpl@5582ba7e (No operations allowed after connection closed.). Possibly consider using a shorter maxLifetime value.
2026-07-15 14:09:56 [HikariPool-1:housekeeper] WARN  com.zaxxer.hikari.pool.PoolBase - HikariPool-1 - Failed to validate connection com.mysql.cj.jdbc.ConnectionImpl@33f1a943 (No operations allowed after connection closed.). Possibly consider using a shorter maxLifetime value.
2026-07-15 14:10:06 [HikariPool-1:housekeeper] WARN  com.zaxxer.hikari.pool.PoolBase - HikariPool-1 - Failed to validate connection com.mysql.cj.jdbc.ConnectionImpl@61dcf2d0 (No operations allowed after connection closed.). Possibly consider using a shorter maxLifetime value.
2026-07-15 14:11:51 [HikariPool-1:housekeeper] WARN  com.zaxxer.hikari.pool.PoolBase - HikariPool-1 - Failed to validate connection com.mysql.cj.jdbc.ConnectionImpl@107fc0ea (No operations allowed after connection closed.). Possibly consider using a shorter maxLifetime value.
2026-07-15 14:12:06 [HikariPool-1:housekeeper] WARN  com.zaxxer.hikari.pool.PoolBase - HikariPool-1 - Failed to validate connection com.mysql.cj.jdbc.ConnectionImpl@585e574d (No operations allowed after connection closed.). Possibly consider using a shorter maxLifetime value.
2026-07-15 14:14:26 [HikariPool-1:housekeeper] WARN  com.zaxxer.hikari.pool.PoolBase - HikariPool-1 - Failed to validate connection com.mysql.cj.jdbc.ConnectionImpl@4eb4d388 (No operations allowed after connection closed.). Possibly consider using a shorter maxLifetime value.
2026-07-15 14:14:26 [HikariPool-1:housekeeper] WARN  com.zaxxer.hikari.pool.HikariPool - HikariPool-1 - Thread starvation or clock leap detected (housekeeper delta=1m24s235ms884µs200ns).
2026-07-15 14:14:26 [HikariPool-1:housekeeper] WARN  com.zaxxer.hikari.pool.PoolBase - HikariPool-1 - Failed to validate connection com.mysql.cj.jdbc.ConnectionImpl@18e8693d (No operations allowed after connection closed.). Possibly consider using a shorter maxLifetime value.
2026-07-15 14:15:06 [SpringApplicationShutdownHook] INFO  o.s.boot.tomcat.GracefulShutdown - Commencing graceful shutdown. Waiting for active requests to complete
2026-07-15 14:15:06 [tomcat-shutdown] INFO  o.s.boot.tomcat.GracefulShutdown - Graceful shutdown complete
2026-07-15 14:15:06 [SpringApplicationShutdownHook] INFO  o.s.o.j.LocalContainerEntityManagerFactoryBean - Closing JPA EntityManagerFactory for persistence unit 'default'
2026-07-15 14:15:06 [SpringApplicationShutdownHook] INFO  com.zaxxer.hikari.HikariDataSource - HikariPool-1 - Shutdown initiated...
2026-07-15 14:15:06 [SpringApplicationShutdownHook] INFO  com.zaxxer.hikari.HikariDataSource - HikariPool-1 - Shutdown completed.
2026-07-15 15:32:05 [background-preinit] INFO  o.h.validator.internal.util.Version - HV000001: Hibernate Validator 9.0.1.Final
2026-07-15 15:32:05 [restartedMain] INFO  c.e.D.DocgenBackendApplication - Starting DocgenBackendApplication using Java 21.0.9 with PID 16544 (E:\DocGen New Front V2\Docgen-Backend\target\classes started by prath in E:\DocGen New Front V2\Docgen-Backend)
2026-07-15 15:32:05 [restartedMain] DEBUG c.e.D.DocgenBackendApplication - Running with Spring Boot v4.0.6, Spring v7.0.7
2026-07-15 15:32:05 [restartedMain] INFO  c.e.D.DocgenBackendApplication - No active profile set, falling back to 1 default profile: "default"
2026-07-15 15:32:05 [restartedMain] INFO  o.s.b.d.e.DevToolsPropertyDefaultsPostProcessor - Devtools property defaults active! Set 'spring.devtools.add-properties' to 'false' to disable
2026-07-15 15:32:05 [restartedMain] INFO  o.s.b.d.e.DevToolsPropertyDefaultsPostProcessor - For additional web related logging consider setting the 'logging.level.web' property to 'DEBUG'
2026-07-15 15:32:06 [restartedMain] INFO  o.s.d.r.c.RepositoryConfigurationDelegate - Bootstrapping Spring Data JPA repositories in DEFAULT mode.
2026-07-15 15:32:06 [restartedMain] INFO  o.s.d.r.c.RepositoryConfigurationDelegate - Finished Spring Data repository scanning in 58 ms. Found 2 JPA repository interfaces.
2026-07-15 15:32:07 [restartedMain] INFO  o.s.boot.tomcat.TomcatWebServer - Tomcat initialized with port 8080 (http)
2026-07-15 15:32:07 [restartedMain] INFO  o.a.coyote.http11.Http11NioProtocol - Initializing ProtocolHandler ["http-nio-8080"]
2026-07-15 15:32:07 [restartedMain] INFO  o.a.catalina.core.StandardService - Starting service [Tomcat]
2026-07-15 15:32:07 [restartedMain] INFO  o.a.catalina.core.StandardEngine - Starting Servlet engine: [Apache Tomcat/11.0.21]
2026-07-15 15:32:07 [restartedMain] INFO  o.s.b.w.c.s.WebApplicationContextInitializer - Root WebApplicationContext: initialization completed in 1710 ms
2026-07-15 15:32:07 [restartedMain] DEBUG c.e.Docgen_Backend.config.JwtFilter - Filter 'jwtFilter' configured for use
2026-07-15 15:32:07 [restartedMain] INFO  org.hibernate.orm.jpa - HHH008540: Processing PersistenceUnitInfo [name: default]
2026-07-15 15:32:07 [restartedMain] INFO  org.hibernate.orm.core - HHH000001: Hibernate ORM core version 7.2.12.Final
2026-07-15 15:32:07 [restartedMain] INFO  o.s.o.j.p.SpringPersistenceUnitInfo - No LoadTimeWeaver setup: ignoring JPA class transformer
2026-07-15 15:32:07 [restartedMain] INFO  com.zaxxer.hikari.HikariDataSource - HikariPool-1 - Starting...
2026-07-15 15:32:11 [restartedMain] INFO  com.zaxxer.hikari.pool.HikariPool - HikariPool-1 - Added connection com.mysql.cj.jdbc.ConnectionImpl@3a8a78f8
2026-07-15 15:32:11 [restartedMain] INFO  com.zaxxer.hikari.HikariDataSource - HikariPool-1 - Start completed.
2026-07-15 15:32:11 [restartedMain] WARN  org.hibernate.orm.jdbc - HHH100045: Could not obtain connection metadata: java.sql.SQLSyntaxErrorException: Unknown column 'RESERVED' in 'WHERE'
2026-07-15 15:32:11 [restartedMain] WARN  org.hibernate.orm.deprecation - HHH90000025: MySQLDialect does not need to be specified explicitly using 'hibernate.dialect' (remove the property setting and it will be selected by default)
2026-07-15 15:32:11 [restartedMain] INFO  o.hibernate.orm.connections.pooling - HHH10001005: Database info:
	Database JDBC URL [undefined/unknown]
	Database driver: undefined/unknown
	Database dialect: MySQLDialect
	Database version: 8.0
	Default catalog/schema: unknown/unknown
	Autocommit mode: undefined/unknown
	Isolation level: NONE [default NONE]
	JDBC fetch size: undefined/unknown
	Pool: DataSourceConnectionProvider
	Minimum pool size: undefined/unknown
	Maximum pool size: undefined/unknown
2026-07-15 15:32:13 [restartedMain] INFO  org.hibernate.orm.core - HHH000489: No JTA platform available (set 'hibernate.transaction.jta.platform' to enable JTA platform integration)
2026-07-15 15:32:26 [restartedMain] INFO  o.s.o.j.LocalContainerEntityManagerFactoryBean - Initialized JPA EntityManagerFactory for persistence unit 'default'
2026-07-15 15:32:26 [restartedMain] INFO  o.s.d.j.r.q.QueryEnhancerFactories - Hibernate is in classpath; If applicable, HQL parser will be used.
2026-07-15 15:32:26 [restartedMain] INFO  o.s.s.c.a.a.c.InitializeUserDetailsBeanManagerConfigurer$InitializeUserDetailsManagerConfigurer - Global AuthenticationManager configured with UserDetailsService bean with name customUserDetailsService
2026-07-15 15:32:27 [restartedMain] WARN  o.s.b.j.a.JpaBaseConfiguration$JpaWebConfiguration - spring.jpa.open-in-view is enabled by default. Therefore, database queries may be performed during view rendering. Explicitly configure spring.jpa.open-in-view to disable this warning
2026-07-15 15:32:27 [restartedMain] INFO  o.a.coyote.http11.Http11NioProtocol - Starting ProtocolHandler ["http-nio-8080"]
2026-07-15 15:32:27 [restartedMain] INFO  o.s.boot.tomcat.TomcatWebServer - Tomcat started on port 8080 (http) with context path '/'
2026-07-15 15:32:27 [restartedMain] INFO  c.e.D.DocgenBackendApplication - Started DocgenBackendApplication in 23.406 seconds (process running for 24.355)
2026-07-15 15:32:42 [http-nio-8080-exec-2] INFO  o.a.c.c.C.[Tomcat].[localhost].[/] - Initializing Spring DispatcherServlet 'dispatcherServlet'
2026-07-15 15:32:42 [http-nio-8080-exec-2] INFO  o.s.web.servlet.DispatcherServlet - Initializing Servlet 'dispatcherServlet'
2026-07-15 15:32:42 [http-nio-8080-exec-2] INFO  o.s.web.servlet.DispatcherServlet - Completed initialization in 2 ms
2026-07-15 15:32:42 [http-nio-8080-exec-3] INFO  c.e.Docgen_Backend.config.JwtFilter - JWT validated successfully for userId=6a311365ec2c34f3d9e4f06e
2026-07-15 15:32:42 [http-nio-8080-exec-3] INFO  c.e.D.controller.UserController - GET /api/v2/users - Fetch all users request received | page=0, size=8, sortBy=id, direction=desc
2026-07-15 15:32:49 [http-nio-8080-exec-3] INFO  c.e.D.controller.UserController - Fetched 8 users on page 0 of 2
2026-07-15 15:32:50 [http-nio-8080-exec-4] INFO  c.e.Docgen_Backend.config.JwtFilter - JWT validated successfully for userId=6a311365ec2c34f3d9e4f06e
2026-07-15 15:32:50 [http-nio-8080-exec-4] INFO  c.e.D.controller.UserController - GET /api/v2/users - Fetch all users request received | page=0, size=8, sortBy=id, direction=desc
2026-07-15 15:32:53 [http-nio-8080-exec-4] INFO  c.e.D.controller.UserController - Fetched 8 users on page 0 of 2
2026-07-15 15:33:08 [http-nio-8080-exec-7] INFO  c.e.Docgen_Backend.config.JwtFilter - JWT validated successfully for userId=6a311365ec2c34f3d9e4f06e
2026-07-15 15:33:08 [http-nio-8080-exec-7] INFO  c.e.D.controller.UserController - GET /api/v2/users/16 - Fetch request received
2026-07-15 15:33:08 [http-nio-8080-exec-7] INFO  c.e.D.service.impl.UserServiceImpl - Fetching user profile for edit | userId=16
2026-07-15 15:33:08 [http-nio-8080-exec-7] DEBUG c.e.D.service.impl.UserServiceImpl - User found | userId=16 | employeeId=SMDS033
2026-07-15 15:33:09 [http-nio-8080-exec-7] INFO  c.e.D.service.impl.UserServiceImpl - User profile fetched successfully | userId=16 | timeTaken=389ms
2026-07-15 15:33:09 [http-nio-8080-exec-7] INFO  c.e.D.controller.UserController - Profile fetched successfully for userId=16
2026-07-15 15:33:09 [http-nio-8080-exec-7] DEBUG c.e.D.controller.UserController - Fetched profile data: UserProfileResponseDTO(id=16, employeeName=Prathaesh Bhavsar, employeeId=SMDS033, email=prathamesh9bhavsar@gmail.com, mobileNo=8007454299, joiningDesignation=Programmer Analyst Trainee, currentDesignation=Senior Software Developer, department=Information Technology, company=NCS, identity=MRS, pfType=WITH_PF, accountNo=6312965969, bankName=HDFC Bank, currentAddress=N-42,VD-1/3/1,Sawta Nager,Cidco,Trimurti Chowk, permanentAddress=null, joiningCTC=360000.0, currentCTC=null, dateOfBirth=2026-07-01, offerDate=2026-07-01, joiningDate=2026-07-01, panNo=GFZPS5853Q, documents={APPOINTMENT_LETTER=DocumentResponseDTO(generated=false, data=null), INTERNSHIP_LETTER=DocumentResponseDTO(generated=false, data=null), EXPERIENCE_LETTER=DocumentResponseDTO(generated=false, data=null), FULL_AND_FINAL=DocumentResponseDTO(generated=false, data=null), CONFIRMATION_LETTER=DocumentResponseDTO(generated=false, data=null), INCREMENT_LETTER=DocumentResponseDTO(generated=false, data=null), RELIEVING_LETTER=DocumentResponseDTO(generated=false, data=null), SALARY_SLIP=DocumentResponseDTO(generated=false, data=null), COMPLETION_LETTER=DocumentResponseDTO(generated=false, data=null), OFFER_LETTER=DocumentResponseDTO(generated=true, data={issueDate=2026-07-01, probationPeriod=3})})
2026-07-15 15:33:09 [http-nio-8080-exec-7] INFO  c.e.Docgen_Backend.config.JwtFilter - JWT validated successfully for userId=6a311365ec2c34f3d9e4f06e
2026-07-15 15:33:09 [http-nio-8080-exec-7] INFO  c.e.D.controller.UserController - GET /api/v2/users/16 - Fetch request received
2026-07-15 15:33:09 [http-nio-8080-exec-7] INFO  c.e.D.service.impl.UserServiceImpl - Fetching user profile for edit | userId=16
2026-07-15 15:33:09 [http-nio-8080-exec-7] DEBUG c.e.D.service.impl.UserServiceImpl - User found | userId=16 | employeeId=SMDS033
2026-07-15 15:33:09 [http-nio-8080-exec-7] INFO  c.e.D.service.impl.UserServiceImpl - User profile fetched successfully | userId=16 | timeTaken=352ms
2026-07-15 15:33:09 [http-nio-8080-exec-7] INFO  c.e.D.controller.UserController - Profile fetched successfully for userId=16
2026-07-15 15:33:09 [http-nio-8080-exec-7] DEBUG c.e.D.controller.UserController - Fetched profile data: UserProfileResponseDTO(id=16, employeeName=Prathaesh Bhavsar, employeeId=SMDS033, email=prathamesh9bhavsar@gmail.com, mobileNo=8007454299, joiningDesignation=Programmer Analyst Trainee, currentDesignation=Senior Software Developer, department=Information Technology, company=NCS, identity=MRS, pfType=WITH_PF, accountNo=6312965969, bankName=HDFC Bank, currentAddress=N-42,VD-1/3/1,Sawta Nager,Cidco,Trimurti Chowk, permanentAddress=null, joiningCTC=360000.0, currentCTC=null, dateOfBirth=2026-07-01, offerDate=2026-07-01, joiningDate=2026-07-01, panNo=GFZPS5853Q, documents={APPOINTMENT_LETTER=DocumentResponseDTO(generated=false, data=null), INTERNSHIP_LETTER=DocumentResponseDTO(generated=false, data=null), EXPERIENCE_LETTER=DocumentResponseDTO(generated=false, data=null), FULL_AND_FINAL=DocumentResponseDTO(generated=false, data=null), CONFIRMATION_LETTER=DocumentResponseDTO(generated=false, data=null), INCREMENT_LETTER=DocumentResponseDTO(generated=false, data=null), RELIEVING_LETTER=DocumentResponseDTO(generated=false, data=null), SALARY_SLIP=DocumentResponseDTO(generated=false, data=null), COMPLETION_LETTER=DocumentResponseDTO(generated=false, data=null), OFFER_LETTER=DocumentResponseDTO(generated=true, data={issueDate=2026-07-01, probationPeriod=3})})
2026-07-15 15:33:12 [http-nio-8080-exec-2] INFO  c.e.Docgen_Backend.config.JwtFilter - JWT validated successfully for userId=6a311365ec2c34f3d9e4f06e
2026-07-15 15:33:12 [http-nio-8080-exec-2] INFO  c.e.D.controller.UserController - GET /api/v2/users - Fetch all users request received | page=0, size=8, sortBy=id, direction=desc
2026-07-15 15:33:15 [http-nio-8080-exec-2] INFO  c.e.D.controller.UserController - Fetched 8 users on page 0 of 2
2026-07-15 15:33:15 [http-nio-8080-exec-1] INFO  c.e.Docgen_Backend.config.JwtFilter - JWT validated successfully for userId=6a311365ec2c34f3d9e4f06e
2026-07-15 15:33:15 [http-nio-8080-exec-1] INFO  c.e.D.controller.UserController - GET /api/v2/users - Fetch all users request received | page=0, size=8, sortBy=id, direction=desc
2026-07-15 15:33:19 [http-nio-8080-exec-1] INFO  c.e.D.controller.UserController - Fetched 8 users on page 0 of 2
2026-07-15 15:33:24 [http-nio-8080-exec-5] INFO  c.e.Docgen_Backend.config.JwtFilter - JWT validated successfully for userId=6a311365ec2c34f3d9e4f06e
2026-07-15 15:33:24 [http-nio-8080-exec-5] INFO  c.e.D.controller.UserController - GET /api/v2/users/18 - Fetch request received
2026-07-15 15:33:24 [http-nio-8080-exec-5] INFO  c.e.D.service.impl.UserServiceImpl - Fetching user profile for edit | userId=18
2026-07-15 15:33:25 [http-nio-8080-exec-5] DEBUG c.e.D.service.impl.UserServiceImpl - User found | userId=18 | employeeId=SMDS0340
2026-07-15 15:33:25 [http-nio-8080-exec-5] INFO  c.e.D.service.impl.UserServiceImpl - User profile fetched successfully | userId=18 | timeTaken=434ms
2026-07-15 15:33:25 [http-nio-8080-exec-5] INFO  c.e.D.controller.UserController - Profile fetched successfully for userId=18
2026-07-15 15:33:25 [http-nio-8080-exec-5] DEBUG c.e.D.controller.UserController - Fetched profile data: UserProfileResponseDTO(id=18, employeeName=Tabrej Rais Ansari, employeeId=SMDS0340, email=tabrejansari1001@gmail.com, mobileNo=8007454299, joiningDesignation=Associate Software Developer, currentDesignation=Associate Software Developer, department=Information Technology, company=SMT, identity=MR, pfType=WITH_PF, accountNo=41363768430, bankName= SBI, currentAddress=At Post-Surur Tal-Wai Dist-Satara 415517, permanentAddress=null, joiningCTC=500000.0, currentCTC=700000.0, dateOfBirth=1994-05-05, offerDate=2024-12-23, joiningDate=2025-01-01, panNo=CGDPA2348J, documents={APPOINTMENT_LETTER=DocumentResponseDTO(generated=true, data={issueDate=2024-12-23, probationPeriod=6}), INTERNSHIP_LETTER=DocumentResponseDTO(generated=false, data=null), EXPERIENCE_LETTER=DocumentResponseDTO(generated=true, data={issueDate=2026-06-27, relievingDate=2026-06-27}), FULL_AND_FINAL=DocumentResponseDTO(generated=true, data={fnfDate=2026-06-27, totalDaysInMonth=30, month=2026-06, issueDate=2026-06-27, resignationDate=2026-06-05, paidDays=30, leavingDate=2026-06-27}), CONFIRMATION_LETTER=DocumentResponseDTO(generated=false, data=null), INCREMENT_LETTER=DocumentResponseDTO(generated=true, data={issueDate=2026-04-01}), RELIEVING_LETTER=DocumentResponseDTO(generated=true, data={issueDate=2026-06-27, relievingDate=2026-06-27}), SALARY_SLIP=DocumentResponseDTO(generated=true, data={startMonth=2026-01, endMonth=2026-01}), COMPLETION_LETTER=DocumentResponseDTO(generated=false, data=null), OFFER_LETTER=DocumentResponseDTO(generated=true, data={issueDate=2024-12-23, probationPeriod=3})})
2026-07-15 15:33:25 [http-nio-8080-exec-6] INFO  c.e.Docgen_Backend.config.JwtFilter - JWT validated successfully for userId=6a311365ec2c34f3d9e4f06e
2026-07-15 15:33:25 [http-nio-8080-exec-6] INFO  c.e.D.controller.UserController - GET /api/v2/users/18 - Fetch request received
2026-07-15 15:33:25 [http-nio-8080-exec-6] INFO  c.e.D.service.impl.UserServiceImpl - Fetching user profile for edit | userId=18
2026-07-15 15:33:25 [http-nio-8080-exec-6] DEBUG c.e.D.service.impl.UserServiceImpl - User found | userId=18 | employeeId=SMDS0340
2026-07-15 15:33:25 [http-nio-8080-exec-6] INFO  c.e.D.service.impl.UserServiceImpl - User profile fetched successfully | userId=18 | timeTaken=521ms
2026-07-15 15:33:25 [http-nio-8080-exec-6] INFO  c.e.D.controller.UserController - Profile fetched successfully for userId=18
2026-07-15 15:33:25 [http-nio-8080-exec-6] DEBUG c.e.D.controller.UserController - Fetched profile data: UserProfileResponseDTO(id=18, employeeName=Tabrej Rais Ansari, employeeId=SMDS0340, email=tabrejansari1001@gmail.com, mobileNo=8007454299, joiningDesignation=Associate Software Developer, currentDesignation=Associate Software Developer, department=Information Technology, company=SMT, identity=MR, pfType=WITH_PF, accountNo=41363768430, bankName= SBI, currentAddress=At Post-Surur Tal-Wai Dist-Satara 415517, permanentAddress=null, joiningCTC=500000.0, currentCTC=700000.0, dateOfBirth=1994-05-05, offerDate=2024-12-23, joiningDate=2025-01-01, panNo=CGDPA2348J, documents={APPOINTMENT_LETTER=DocumentResponseDTO(generated=true, data={issueDate=2024-12-23, probationPeriod=6}), INTERNSHIP_LETTER=DocumentResponseDTO(generated=false, data=null), EXPERIENCE_LETTER=DocumentResponseDTO(generated=true, data={issueDate=2026-06-27, relievingDate=2026-06-27}), FULL_AND_FINAL=DocumentResponseDTO(generated=true, data={fnfDate=2026-06-27, totalDaysInMonth=30, month=2026-06, issueDate=2026-06-27, resignationDate=2026-06-05, paidDays=30, leavingDate=2026-06-27}), CONFIRMATION_LETTER=DocumentResponseDTO(generated=false, data=null), INCREMENT_LETTER=DocumentResponseDTO(generated=true, data={issueDate=2026-04-01}), RELIEVING_LETTER=DocumentResponseDTO(generated=true, data={issueDate=2026-06-27, relievingDate=2026-06-27}), SALARY_SLIP=DocumentResponseDTO(generated=true, data={startMonth=2026-01, endMonth=2026-01}), COMPLETION_LETTER=DocumentResponseDTO(generated=false, data=null), OFFER_LETTER=DocumentResponseDTO(generated=true, data={issueDate=2024-12-23, probationPeriod=3})})
2026-07-15 15:33:48 [HikariPool-1:housekeeper] WARN  com.zaxxer.hikari.pool.PoolBase - HikariPool-1 - Failed to validate connection com.mysql.cj.jdbc.ConnectionImpl@9568853 (No operations allowed after connection closed.). Possibly consider using a shorter maxLifetime value.
2026-07-15 15:34:07 [HikariPool-1:housekeeper] WARN  com.zaxxer.hikari.pool.PoolBase - HikariPool-1 - Failed to validate connection com.mysql.cj.jdbc.ConnectionImpl@3a8a78f8 (No operations allowed after connection closed.). Possibly consider using a shorter maxLifetime value.
2026-07-15 15:34:10 [HikariPool-1:housekeeper] WARN  com.zaxxer.hikari.pool.PoolBase - HikariPool-1 - Failed to validate connection com.mysql.cj.jdbc.ConnectionImpl@4d9c2fc2 (No operations allowed after connection closed.). Possibly consider using a shorter maxLifetime value.
2026-07-15 15:35:51 [HikariPool-1:housekeeper] WARN  com.zaxxer.hikari.pool.PoolBase - HikariPool-1 - Failed to validate connection com.mysql.cj.jdbc.ConnectionImpl@2ce2e20a (No operations allowed after connection closed.). Possibly consider using a shorter maxLifetime value.
2026-07-15 15:35:59 [HikariPool-1:housekeeper] WARN  com.zaxxer.hikari.pool.PoolBase - HikariPool-1 - Failed to validate connection com.mysql.cj.jdbc.ConnectionImpl@41a3adbd (No operations allowed after connection closed.). Possibly consider using a shorter maxLifetime value.
2026-07-15 15:37:40 [HikariPool-1:housekeeper] WARN  com.zaxxer.hikari.pool.PoolBase - HikariPool-1 - Failed to validate connection com.mysql.cj.jdbc.ConnectionImpl@56242571 (No operations allowed after connection closed.). Possibly consider using a shorter maxLifetime value.
2026-07-15 15:37:58 [HikariPool-1:housekeeper] WARN  com.zaxxer.hikari.pool.PoolBase - HikariPool-1 - Failed to validate connection com.mysql.cj.jdbc.ConnectionImpl@b857e76 (No operations allowed after connection closed.). Possibly consider using a shorter maxLifetime value.
2026-07-15 15:39:32 [HikariPool-1:housekeeper] WARN  com.zaxxer.hikari.pool.PoolBase - HikariPool-1 - Failed to validate connection com.mysql.cj.jdbc.ConnectionImpl@7a55bac3 (No operations allowed after connection closed.). Possibly consider using a shorter maxLifetime value.
2026-07-15 15:39:57 [HikariPool-1:housekeeper] WARN  com.zaxxer.hikari.pool.PoolBase - HikariPool-1 - Failed to validate connection com.mysql.cj.jdbc.ConnectionImpl@3287ec18 (No operations allowed after connection closed.). Possibly consider using a shorter maxLifetime value.
2026-07-15 15:41:11 [HikariPool-1:housekeeper] WARN  com.zaxxer.hikari.pool.PoolBase - HikariPool-1 - Failed to validate connection com.mysql.cj.jdbc.ConnectionImpl@56e8ba (No operations allowed after connection closed.). Possibly consider using a shorter maxLifetime value.
2026-07-15 15:41:52 [HikariPool-1:housekeeper] WARN  com.zaxxer.hikari.pool.PoolBase - HikariPool-1 - Failed to validate connection com.mysql.cj.jdbc.ConnectionImpl@1542d0ed (No operations allowed after connection closed.). Possibly consider using a shorter maxLifetime value.
2026-07-15 15:42:53 [HikariPool-1:housekeeper] WARN  com.zaxxer.hikari.pool.PoolBase - HikariPool-1 - Failed to validate connection com.mysql.cj.jdbc.ConnectionImpl@633cf364 (No operations allowed after connection closed.). Possibly consider using a shorter maxLifetime value.
2026-07-15 15:43:39 [HikariPool-1:housekeeper] WARN  com.zaxxer.hikari.pool.PoolBase - HikariPool-1 - Failed to validate connection com.mysql.cj.jdbc.ConnectionImpl@38cc9383 (No operations allowed after connection closed.). Possibly consider using a shorter maxLifetime value.
2026-07-15 15:44:31 [HikariPool-1:housekeeper] WARN  com.zaxxer.hikari.pool.PoolBase - HikariPool-1 - Failed to validate connection com.mysql.cj.jdbc.ConnectionImpl@42dd97d0 (No operations allowed after connection closed.). Possibly consider using a shorter maxLifetime value.
2026-07-15 15:45:26 [HikariPool-1:housekeeper] WARN  com.zaxxer.hikari.pool.PoolBase - HikariPool-1 - Failed to validate connection com.mysql.cj.jdbc.ConnectionImpl@1b297791 (No operations allowed after connection closed.). Possibly consider using a shorter maxLifetime value.
2026-07-15 15:46:31 [HikariPool-1:housekeeper] WARN  com.zaxxer.hikari.pool.PoolBase - HikariPool-1 - Failed to validate connection com.mysql.cj.jdbc.ConnectionImpl@2faf0533 (No operations allowed after connection closed.). Possibly consider using a shorter maxLifetime value.
2026-07-15 15:47:14 [HikariPool-1:housekeeper] WARN  com.zaxxer.hikari.pool.PoolBase - HikariPool-1 - Failed to validate connection com.mysql.cj.jdbc.ConnectionImpl@6b0bd40e (No operations allowed after connection closed.). Possibly consider using a shorter maxLifetime value.
2026-07-15 15:48:15 [HikariPool-1:housekeeper] WARN  com.zaxxer.hikari.pool.PoolBase - HikariPool-1 - Failed to validate connection com.mysql.cj.jdbc.ConnectionImpl@2e241086 (No operations allowed after connection closed.). Possibly consider using a shorter maxLifetime value.
2026-07-15 15:49:09 [HikariPool-1:housekeeper] WARN  com.zaxxer.hikari.pool.PoolBase - HikariPool-1 - Failed to validate connection com.mysql.cj.jdbc.ConnectionImpl@5572e19d (No operations allowed after connection closed.). Possibly consider using a shorter maxLifetime value.
2026-07-15 15:49:53 [HikariPool-1:housekeeper] WARN  com.zaxxer.hikari.pool.PoolBase - HikariPool-1 - Failed to validate connection com.mysql.cj.jdbc.ConnectionImpl@ad81ab9 (No operations allowed after connection closed.). Possibly consider using a shorter maxLifetime value.
2026-07-15 15:50:59 [HikariPool-1:housekeeper] WARN  com.zaxxer.hikari.pool.PoolBase - HikariPool-1 - Failed to validate connection com.mysql.cj.jdbc.ConnectionImpl@4f1ea2da (No operations allowed after connection closed.). Possibly consider using a shorter maxLifetime value.
2026-07-15 15:51:52 [HikariPool-1:housekeeper] WARN  com.zaxxer.hikari.pool.PoolBase - HikariPool-1 - Failed to validate connection com.mysql.cj.jdbc.ConnectionImpl@354b5b20 (No operations allowed after connection closed.). Possibly consider using a shorter maxLifetime value.
2026-07-15 15:59:31 [background-preinit] INFO  o.h.validator.internal.util.Version - HV000001: Hibernate Validator 9.0.1.Final
2026-07-15 15:59:31 [restartedMain] INFO  c.e.D.DocgenBackendApplication - Starting DocgenBackendApplication using Java 21.0.9 with PID 27024 (E:\DocGen New Front V2\Docgen-Backend\target\classes started by prath in E:\DocGen New Front V2\Docgen-Backend)
2026-07-15 15:59:31 [restartedMain] DEBUG c.e.D.DocgenBackendApplication - Running with Spring Boot v4.0.6, Spring v7.0.7
2026-07-15 15:59:31 [restartedMain] INFO  c.e.D.DocgenBackendApplication - No active profile set, falling back to 1 default profile: "default"
2026-07-15 15:59:31 [restartedMain] INFO  o.s.b.d.e.DevToolsPropertyDefaultsPostProcessor - Devtools property defaults active! Set 'spring.devtools.add-properties' to 'false' to disable
2026-07-15 15:59:31 [restartedMain] INFO  o.s.b.d.e.DevToolsPropertyDefaultsPostProcessor - For additional web related logging consider setting the 'logging.level.web' property to 'DEBUG'
2026-07-15 15:59:32 [restartedMain] INFO  o.s.d.r.c.RepositoryConfigurationDelegate - Bootstrapping Spring Data JPA repositories in DEFAULT mode.
2026-07-15 15:59:32 [restartedMain] INFO  o.s.d.r.c.RepositoryConfigurationDelegate - Finished Spring Data repository scanning in 82 ms. Found 2 JPA repository interfaces.
2026-07-15 15:59:33 [restartedMain] INFO  o.s.boot.tomcat.TomcatWebServer - Tomcat initialized with port 8080 (http)
2026-07-15 15:59:33 [restartedMain] INFO  o.a.coyote.http11.Http11NioProtocol - Initializing ProtocolHandler ["http-nio-8080"]
2026-07-15 15:59:33 [restartedMain] INFO  o.a.catalina.core.StandardService - Starting service [Tomcat]
2026-07-15 15:59:33 [restartedMain] INFO  o.a.catalina.core.StandardEngine - Starting Servlet engine: [Apache Tomcat/11.0.21]
2026-07-15 15:59:33 [restartedMain] INFO  o.s.b.w.c.s.WebApplicationContextInitializer - Root WebApplicationContext: initialization completed in 1873 ms
2026-07-15 15:59:33 [restartedMain] DEBUG c.e.Docgen_Backend.config.JwtFilter - Filter 'jwtFilter' configured for use
2026-07-15 15:59:33 [restartedMain] INFO  org.hibernate.orm.jpa - HHH008540: Processing PersistenceUnitInfo [name: default]
2026-07-15 15:59:33 [restartedMain] INFO  org.hibernate.orm.core - HHH000001: Hibernate ORM core version 7.2.12.Final
2026-07-15 15:59:33 [restartedMain] INFO  o.s.o.j.p.SpringPersistenceUnitInfo - No LoadTimeWeaver setup: ignoring JPA class transformer
2026-07-15 15:59:33 [restartedMain] INFO  com.zaxxer.hikari.HikariDataSource - HikariPool-1 - Starting...
2026-07-15 15:59:34 [restartedMain] INFO  com.zaxxer.hikari.pool.HikariPool - HikariPool-1 - Added connection com.mysql.cj.jdbc.ConnectionImpl@25a45c3a
2026-07-15 15:59:34 [restartedMain] INFO  com.zaxxer.hikari.HikariDataSource - HikariPool-1 - Start completed.
2026-07-15 15:59:35 [restartedMain] WARN  org.hibernate.orm.jdbc - HHH100045: Could not obtain connection metadata: java.sql.SQLSyntaxErrorException: Unknown column 'RESERVED' in 'WHERE'
2026-07-15 15:59:35 [restartedMain] WARN  org.hibernate.orm.deprecation - HHH90000025: MySQLDialect does not need to be specified explicitly using 'hibernate.dialect' (remove the property setting and it will be selected by default)
2026-07-15 15:59:35 [restartedMain] INFO  o.hibernate.orm.connections.pooling - HHH10001005: Database info:
	Database JDBC URL [undefined/unknown]
	Database driver: undefined/unknown
	Database dialect: MySQLDialect
	Database version: 8.0
	Default catalog/schema: unknown/unknown
	Autocommit mode: undefined/unknown
	Isolation level: NONE [default NONE]
	JDBC fetch size: undefined/unknown
	Pool: DataSourceConnectionProvider
	Minimum pool size: undefined/unknown
	Maximum pool size: undefined/unknown
2026-07-15 15:59:36 [restartedMain] INFO  org.hibernate.orm.core - HHH000489: No JTA platform available (set 'hibernate.transaction.jta.platform' to enable JTA platform integration)
2026-07-15 15:59:44 [restartedMain] INFO  o.s.o.j.LocalContainerEntityManagerFactoryBean - Initialized JPA EntityManagerFactory for persistence unit 'default'
2026-07-15 15:59:44 [restartedMain] INFO  o.s.d.j.r.q.QueryEnhancerFactories - Hibernate is in classpath; If applicable, HQL parser will be used.
2026-07-15 15:59:44 [restartedMain] INFO  o.s.s.c.a.a.c.InitializeUserDetailsBeanManagerConfigurer$InitializeUserDetailsManagerConfigurer - Global AuthenticationManager configured with UserDetailsService bean with name customUserDetailsService
2026-07-15 15:59:44 [restartedMain] WARN  o.s.b.j.a.JpaBaseConfiguration$JpaWebConfiguration - spring.jpa.open-in-view is enabled by default. Therefore, database queries may be performed during view rendering. Explicitly configure spring.jpa.open-in-view to disable this warning
2026-07-15 15:59:45 [restartedMain] INFO  o.a.coyote.http11.Http11NioProtocol - Starting ProtocolHandler ["http-nio-8080"]
2026-07-15 15:59:45 [restartedMain] INFO  o.s.boot.tomcat.TomcatWebServer - Tomcat started on port 8080 (http) with context path '/'
2026-07-15 15:59:45 [restartedMain] INFO  c.e.D.DocgenBackendApplication - Started DocgenBackendApplication in 14.915 seconds (process running for 15.927)
2026-07-15 16:01:23 [HikariPool-1:housekeeper] WARN  com.zaxxer.hikari.pool.PoolBase - HikariPool-1 - Failed to validate connection com.mysql.cj.jdbc.ConnectionImpl@25a45c3a (No operations allowed after connection closed.). Possibly consider using a shorter maxLifetime value.
2026-07-15 16:01:31 [HikariPool-1:housekeeper] WARN  com.zaxxer.hikari.pool.PoolBase - HikariPool-1 - Failed to validate connection com.mysql.cj.jdbc.ConnectionImpl@38e05ec7 (No operations allowed after connection closed.). Possibly consider using a shorter maxLifetime value.
2026-07-15 16:01:34 [HikariPool-1:housekeeper] WARN  com.zaxxer.hikari.pool.PoolBase - HikariPool-1 - Failed to validate connection com.mysql.cj.jdbc.ConnectionImpl@78108c0f (No operations allowed after connection closed.). Possibly consider using a shorter maxLifetime value.
2026-07-15 16:03:11 [HikariPool-1:housekeeper] WARN  com.zaxxer.hikari.pool.PoolBase - HikariPool-1 - Failed to validate connection com.mysql.cj.jdbc.ConnectionImpl@4fa31e76 (No operations allowed after connection closed.). Possibly consider using a shorter maxLifetime value.
2026-07-15 16:03:31 [HikariPool-1:housekeeper] WARN  com.zaxxer.hikari.pool.PoolBase - HikariPool-1 - Failed to validate connection com.mysql.cj.jdbc.ConnectionImpl@7ce4bcd4 (No operations allowed after connection closed.). Possibly consider using a shorter maxLifetime value.
2026-07-15 16:04:56 [HikariPool-1:housekeeper] WARN  com.zaxxer.hikari.pool.PoolBase - HikariPool-1 - Failed to validate connection com.mysql.cj.jdbc.ConnectionImpl@576fd966 (No operations allowed after connection closed.). Possibly consider using a shorter maxLifetime value.
2026-07-15 16:05:08 [HikariPool-1:housekeeper] WARN  com.zaxxer.hikari.pool.PoolBase - HikariPool-1 - Failed to validate connection com.mysql.cj.jdbc.ConnectionImpl@8c9f25 (No operations allowed after connection closed.). Possibly consider using a shorter maxLifetime value.
2026-07-15 16:06:41 [HikariPool-1:housekeeper] WARN  com.zaxxer.hikari.pool.PoolBase - HikariPool-1 - Failed to validate connection com.mysql.cj.jdbc.ConnectionImpl@6895b094 (No operations allowed after connection closed.). Possibly consider using a shorter maxLifetime value.
2026-07-15 16:06:56 [HikariPool-1:housekeeper] WARN  com.zaxxer.hikari.pool.PoolBase - HikariPool-1 - Failed to validate connection com.mysql.cj.jdbc.ConnectionImpl@69e0dd4f (No operations allowed after connection closed.). Possibly consider using a shorter maxLifetime value.
2026-07-15 16:08:27 [HikariPool-1:housekeeper] WARN  com.zaxxer.hikari.pool.PoolBase - HikariPool-1 - Failed to validate connection com.mysql.cj.jdbc.ConnectionImpl@2a83c890 (No operations allowed after connection closed.). Possibly consider using a shorter maxLifetime value.
2026-07-15 16:08:45 [HikariPool-1:housekeeper] WARN  com.zaxxer.hikari.pool.PoolBase - HikariPool-1 - Failed to validate connection com.mysql.cj.jdbc.ConnectionImpl@40e1f3bf (No operations allowed after connection closed.). Possibly consider using a shorter maxLifetime value.
2026-07-15 16:10:16 [HikariPool-1:housekeeper] WARN  com.zaxxer.hikari.pool.PoolBase - HikariPool-1 - Failed to validate connection com.mysql.cj.jdbc.ConnectionImpl@25b3a289 (No operations allowed after connection closed.). Possibly consider using a shorter maxLifetime value.
2026-07-15 16:10:35 [HikariPool-1:housekeeper] WARN  com.zaxxer.hikari.pool.PoolBase - HikariPool-1 - Failed to validate connection com.mysql.cj.jdbc.ConnectionImpl@67c4ecc1 (No operations allowed after connection closed.). Possibly consider using a shorter maxLifetime value.
2026-07-15 16:12:11 [HikariPool-1:housekeeper] WARN  com.zaxxer.hikari.pool.PoolBase - HikariPool-1 - Failed to validate connection com.mysql.cj.jdbc.ConnectionImpl@4f70ff29 (No operations allowed after connection closed.). Possibly consider using a shorter maxLifetime value.
2026-07-15 16:12:14 [HikariPool-1:housekeeper] WARN  com.zaxxer.hikari.pool.PoolBase - HikariPool-1 - Failed to validate connection com.mysql.cj.jdbc.ConnectionImpl@1b82e9a3 (No operations allowed after connection closed.). Possibly consider using a shorter maxLifetime value.
2026-07-15 16:13:54 [HikariPool-1:housekeeper] WARN  com.zaxxer.hikari.pool.PoolBase - HikariPool-1 - Failed to validate connection com.mysql.cj.jdbc.ConnectionImpl@11826470 (No operations allowed after connection closed.). Possibly consider using a shorter maxLifetime value.
2026-07-15 16:14:08 [HikariPool-1:housekeeper] WARN  com.zaxxer.hikari.pool.PoolBase - HikariPool-1 - Failed to validate connection com.mysql.cj.jdbc.ConnectionImpl@75a70f8 (No operations allowed after connection closed.). Possibly consider using a shorter maxLifetime value.
2026-07-15 16:15:51 [HikariPool-1:housekeeper] WARN  com.zaxxer.hikari.pool.PoolBase - HikariPool-1 - Failed to validate connection com.mysql.cj.jdbc.ConnectionImpl@9ba1ab6 (No operations allowed after connection closed.). Possibly consider using a shorter maxLifetime value.
2026-07-15 16:16:05 [HikariPool-1:housekeeper] WARN  com.zaxxer.hikari.pool.PoolBase - HikariPool-1 - Failed to validate connection com.mysql.cj.jdbc.ConnectionImpl@1ef552f0 (No operations allowed after connection closed.). Possibly consider using a shorter maxLifetime value.
2026-07-15 16:17:36 [HikariPool-1:housekeeper] WARN  com.zaxxer.hikari.pool.PoolBase - HikariPool-1 - Failed to validate connection com.mysql.cj.jdbc.ConnectionImpl@66932de (No operations allowed after connection closed.). Possibly consider using a shorter maxLifetime value.
2026-07-15 16:17:52 [HikariPool-1:housekeeper] WARN  com.zaxxer.hikari.pool.PoolBase - HikariPool-1 - Failed to validate connection com.mysql.cj.jdbc.ConnectionImpl@19dfd2e9 (No operations allowed after connection closed.). Possibly consider using a shorter maxLifetime value.
2026-07-15 16:19:28 [HikariPool-1:housekeeper] WARN  com.zaxxer.hikari.pool.PoolBase - HikariPool-1 - Failed to validate connection com.mysql.cj.jdbc.ConnectionImpl@76f171fb (No operations allowed after connection closed.). Possibly consider using a shorter maxLifetime value.
2026-07-15 16:19:32 [HikariPool-1:housekeeper] WARN  com.zaxxer.hikari.pool.PoolBase - HikariPool-1 - Failed to validate connection com.mysql.cj.jdbc.ConnectionImpl@770a2a0f (No operations allowed after connection closed.). Possibly consider using a shorter maxLifetime value.
2026-07-15 16:21:12 [HikariPool-1:housekeeper] WARN  com.zaxxer.hikari.pool.PoolBase - HikariPool-1 - Failed to validate connection com.mysql.cj.jdbc.ConnectionImpl@44260812 (No operations allowed after connection closed.). Possibly consider using a shorter maxLifetime value.
2026-07-15 16:21:12 [HikariPool-1:housekeeper] WARN  com.zaxxer.hikari.pool.PoolBase - HikariPool-1 - Failed to validate connection com.mysql.cj.jdbc.ConnectionImpl@6ec9c32 (No operations allowed after connection closed.). Possibly consider using a shorter maxLifetime value.
2026-07-15 16:22:49 [HikariPool-1:housekeeper] WARN  com.zaxxer.hikari.pool.PoolBase - HikariPool-1 - Failed to validate connection com.mysql.cj.jdbc.ConnectionImpl@209094b2 (No operations allowed after connection closed.). Possibly consider using a shorter maxLifetime value.
2026-07-15 16:22:57 [HikariPool-1:housekeeper] WARN  com.zaxxer.hikari.pool.PoolBase - HikariPool-1 - Failed to validate connection com.mysql.cj.jdbc.ConnectionImpl@430e8889 (No operations allowed after connection closed.). Possibly consider using a shorter maxLifetime value.
2026-07-15 16:24:45 [HikariPool-1:housekeeper] WARN  com.zaxxer.hikari.pool.PoolBase - HikariPool-1 - Failed to validate connection com.mysql.cj.jdbc.ConnectionImpl@5f0b44c (No operations allowed after connection closed.). Possibly consider using a shorter maxLifetime value.
2026-07-15 16:24:49 [HikariPool-1:housekeeper] WARN  com.zaxxer.hikari.pool.PoolBase - HikariPool-1 - Failed to validate connection com.mysql.cj.jdbc.ConnectionImpl@75b9fbe7 (No operations allowed after connection closed.). Possibly consider using a shorter maxLifetime value.
2026-07-15 16:26:30 [HikariPool-1:housekeeper] WARN  com.zaxxer.hikari.pool.PoolBase - HikariPool-1 - Failed to validate connection com.mysql.cj.jdbc.ConnectionImpl@58fb2ba7 (No operations allowed after connection closed.). Possibly consider using a shorter maxLifetime value.
2026-07-15 16:26:42 [HikariPool-1:housekeeper] WARN  com.zaxxer.hikari.pool.PoolBase - HikariPool-1 - Failed to validate connection com.mysql.cj.jdbc.ConnectionImpl@39c37f8a (No operations allowed after connection closed.). Possibly consider using a shorter maxLifetime value.
2026-07-15 16:28:23 [HikariPool-1:housekeeper] WARN  com.zaxxer.hikari.pool.PoolBase - HikariPool-1 - Failed to validate connection com.mysql.cj.jdbc.ConnectionImpl@2b86851 (No operations allowed after connection closed.). Possibly consider using a shorter maxLifetime value.
2026-07-15 16:28:33 [HikariPool-1:housekeeper] WARN  com.zaxxer.hikari.pool.PoolBase - HikariPool-1 - Failed to validate connection com.mysql.cj.jdbc.ConnectionImpl@35a8d4c3 (No operations allowed after connection closed.). Possibly consider using a shorter maxLifetime value.
2026-07-15 16:30:12 [HikariPool-1:housekeeper] WARN  com.zaxxer.hikari.pool.PoolBase - HikariPool-1 - Failed to validate connection com.mysql.cj.jdbc.ConnectionImpl@91d4f28 (No operations allowed after connection closed.). Possibly consider using a shorter maxLifetime value.
2026-07-15 16:30:30 [HikariPool-1:housekeeper] WARN  com.zaxxer.hikari.pool.PoolBase - HikariPool-1 - Failed to validate connection com.mysql.cj.jdbc.ConnectionImpl@43d8dd46 (No operations allowed after connection closed.). Possibly consider using a shorter maxLifetime value.
2026-07-15 16:32:07 [HikariPool-1:housekeeper] WARN  com.zaxxer.hikari.pool.PoolBase - HikariPool-1 - Failed to validate connection com.mysql.cj.jdbc.ConnectionImpl@5a67cf1f (No operations allowed after connection closed.). Possibly consider using a shorter maxLifetime value.
2026-07-15 16:32:07 [HikariPool-1:housekeeper] WARN  com.zaxxer.hikari.pool.PoolBase - HikariPool-1 - Failed to validate connection com.mysql.cj.jdbc.ConnectionImpl@47270d06 (No operations allowed after connection closed.). Possibly consider using a shorter maxLifetime value.
2026-07-15 16:33:55 [HikariPool-1:housekeeper] WARN  com.zaxxer.hikari.pool.PoolBase - HikariPool-1 - Failed to validate connection com.mysql.cj.jdbc.ConnectionImpl@7b63eee5 (No operations allowed after connection closed.). Possibly consider using a shorter maxLifetime value.
2026-07-15 16:33:57 [HikariPool-1:housekeeper] WARN  com.zaxxer.hikari.pool.PoolBase - HikariPool-1 - Failed to validate connection com.mysql.cj.jdbc.ConnectionImpl@5b9bbf1f (No operations allowed after connection closed.). Possibly consider using a shorter maxLifetime value.
2026-07-15 16:35:54 [HikariPool-1:housekeeper] WARN  com.zaxxer.hikari.pool.PoolBase - HikariPool-1 - Failed to validate connection com.mysql.cj.jdbc.ConnectionImpl@24abd657 (No operations allowed after connection closed.). Possibly consider using a shorter maxLifetime value.
2026-07-15 16:35:55 [HikariPool-1:housekeeper] WARN  com.zaxxer.hikari.pool.PoolBase - HikariPool-1 - Failed to validate connection com.mysql.cj.jdbc.ConnectionImpl@19d79c9a (No operations allowed after connection closed.). Possibly consider using a shorter maxLifetime value.
2026-07-15 16:38:48 [HikariPool-1:housekeeper] WARN  com.zaxxer.hikari.pool.HikariPool - HikariPool-1 - Thread starvation or clock leap detected (housekeeper delta=1m43s244ms801µs100ns).
2026-07-15 16:38:48 [HikariPool-1:housekeeper] WARN  com.zaxxer.hikari.pool.PoolBase - HikariPool-1 - Failed to validate connection com.mysql.cj.jdbc.ConnectionImpl@1fb2abf8 (No operations allowed after connection closed.). Possibly consider using a shorter maxLifetime value.
2026-07-15 16:38:48 [HikariPool-1:housekeeper] WARN  com.zaxxer.hikari.pool.PoolBase - HikariPool-1 - Failed to validate connection com.mysql.cj.jdbc.ConnectionImpl@7d150764 (No operations allowed after connection closed.). Possibly consider using a shorter maxLifetime value.
2026-07-15 16:40:34 [HikariPool-1:housekeeper] WARN  com.zaxxer.hikari.pool.PoolBase - HikariPool-1 - Failed to validate connection com.mysql.cj.jdbc.ConnectionImpl@58036710 (No operations allowed after connection closed.). Possibly consider using a shorter maxLifetime value.
2026-07-15 16:40:46 [HikariPool-1:housekeeper] WARN  com.zaxxer.hikari.pool.PoolBase - HikariPool-1 - Failed to validate connection com.mysql.cj.jdbc.ConnectionImpl@3927bf9f (No operations allowed after connection closed.). Possibly consider using a shorter maxLifetime value.
2026-07-15 16:42:34 [HikariPool-1:housekeeper] WARN  com.zaxxer.hikari.pool.PoolBase - HikariPool-1 - Failed to validate connection com.mysql.cj.jdbc.ConnectionImpl@2fa46084 (No operations allowed after connection closed.). Possibly consider using a shorter maxLifetime value.
2026-07-15 16:42:34 [HikariPool-1:housekeeper] WARN  com.zaxxer.hikari.pool.PoolBase - HikariPool-1 - Failed to validate connection com.mysql.cj.jdbc.ConnectionImpl@5ebe3085 (No operations allowed after connection closed.). Possibly consider using a shorter maxLifetime value.
2026-07-15 16:44:16 [HikariPool-1:housekeeper] WARN  com.zaxxer.hikari.pool.PoolBase - HikariPool-1 - Failed to validate connection com.mysql.cj.jdbc.ConnectionImpl@57e499db (No operations allowed after connection closed.). Possibly consider using a shorter maxLifetime value.
2026-07-15 16:44:24 [HikariPool-1:housekeeper] WARN  com.zaxxer.hikari.pool.PoolBase - HikariPool-1 - Failed to validate connection com.mysql.cj.jdbc.ConnectionImpl@cc61ea4 (No operations allowed after connection closed.). Possibly consider using a shorter maxLifetime value.
2026-07-15 16:46:15 [HikariPool-1:housekeeper] WARN  com.zaxxer.hikari.pool.PoolBase - HikariPool-1 - Failed to validate connection com.mysql.cj.jdbc.ConnectionImpl@508a4251 (No operations allowed after connection closed.). Possibly consider using a shorter maxLifetime value.
2026-07-15 16:46:15 [HikariPool-1:housekeeper] WARN  com.zaxxer.hikari.pool.PoolBase - HikariPool-1 - Failed to validate connection com.mysql.cj.jdbc.ConnectionImpl@744ae04a (No operations allowed after connection closed.). Possibly consider using a shorter maxLifetime value.
2026-07-15 16:47:57 [HikariPool-1:housekeeper] WARN  com.zaxxer.hikari.pool.PoolBase - HikariPool-1 - Failed to validate connection com.mysql.cj.jdbc.ConnectionImpl@4ece6557 (No operations allowed after connection closed.). Possibly consider using a shorter maxLifetime value.
2026-07-15 16:48:14 [HikariPool-1:housekeeper] WARN  com.zaxxer.hikari.pool.PoolBase - HikariPool-1 - Failed to validate connection com.mysql.cj.jdbc.ConnectionImpl@2b507063 (No operations allowed after connection closed.). Possibly consider using a shorter maxLifetime value.
2026-07-15 16:49:51 [HikariPool-1:housekeeper] WARN  com.zaxxer.hikari.pool.PoolBase - HikariPool-1 - Failed to validate connection com.mysql.cj.jdbc.ConnectionImpl@35e2b57e (No operations allowed after connection closed.). Possibly consider using a shorter maxLifetime value.
2026-07-15 16:49:53 [HikariPool-1:housekeeper] WARN  com.zaxxer.hikari.pool.PoolBase - HikariPool-1 - Failed to validate connection com.mysql.cj.jdbc.ConnectionImpl@70d0215f (No operations allowed after connection closed.). Possibly consider using a shorter maxLifetime value.
2026-07-15 16:51:29 [HikariPool-1:housekeeper] WARN  com.zaxxer.hikari.pool.PoolBase - HikariPool-1 - Failed to validate connection com.mysql.cj.jdbc.ConnectionImpl@24506ea3 (No operations allowed after connection closed.). Possibly consider using a shorter maxLifetime value.
2026-07-15 16:51:41 [HikariPool-1:housekeeper] WARN  com.zaxxer.hikari.pool.PoolBase - HikariPool-1 - Failed to validate connection com.mysql.cj.jdbc.ConnectionImpl@1c4e5d (No operations allowed after connection closed.). Possibly consider using a shorter maxLifetime value.
2026-07-15 16:53:14 [HikariPool-1:housekeeper] WARN  com.zaxxer.hikari.pool.PoolBase - HikariPool-1 - Failed to validate connection com.mysql.cj.jdbc.ConnectionImpl@5635002b (No operations allowed after connection closed.). Possibly consider using a shorter maxLifetime value.
2026-07-15 16:53:30 [HikariPool-1:housekeeper] WARN  com.zaxxer.hikari.pool.PoolBase - HikariPool-1 - Failed to validate connection com.mysql.cj.jdbc.ConnectionImpl@7b7faedc (No operations allowed after connection closed.). Possibly consider using a shorter maxLifetime value.
2026-07-15 16:55:00 [HikariPool-1:housekeeper] WARN  com.zaxxer.hikari.pool.PoolBase - HikariPool-1 - Failed to validate connection com.mysql.cj.jdbc.ConnectionImpl@4e271f98 (No operations allowed after connection closed.). Possibly consider using a shorter maxLifetime value.
2026-07-15 16:55:15 [HikariPool-1:housekeeper] WARN  com.zaxxer.hikari.pool.PoolBase - HikariPool-1 - Failed to validate connection com.mysql.cj.jdbc.ConnectionImpl@4af1bee5 (No operations allowed after connection closed.). Possibly consider using a shorter maxLifetime value.
2026-07-15 16:56:43 [HikariPool-1:housekeeper] WARN  com.zaxxer.hikari.pool.PoolBase - HikariPool-1 - Failed to validate connection com.mysql.cj.jdbc.ConnectionImpl@67c53672 (No operations allowed after connection closed.). Possibly consider using a shorter maxLifetime value.
2026-07-15 16:57:02 [HikariPool-1:housekeeper] WARN  com.zaxxer.hikari.pool.PoolBase - HikariPool-1 - Failed to validate connection com.mysql.cj.jdbc.ConnectionImpl@1bc678a1 (No operations allowed after connection closed.). Possibly consider using a shorter maxLifetime value.
2026-07-15 16:58:20 [HikariPool-1:housekeeper] WARN  com.zaxxer.hikari.pool.PoolBase - HikariPool-1 - Failed to validate connection com.mysql.cj.jdbc.ConnectionImpl@5c63a9a (No operations allowed after connection closed.). Possibly consider using a shorter maxLifetime value.
2026-07-15 16:58:57 [HikariPool-1:housekeeper] WARN  com.zaxxer.hikari.pool.PoolBase - HikariPool-1 - Failed to validate connection com.mysql.cj.jdbc.ConnectionImpl@4e132b85 (No operations allowed after connection closed.). Possibly consider using a shorter maxLifetime value.
2026-07-15 17:00:18 [HikariPool-1:housekeeper] WARN  com.zaxxer.hikari.pool.PoolBase - HikariPool-1 - Failed to validate connection com.mysql.cj.jdbc.ConnectionImpl@46eec8b4 (No operations allowed after connection closed.). Possibly consider using a shorter maxLifetime value.
2026-07-15 17:00:51 [HikariPool-1:housekeeper] WARN  com.zaxxer.hikari.pool.PoolBase - HikariPool-1 - Failed to validate connection com.mysql.cj.jdbc.ConnectionImpl@354ec0ea (No operations allowed after connection closed.). Possibly consider using a shorter maxLifetime value.
2026-07-15 17:02:03 [HikariPool-1:housekeeper] WARN  com.zaxxer.hikari.pool.PoolBase - HikariPool-1 - Failed to validate connection com.mysql.cj.jdbc.ConnectionImpl@36daef1c (No operations allowed after connection closed.). Possibly consider using a shorter maxLifetime value.
2026-07-15 17:02:43 [HikariPool-1:housekeeper] WARN  com.zaxxer.hikari.pool.PoolBase - HikariPool-1 - Failed to validate connection com.mysql.cj.jdbc.ConnectionImpl@23d14bb0 (No operations allowed after connection closed.). Possibly consider using a shorter maxLifetime value.
2026-07-15 17:03:48 [HikariPool-1:housekeeper] WARN  com.zaxxer.hikari.pool.PoolBase - HikariPool-1 - Failed to validate connection com.mysql.cj.jdbc.ConnectionImpl@4dbcaa22 (No operations allowed after connection closed.). Possibly consider using a shorter maxLifetime value.
2026-07-15 17:04:24 [HikariPool-1:housekeeper] WARN  com.zaxxer.hikari.pool.PoolBase - HikariPool-1 - Failed to validate connection com.mysql.cj.jdbc.ConnectionImpl@5808c10c (No operations allowed after connection closed.). Possibly consider using a shorter maxLifetime value.
2026-07-15 17:05:26 [HikariPool-1:housekeeper] WARN  com.zaxxer.hikari.pool.PoolBase - HikariPool-1 - Failed to validate connection com.mysql.cj.jdbc.ConnectionImpl@24f314cf (No operations allowed after connection closed.). Possibly consider using a shorter maxLifetime value.
2026-07-15 17:06:13 [HikariPool-1:housekeeper] WARN  com.zaxxer.hikari.pool.PoolBase - HikariPool-1 - Failed to validate connection com.mysql.cj.jdbc.ConnectionImpl@271fc186 (No operations allowed after connection closed.). Possibly consider using a shorter maxLifetime value.
2026-07-15 17:07:21 [HikariPool-1:housekeeper] WARN  com.zaxxer.hikari.pool.PoolBase - HikariPool-1 - Failed to validate connection com.mysql.cj.jdbc.ConnectionImpl@256805ed (No operations allowed after connection closed.). Possibly consider using a shorter maxLifetime value.
2026-07-15 17:07:51 [HikariPool-1:housekeeper] WARN  com.zaxxer.hikari.pool.PoolBase - HikariPool-1 - Failed to validate connection com.mysql.cj.jdbc.ConnectionImpl@4ea9e76f (No operations allowed after connection closed.). Possibly consider using a shorter maxLifetime value.
2026-07-15 17:09:10 [HikariPool-1:housekeeper] WARN  com.zaxxer.hikari.pool.PoolBase - HikariPool-1 - Failed to validate connection com.mysql.cj.jdbc.ConnectionImpl@3b617a53 (No operations allowed after connection closed.). Possibly consider using a shorter maxLifetime value.
2026-07-15 17:09:41 [HikariPool-1:housekeeper] WARN  com.zaxxer.hikari.pool.PoolBase - HikariPool-1 - Failed to validate connection com.mysql.cj.jdbc.ConnectionImpl@35a10d8a (No operations allowed after connection closed.). Possibly consider using a shorter maxLifetime value.
2026-07-15 17:11:00 [HikariPool-1:housekeeper] WARN  com.zaxxer.hikari.pool.PoolBase - HikariPool-1 - Failed to validate connection com.mysql.cj.jdbc.ConnectionImpl@417dcca8 (No operations allowed after connection closed.). Possibly consider using a shorter maxLifetime value.
2026-07-15 17:11:19 [HikariPool-1:housekeeper] WARN  com.zaxxer.hikari.pool.PoolBase - HikariPool-1 - Failed to validate connection com.mysql.cj.jdbc.ConnectionImpl@58ac2b61 (No operations allowed after connection closed.). Possibly consider using a shorter maxLifetime value.
2026-07-15 17:12:50 [HikariPool-1:housekeeper] WARN  com.zaxxer.hikari.pool.PoolBase - HikariPool-1 - Failed to validate connection com.mysql.cj.jdbc.ConnectionImpl@7279eb6c (No operations allowed after connection closed.). Possibly consider using a shorter maxLifetime value.
2026-07-15 17:13:15 [HikariPool-1:housekeeper] WARN  com.zaxxer.hikari.pool.PoolBase - HikariPool-1 - Failed to validate connection com.mysql.cj.jdbc.ConnectionImpl@4b531470 (No operations allowed after connection closed.). Possibly consider using a shorter maxLifetime value.
2026-07-15 17:14:35 [HikariPool-1:housekeeper] WARN  com.zaxxer.hikari.pool.PoolBase - HikariPool-1 - Failed to validate connection com.mysql.cj.jdbc.ConnectionImpl@588badc2 (No operations allowed after connection closed.). Possibly consider using a shorter maxLifetime value.
2026-07-15 17:15:09 [HikariPool-1:housekeeper] WARN  com.zaxxer.hikari.pool.PoolBase - HikariPool-1 - Failed to validate connection com.mysql.cj.jdbc.ConnectionImpl@175a729f (No operations allowed after connection closed.). Possibly consider using a shorter maxLifetime value.
2026-07-15 17:16:14 [HikariPool-1:housekeeper] WARN  com.zaxxer.hikari.pool.PoolBase - HikariPool-1 - Failed to validate connection com.mysql.cj.jdbc.ConnectionImpl@572fd275 (No operations allowed after connection closed.). Possibly consider using a shorter maxLifetime value.
2026-07-15 17:17:07 [HikariPool-1:housekeeper] WARN  com.zaxxer.hikari.pool.PoolBase - HikariPool-1 - Failed to validate connection com.mysql.cj.jdbc.ConnectionImpl@1f2737ba (No operations allowed after connection closed.). Possibly consider using a shorter maxLifetime value.
2026-07-15 17:18:10 [HikariPool-1:housekeeper] WARN  com.zaxxer.hikari.pool.PoolBase - HikariPool-1 - Failed to validate connection com.mysql.cj.jdbc.ConnectionImpl@185121a2 (No operations allowed after connection closed.). Possibly consider using a shorter maxLifetime value.
2026-07-15 17:18:54 [HikariPool-1:housekeeper] WARN  com.zaxxer.hikari.pool.PoolBase - HikariPool-1 - Failed to validate connection com.mysql.cj.jdbc.ConnectionImpl@e361916 (No operations allowed after connection closed.). Possibly consider using a shorter maxLifetime value.
2026-07-15 17:19:51 [HikariPool-1:housekeeper] WARN  com.zaxxer.hikari.pool.PoolBase - HikariPool-1 - Failed to validate connection com.mysql.cj.jdbc.ConnectionImpl@925f702 (No operations allowed after connection closed.). Possibly consider using a shorter maxLifetime value.
2026-07-15 17:20:48 [HikariPool-1:housekeeper] WARN  com.zaxxer.hikari.pool.PoolBase - HikariPool-1 - Failed to validate connection com.mysql.cj.jdbc.ConnectionImpl@4c9e9e29 (No operations allowed after connection closed.). Possibly consider using a shorter maxLifetime value.
2026-07-15 17:21:42 [HikariPool-1:housekeeper] WARN  com.zaxxer.hikari.pool.PoolBase - HikariPool-1 - Failed to validate connection com.mysql.cj.jdbc.ConnectionImpl@36dd32b6 (No operations allowed after connection closed.). Possibly consider using a shorter maxLifetime value.
2026-07-15 17:22:33 [HikariPool-1:housekeeper] WARN  com.zaxxer.hikari.pool.PoolBase - HikariPool-1 - Failed to validate connection com.mysql.cj.jdbc.ConnectionImpl@aeed4a7 (No operations allowed after connection closed.). Possibly consider using a shorter maxLifetime value.
2026-07-15 17:23:20 [HikariPool-1:housekeeper] WARN  com.zaxxer.hikari.pool.PoolBase - HikariPool-1 - Failed to validate connection com.mysql.cj.jdbc.ConnectionImpl@77ef1c2c (No operations allowed after connection closed.). Possibly consider using a shorter maxLifetime value.
2026-07-15 17:24:26 [HikariPool-1:housekeeper] WARN  com.zaxxer.hikari.pool.PoolBase - HikariPool-1 - Failed to validate connection com.mysql.cj.jdbc.ConnectionImpl@72c05658 (No operations allowed after connection closed.). Possibly consider using a shorter maxLifetime value.
2026-07-15 17:24:59 [HikariPool-1:housekeeper] WARN  com.zaxxer.hikari.pool.PoolBase - HikariPool-1 - Failed to validate connection com.mysql.cj.jdbc.ConnectionImpl@13cf3225 (No operations allowed after connection closed.). Possibly consider using a shorter maxLifetime value.
2026-07-15 17:26:20 [HikariPool-1:housekeeper] WARN  com.zaxxer.hikari.pool.PoolBase - HikariPool-1 - Failed to validate connection com.mysql.cj.jdbc.ConnectionImpl@520d2986 (No operations allowed after connection closed.). Possibly consider using a shorter maxLifetime value.
2026-07-15 17:26:46 [HikariPool-1:housekeeper] WARN  com.zaxxer.hikari.pool.PoolBase - HikariPool-1 - Failed to validate connection com.mysql.cj.jdbc.ConnectionImpl@56869221 (No operations allowed after connection closed.). Possibly consider using a shorter maxLifetime value.
2026-07-15 17:28:05 [HikariPool-1:housekeeper] WARN  com.zaxxer.hikari.pool.PoolBase - HikariPool-1 - Failed to validate connection com.mysql.cj.jdbc.ConnectionImpl@31e707b5 (No operations allowed after connection closed.). Possibly consider using a shorter maxLifetime value.
2026-07-15 17:28:36 [HikariPool-1:housekeeper] WARN  com.zaxxer.hikari.pool.PoolBase - HikariPool-1 - Failed to validate connection com.mysql.cj.jdbc.ConnectionImpl@790630c5 (No operations allowed after connection closed.). Possibly consider using a shorter maxLifetime value.
2026-07-15 17:29:57 [HikariPool-1:housekeeper] WARN  com.zaxxer.hikari.pool.PoolBase - HikariPool-1 - Failed to validate connection com.mysql.cj.jdbc.ConnectionImpl@10db2131 (No operations allowed after connection closed.). Possibly consider using a shorter maxLifetime value.
2026-07-15 17:30:29 [HikariPool-1:housekeeper] WARN  com.zaxxer.hikari.pool.PoolBase - HikariPool-1 - Failed to validate connection com.mysql.cj.jdbc.ConnectionImpl@5e161482 (No operations allowed after connection closed.). Possibly consider using a shorter maxLifetime value.
2026-07-15 17:31:48 [HikariPool-1:housekeeper] WARN  com.zaxxer.hikari.pool.PoolBase - HikariPool-1 - Failed to validate connection com.mysql.cj.jdbc.ConnectionImpl@4c6653fa (No operations allowed after connection closed.). Possibly consider using a shorter maxLifetime value.
2026-07-15 17:32:17 [HikariPool-1:housekeeper] WARN  com.zaxxer.hikari.pool.PoolBase - HikariPool-1 - Failed to validate connection com.mysql.cj.jdbc.ConnectionImpl@40f27d8f (No operations allowed after connection closed.). Possibly consider using a shorter maxLifetime value.
2026-07-15 17:33:26 [HikariPool-1:housekeeper] WARN  com.zaxxer.hikari.pool.PoolBase - HikariPool-1 - Failed to validate connection com.mysql.cj.jdbc.ConnectionImpl@52a2e1f1 (No operations allowed after connection closed.). Possibly consider using a shorter maxLifetime value.
2026-07-15 17:34:03 [HikariPool-1:housekeeper] WARN  com.zaxxer.hikari.pool.PoolBase - HikariPool-1 - Failed to validate connection com.mysql.cj.jdbc.ConnectionImpl@596f0799 (No operations allowed after connection closed.). Possibly consider using a shorter maxLifetime value.
2026-07-15 17:35:24 [HikariPool-1:housekeeper] WARN  com.zaxxer.hikari.pool.PoolBase - HikariPool-1 - Failed to validate connection com.mysql.cj.jdbc.ConnectionImpl@1cd268f9 (No operations allowed after connection closed.). Possibly consider using a shorter maxLifetime value.
2026-07-15 17:35:50 [HikariPool-1:housekeeper] WARN  com.zaxxer.hikari.pool.PoolBase - HikariPool-1 - Failed to validate connection com.mysql.cj.jdbc.ConnectionImpl@27f21a17 (No operations allowed after connection closed.). Possibly consider using a shorter maxLifetime value.
2026-07-15 17:37:11 [HikariPool-1:housekeeper] WARN  com.zaxxer.hikari.pool.PoolBase - HikariPool-1 - Failed to validate connection com.mysql.cj.jdbc.ConnectionImpl@2464a98e (No operations allowed after connection closed.). Possibly consider using a shorter maxLifetime value.
2026-07-15 17:37:28 [HikariPool-1:housekeeper] WARN  com.zaxxer.hikari.pool.PoolBase - HikariPool-1 - Failed to validate connection com.mysql.cj.jdbc.ConnectionImpl@11479372 (No operations allowed after connection closed.). Possibly consider using a shorter maxLifetime value.
2026-07-15 17:39:04 [HikariPool-1:housekeeper] WARN  com.zaxxer.hikari.pool.PoolBase - HikariPool-1 - Failed to validate connection com.mysql.cj.jdbc.ConnectionImpl@4f8293a9 (No operations allowed after connection closed.). Possibly consider using a shorter maxLifetime value.
2026-07-15 17:39:06 [HikariPool-1:housekeeper] WARN  com.zaxxer.hikari.pool.PoolBase - HikariPool-1 - Failed to validate connection com.mysql.cj.jdbc.ConnectionImpl@542fcf61 (No operations allowed after connection closed.). Possibly consider using a shorter maxLifetime value.
2026-07-15 17:40:58 [HikariPool-1:housekeeper] WARN  com.zaxxer.hikari.pool.PoolBase - HikariPool-1 - Failed to validate connection com.mysql.cj.jdbc.ConnectionImpl@41c894ec (No operations allowed after connection closed.). Possibly consider using a shorter maxLifetime value.
2026-07-15 17:41:04 [HikariPool-1:housekeeper] WARN  com.zaxxer.hikari.pool.PoolBase - HikariPool-1 - Failed to validate connection com.mysql.cj.jdbc.ConnectionImpl@13a22b8a (No operations allowed after connection closed.). Possibly consider using a shorter maxLifetime value.
2026-07-15 17:42:39 [HikariPool-1:housekeeper] WARN  com.zaxxer.hikari.pool.PoolBase - HikariPool-1 - Failed to validate connection com.mysql.cj.jdbc.ConnectionImpl@3c36267b (No operations allowed after connection closed.). Possibly consider using a shorter maxLifetime value.
2026-07-15 17:42:44 [HikariPool-1:housekeeper] WARN  com.zaxxer.hikari.pool.PoolBase - HikariPool-1 - Failed to validate connection com.mysql.cj.jdbc.ConnectionImpl@467b955b (No operations allowed after connection closed.). Possibly consider using a shorter maxLifetime value.
2026-07-15 17:44:28 [HikariPool-1:housekeeper] WARN  com.zaxxer.hikari.pool.PoolBase - HikariPool-1 - Failed to validate connection com.mysql.cj.jdbc.ConnectionImpl@1aa969a6 (No operations allowed after connection closed.). Possibly consider using a shorter maxLifetime value.
2026-07-15 17:44:29 [HikariPool-1:housekeeper] WARN  com.zaxxer.hikari.pool.PoolBase - HikariPool-1 - Failed to validate connection com.mysql.cj.jdbc.ConnectionImpl@6b9b0df0 (No operations allowed after connection closed.). Possibly consider using a shorter maxLifetime value.
2026-07-15 17:46:10 [HikariPool-1:housekeeper] WARN  com.zaxxer.hikari.pool.PoolBase - HikariPool-1 - Failed to validate connection com.mysql.cj.jdbc.ConnectionImpl@71509c95 (No operations allowed after connection closed.). Possibly consider using a shorter maxLifetime value.
2026-07-15 17:46:28 [HikariPool-1:housekeeper] WARN  com.zaxxer.hikari.pool.PoolBase - HikariPool-1 - Failed to validate connection com.mysql.cj.jdbc.ConnectionImpl@3b54200b (No operations allowed after connection closed.). Possibly consider using a shorter maxLifetime value.
2026-07-15 17:47:59 [HikariPool-1:housekeeper] WARN  com.zaxxer.hikari.pool.PoolBase - HikariPool-1 - Failed to validate connection com.mysql.cj.jdbc.ConnectionImpl@7d52cfbf (No operations allowed after connection closed.). Possibly consider using a shorter maxLifetime value.
2026-07-15 17:48:12 [HikariPool-1:housekeeper] WARN  com.zaxxer.hikari.pool.PoolBase - HikariPool-1 - Failed to validate connection com.mysql.cj.jdbc.ConnectionImpl@6e8ac291 (No operations allowed after connection closed.). Possibly consider using a shorter maxLifetime value.
2026-07-15 17:49:48 [HikariPool-1:housekeeper] WARN  com.zaxxer.hikari.pool.PoolBase - HikariPool-1 - Failed to validate connection com.mysql.cj.jdbc.ConnectionImpl@173f05f5 (No operations allowed after connection closed.). Possibly consider using a shorter maxLifetime value.
2026-07-15 17:49:49 [HikariPool-1:housekeeper] WARN  com.zaxxer.hikari.pool.PoolBase - HikariPool-1 - Failed to validate connection com.mysql.cj.jdbc.ConnectionImpl@7c0d2c16 (No operations allowed after connection closed.). Possibly consider using a shorter maxLifetime value.
2026-07-15 17:51:35 [HikariPool-1:housekeeper] WARN  com.zaxxer.hikari.pool.PoolBase - HikariPool-1 - Failed to validate connection com.mysql.cj.jdbc.ConnectionImpl@5845cdf7 (No operations allowed after connection closed.). Possibly consider using a shorter maxLifetime value.
2026-07-15 17:51:36 [HikariPool-1:housekeeper] WARN  com.zaxxer.hikari.pool.PoolBase - HikariPool-1 - Failed to validate connection com.mysql.cj.jdbc.ConnectionImpl@2c08f438 (No operations allowed after connection closed.). Possibly consider using a shorter maxLifetime value.
2026-07-15 17:53:17 [HikariPool-1:housekeeper] WARN  com.zaxxer.hikari.pool.PoolBase - HikariPool-1 - Failed to validate connection com.mysql.cj.jdbc.ConnectionImpl@39f00033 (No operations allowed after connection closed.). Possibly consider using a shorter maxLifetime value.
2026-07-15 17:53:23 [HikariPool-1:housekeeper] WARN  com.zaxxer.hikari.pool.PoolBase - HikariPool-1 - Failed to validate connection com.mysql.cj.jdbc.ConnectionImpl@2b2f759e (No operations allowed after connection closed.). Possibly consider using a shorter maxLifetime value.
2026-07-15 17:55:11 [HikariPool-1:housekeeper] WARN  com.zaxxer.hikari.pool.PoolBase - HikariPool-1 - Failed to validate connection com.mysql.cj.jdbc.ConnectionImpl@79258c41 (No operations allowed after connection closed.). Possibly consider using a shorter maxLifetime value.
2026-07-15 17:55:11 [HikariPool-1:housekeeper] WARN  com.zaxxer.hikari.pool.PoolBase - HikariPool-1 - Failed to validate connection com.mysql.cj.jdbc.ConnectionImpl@7e0cc6df (No operations allowed after connection closed.). Possibly consider using a shorter maxLifetime value.
2026-07-15 17:56:51 [HikariPool-1:housekeeper] WARN  com.zaxxer.hikari.pool.PoolBase - HikariPool-1 - Failed to validate connection com.mysql.cj.jdbc.ConnectionImpl@2ce07ccf (No operations allowed after connection closed.). Possibly consider using a shorter maxLifetime value.
2026-07-15 17:56:55 [HikariPool-1:housekeeper] WARN  com.zaxxer.hikari.pool.PoolBase - HikariPool-1 - Failed to validate connection com.mysql.cj.jdbc.ConnectionImpl@6db50cde (No operations allowed after connection closed.). Possibly consider using a shorter maxLifetime value.
2026-07-15 18:09:09 [HikariPool-1:housekeeper] WARN  com.zaxxer.hikari.pool.HikariPool - HikariPool-1 - Thread starvation or clock leap detected (housekeeper delta=12m19s309ms674µs200ns).
2026-07-15 18:09:09 [HikariPool-1:housekeeper] WARN  com.zaxxer.hikari.pool.PoolBase - HikariPool-1 - Failed to validate connection com.mysql.cj.jdbc.ConnectionImpl@75970589 (No operations allowed after connection closed.). Possibly consider using a shorter maxLifetime value.
2026-07-15 18:09:09 [HikariPool-1:housekeeper] WARN  com.zaxxer.hikari.pool.PoolBase - HikariPool-1 - Failed to validate connection com.mysql.cj.jdbc.ConnectionImpl@7298cbc1 (No operations allowed after connection closed.). Possibly consider using a shorter maxLifetime value.
2026-07-15 18:10:49 [HikariPool-1:housekeeper] WARN  com.zaxxer.hikari.pool.PoolBase - HikariPool-1 - Failed to validate connection com.mysql.cj.jdbc.ConnectionImpl@378eeab0 (No operations allowed after connection closed.). Possibly consider using a shorter maxLifetime value.
2026-07-15 18:11:08 [HikariPool-1:housekeeper] WARN  com.zaxxer.hikari.pool.PoolBase - HikariPool-1 - Failed to validate connection com.mysql.cj.jdbc.ConnectionImpl@50a37da3 (No operations allowed after connection closed.). Possibly consider using a shorter maxLifetime value.
2026-07-15 18:12:32 [HikariPool-1:housekeeper] WARN  com.zaxxer.hikari.pool.PoolBase - HikariPool-1 - Failed to validate connection com.mysql.cj.jdbc.ConnectionImpl@24cadff5 (No operations allowed after connection closed.). Possibly consider using a shorter maxLifetime value.
2026-07-15 18:12:47 [HikariPool-1:housekeeper] WARN  com.zaxxer.hikari.pool.PoolBase - HikariPool-1 - Failed to validate connection com.mysql.cj.jdbc.ConnectionImpl@55596dd6 (No operations allowed after connection closed.). Possibly consider using a shorter maxLifetime value.
2026-07-15 18:14:25 [HikariPool-1:housekeeper] WARN  com.zaxxer.hikari.pool.PoolBase - HikariPool-1 - Failed to validate connection com.mysql.cj.jdbc.ConnectionImpl@48b53cce (No operations allowed after connection closed.). Possibly consider using a shorter maxLifetime value.
2026-07-15 18:14:30 [HikariPool-1:housekeeper] WARN  com.zaxxer.hikari.pool.PoolBase - HikariPool-1 - Failed to validate connection com.mysql.cj.jdbc.ConnectionImpl@2a922692 (No operations allowed after connection closed.). Possibly consider using a shorter maxLifetime value.
2026-07-15 18:16:01 [http-nio-8080-exec-1] INFO  o.a.c.c.C.[Tomcat].[localhost].[/] - Initializing Spring DispatcherServlet 'dispatcherServlet'
2026-07-15 18:16:01 [http-nio-8080-exec-1] INFO  o.s.web.servlet.DispatcherServlet - Initializing Servlet 'dispatcherServlet'
2026-07-15 18:16:01 [http-nio-8080-exec-1] INFO  o.s.web.servlet.DispatcherServlet - Completed initialization in 72 ms
2026-07-15 18:16:02 [http-nio-8080-exec-3] INFO  c.e.Docgen_Backend.config.JwtFilter - JWT validated successfully for userId=6a311365ec2c34f3d9e4f06e
2026-07-15 18:16:02 [http-nio-8080-exec-3] INFO  c.e.D.controller.UserController - GET /api/v2/users - Fetch all users request received | page=0, size=8, sortBy=id, direction=desc
2026-07-15 18:16:02 [http-nio-8080-exec-3] WARN  com.zaxxer.hikari.pool.PoolBase - HikariPool-1 - Failed to validate connection com.mysql.cj.jdbc.ConnectionImpl@7a608283 (No operations allowed after connection closed.). Possibly consider using a shorter maxLifetime value.
2026-07-15 18:16:02 [http-nio-8080-exec-3] WARN  com.zaxxer.hikari.pool.PoolBase - HikariPool-1 - Failed to validate connection com.mysql.cj.jdbc.ConnectionImpl@2579287b (No operations allowed after connection closed.). Possibly consider using a shorter maxLifetime value.
2026-07-15 18:16:06 [http-nio-8080-exec-3] INFO  c.e.D.controller.UserController - Fetched 8 users on page 0 of 2
2026-07-15 18:16:06 [http-nio-8080-exec-4] INFO  c.e.Docgen_Backend.config.JwtFilter - JWT validated successfully for userId=6a311365ec2c34f3d9e4f06e
2026-07-15 18:16:06 [http-nio-8080-exec-4] INFO  c.e.D.controller.UserController - GET /api/v2/users - Fetch all users request received | page=0, size=8, sortBy=id, direction=desc
2026-07-15 18:16:09 [http-nio-8080-exec-4] INFO  c.e.D.controller.UserController - Fetched 8 users on page 0 of 2
2026-07-15 18:16:10 [http-nio-8080-exec-7] INFO  c.e.Docgen_Backend.config.JwtFilter - JWT validated successfully for userId=6a311365ec2c34f3d9e4f06e
2026-07-15 18:16:10 [http-nio-8080-exec-7] INFO  c.e.D.controller.UserController - GET /api/v2/users/21 - Fetch request received
2026-07-15 18:16:10 [http-nio-8080-exec-7] INFO  c.e.D.service.impl.UserServiceImpl - Fetching user profile for edit | userId=21
2026-07-15 18:16:11 [http-nio-8080-exec-7] DEBUG c.e.D.service.impl.UserServiceImpl - User found | userId=21 | employeeId=DSS184
2026-07-15 18:16:11 [http-nio-8080-exec-7] INFO  c.e.D.service.impl.UserServiceImpl - User profile fetched successfully | userId=21 | timeTaken=299ms
2026-07-15 18:16:11 [http-nio-8080-exec-7] INFO  c.e.D.controller.UserController - Profile fetched successfully for userId=21
2026-07-15 18:16:11 [http-nio-8080-exec-7] DEBUG c.e.D.controller.UserController - Fetched profile data: UserProfileResponseDTO(id=21, employeeName=Siddhant Dilip Nakti, employeeId=DSS184, email=siddhantnakti01@gmail.com, mobileNo=8975145349, joiningDesignation=Application Support Engineer, currentDesignation=Application Support Engineer, department=Information Technology, company=DCS, identity=MR, pfType=WITH_PF, accountNo=2601279919239462, bankName=AU Bank, currentAddress=Vanaj,Kothrud.411038, permanentAddress=null, joiningCTC=800000.0, currentCTC=800000.0, dateOfBirth=2001-05-29, offerDate=2025-08-21, joiningDate=2025-08-25, panNo=AXVPN3340C, documents={APPOINTMENT_LETTER=DocumentResponseDTO(generated=false, data=null), INTERNSHIP_LETTER=DocumentResponseDTO(generated=false, data=null), EXPERIENCE_LETTER=DocumentResponseDTO(generated=false, data=null), FULL_AND_FINAL=DocumentResponseDTO(generated=false, data=null), CONFIRMATION_LETTER=DocumentResponseDTO(generated=false, data=null), INCREMENT_LETTER=DocumentResponseDTO(generated=false, data=null), RELIEVING_LETTER=DocumentResponseDTO(generated=false, data=null), SALARY_SLIP=DocumentResponseDTO(generated=true, data={startMonth=2026-04, endMonth=2026-06}), COMPLETION_LETTER=DocumentResponseDTO(generated=false, data=null), OFFER_LETTER=DocumentResponseDTO(generated=true, data={issueDate=2025-08-21, probationPeriod=3})})
2026-07-15 18:16:11 [http-nio-8080-exec-8] INFO  c.e.Docgen_Backend.config.JwtFilter - JWT validated successfully for userId=6a311365ec2c34f3d9e4f06e
2026-07-15 18:16:11 [http-nio-8080-exec-8] INFO  c.e.D.controller.UserController - GET /api/v2/users/21 - Fetch request received
2026-07-15 18:16:11 [http-nio-8080-exec-8] INFO  c.e.D.service.impl.UserServiceImpl - Fetching user profile for edit | userId=21
2026-07-15 18:16:11 [http-nio-8080-exec-8] DEBUG c.e.D.service.impl.UserServiceImpl - User found | userId=21 | employeeId=DSS184
2026-07-15 18:16:11 [http-nio-8080-exec-8] INFO  c.e.D.service.impl.UserServiceImpl - User profile fetched successfully | userId=21 | timeTaken=314ms
2026-07-15 18:16:11 [http-nio-8080-exec-8] INFO  c.e.D.controller.UserController - Profile fetched successfully for userId=21
2026-07-15 18:16:11 [http-nio-8080-exec-8] DEBUG c.e.D.controller.UserController - Fetched profile data: UserProfileResponseDTO(id=21, employeeName=Siddhant Dilip Nakti, employeeId=DSS184, email=siddhantnakti01@gmail.com, mobileNo=8975145349, joiningDesignation=Application Support Engineer, currentDesignation=Application Support Engineer, department=Information Technology, company=DCS, identity=MR, pfType=WITH_PF, accountNo=2601279919239462, bankName=AU Bank, currentAddress=Vanaj,Kothrud.411038, permanentAddress=null, joiningCTC=800000.0, currentCTC=800000.0, dateOfBirth=2001-05-29, offerDate=2025-08-21, joiningDate=2025-08-25, panNo=AXVPN3340C, documents={APPOINTMENT_LETTER=DocumentResponseDTO(generated=false, data=null), INTERNSHIP_LETTER=DocumentResponseDTO(generated=false, data=null), EXPERIENCE_LETTER=DocumentResponseDTO(generated=false, data=null), FULL_AND_FINAL=DocumentResponseDTO(generated=false, data=null), CONFIRMATION_LETTER=DocumentResponseDTO(generated=false, data=null), INCREMENT_LETTER=DocumentResponseDTO(generated=false, data=null), RELIEVING_LETTER=DocumentResponseDTO(generated=false, data=null), SALARY_SLIP=DocumentResponseDTO(generated=true, data={startMonth=2026-04, endMonth=2026-06}), COMPLETION_LETTER=DocumentResponseDTO(generated=false, data=null), OFFER_LETTER=DocumentResponseDTO(generated=true, data={issueDate=2025-08-21, probationPeriod=3})})
2026-07-15 18:16:20 [http-nio-8080-exec-2] INFO  c.e.Docgen_Backend.config.JwtFilter - JWT validated successfully for userId=6a311365ec2c34f3d9e4f06e
2026-07-15 18:16:20 [http-nio-8080-exec-2] INFO  c.e.D.controller.UserController - GET /api/v2/users/21 - Fetch request received
2026-07-15 18:16:20 [http-nio-8080-exec-2] INFO  c.e.D.service.impl.UserServiceImpl - Fetching user profile for edit | userId=21
2026-07-15 18:16:20 [http-nio-8080-exec-2] DEBUG c.e.D.service.impl.UserServiceImpl - User found | userId=21 | employeeId=DSS184
2026-07-15 18:16:20 [http-nio-8080-exec-2] INFO  c.e.D.service.impl.UserServiceImpl - User profile fetched successfully | userId=21 | timeTaken=348ms
2026-07-15 18:16:20 [http-nio-8080-exec-2] INFO  c.e.D.controller.UserController - Profile fetched successfully for userId=21
2026-07-15 18:16:20 [http-nio-8080-exec-2] DEBUG c.e.D.controller.UserController - Fetched profile data: UserProfileResponseDTO(id=21, employeeName=Siddhant Dilip Nakti, employeeId=DSS184, email=siddhantnakti01@gmail.com, mobileNo=8975145349, joiningDesignation=Application Support Engineer, currentDesignation=Application Support Engineer, department=Information Technology, company=DCS, identity=MR, pfType=WITH_PF, accountNo=2601279919239462, bankName=AU Bank, currentAddress=Vanaj,Kothrud.411038, permanentAddress=null, joiningCTC=800000.0, currentCTC=800000.0, dateOfBirth=2001-05-29, offerDate=2025-08-21, joiningDate=2025-08-25, panNo=AXVPN3340C, documents={APPOINTMENT_LETTER=DocumentResponseDTO(generated=false, data=null), INTERNSHIP_LETTER=DocumentResponseDTO(generated=false, data=null), EXPERIENCE_LETTER=DocumentResponseDTO(generated=false, data=null), FULL_AND_FINAL=DocumentResponseDTO(generated=false, data=null), CONFIRMATION_LETTER=DocumentResponseDTO(generated=false, data=null), INCREMENT_LETTER=DocumentResponseDTO(generated=false, data=null), RELIEVING_LETTER=DocumentResponseDTO(generated=false, data=null), SALARY_SLIP=DocumentResponseDTO(generated=true, data={startMonth=2026-04, endMonth=2026-06}), COMPLETION_LETTER=DocumentResponseDTO(generated=false, data=null), OFFER_LETTER=DocumentResponseDTO(generated=true, data={issueDate=2025-08-21, probationPeriod=3})})
2026-07-15 18:16:20 [http-nio-8080-exec-1] INFO  c.e.Docgen_Backend.config.JwtFilter - JWT validated successfully for userId=6a311365ec2c34f3d9e4f06e
2026-07-15 18:16:20 [http-nio-8080-exec-1] INFO  c.e.D.controller.UserController - GET /api/v2/users/21 - Fetch request received
2026-07-15 18:16:20 [http-nio-8080-exec-1] INFO  c.e.D.service.impl.UserServiceImpl - Fetching user profile for edit | userId=21
2026-07-15 18:16:21 [http-nio-8080-exec-1] DEBUG c.e.D.service.impl.UserServiceImpl - User found | userId=21 | employeeId=DSS184
2026-07-15 18:16:21 [http-nio-8080-exec-1] INFO  c.e.D.service.impl.UserServiceImpl - User profile fetched successfully | userId=21 | timeTaken=488ms
2026-07-15 18:16:21 [http-nio-8080-exec-1] INFO  c.e.D.controller.UserController - Profile fetched successfully for userId=21
2026-07-15 18:16:21 [http-nio-8080-exec-1] DEBUG c.e.D.controller.UserController - Fetched profile data: UserProfileResponseDTO(id=21, employeeName=Siddhant Dilip Nakti, employeeId=DSS184, email=siddhantnakti01@gmail.com, mobileNo=8975145349, joiningDesignation=Application Support Engineer, currentDesignation=Application Support Engineer, department=Information Technology, company=DCS, identity=MR, pfType=WITH_PF, accountNo=2601279919239462, bankName=AU Bank, currentAddress=Vanaj,Kothrud.411038, permanentAddress=null, joiningCTC=800000.0, currentCTC=800000.0, dateOfBirth=2001-05-29, offerDate=2025-08-21, joiningDate=2025-08-25, panNo=AXVPN3340C, documents={APPOINTMENT_LETTER=DocumentResponseDTO(generated=false, data=null), INTERNSHIP_LETTER=DocumentResponseDTO(generated=false, data=null), EXPERIENCE_LETTER=DocumentResponseDTO(generated=false, data=null), FULL_AND_FINAL=DocumentResponseDTO(generated=false, data=null), CONFIRMATION_LETTER=DocumentResponseDTO(generated=false, data=null), INCREMENT_LETTER=DocumentResponseDTO(generated=false, data=null), RELIEVING_LETTER=DocumentResponseDTO(generated=false, data=null), SALARY_SLIP=DocumentResponseDTO(generated=true, data={startMonth=2026-04, endMonth=2026-06}), COMPLETION_LETTER=DocumentResponseDTO(generated=false, data=null), OFFER_LETTER=DocumentResponseDTO(generated=true, data={issueDate=2025-08-21, probationPeriod=3})})
2026-07-15 18:16:26 [http-nio-8080-exec-6] INFO  c.e.Docgen_Backend.config.JwtFilter - JWT validated successfully for userId=6a311365ec2c34f3d9e4f06e
2026-07-15 18:16:26 [http-nio-8080-exec-6] INFO  c.e.D.controller.UserController - GET /api/v2/users/21 - Fetch request received
2026-07-15 18:16:26 [http-nio-8080-exec-6] INFO  c.e.D.service.impl.UserServiceImpl - Fetching user profile for edit | userId=21
2026-07-15 18:16:26 [http-nio-8080-exec-6] DEBUG c.e.D.service.impl.UserServiceImpl - User found | userId=21 | employeeId=DSS184
2026-07-15 18:16:26 [http-nio-8080-exec-6] INFO  c.e.D.service.impl.UserServiceImpl - User profile fetched successfully | userId=21 | timeTaken=248ms
2026-07-15 18:16:26 [http-nio-8080-exec-6] INFO  c.e.D.controller.UserController - Profile fetched successfully for userId=21
2026-07-15 18:16:26 [http-nio-8080-exec-6] DEBUG c.e.D.controller.UserController - Fetched profile data: UserProfileResponseDTO(id=21, employeeName=Siddhant Dilip Nakti, employeeId=DSS184, email=siddhantnakti01@gmail.com, mobileNo=8975145349, joiningDesignation=Application Support Engineer, currentDesignation=Application Support Engineer, department=Information Technology, company=DCS, identity=MR, pfType=WITH_PF, accountNo=2601279919239462, bankName=AU Bank, currentAddress=Vanaj,Kothrud.411038, permanentAddress=null, joiningCTC=800000.0, currentCTC=800000.0, dateOfBirth=2001-05-29, offerDate=2025-08-21, joiningDate=2025-08-25, panNo=AXVPN3340C, documents={APPOINTMENT_LETTER=DocumentResponseDTO(generated=false, data=null), INTERNSHIP_LETTER=DocumentResponseDTO(generated=false, data=null), EXPERIENCE_LETTER=DocumentResponseDTO(generated=false, data=null), FULL_AND_FINAL=DocumentResponseDTO(generated=false, data=null), CONFIRMATION_LETTER=DocumentResponseDTO(generated=false, data=null), INCREMENT_LETTER=DocumentResponseDTO(generated=false, data=null), RELIEVING_LETTER=DocumentResponseDTO(generated=false, data=null), SALARY_SLIP=DocumentResponseDTO(generated=true, data={startMonth=2026-04, endMonth=2026-06}), COMPLETION_LETTER=DocumentResponseDTO(generated=false, data=null), OFFER_LETTER=DocumentResponseDTO(generated=true, data={issueDate=2025-08-21, probationPeriod=3})})
2026-07-15 18:16:26 [http-nio-8080-exec-5] INFO  c.e.Docgen_Backend.config.JwtFilter - JWT validated successfully for userId=6a311365ec2c34f3d9e4f06e
2026-07-15 18:16:26 [http-nio-8080-exec-5] INFO  c.e.D.controller.UserController - GET /api/v2/users/21 - Fetch request received
2026-07-15 18:16:26 [http-nio-8080-exec-5] INFO  c.e.D.service.impl.UserServiceImpl - Fetching user profile for edit | userId=21
2026-07-15 18:16:26 [http-nio-8080-exec-5] DEBUG c.e.D.service.impl.UserServiceImpl - User found | userId=21 | employeeId=DSS184
2026-07-15 18:16:26 [http-nio-8080-exec-5] INFO  c.e.D.service.impl.UserServiceImpl - User profile fetched successfully | userId=21 | timeTaken=202ms
2026-07-15 18:16:26 [http-nio-8080-exec-5] INFO  c.e.D.controller.UserController - Profile fetched successfully for userId=21
2026-07-15 18:16:26 [http-nio-8080-exec-5] DEBUG c.e.D.controller.UserController - Fetched profile data: UserProfileResponseDTO(id=21, employeeName=Siddhant Dilip Nakti, employeeId=DSS184, email=siddhantnakti01@gmail.com, mobileNo=8975145349, joiningDesignation=Application Support Engineer, currentDesignation=Application Support Engineer, department=Information Technology, company=DCS, identity=MR, pfType=WITH_PF, accountNo=2601279919239462, bankName=AU Bank, currentAddress=Vanaj,Kothrud.411038, permanentAddress=null, joiningCTC=800000.0, currentCTC=800000.0, dateOfBirth=2001-05-29, offerDate=2025-08-21, joiningDate=2025-08-25, panNo=AXVPN3340C, documents={APPOINTMENT_LETTER=DocumentResponseDTO(generated=false, data=null), INTERNSHIP_LETTER=DocumentResponseDTO(generated=false, data=null), EXPERIENCE_LETTER=DocumentResponseDTO(generated=false, data=null), FULL_AND_FINAL=DocumentResponseDTO(generated=false, data=null), CONFIRMATION_LETTER=DocumentResponseDTO(generated=false, data=null), INCREMENT_LETTER=DocumentResponseDTO(generated=false, data=null), RELIEVING_LETTER=DocumentResponseDTO(generated=false, data=null), SALARY_SLIP=DocumentResponseDTO(generated=true, data={startMonth=2026-04, endMonth=2026-06}), COMPLETION_LETTER=DocumentResponseDTO(generated=false, data=null), OFFER_LETTER=DocumentResponseDTO(generated=true, data={issueDate=2025-08-21, probationPeriod=3})})
2026-07-15 18:16:27 [http-nio-8080-exec-9] INFO  c.e.Docgen_Backend.config.JwtFilter - JWT validated successfully for userId=6a311365ec2c34f3d9e4f06e
2026-07-15 18:16:27 [http-nio-8080-exec-9] INFO  c.e.D.controller.UserController - GET /api/v2/users - Fetch all users request received | page=0, size=8, sortBy=id, direction=desc
2026-07-15 18:16:29 [http-nio-8080-exec-9] INFO  c.e.D.controller.UserController - Fetched 8 users on page 0 of 2
2026-07-15 18:16:29 [http-nio-8080-exec-10] INFO  c.e.Docgen_Backend.config.JwtFilter - JWT validated successfully for userId=6a311365ec2c34f3d9e4f06e
2026-07-15 18:16:29 [http-nio-8080-exec-10] INFO  c.e.D.controller.UserController - GET /api/v2/users - Fetch all users request received | page=0, size=8, sortBy=id, direction=desc
2026-07-15 18:16:31 [http-nio-8080-exec-10] INFO  c.e.D.controller.UserController - Fetched 8 users on page 0 of 2
2026-07-15 18:16:34 [http-nio-8080-exec-4] INFO  c.e.Docgen_Backend.config.JwtFilter - JWT validated successfully for userId=6a311365ec2c34f3d9e4f06e
2026-07-15 18:16:34 [http-nio-8080-exec-4] INFO  c.e.D.controller.UserController - GET /api/v2/users/17 - Fetch request received
2026-07-15 18:16:34 [http-nio-8080-exec-4] INFO  c.e.D.service.impl.UserServiceImpl - Fetching user profile for edit | userId=17
2026-07-15 18:16:35 [http-nio-8080-exec-4] DEBUG c.e.D.service.impl.UserServiceImpl - User found | userId=17 | employeeId=NSS833
2026-07-15 18:16:35 [http-nio-8080-exec-4] INFO  c.e.D.service.impl.UserServiceImpl - User profile fetched successfully | userId=17 | timeTaken=318ms
2026-07-15 18:16:35 [http-nio-8080-exec-4] INFO  c.e.D.controller.UserController - Profile fetched successfully for userId=17
2026-07-15 18:16:35 [http-nio-8080-exec-4] DEBUG c.e.D.controller.UserController - Fetched profile data: UserProfileResponseDTO(id=17, employeeName=Labade Pooja Bhanudas, employeeId=NSS833, email=poojalabade.qa.engineer@gmail.com, mobileNo=7822994346, joiningDesignation=Software Tester, currentDesignation=QA Engineer, department=Information Technology, company=NSS, identity=MRS, pfType=WITH_PF, accountNo=2568108019550, bankName=Canara Bank, currentAddress=Pune, permanentAddress=null, joiningCTC=220000.0, currentCTC=null, dateOfBirth=2001-05-20, offerDate=2023-04-14, joiningDate=2023-04-17, panNo=BPZPL7168H, documents={APPOINTMENT_LETTER=DocumentResponseDTO(generated=false, data=null), INTERNSHIP_LETTER=DocumentResponseDTO(generated=false, data=null), EXPERIENCE_LETTER=DocumentResponseDTO(generated=true, data={issueDate=2026-06-30, relievingDate=2026-06-30}), FULL_AND_FINAL=DocumentResponseDTO(generated=false, data=null), CONFIRMATION_LETTER=DocumentResponseDTO(generated=false, data=null), INCREMENT_LETTER=DocumentResponseDTO(generated=false, data=null), RELIEVING_LETTER=DocumentResponseDTO(generated=true, data={issueDate=2026-06-30, relievingDate=2026-06-30}), SALARY_SLIP=DocumentResponseDTO(generated=false, data=null), COMPLETION_LETTER=DocumentResponseDTO(generated=false, data=null), OFFER_LETTER=DocumentResponseDTO(generated=false, data=null)})
2026-07-15 18:16:35 [http-nio-8080-exec-3] INFO  c.e.Docgen_Backend.config.JwtFilter - JWT validated successfully for userId=6a311365ec2c34f3d9e4f06e
2026-07-15 18:16:35 [http-nio-8080-exec-3] INFO  c.e.D.controller.UserController - GET /api/v2/users/17 - Fetch request received
2026-07-15 18:16:35 [http-nio-8080-exec-3] INFO  c.e.D.service.impl.UserServiceImpl - Fetching user profile for edit | userId=17
2026-07-15 18:16:35 [http-nio-8080-exec-3] DEBUG c.e.D.service.impl.UserServiceImpl - User found | userId=17 | employeeId=NSS833
2026-07-15 18:16:35 [http-nio-8080-exec-3] INFO  c.e.D.service.impl.UserServiceImpl - User profile fetched successfully | userId=17 | timeTaken=329ms
2026-07-15 18:16:35 [http-nio-8080-exec-3] INFO  c.e.D.controller.UserController - Profile fetched successfully for userId=17
2026-07-15 18:16:35 [http-nio-8080-exec-3] DEBUG c.e.D.controller.UserController - Fetched profile data: UserProfileResponseDTO(id=17, employeeName=Labade Pooja Bhanudas, employeeId=NSS833, email=poojalabade.qa.engineer@gmail.com, mobileNo=7822994346, joiningDesignation=Software Tester, currentDesignation=QA Engineer, department=Information Technology, company=NSS, identity=MRS, pfType=WITH_PF, accountNo=2568108019550, bankName=Canara Bank, currentAddress=Pune, permanentAddress=null, joiningCTC=220000.0, currentCTC=null, dateOfBirth=2001-05-20, offerDate=2023-04-14, joiningDate=2023-04-17, panNo=BPZPL7168H, documents={APPOINTMENT_LETTER=DocumentResponseDTO(generated=false, data=null), INTERNSHIP_LETTER=DocumentResponseDTO(generated=false, data=null), EXPERIENCE_LETTER=DocumentResponseDTO(generated=true, data={issueDate=2026-06-30, relievingDate=2026-06-30}), FULL_AND_FINAL=DocumentResponseDTO(generated=false, data=null), CONFIRMATION_LETTER=DocumentResponseDTO(generated=false, data=null), INCREMENT_LETTER=DocumentResponseDTO(generated=false, data=null), RELIEVING_LETTER=DocumentResponseDTO(generated=true, data={issueDate=2026-06-30, relievingDate=2026-06-30}), SALARY_SLIP=DocumentResponseDTO(generated=false, data=null), COMPLETION_LETTER=DocumentResponseDTO(generated=false, data=null), OFFER_LETTER=DocumentResponseDTO(generated=false, data=null)})
2026-07-15 18:16:43 [http-nio-8080-exec-7] INFO  c.e.Docgen_Backend.config.JwtFilter - JWT validated successfully for userId=6a311365ec2c34f3d9e4f06e
2026-07-15 18:16:43 [http-nio-8080-exec-7] INFO  c.e.D.controller.UserController - GET /api/v2/users - Fetch all users request received | page=0, size=8, sortBy=id, direction=desc
2026-07-15 18:16:46 [http-nio-8080-exec-7] INFO  c.e.D.controller.UserController - Fetched 8 users on page 0 of 2
2026-07-15 18:16:46 [http-nio-8080-exec-8] INFO  c.e.Docgen_Backend.config.JwtFilter - JWT validated successfully for userId=6a311365ec2c34f3d9e4f06e
2026-07-15 18:16:46 [http-nio-8080-exec-8] INFO  c.e.D.controller.UserController - GET /api/v2/users - Fetch all users request received | page=0, size=8, sortBy=id, direction=desc
2026-07-15 18:16:48 [http-nio-8080-exec-8] INFO  c.e.D.controller.UserController - Fetched 8 users on page 0 of 2
2026-07-15 18:16:48 [http-nio-8080-exec-2] INFO  c.e.Docgen_Backend.config.JwtFilter - JWT validated successfully for userId=6a311365ec2c34f3d9e4f06e
2026-07-15 18:16:48 [http-nio-8080-exec-2] INFO  c.e.D.controller.UserController - GET /api/v2/users/18 - Fetch request received
2026-07-15 18:16:48 [http-nio-8080-exec-2] INFO  c.e.D.service.impl.UserServiceImpl - Fetching user profile for edit | userId=18
2026-07-15 18:16:49 [http-nio-8080-exec-2] DEBUG c.e.D.service.impl.UserServiceImpl - User found | userId=18 | employeeId=SMDS0340
2026-07-15 18:16:49 [http-nio-8080-exec-2] INFO  c.e.D.service.impl.UserServiceImpl - User profile fetched successfully | userId=18 | timeTaken=402ms
2026-07-15 18:16:49 [http-nio-8080-exec-2] INFO  c.e.D.controller.UserController - Profile fetched successfully for userId=18
2026-07-15 18:16:49 [http-nio-8080-exec-2] DEBUG c.e.D.controller.UserController - Fetched profile data: UserProfileResponseDTO(id=18, employeeName=Tabrej Rais Ansari, employeeId=SMDS0340, email=tabrejansari1001@gmail.com, mobileNo=8007454299, joiningDesignation=Associate Software Developer, currentDesignation=Associate Software Developer, department=Information Technology, company=SMT, identity=MR, pfType=WITH_PF, accountNo=41363768430, bankName= SBI, currentAddress=At Post-Surur Tal-Wai Dist-Satara 415517, permanentAddress=null, joiningCTC=500000.0, currentCTC=700000.0, dateOfBirth=1994-05-05, offerDate=2024-12-23, joiningDate=2025-01-01, panNo=CGDPA2348J, documents={APPOINTMENT_LETTER=DocumentResponseDTO(generated=true, data={issueDate=2024-12-23, probationPeriod=6}), INTERNSHIP_LETTER=DocumentResponseDTO(generated=false, data=null), EXPERIENCE_LETTER=DocumentResponseDTO(generated=true, data={issueDate=2026-06-27, relievingDate=2026-06-27}), FULL_AND_FINAL=DocumentResponseDTO(generated=true, data={fnfDate=2026-06-27, totalDaysInMonth=30, month=2026-06, issueDate=2026-06-27, resignationDate=2026-06-05, paidDays=30, leavingDate=2026-06-27}), CONFIRMATION_LETTER=DocumentResponseDTO(generated=false, data=null), INCREMENT_LETTER=DocumentResponseDTO(generated=true, data={issueDate=2026-04-01}), RELIEVING_LETTER=DocumentResponseDTO(generated=true, data={issueDate=2026-06-27, relievingDate=2026-06-27}), SALARY_SLIP=DocumentResponseDTO(generated=true, data={startMonth=2026-01, endMonth=2026-01}), COMPLETION_LETTER=DocumentResponseDTO(generated=false, data=null), OFFER_LETTER=DocumentResponseDTO(generated=true, data={issueDate=2024-12-23, probationPeriod=3})})
2026-07-15 18:16:49 [http-nio-8080-exec-1] INFO  c.e.Docgen_Backend.config.JwtFilter - JWT validated successfully for userId=6a311365ec2c34f3d9e4f06e
2026-07-15 18:16:49 [http-nio-8080-exec-1] INFO  c.e.D.controller.UserController - GET /api/v2/users/18 - Fetch request received
2026-07-15 18:16:49 [http-nio-8080-exec-1] INFO  c.e.D.service.impl.UserServiceImpl - Fetching user profile for edit | userId=18
2026-07-15 18:16:49 [http-nio-8080-exec-1] DEBUG c.e.D.service.impl.UserServiceImpl - User found | userId=18 | employeeId=SMDS0340
2026-07-15 18:16:49 [http-nio-8080-exec-1] INFO  c.e.D.service.impl.UserServiceImpl - User profile fetched successfully | userId=18 | timeTaken=316ms
2026-07-15 18:16:49 [http-nio-8080-exec-1] INFO  c.e.D.controller.UserController - Profile fetched successfully for userId=18
2026-07-15 18:16:49 [http-nio-8080-exec-1] DEBUG c.e.D.controller.UserController - Fetched profile data: UserProfileResponseDTO(id=18, employeeName=Tabrej Rais Ansari, employeeId=SMDS0340, email=tabrejansari1001@gmail.com, mobileNo=8007454299, joiningDesignation=Associate Software Developer, currentDesignation=Associate Software Developer, department=Information Technology, company=SMT, identity=MR, pfType=WITH_PF, accountNo=41363768430, bankName= SBI, currentAddress=At Post-Surur Tal-Wai Dist-Satara 415517, permanentAddress=null, joiningCTC=500000.0, currentCTC=700000.0, dateOfBirth=1994-05-05, offerDate=2024-12-23, joiningDate=2025-01-01, panNo=CGDPA2348J, documents={APPOINTMENT_LETTER=DocumentResponseDTO(generated=true, data={issueDate=2024-12-23, probationPeriod=6}), INTERNSHIP_LETTER=DocumentResponseDTO(generated=false, data=null), EXPERIENCE_LETTER=DocumentResponseDTO(generated=true, data={issueDate=2026-06-27, relievingDate=2026-06-27}), FULL_AND_FINAL=DocumentResponseDTO(generated=true, data={fnfDate=2026-06-27, totalDaysInMonth=30, month=2026-06, issueDate=2026-06-27, resignationDate=2026-06-05, paidDays=30, leavingDate=2026-06-27}), CONFIRMATION_LETTER=DocumentResponseDTO(generated=false, data=null), INCREMENT_LETTER=DocumentResponseDTO(generated=true, data={issueDate=2026-04-01}), RELIEVING_LETTER=DocumentResponseDTO(generated=true, data={issueDate=2026-06-27, relievingDate=2026-06-27}), SALARY_SLIP=DocumentResponseDTO(generated=true, data={startMonth=2026-01, endMonth=2026-01}), COMPLETION_LETTER=DocumentResponseDTO(generated=false, data=null), OFFER_LETTER=DocumentResponseDTO(generated=true, data={issueDate=2024-12-23, probationPeriod=3})})
2026-07-15 18:17:47 [HikariPool-1:housekeeper] WARN  com.zaxxer.hikari.pool.PoolBase - HikariPool-1 - Failed to validate connection com.mysql.cj.jdbc.ConnectionImpl@381f0ab (No operations allowed after connection closed.). Possibly consider using a shorter maxLifetime value.
2026-07-15 18:17:56 [HikariPool-1:housekeeper] WARN  com.zaxxer.hikari.pool.PoolBase - HikariPool-1 - Failed to validate connection com.mysql.cj.jdbc.ConnectionImpl@8b2b2bb (No operations allowed after connection closed.). Possibly consider using a shorter maxLifetime value.
2026-07-15 18:18:00 [HikariPool-1:housekeeper] WARN  com.zaxxer.hikari.pool.PoolBase - HikariPool-1 - Failed to validate connection com.mysql.cj.jdbc.ConnectionImpl@3f2719ff (No operations allowed after connection closed.). Possibly consider using a shorter maxLifetime value.
2026-07-15 18:19:47 [HikariPool-1:housekeeper] WARN  com.zaxxer.hikari.pool.PoolBase - HikariPool-1 - Failed to validate connection com.mysql.cj.jdbc.ConnectionImpl@42136075 (No operations allowed after connection closed.). Possibly consider using a shorter maxLifetime value.
2026-07-15 18:19:56 [HikariPool-1:housekeeper] WARN  com.zaxxer.hikari.pool.PoolBase - HikariPool-1 - Failed to validate connection com.mysql.cj.jdbc.ConnectionImpl@11d46671 (No operations allowed after connection closed.). Possibly consider using a shorter maxLifetime value.
2026-07-15 18:21:43 [HikariPool-1:housekeeper] WARN  com.zaxxer.hikari.pool.PoolBase - HikariPool-1 - Failed to validate connection com.mysql.cj.jdbc.ConnectionImpl@4ff2b72f (No operations allowed after connection closed.). Possibly consider using a shorter maxLifetime value.
2026-07-15 18:21:50 [HikariPool-1:housekeeper] WARN  com.zaxxer.hikari.pool.PoolBase - HikariPool-1 - Failed to validate connection com.mysql.cj.jdbc.ConnectionImpl@6bb73f81 (No operations allowed after connection closed.). Possibly consider using a shorter maxLifetime value.
2026-07-15 18:23:30 [HikariPool-1:housekeeper] WARN  com.zaxxer.hikari.pool.PoolBase - HikariPool-1 - Failed to validate connection com.mysql.cj.jdbc.ConnectionImpl@7c3a3642 (No operations allowed after connection closed.). Possibly consider using a shorter maxLifetime value.
2026-07-15 18:23:38 [HikariPool-1:housekeeper] WARN  com.zaxxer.hikari.pool.PoolBase - HikariPool-1 - Failed to validate connection com.mysql.cj.jdbc.ConnectionImpl@666065f3 (No operations allowed after connection closed.). Possibly consider using a shorter maxLifetime value.
2026-07-15 18:25:15 [HikariPool-1:housekeeper] WARN  com.zaxxer.hikari.pool.PoolBase - HikariPool-1 - Failed to validate connection com.mysql.cj.jdbc.ConnectionImpl@30a6d202 (No operations allowed after connection closed.). Possibly consider using a shorter maxLifetime value.
2026-07-15 18:25:18 [HikariPool-1:housekeeper] WARN  com.zaxxer.hikari.pool.PoolBase - HikariPool-1 - Failed to validate connection com.mysql.cj.jdbc.ConnectionImpl@29f7b706 (No operations allowed after connection closed.). Possibly consider using a shorter maxLifetime value.
2026-07-15 18:26:58 [HikariPool-1:housekeeper] WARN  com.zaxxer.hikari.pool.PoolBase - HikariPool-1 - Failed to validate connection com.mysql.cj.jdbc.ConnectionImpl@2f8c0021 (No operations allowed after connection closed.). Possibly consider using a shorter maxLifetime value.
2026-07-15 18:27:03 [HikariPool-1:housekeeper] WARN  com.zaxxer.hikari.pool.PoolBase - HikariPool-1 - Failed to validate connection com.mysql.cj.jdbc.ConnectionImpl@d21c930 (No operations allowed after connection closed.). Possibly consider using a shorter maxLifetime value.
2026-07-15 18:28:40 [HikariPool-1:housekeeper] WARN  com.zaxxer.hikari.pool.PoolBase - HikariPool-1 - Failed to validate connection com.mysql.cj.jdbc.ConnectionImpl@19fa0015 (No operations allowed after connection closed.). Possibly consider using a shorter maxLifetime value.
2026-07-15 18:28:50 [HikariPool-1:housekeeper] WARN  com.zaxxer.hikari.pool.PoolBase - HikariPool-1 - Failed to validate connection com.mysql.cj.jdbc.ConnectionImpl@18c249a5 (No operations allowed after connection closed.). Possibly consider using a shorter maxLifetime value.
2026-07-15 18:30:31 [HikariPool-1:housekeeper] WARN  com.zaxxer.hikari.pool.PoolBase - HikariPool-1 - Failed to validate connection com.mysql.cj.jdbc.ConnectionImpl@521a3a0c (No operations allowed after connection closed.). Possibly consider using a shorter maxLifetime value.
2026-07-15 18:30:32 [HikariPool-1:housekeeper] WARN  com.zaxxer.hikari.pool.PoolBase - HikariPool-1 - Failed to validate connection com.mysql.cj.jdbc.ConnectionImpl@4a85d016 (No operations allowed after connection closed.). Possibly consider using a shorter maxLifetime value.
2026-07-15 18:32:08 [HikariPool-1:housekeeper] WARN  com.zaxxer.hikari.pool.PoolBase - HikariPool-1 - Failed to validate connection com.mysql.cj.jdbc.ConnectionImpl@1a22f5d9 (No operations allowed after connection closed.). Possibly consider using a shorter maxLifetime value.
2026-07-15 18:32:10 [HikariPool-1:housekeeper] WARN  com.zaxxer.hikari.pool.PoolBase - HikariPool-1 - Failed to validate connection com.mysql.cj.jdbc.ConnectionImpl@589ce502 (No operations allowed after connection closed.). Possibly consider using a shorter maxLifetime value.
2026-07-15 18:33:46 [HikariPool-1:housekeeper] WARN  com.zaxxer.hikari.pool.PoolBase - HikariPool-1 - Failed to validate connection com.mysql.cj.jdbc.ConnectionImpl@3cfd8b67 (No operations allowed after connection closed.). Possibly consider using a shorter maxLifetime value.
2026-07-15 18:33:51 [HikariPool-1:housekeeper] WARN  com.zaxxer.hikari.pool.PoolBase - HikariPool-1 - Failed to validate connection com.mysql.cj.jdbc.ConnectionImpl@736358c6 (No operations allowed after connection closed.). Possibly consider using a shorter maxLifetime value.
2026-07-15 18:35:25 [HikariPool-1:housekeeper] WARN  com.zaxxer.hikari.pool.PoolBase - HikariPool-1 - Failed to validate connection com.mysql.cj.jdbc.ConnectionImpl@1c1e1b04 (No operations allowed after connection closed.). Possibly consider using a shorter maxLifetime value.
2026-07-15 18:35:29 [HikariPool-1:housekeeper] WARN  com.zaxxer.hikari.pool.PoolBase - HikariPool-1 - Failed to validate connection com.mysql.cj.jdbc.ConnectionImpl@25961563 (No operations allowed after connection closed.). Possibly consider using a shorter maxLifetime value.
2026-07-15 18:37:13 [HikariPool-1:housekeeper] WARN  com.zaxxer.hikari.pool.PoolBase - HikariPool-1 - Failed to validate connection com.mysql.cj.jdbc.ConnectionImpl@29c83c73 (No operations allowed after connection closed.). Possibly consider using a shorter maxLifetime value.
2026-07-15 18:37:22 [HikariPool-1:housekeeper] WARN  com.zaxxer.hikari.pool.PoolBase - HikariPool-1 - Failed to validate connection com.mysql.cj.jdbc.ConnectionImpl@5fa8ed6e (No operations allowed after connection closed.). Possibly consider using a shorter maxLifetime value.
2026-07-15 18:38:54 [HikariPool-1:housekeeper] WARN  com.zaxxer.hikari.pool.PoolBase - HikariPool-1 - Failed to validate connection com.mysql.cj.jdbc.ConnectionImpl@22c34062 (No operations allowed after connection closed.). Possibly consider using a shorter maxLifetime value.
2026-07-15 18:39:06 [HikariPool-1:housekeeper] WARN  com.zaxxer.hikari.pool.PoolBase - HikariPool-1 - Failed to validate connection com.mysql.cj.jdbc.ConnectionImpl@698a29fa (No operations allowed after connection closed.). Possibly consider using a shorter maxLifetime value.
2026-07-15 18:39:15 [SpringApplicationShutdownHook] INFO  o.s.boot.tomcat.GracefulShutdown - Commencing graceful shutdown. Waiting for active requests to complete
2026-07-15 18:39:16 [tomcat-shutdown] INFO  o.s.boot.tomcat.GracefulShutdown - Graceful shutdown complete
2026-07-15 18:39:16 [SpringApplicationShutdownHook] INFO  o.s.o.j.LocalContainerEntityManagerFactoryBean - Closing JPA EntityManagerFactory for persistence unit 'default'
2026-07-15 18:39:16 [SpringApplicationShutdownHook] INFO  com.zaxxer.hikari.HikariDataSource - HikariPool-1 - Shutdown initiated...
2026-07-15 18:39:16 [SpringApplicationShutdownHook] INFO  com.zaxxer.hikari.HikariDataSource - HikariPool-1 - Shutdown completed.
