2026-07-19 00:00:03 [http-nio-8080-exec-8] INFO  c.e.Docgen_Backend.config.JwtFilter - JWT validated successfully for userId=6a311365ec2c34f3d9e4f06e
2026-07-19 00:00:03 [http-nio-8080-exec-8] ERROR c.e.D.e.GlobalExceptionHandler - Unexpected error occurred
org.springframework.web.method.annotation.MethodArgumentTypeMismatchException: Method parameter 'id': Failed to convert value of type 'java.lang.String' to required type 'java.lang.Long'; For input string: "undefined"
	at org.springframework.web.method.annotation.AbstractNamedValueMethodArgumentResolver.convertIfNecessary(AbstractNamedValueMethodArgumentResolver.java:295)
	at org.springframework.web.method.annotation.AbstractNamedValueMethodArgumentResolver.resolveArgument(AbstractNamedValueMethodArgumentResolver.java:134)
	at org.springframework.web.method.support.HandlerMethodArgumentResolverComposite.resolveArgument(HandlerMethodArgumentResolverComposite.java:122)
	at org.springframework.web.method.support.InvocableHandlerMethod.getMethodArgumentValues(InvocableHandlerMethod.java:224)
	at org.springframework.web.method.support.InvocableHandlerMethod.invokeForRequest(InvocableHandlerMethod.java:174)
	at org.springframework.web.servlet.mvc.method.annotation.ServletInvocableHandlerMethod.invokeAndHandle(ServletInvocableHandlerMethod.java:117)
	at org.springframework.web.servlet.mvc.method.annotation.RequestMappingHandlerAdapter.invokeHandlerMethod(RequestMappingHandlerAdapter.java:934)
	at org.springframework.web.servlet.mvc.method.annotation.RequestMappingHandlerAdapter.handleInternal(RequestMappingHandlerAdapter.java:853)
	at org.springframework.web.servlet.mvc.method.AbstractHandlerMethodAdapter.handle(AbstractHandlerMethodAdapter.java:86)
	at org.springframework.web.servlet.DispatcherServlet.doDispatch(DispatcherServlet.java:963)
	at org.springframework.web.servlet.DispatcherServlet.doService(DispatcherServlet.java:866)
	at org.springframework.web.servlet.FrameworkServlet.processRequest(FrameworkServlet.java:1000)
	at org.springframework.web.servlet.FrameworkServlet.service(FrameworkServlet.java:877)
	at jakarta.servlet.http.HttpServlet.service(HttpServlet.java:710)
	at org.apache.catalina.core.ApplicationFilterChain.doFilter(ApplicationFilterChain.java:128)
	at org.apache.tomcat.websocket.server.WsFilter.doFilter(WsFilter.java:53)
	at org.apache.catalina.core.ApplicationFilterChain.doFilter(ApplicationFilterChain.java:107)
	at org.springframework.web.filter.OncePerRequestFilter.doFilter(OncePerRequestFilter.java:110)
	at org.apache.catalina.core.ApplicationFilterChain.doFilter(ApplicationFilterChain.java:107)
	at org.springframework.web.filter.CompositeFilter$VirtualFilterChain.doFilter(CompositeFilter.java:108)
	at org.springframework.security.web.FilterChainProxy.lambda$doFilterInternal$3(FilterChainProxy.java:235)
	at org.springframework.security.web.FilterChainProxy$VirtualFilterChain.doFilter(FilterChainProxy.java:376)
	at org.springframework.security.web.access.intercept.AuthorizationFilter.doFilter(AuthorizationFilter.java:101)
	at org.springframework.security.web.FilterChainProxy$VirtualFilterChain.doFilter(FilterChainProxy.java:385)
	at org.springframework.security.web.access.ExceptionTranslationFilter.doFilter(ExceptionTranslationFilter.java:126)
	at org.springframework.security.web.access.ExceptionTranslationFilter.doFilter(ExceptionTranslationFilter.java:120)
	at org.springframework.security.web.FilterChainProxy$VirtualFilterChain.doFilter(FilterChainProxy.java:385)
	at org.springframework.security.web.session.SessionManagementFilter.doFilter(SessionManagementFilter.java:132)
	at org.springframework.security.web.session.SessionManagementFilter.doFilter(SessionManagementFilter.java:86)
	at org.springframework.security.web.FilterChainProxy$VirtualFilterChain.doFilter(FilterChainProxy.java:385)
	at org.springframework.security.web.authentication.AnonymousAuthenticationFilter.doFilter(AnonymousAuthenticationFilter.java:100)
	at org.springframework.security.web.FilterChainProxy$VirtualFilterChain.doFilter(FilterChainProxy.java:385)
	at org.springframework.security.web.servletapi.SecurityContextHolderAwareRequestFilter.doFilter(SecurityContextHolderAwareRequestFilter.java:181)
	at org.springframework.security.web.FilterChainProxy$VirtualFilterChain.doFilter(FilterChainProxy.java:385)
	at org.springframework.security.web.savedrequest.RequestCacheAwareFilter.doFilter(RequestCacheAwareFilter.java:63)
	at org.springframework.security.web.FilterChainProxy$VirtualFilterChain.doFilter(FilterChainProxy.java:385)
	at com.example.Docgen_Backend.config.JwtFilter.doFilterInternal(JwtFilter.java:111)
	at org.springframework.web.filter.OncePerRequestFilter.doFilter(OncePerRequestFilter.java:116)
	at org.springframework.security.web.FilterChainProxy$VirtualFilterChain.doFilter(FilterChainProxy.java:385)
	at org.springframework.security.web.authentication.logout.LogoutFilter.doFilter(LogoutFilter.java:110)
	at org.springframework.security.web.authentication.logout.LogoutFilter.doFilter(LogoutFilter.java:96)
	at org.springframework.security.web.FilterChainProxy$VirtualFilterChain.doFilter(FilterChainProxy.java:385)
	at org.springframework.web.filter.CorsFilter.doFilterInternal(CorsFilter.java:91)
	at org.springframework.web.filter.OncePerRequestFilter.doFilter(OncePerRequestFilter.java:116)
	at org.springframework.security.web.FilterChainProxy$VirtualFilterChain.doFilter(FilterChainProxy.java:385)
	at org.springframework.security.web.header.HeaderWriterFilter.doHeadersAfter(HeaderWriterFilter.java:90)
	at org.springframework.security.web.header.HeaderWriterFilter.doFilterInternal(HeaderWriterFilter.java:75)
	at org.springframework.web.filter.OncePerRequestFilter.doFilter(OncePerRequestFilter.java:116)
	at org.springframework.security.web.FilterChainProxy$VirtualFilterChain.doFilter(FilterChainProxy.java:385)
	at org.springframework.security.web.context.SecurityContextHolderFilter.doFilter(SecurityContextHolderFilter.java:82)
	at org.springframework.security.web.context.SecurityContextHolderFilter.doFilter(SecurityContextHolderFilter.java:69)
	at org.springframework.security.web.FilterChainProxy$VirtualFilterChain.doFilter(FilterChainProxy.java:385)
	at org.springframework.security.web.context.request.async.WebAsyncManagerIntegrationFilter.doFilterInternal(WebAsyncManagerIntegrationFilter.java:62)
	at org.springframework.web.filter.OncePerRequestFilter.doFilter(OncePerRequestFilter.java:116)
	at org.springframework.security.web.FilterChainProxy$VirtualFilterChain.doFilter(FilterChainProxy.java:385)
	at org.springframework.security.web.session.DisableEncodeUrlFilter.doFilterInternal(DisableEncodeUrlFilter.java:42)
	at org.springframework.web.filter.OncePerRequestFilter.doFilter(OncePerRequestFilter.java:116)
	at org.springframework.security.web.FilterChainProxy$VirtualFilterChain.doFilter(FilterChainProxy.java:385)
	at org.springframework.security.web.FilterChainProxy.doFilterInternal(FilterChainProxy.java:237)
	at org.springframework.security.web.FilterChainProxy.doFilter(FilterChainProxy.java:195)
	at org.springframework.web.filter.CompositeFilter$VirtualFilterChain.doFilter(CompositeFilter.java:113)
	at org.springframework.web.filter.ServletRequestPathFilter.doFilter(ServletRequestPathFilter.java:52)
	at org.springframework.web.filter.CompositeFilter$VirtualFilterChain.doFilter(CompositeFilter.java:113)
	at org.springframework.web.filter.CompositeFilter.doFilter(CompositeFilter.java:74)
	at org.springframework.security.config.annotation.web.configuration.WebSecurityConfiguration$CompositeFilterChainProxy.doFilter(WebSecurityConfiguration.java:317)
	at org.springframework.web.filter.DelegatingFilterProxy.invokeDelegate(DelegatingFilterProxy.java:355)
	at org.springframework.web.filter.DelegatingFilterProxy.doFilter(DelegatingFilterProxy.java:272)
	at org.apache.catalina.core.ApplicationFilterChain.doFilter(ApplicationFilterChain.java:107)
	at org.springframework.web.filter.RequestContextFilter.doFilterInternal(RequestContextFilter.java:100)
	at org.springframework.web.filter.OncePerRequestFilter.doFilter(OncePerRequestFilter.java:116)
	at org.apache.catalina.core.ApplicationFilterChain.doFilter(ApplicationFilterChain.java:107)
	at org.springframework.web.filter.FormContentFilter.doFilterInternal(FormContentFilter.java:93)
	at org.springframework.web.filter.OncePerRequestFilter.doFilter(OncePerRequestFilter.java:116)
	at org.apache.catalina.core.ApplicationFilterChain.doFilter(ApplicationFilterChain.java:107)
	at org.springframework.web.filter.CharacterEncodingFilter.doFilterInternal(CharacterEncodingFilter.java:199)
	at org.springframework.web.filter.OncePerRequestFilter.doFilter(OncePerRequestFilter.java:116)
	at org.apache.catalina.core.ApplicationFilterChain.doFilter(ApplicationFilterChain.java:107)
	at org.apache.catalina.core.StandardWrapperValve.invoke(StandardWrapperValve.java:165)
	at org.apache.catalina.core.StandardContextValve.invoke(StandardContextValve.java:77)
	at org.apache.catalina.authenticator.AuthenticatorBase.invoke(AuthenticatorBase.java:492)
	at org.apache.catalina.core.StandardHostValve.invoke(StandardHostValve.java:113)
	at org.apache.catalina.valves.ErrorReportValve.invoke(ErrorReportValve.java:83)
	at org.apache.catalina.core.StandardEngineValve.invoke(StandardEngineValve.java:72)
	at org.apache.catalina.connector.CoyoteAdapter.service(CoyoteAdapter.java:341)
	at org.apache.coyote.http11.Http11Processor.service(Http11Processor.java:397)
	at org.apache.coyote.AbstractProcessorLight.process(AbstractProcessorLight.java:63)
	at org.apache.coyote.AbstractProtocol$ConnectionHandler.process(AbstractProtocol.java:903)
	at org.apache.tomcat.util.net.NioEndpoint$SocketProcessor.doRun(NioEndpoint.java:1801)
	at org.apache.tomcat.util.net.SocketProcessorBase.run(SocketProcessorBase.java:52)
	at org.apache.tomcat.util.threads.ThreadPoolExecutor.runWorker(ThreadPoolExecutor.java:946)
	at org.apache.tomcat.util.threads.ThreadPoolExecutor$Worker.run(ThreadPoolExecutor.java:480)
	at org.apache.tomcat.util.threads.TaskThread$WrappingRunnable.run(TaskThread.java:57)
	at java.base/java.lang.Thread.run(Thread.java:1583)
Caused by: java.lang.NumberFormatException: For input string: "undefined"
	at java.base/java.lang.NumberFormatException.forInputString(NumberFormatException.java:67)
	at java.base/java.lang.Long.parseLong(Long.java:709)
	at java.base/java.lang.Long.valueOf(Long.java:1157)
	at org.springframework.util.NumberUtils.parseNumber(NumberUtils.java:204)
	at org.springframework.beans.propertyeditors.CustomNumberEditor.setAsText(CustomNumberEditor.java:115)
	at org.springframework.beans.TypeConverterDelegate.doConvertTextValue(TypeConverterDelegate.java:434)
	at org.springframework.beans.TypeConverterDelegate.doConvertValue(TypeConverterDelegate.java:407)
	at org.springframework.beans.TypeConverterDelegate.convertIfNecessary(TypeConverterDelegate.java:158)
	at org.springframework.beans.TypeConverterSupport.convertIfNecessary(TypeConverterSupport.java:75)
	at org.springframework.beans.TypeConverterSupport.convertIfNecessary(TypeConverterSupport.java:51)
	at org.springframework.validation.DataBinder.convertIfNecessary(DataBinder.java:843)
	at org.springframework.web.method.annotation.AbstractNamedValueMethodArgumentResolver.convertIfNecessary(AbstractNamedValueMethodArgumentResolver.java:287)
	... 92 common frames omitted
2026-07-19 00:00:03 [http-nio-8080-exec-8] WARN  o.s.w.s.m.m.a.ExceptionHandlerExceptionResolver - Resolved [org.springframework.web.method.annotation.MethodArgumentTypeMismatchException: Method parameter 'id': Failed to convert value of type 'java.lang.String' to required type 'java.lang.Long'; For input string: "undefined"]
2026-07-19 00:01:20 [HikariPool-1:housekeeper] WARN  com.zaxxer.hikari.pool.PoolBase - HikariPool-1 - Failed to validate connection com.mysql.cj.jdbc.ConnectionImpl@6fd2cf4e (No operations allowed after connection closed.). Possibly consider using a shorter maxLifetime value.
2026-07-19 00:01:32 [HikariPool-1:housekeeper] WARN  com.zaxxer.hikari.pool.PoolBase - HikariPool-1 - Failed to validate connection com.mysql.cj.jdbc.ConnectionImpl@492b2fed (No operations allowed after connection closed.). Possibly consider using a shorter maxLifetime value.
2026-07-19 00:02:59 [HikariPool-1:housekeeper] WARN  com.zaxxer.hikari.pool.PoolBase - HikariPool-1 - Failed to validate connection com.mysql.cj.jdbc.ConnectionImpl@455c78dd (No operations allowed after connection closed.). Possibly consider using a shorter maxLifetime value.
2026-07-19 00:03:14 [HikariPool-1:housekeeper] WARN  com.zaxxer.hikari.pool.PoolBase - HikariPool-1 - Failed to validate connection com.mysql.cj.jdbc.ConnectionImpl@6d9f1d2f (No operations allowed after connection closed.). Possibly consider using a shorter maxLifetime value.
2026-07-19 00:04:48 [HikariPool-1:housekeeper] WARN  com.zaxxer.hikari.pool.PoolBase - HikariPool-1 - Failed to validate connection com.mysql.cj.jdbc.ConnectionImpl@1cbcd53c (No operations allowed after connection closed.). Possibly consider using a shorter maxLifetime value.
2026-07-19 00:05:11 [HikariPool-1:housekeeper] WARN  com.zaxxer.hikari.pool.PoolBase - HikariPool-1 - Failed to validate connection com.mysql.cj.jdbc.ConnectionImpl@2ca87187 (No operations allowed after connection closed.). Possibly consider using a shorter maxLifetime value.
2026-07-19 00:06:31 [HikariPool-1:housekeeper] WARN  com.zaxxer.hikari.pool.PoolBase - HikariPool-1 - Failed to validate connection com.mysql.cj.jdbc.ConnectionImpl@6a3a47e0 (No operations allowed after connection closed.). Possibly consider using a shorter maxLifetime value.
2026-07-19 00:07:10 [HikariPool-1:housekeeper] WARN  com.zaxxer.hikari.pool.PoolBase - HikariPool-1 - Failed to validate connection com.mysql.cj.jdbc.ConnectionImpl@67f707cf (No operations allowed after connection closed.). Possibly consider using a shorter maxLifetime value.
2026-07-19 00:08:16 [HikariPool-1:housekeeper] WARN  com.zaxxer.hikari.pool.PoolBase - HikariPool-1 - Failed to validate connection com.mysql.cj.jdbc.ConnectionImpl@648b550e (No operations allowed after connection closed.). Possibly consider using a shorter maxLifetime value.
2026-07-19 00:08:55 [HikariPool-1:housekeeper] WARN  com.zaxxer.hikari.pool.PoolBase - HikariPool-1 - Failed to validate connection com.mysql.cj.jdbc.ConnectionImpl@50124182 (No operations allowed after connection closed.). Possibly consider using a shorter maxLifetime value.
2026-07-19 00:10:09 [HikariPool-1:housekeeper] WARN  com.zaxxer.hikari.pool.PoolBase - HikariPool-1 - Failed to validate connection com.mysql.cj.jdbc.ConnectionImpl@23469f5 (No operations allowed after connection closed.). Possibly consider using a shorter maxLifetime value.
2026-07-19 00:10:40 [HikariPool-1:housekeeper] WARN  com.zaxxer.hikari.pool.PoolBase - HikariPool-1 - Failed to validate connection com.mysql.cj.jdbc.ConnectionImpl@68727791 (No operations allowed after connection closed.). Possibly consider using a shorter maxLifetime value.
2026-07-19 00:10:43 [http-nio-8080-exec-10] INFO  c.e.Docgen_Backend.config.JwtFilter - JWT validated successfully for userId=6a311365ec2c34f3d9e4f06e
2026-07-19 00:10:43 [http-nio-8080-exec-10] ERROR c.e.D.e.GlobalExceptionHandler - Unexpected error occurred
org.springframework.web.method.annotation.MethodArgumentTypeMismatchException: Method parameter 'id': Failed to convert value of type 'java.lang.String' to required type 'java.lang.Long'; For input string: "undefined"
	at org.springframework.web.method.annotation.AbstractNamedValueMethodArgumentResolver.convertIfNecessary(AbstractNamedValueMethodArgumentResolver.java:295)
	at org.springframework.web.method.annotation.AbstractNamedValueMethodArgumentResolver.resolveArgument(AbstractNamedValueMethodArgumentResolver.java:134)
	at org.springframework.web.method.support.HandlerMethodArgumentResolverComposite.resolveArgument(HandlerMethodArgumentResolverComposite.java:122)
	at org.springframework.web.method.support.InvocableHandlerMethod.getMethodArgumentValues(InvocableHandlerMethod.java:224)
	at org.springframework.web.method.support.InvocableHandlerMethod.invokeForRequest(InvocableHandlerMethod.java:174)
	at org.springframework.web.servlet.mvc.method.annotation.ServletInvocableHandlerMethod.invokeAndHandle(ServletInvocableHandlerMethod.java:117)
	at org.springframework.web.servlet.mvc.method.annotation.RequestMappingHandlerAdapter.invokeHandlerMethod(RequestMappingHandlerAdapter.java:934)
	at org.springframework.web.servlet.mvc.method.annotation.RequestMappingHandlerAdapter.handleInternal(RequestMappingHandlerAdapter.java:853)
	at org.springframework.web.servlet.mvc.method.AbstractHandlerMethodAdapter.handle(AbstractHandlerMethodAdapter.java:86)
	at org.springframework.web.servlet.DispatcherServlet.doDispatch(DispatcherServlet.java:963)
	at org.springframework.web.servlet.DispatcherServlet.doService(DispatcherServlet.java:866)
	at org.springframework.web.servlet.FrameworkServlet.processRequest(FrameworkServlet.java:1000)
	at org.springframework.web.servlet.FrameworkServlet.service(FrameworkServlet.java:877)
	at jakarta.servlet.http.HttpServlet.service(HttpServlet.java:710)
	at org.apache.catalina.core.ApplicationFilterChain.doFilter(ApplicationFilterChain.java:128)
	at org.apache.tomcat.websocket.server.WsFilter.doFilter(WsFilter.java:53)
	at org.apache.catalina.core.ApplicationFilterChain.doFilter(ApplicationFilterChain.java:107)
	at org.springframework.web.filter.OncePerRequestFilter.doFilter(OncePerRequestFilter.java:110)
	at org.apache.catalina.core.ApplicationFilterChain.doFilter(ApplicationFilterChain.java:107)
	at org.springframework.web.filter.CompositeFilter$VirtualFilterChain.doFilter(CompositeFilter.java:108)
	at org.springframework.security.web.FilterChainProxy.lambda$doFilterInternal$3(FilterChainProxy.java:235)
	at org.springframework.security.web.FilterChainProxy$VirtualFilterChain.doFilter(FilterChainProxy.java:376)
	at org.springframework.security.web.access.intercept.AuthorizationFilter.doFilter(AuthorizationFilter.java:101)
	at org.springframework.security.web.FilterChainProxy$VirtualFilterChain.doFilter(FilterChainProxy.java:385)
	at org.springframework.security.web.access.ExceptionTranslationFilter.doFilter(ExceptionTranslationFilter.java:126)
	at org.springframework.security.web.access.ExceptionTranslationFilter.doFilter(ExceptionTranslationFilter.java:120)
	at org.springframework.security.web.FilterChainProxy$VirtualFilterChain.doFilter(FilterChainProxy.java:385)
	at org.springframework.security.web.session.SessionManagementFilter.doFilter(SessionManagementFilter.java:132)
	at org.springframework.security.web.session.SessionManagementFilter.doFilter(SessionManagementFilter.java:86)
	at org.springframework.security.web.FilterChainProxy$VirtualFilterChain.doFilter(FilterChainProxy.java:385)
	at org.springframework.security.web.authentication.AnonymousAuthenticationFilter.doFilter(AnonymousAuthenticationFilter.java:100)
	at org.springframework.security.web.FilterChainProxy$VirtualFilterChain.doFilter(FilterChainProxy.java:385)
	at org.springframework.security.web.servletapi.SecurityContextHolderAwareRequestFilter.doFilter(SecurityContextHolderAwareRequestFilter.java:181)
	at org.springframework.security.web.FilterChainProxy$VirtualFilterChain.doFilter(FilterChainProxy.java:385)
	at org.springframework.security.web.savedrequest.RequestCacheAwareFilter.doFilter(RequestCacheAwareFilter.java:63)
	at org.springframework.security.web.FilterChainProxy$VirtualFilterChain.doFilter(FilterChainProxy.java:385)
	at com.example.Docgen_Backend.config.JwtFilter.doFilterInternal(JwtFilter.java:111)
	at org.springframework.web.filter.OncePerRequestFilter.doFilter(OncePerRequestFilter.java:116)
	at org.springframework.security.web.FilterChainProxy$VirtualFilterChain.doFilter(FilterChainProxy.java:385)
	at org.springframework.security.web.authentication.logout.LogoutFilter.doFilter(LogoutFilter.java:110)
	at org.springframework.security.web.authentication.logout.LogoutFilter.doFilter(LogoutFilter.java:96)
	at org.springframework.security.web.FilterChainProxy$VirtualFilterChain.doFilter(FilterChainProxy.java:385)
	at org.springframework.web.filter.CorsFilter.doFilterInternal(CorsFilter.java:91)
	at org.springframework.web.filter.OncePerRequestFilter.doFilter(OncePerRequestFilter.java:116)
	at org.springframework.security.web.FilterChainProxy$VirtualFilterChain.doFilter(FilterChainProxy.java:385)
	at org.springframework.security.web.header.HeaderWriterFilter.doHeadersAfter(HeaderWriterFilter.java:90)
	at org.springframework.security.web.header.HeaderWriterFilter.doFilterInternal(HeaderWriterFilter.java:75)
	at org.springframework.web.filter.OncePerRequestFilter.doFilter(OncePerRequestFilter.java:116)
	at org.springframework.security.web.FilterChainProxy$VirtualFilterChain.doFilter(FilterChainProxy.java:385)
	at org.springframework.security.web.context.SecurityContextHolderFilter.doFilter(SecurityContextHolderFilter.java:82)
	at org.springframework.security.web.context.SecurityContextHolderFilter.doFilter(SecurityContextHolderFilter.java:69)
	at org.springframework.security.web.FilterChainProxy$VirtualFilterChain.doFilter(FilterChainProxy.java:385)
	at org.springframework.security.web.context.request.async.WebAsyncManagerIntegrationFilter.doFilterInternal(WebAsyncManagerIntegrationFilter.java:62)
	at org.springframework.web.filter.OncePerRequestFilter.doFilter(OncePerRequestFilter.java:116)
	at org.springframework.security.web.FilterChainProxy$VirtualFilterChain.doFilter(FilterChainProxy.java:385)
	at org.springframework.security.web.session.DisableEncodeUrlFilter.doFilterInternal(DisableEncodeUrlFilter.java:42)
	at org.springframework.web.filter.OncePerRequestFilter.doFilter(OncePerRequestFilter.java:116)
	at org.springframework.security.web.FilterChainProxy$VirtualFilterChain.doFilter(FilterChainProxy.java:385)
	at org.springframework.security.web.FilterChainProxy.doFilterInternal(FilterChainProxy.java:237)
	at org.springframework.security.web.FilterChainProxy.doFilter(FilterChainProxy.java:195)
	at org.springframework.web.filter.CompositeFilter$VirtualFilterChain.doFilter(CompositeFilter.java:113)
	at org.springframework.web.filter.ServletRequestPathFilter.doFilter(ServletRequestPathFilter.java:52)
	at org.springframework.web.filter.CompositeFilter$VirtualFilterChain.doFilter(CompositeFilter.java:113)
	at org.springframework.web.filter.CompositeFilter.doFilter(CompositeFilter.java:74)
	at org.springframework.security.config.annotation.web.configuration.WebSecurityConfiguration$CompositeFilterChainProxy.doFilter(WebSecurityConfiguration.java:317)
	at org.springframework.web.filter.DelegatingFilterProxy.invokeDelegate(DelegatingFilterProxy.java:355)
	at org.springframework.web.filter.DelegatingFilterProxy.doFilter(DelegatingFilterProxy.java:272)
	at org.apache.catalina.core.ApplicationFilterChain.doFilter(ApplicationFilterChain.java:107)
	at org.springframework.web.filter.RequestContextFilter.doFilterInternal(RequestContextFilter.java:100)
	at org.springframework.web.filter.OncePerRequestFilter.doFilter(OncePerRequestFilter.java:116)
	at org.apache.catalina.core.ApplicationFilterChain.doFilter(ApplicationFilterChain.java:107)
	at org.springframework.web.filter.FormContentFilter.doFilterInternal(FormContentFilter.java:93)
	at org.springframework.web.filter.OncePerRequestFilter.doFilter(OncePerRequestFilter.java:116)
	at org.apache.catalina.core.ApplicationFilterChain.doFilter(ApplicationFilterChain.java:107)
	at org.springframework.web.filter.CharacterEncodingFilter.doFilterInternal(CharacterEncodingFilter.java:199)
	at org.springframework.web.filter.OncePerRequestFilter.doFilter(OncePerRequestFilter.java:116)
	at org.apache.catalina.core.ApplicationFilterChain.doFilter(ApplicationFilterChain.java:107)
	at org.apache.catalina.core.StandardWrapperValve.invoke(StandardWrapperValve.java:165)
	at org.apache.catalina.core.StandardContextValve.invoke(StandardContextValve.java:77)
	at org.apache.catalina.authenticator.AuthenticatorBase.invoke(AuthenticatorBase.java:492)
	at org.apache.catalina.core.StandardHostValve.invoke(StandardHostValve.java:113)
	at org.apache.catalina.valves.ErrorReportValve.invoke(ErrorReportValve.java:83)
	at org.apache.catalina.core.StandardEngineValve.invoke(StandardEngineValve.java:72)
	at org.apache.catalina.connector.CoyoteAdapter.service(CoyoteAdapter.java:341)
	at org.apache.coyote.http11.Http11Processor.service(Http11Processor.java:397)
	at org.apache.coyote.AbstractProcessorLight.process(AbstractProcessorLight.java:63)
	at org.apache.coyote.AbstractProtocol$ConnectionHandler.process(AbstractProtocol.java:903)
	at org.apache.tomcat.util.net.NioEndpoint$SocketProcessor.doRun(NioEndpoint.java:1801)
	at org.apache.tomcat.util.net.SocketProcessorBase.run(SocketProcessorBase.java:52)
	at org.apache.tomcat.util.threads.ThreadPoolExecutor.runWorker(ThreadPoolExecutor.java:946)
	at org.apache.tomcat.util.threads.ThreadPoolExecutor$Worker.run(ThreadPoolExecutor.java:480)
	at org.apache.tomcat.util.threads.TaskThread$WrappingRunnable.run(TaskThread.java:57)
	at java.base/java.lang.Thread.run(Thread.java:1583)
Caused by: java.lang.NumberFormatException: For input string: "undefined"
	at java.base/java.lang.NumberFormatException.forInputString(NumberFormatException.java:67)
	at java.base/java.lang.Long.parseLong(Long.java:709)
	at java.base/java.lang.Long.valueOf(Long.java:1157)
	at org.springframework.util.NumberUtils.parseNumber(NumberUtils.java:204)
	at org.springframework.beans.propertyeditors.CustomNumberEditor.setAsText(CustomNumberEditor.java:115)
	at org.springframework.beans.TypeConverterDelegate.doConvertTextValue(TypeConverterDelegate.java:434)
	at org.springframework.beans.TypeConverterDelegate.doConvertValue(TypeConverterDelegate.java:407)
	at org.springframework.beans.TypeConverterDelegate.convertIfNecessary(TypeConverterDelegate.java:158)
	at org.springframework.beans.TypeConverterSupport.convertIfNecessary(TypeConverterSupport.java:75)
	at org.springframework.beans.TypeConverterSupport.convertIfNecessary(TypeConverterSupport.java:51)
	at org.springframework.validation.DataBinder.convertIfNecessary(DataBinder.java:843)
	at org.springframework.web.method.annotation.AbstractNamedValueMethodArgumentResolver.convertIfNecessary(AbstractNamedValueMethodArgumentResolver.java:287)
	... 92 common frames omitted
2026-07-19 00:10:43 [http-nio-8080-exec-10] WARN  o.s.w.s.m.m.a.ExceptionHandlerExceptionResolver - Resolved [org.springframework.web.method.annotation.MethodArgumentTypeMismatchException: Method parameter 'id': Failed to convert value of type 'java.lang.String' to required type 'java.lang.Long'; For input string: "undefined"]
2026-07-19 00:11:29 [http-nio-8080-exec-1] INFO  c.e.Docgen_Backend.config.JwtFilter - JWT validated successfully for userId=6a311365ec2c34f3d9e4f06e
2026-07-19 00:11:29 [http-nio-8080-exec-1] ERROR c.e.D.e.GlobalExceptionHandler - Unexpected error occurred
org.springframework.web.method.annotation.MethodArgumentTypeMismatchException: Method parameter 'id': Failed to convert value of type 'java.lang.String' to required type 'java.lang.Long'; For input string: "undefined"
	at org.springframework.web.method.annotation.AbstractNamedValueMethodArgumentResolver.convertIfNecessary(AbstractNamedValueMethodArgumentResolver.java:295)
	at org.springframework.web.method.annotation.AbstractNamedValueMethodArgumentResolver.resolveArgument(AbstractNamedValueMethodArgumentResolver.java:134)
	at org.springframework.web.method.support.HandlerMethodArgumentResolverComposite.resolveArgument(HandlerMethodArgumentResolverComposite.java:122)
	at org.springframework.web.method.support.InvocableHandlerMethod.getMethodArgumentValues(InvocableHandlerMethod.java:224)
	at org.springframework.web.method.support.InvocableHandlerMethod.invokeForRequest(InvocableHandlerMethod.java:174)
	at org.springframework.web.servlet.mvc.method.annotation.ServletInvocableHandlerMethod.invokeAndHandle(ServletInvocableHandlerMethod.java:117)
	at org.springframework.web.servlet.mvc.method.annotation.RequestMappingHandlerAdapter.invokeHandlerMethod(RequestMappingHandlerAdapter.java:934)
	at org.springframework.web.servlet.mvc.method.annotation.RequestMappingHandlerAdapter.handleInternal(RequestMappingHandlerAdapter.java:853)
	at org.springframework.web.servlet.mvc.method.AbstractHandlerMethodAdapter.handle(AbstractHandlerMethodAdapter.java:86)
	at org.springframework.web.servlet.DispatcherServlet.doDispatch(DispatcherServlet.java:963)
	at org.springframework.web.servlet.DispatcherServlet.doService(DispatcherServlet.java:866)
	at org.springframework.web.servlet.FrameworkServlet.processRequest(FrameworkServlet.java:1000)
	at org.springframework.web.servlet.FrameworkServlet.service(FrameworkServlet.java:877)
	at jakarta.servlet.http.HttpServlet.service(HttpServlet.java:710)
	at org.apache.catalina.core.ApplicationFilterChain.doFilter(ApplicationFilterChain.java:128)
	at org.apache.tomcat.websocket.server.WsFilter.doFilter(WsFilter.java:53)
	at org.apache.catalina.core.ApplicationFilterChain.doFilter(ApplicationFilterChain.java:107)
	at org.springframework.web.filter.OncePerRequestFilter.doFilter(OncePerRequestFilter.java:110)
	at org.apache.catalina.core.ApplicationFilterChain.doFilter(ApplicationFilterChain.java:107)
	at org.springframework.web.filter.CompositeFilter$VirtualFilterChain.doFilter(CompositeFilter.java:108)
	at org.springframework.security.web.FilterChainProxy.lambda$doFilterInternal$3(FilterChainProxy.java:235)
	at org.springframework.security.web.FilterChainProxy$VirtualFilterChain.doFilter(FilterChainProxy.java:376)
	at org.springframework.security.web.access.intercept.AuthorizationFilter.doFilter(AuthorizationFilter.java:101)
	at org.springframework.security.web.FilterChainProxy$VirtualFilterChain.doFilter(FilterChainProxy.java:385)
	at org.springframework.security.web.access.ExceptionTranslationFilter.doFilter(ExceptionTranslationFilter.java:126)
	at org.springframework.security.web.access.ExceptionTranslationFilter.doFilter(ExceptionTranslationFilter.java:120)
	at org.springframework.security.web.FilterChainProxy$VirtualFilterChain.doFilter(FilterChainProxy.java:385)
	at org.springframework.security.web.session.SessionManagementFilter.doFilter(SessionManagementFilter.java:132)
	at org.springframework.security.web.session.SessionManagementFilter.doFilter(SessionManagementFilter.java:86)
	at org.springframework.security.web.FilterChainProxy$VirtualFilterChain.doFilter(FilterChainProxy.java:385)
	at org.springframework.security.web.authentication.AnonymousAuthenticationFilter.doFilter(AnonymousAuthenticationFilter.java:100)
	at org.springframework.security.web.FilterChainProxy$VirtualFilterChain.doFilter(FilterChainProxy.java:385)
	at org.springframework.security.web.servletapi.SecurityContextHolderAwareRequestFilter.doFilter(SecurityContextHolderAwareRequestFilter.java:181)
	at org.springframework.security.web.FilterChainProxy$VirtualFilterChain.doFilter(FilterChainProxy.java:385)
	at org.springframework.security.web.savedrequest.RequestCacheAwareFilter.doFilter(RequestCacheAwareFilter.java:63)
	at org.springframework.security.web.FilterChainProxy$VirtualFilterChain.doFilter(FilterChainProxy.java:385)
	at com.example.Docgen_Backend.config.JwtFilter.doFilterInternal(JwtFilter.java:111)
	at org.springframework.web.filter.OncePerRequestFilter.doFilter(OncePerRequestFilter.java:116)
	at org.springframework.security.web.FilterChainProxy$VirtualFilterChain.doFilter(FilterChainProxy.java:385)
	at org.springframework.security.web.authentication.logout.LogoutFilter.doFilter(LogoutFilter.java:110)
	at org.springframework.security.web.authentication.logout.LogoutFilter.doFilter(LogoutFilter.java:96)
	at org.springframework.security.web.FilterChainProxy$VirtualFilterChain.doFilter(FilterChainProxy.java:385)
	at org.springframework.web.filter.CorsFilter.doFilterInternal(CorsFilter.java:91)
	at org.springframework.web.filter.OncePerRequestFilter.doFilter(OncePerRequestFilter.java:116)
	at org.springframework.security.web.FilterChainProxy$VirtualFilterChain.doFilter(FilterChainProxy.java:385)
	at org.springframework.security.web.header.HeaderWriterFilter.doHeadersAfter(HeaderWriterFilter.java:90)
	at org.springframework.security.web.header.HeaderWriterFilter.doFilterInternal(HeaderWriterFilter.java:75)
	at org.springframework.web.filter.OncePerRequestFilter.doFilter(OncePerRequestFilter.java:116)
	at org.springframework.security.web.FilterChainProxy$VirtualFilterChain.doFilter(FilterChainProxy.java:385)
	at org.springframework.security.web.context.SecurityContextHolderFilter.doFilter(SecurityContextHolderFilter.java:82)
	at org.springframework.security.web.context.SecurityContextHolderFilter.doFilter(SecurityContextHolderFilter.java:69)
	at org.springframework.security.web.FilterChainProxy$VirtualFilterChain.doFilter(FilterChainProxy.java:385)
	at org.springframework.security.web.context.request.async.WebAsyncManagerIntegrationFilter.doFilterInternal(WebAsyncManagerIntegrationFilter.java:62)
	at org.springframework.web.filter.OncePerRequestFilter.doFilter(OncePerRequestFilter.java:116)
	at org.springframework.security.web.FilterChainProxy$VirtualFilterChain.doFilter(FilterChainProxy.java:385)
	at org.springframework.security.web.session.DisableEncodeUrlFilter.doFilterInternal(DisableEncodeUrlFilter.java:42)
	at org.springframework.web.filter.OncePerRequestFilter.doFilter(OncePerRequestFilter.java:116)
	at org.springframework.security.web.FilterChainProxy$VirtualFilterChain.doFilter(FilterChainProxy.java:385)
	at org.springframework.security.web.FilterChainProxy.doFilterInternal(FilterChainProxy.java:237)
	at org.springframework.security.web.FilterChainProxy.doFilter(FilterChainProxy.java:195)
	at org.springframework.web.filter.CompositeFilter$VirtualFilterChain.doFilter(CompositeFilter.java:113)
	at org.springframework.web.filter.ServletRequestPathFilter.doFilter(ServletRequestPathFilter.java:52)
	at org.springframework.web.filter.CompositeFilter$VirtualFilterChain.doFilter(CompositeFilter.java:113)
	at org.springframework.web.filter.CompositeFilter.doFilter(CompositeFilter.java:74)
	at org.springframework.security.config.annotation.web.configuration.WebSecurityConfiguration$CompositeFilterChainProxy.doFilter(WebSecurityConfiguration.java:317)
	at org.springframework.web.filter.DelegatingFilterProxy.invokeDelegate(DelegatingFilterProxy.java:355)
	at org.springframework.web.filter.DelegatingFilterProxy.doFilter(DelegatingFilterProxy.java:272)
	at org.apache.catalina.core.ApplicationFilterChain.doFilter(ApplicationFilterChain.java:107)
	at org.springframework.web.filter.RequestContextFilter.doFilterInternal(RequestContextFilter.java:100)
	at org.springframework.web.filter.OncePerRequestFilter.doFilter(OncePerRequestFilter.java:116)
	at org.apache.catalina.core.ApplicationFilterChain.doFilter(ApplicationFilterChain.java:107)
	at org.springframework.web.filter.FormContentFilter.doFilterInternal(FormContentFilter.java:93)
	at org.springframework.web.filter.OncePerRequestFilter.doFilter(OncePerRequestFilter.java:116)
	at org.apache.catalina.core.ApplicationFilterChain.doFilter(ApplicationFilterChain.java:107)
	at org.springframework.web.filter.CharacterEncodingFilter.doFilterInternal(CharacterEncodingFilter.java:199)
	at org.springframework.web.filter.OncePerRequestFilter.doFilter(OncePerRequestFilter.java:116)
	at org.apache.catalina.core.ApplicationFilterChain.doFilter(ApplicationFilterChain.java:107)
	at org.apache.catalina.core.StandardWrapperValve.invoke(StandardWrapperValve.java:165)
	at org.apache.catalina.core.StandardContextValve.invoke(StandardContextValve.java:77)
	at org.apache.catalina.authenticator.AuthenticatorBase.invoke(AuthenticatorBase.java:492)
	at org.apache.catalina.core.StandardHostValve.invoke(StandardHostValve.java:113)
	at org.apache.catalina.valves.ErrorReportValve.invoke(ErrorReportValve.java:83)
	at org.apache.catalina.core.StandardEngineValve.invoke(StandardEngineValve.java:72)
	at org.apache.catalina.connector.CoyoteAdapter.service(CoyoteAdapter.java:341)
	at org.apache.coyote.http11.Http11Processor.service(Http11Processor.java:397)
	at org.apache.coyote.AbstractProcessorLight.process(AbstractProcessorLight.java:63)
	at org.apache.coyote.AbstractProtocol$ConnectionHandler.process(AbstractProtocol.java:903)
	at org.apache.tomcat.util.net.NioEndpoint$SocketProcessor.doRun(NioEndpoint.java:1801)
	at org.apache.tomcat.util.net.SocketProcessorBase.run(SocketProcessorBase.java:52)
	at org.apache.tomcat.util.threads.ThreadPoolExecutor.runWorker(ThreadPoolExecutor.java:946)
	at org.apache.tomcat.util.threads.ThreadPoolExecutor$Worker.run(ThreadPoolExecutor.java:480)
	at org.apache.tomcat.util.threads.TaskThread$WrappingRunnable.run(TaskThread.java:57)
	at java.base/java.lang.Thread.run(Thread.java:1583)
Caused by: java.lang.NumberFormatException: For input string: "undefined"
	at java.base/java.lang.NumberFormatException.forInputString(NumberFormatException.java:67)
	at java.base/java.lang.Long.parseLong(Long.java:709)
	at java.base/java.lang.Long.valueOf(Long.java:1157)
	at org.springframework.util.NumberUtils.parseNumber(NumberUtils.java:204)
	at org.springframework.beans.propertyeditors.CustomNumberEditor.setAsText(CustomNumberEditor.java:115)
	at org.springframework.beans.TypeConverterDelegate.doConvertTextValue(TypeConverterDelegate.java:434)
	at org.springframework.beans.TypeConverterDelegate.doConvertValue(TypeConverterDelegate.java:407)
	at org.springframework.beans.TypeConverterDelegate.convertIfNecessary(TypeConverterDelegate.java:158)
	at org.springframework.beans.TypeConverterSupport.convertIfNecessary(TypeConverterSupport.java:75)
	at org.springframework.beans.TypeConverterSupport.convertIfNecessary(TypeConverterSupport.java:51)
	at org.springframework.validation.DataBinder.convertIfNecessary(DataBinder.java:843)
	at org.springframework.web.method.annotation.AbstractNamedValueMethodArgumentResolver.convertIfNecessary(AbstractNamedValueMethodArgumentResolver.java:287)
	... 92 common frames omitted
2026-07-19 00:11:29 [http-nio-8080-exec-1] WARN  o.s.w.s.m.m.a.ExceptionHandlerExceptionResolver - Resolved [org.springframework.web.method.annotation.MethodArgumentTypeMismatchException: Method parameter 'id': Failed to convert value of type 'java.lang.String' to required type 'java.lang.Long'; For input string: "undefined"]
2026-07-19 00:11:45 [SpringApplicationShutdownHook] INFO  o.s.boot.tomcat.GracefulShutdown - Commencing graceful shutdown. Waiting for active requests to complete
2026-07-19 00:11:45 [tomcat-shutdown] INFO  o.s.boot.tomcat.GracefulShutdown - Graceful shutdown complete
2026-07-19 00:11:45 [SpringApplicationShutdownHook] INFO  o.s.o.j.LocalContainerEntityManagerFactoryBean - Closing JPA EntityManagerFactory for persistence unit 'default'
2026-07-19 00:11:45 [SpringApplicationShutdownHook] INFO  com.zaxxer.hikari.HikariDataSource - HikariPool-1 - Shutdown initiated...
2026-07-19 00:11:45 [SpringApplicationShutdownHook] INFO  com.zaxxer.hikari.HikariDataSource - HikariPool-1 - Shutdown completed.
2026-07-19 00:11:49 [background-preinit] INFO  o.h.validator.internal.util.Version - HV000001: Hibernate Validator 9.0.1.Final
2026-07-19 00:11:49 [restartedMain] INFO  c.e.D.DocgenBackendApplication - Starting DocgenBackendApplication using Java 21.0.9 with PID 19912 (E:\DocGen New Front V2\Docgen-Backend\target\classes started by prath in E:\DocGen New Front V2\Docgen-Backend)
2026-07-19 00:11:49 [restartedMain] DEBUG c.e.D.DocgenBackendApplication - Running with Spring Boot v4.0.6, Spring v7.0.7
2026-07-19 00:11:49 [restartedMain] INFO  c.e.D.DocgenBackendApplication - No active profile set, falling back to 1 default profile: "default"
2026-07-19 00:11:49 [restartedMain] INFO  o.s.b.d.e.DevToolsPropertyDefaultsPostProcessor - Devtools property defaults active! Set 'spring.devtools.add-properties' to 'false' to disable
2026-07-19 00:11:49 [restartedMain] INFO  o.s.b.d.e.DevToolsPropertyDefaultsPostProcessor - For additional web related logging consider setting the 'logging.level.web' property to 'DEBUG'
2026-07-19 00:11:50 [restartedMain] INFO  o.s.d.r.c.RepositoryConfigurationDelegate - Bootstrapping Spring Data JPA repositories in DEFAULT mode.
2026-07-19 00:11:50 [restartedMain] INFO  o.s.d.r.c.RepositoryConfigurationDelegate - Finished Spring Data repository scanning in 45 ms. Found 2 JPA repository interfaces.
2026-07-19 00:11:51 [restartedMain] INFO  o.s.boot.tomcat.TomcatWebServer - Tomcat initialized with port 8080 (http)
2026-07-19 00:11:51 [restartedMain] INFO  o.a.coyote.http11.Http11NioProtocol - Initializing ProtocolHandler ["http-nio-8080"]
2026-07-19 00:11:51 [restartedMain] INFO  o.a.catalina.core.StandardService - Starting service [Tomcat]
2026-07-19 00:11:51 [restartedMain] INFO  o.a.catalina.core.StandardEngine - Starting Servlet engine: [Apache Tomcat/11.0.21]
2026-07-19 00:11:51 [restartedMain] INFO  o.s.b.w.c.s.WebApplicationContextInitializer - Root WebApplicationContext: initialization completed in 1504 ms
2026-07-19 00:11:51 [restartedMain] DEBUG c.e.Docgen_Backend.config.JwtFilter - Filter 'jwtFilter' configured for use
2026-07-19 00:11:51 [restartedMain] INFO  org.hibernate.orm.jpa - HHH008540: Processing PersistenceUnitInfo [name: default]
2026-07-19 00:11:51 [restartedMain] INFO  org.hibernate.orm.core - HHH000001: Hibernate ORM core version 7.2.12.Final
2026-07-19 00:11:52 [restartedMain] INFO  o.s.o.j.p.SpringPersistenceUnitInfo - No LoadTimeWeaver setup: ignoring JPA class transformer
2026-07-19 00:11:52 [restartedMain] INFO  com.zaxxer.hikari.HikariDataSource - HikariPool-1 - Starting...
2026-07-19 00:11:52 [restartedMain] INFO  com.zaxxer.hikari.pool.HikariPool - HikariPool-1 - Added connection com.mysql.cj.jdbc.ConnectionImpl@45ed8752
2026-07-19 00:11:52 [restartedMain] INFO  com.zaxxer.hikari.HikariDataSource - HikariPool-1 - Start completed.
2026-07-19 00:11:52 [restartedMain] WARN  org.hibernate.orm.jdbc - HHH100045: Could not obtain connection metadata: java.sql.SQLSyntaxErrorException: Unknown column 'RESERVED' in 'WHERE'
2026-07-19 00:11:52 [restartedMain] WARN  org.hibernate.orm.deprecation - HHH90000025: MySQLDialect does not need to be specified explicitly using 'hibernate.dialect' (remove the property setting and it will be selected by default)
2026-07-19 00:11:52 [restartedMain] INFO  o.hibernate.orm.connections.pooling - HHH10001005: Database info:
	Database JDBC URL [undefined/unknown]
	Database driver: undefined/unknown
	Database dialect: MySQLDialect
	Database version: 8.0
	Default catalog/schema: unknown/unknown
	Autocommit mode: undefined/unknown
	Isolation level: NONE [default NONE]
	JDBC fetch size: undefined/unknown
	Pool: DataSourceConnectionProvider
	Minimum pool size: undefined/unknown
	Maximum pool size: undefined/unknown
2026-07-19 00:11:54 [restartedMain] INFO  org.hibernate.orm.core - HHH000489: No JTA platform available (set 'hibernate.transaction.jta.platform' to enable JTA platform integration)
2026-07-19 00:12:02 [restartedMain] INFO  o.s.o.j.LocalContainerEntityManagerFactoryBean - Initialized JPA EntityManagerFactory for persistence unit 'default'
2026-07-19 00:12:02 [restartedMain] INFO  o.s.d.j.r.q.QueryEnhancerFactories - Hibernate is in classpath; If applicable, HQL parser will be used.
2026-07-19 00:12:02 [restartedMain] INFO  o.s.s.c.a.a.c.InitializeUserDetailsBeanManagerConfigurer$InitializeUserDetailsManagerConfigurer - Global AuthenticationManager configured with UserDetailsService bean with name customUserDetailsService
2026-07-19 00:12:02 [restartedMain] WARN  o.s.b.j.a.JpaBaseConfiguration$JpaWebConfiguration - spring.jpa.open-in-view is enabled by default. Therefore, database queries may be performed during view rendering. Explicitly configure spring.jpa.open-in-view to disable this warning
2026-07-19 00:12:02 [restartedMain] INFO  o.a.coyote.http11.Http11NioProtocol - Starting ProtocolHandler ["http-nio-8080"]
2026-07-19 00:12:02 [restartedMain] INFO  o.s.boot.tomcat.TomcatWebServer - Tomcat started on port 8080 (http) with context path '/'
2026-07-19 00:12:02 [restartedMain] INFO  c.e.D.DocgenBackendApplication - Started DocgenBackendApplication in 13.93 seconds (process running for 14.618)
2026-07-19 00:12:10 [http-nio-8080-exec-1] INFO  o.a.c.c.C.[Tomcat].[localhost].[/] - Initializing Spring DispatcherServlet 'dispatcherServlet'
2026-07-19 00:12:10 [http-nio-8080-exec-1] INFO  o.s.web.servlet.DispatcherServlet - Initializing Servlet 'dispatcherServlet'
2026-07-19 00:12:10 [http-nio-8080-exec-1] INFO  o.s.web.servlet.DispatcherServlet - Completed initialization in 2 ms
2026-07-19 00:12:10 [http-nio-8080-exec-2] INFO  c.e.Docgen_Backend.config.JwtFilter - JWT validated successfully for userId=6a311365ec2c34f3d9e4f06e
2026-07-19 00:12:10 [http-nio-8080-exec-2] ERROR c.e.D.e.GlobalExceptionHandler - Unexpected error occurred
org.springframework.web.method.annotation.MethodArgumentTypeMismatchException: Method parameter 'id': Failed to convert value of type 'java.lang.String' to required type 'java.lang.Long'; For input string: "undefined"
	at org.springframework.web.method.annotation.AbstractNamedValueMethodArgumentResolver.convertIfNecessary(AbstractNamedValueMethodArgumentResolver.java:295)
	at org.springframework.web.method.annotation.AbstractNamedValueMethodArgumentResolver.resolveArgument(AbstractNamedValueMethodArgumentResolver.java:134)
	at org.springframework.web.method.support.HandlerMethodArgumentResolverComposite.resolveArgument(HandlerMethodArgumentResolverComposite.java:122)
	at org.springframework.web.method.support.InvocableHandlerMethod.getMethodArgumentValues(InvocableHandlerMethod.java:224)
	at org.springframework.web.method.support.InvocableHandlerMethod.invokeForRequest(InvocableHandlerMethod.java:174)
	at org.springframework.web.servlet.mvc.method.annotation.ServletInvocableHandlerMethod.invokeAndHandle(ServletInvocableHandlerMethod.java:117)
	at org.springframework.web.servlet.mvc.method.annotation.RequestMappingHandlerAdapter.invokeHandlerMethod(RequestMappingHandlerAdapter.java:934)
	at org.springframework.web.servlet.mvc.method.annotation.RequestMappingHandlerAdapter.handleInternal(RequestMappingHandlerAdapter.java:853)
	at org.springframework.web.servlet.mvc.method.AbstractHandlerMethodAdapter.handle(AbstractHandlerMethodAdapter.java:86)
	at org.springframework.web.servlet.DispatcherServlet.doDispatch(DispatcherServlet.java:963)
	at org.springframework.web.servlet.DispatcherServlet.doService(DispatcherServlet.java:866)
	at org.springframework.web.servlet.FrameworkServlet.processRequest(FrameworkServlet.java:1000)
	at org.springframework.web.servlet.FrameworkServlet.service(FrameworkServlet.java:877)
	at jakarta.servlet.http.HttpServlet.service(HttpServlet.java:710)
	at org.apache.catalina.core.ApplicationFilterChain.doFilter(ApplicationFilterChain.java:128)
	at org.apache.tomcat.websocket.server.WsFilter.doFilter(WsFilter.java:53)
	at org.apache.catalina.core.ApplicationFilterChain.doFilter(ApplicationFilterChain.java:107)
	at org.springframework.web.filter.OncePerRequestFilter.doFilter(OncePerRequestFilter.java:110)
	at org.apache.catalina.core.ApplicationFilterChain.doFilter(ApplicationFilterChain.java:107)
	at org.springframework.web.filter.CompositeFilter$VirtualFilterChain.doFilter(CompositeFilter.java:108)
	at org.springframework.security.web.FilterChainProxy.lambda$doFilterInternal$3(FilterChainProxy.java:235)
	at org.springframework.security.web.FilterChainProxy$VirtualFilterChain.doFilter(FilterChainProxy.java:376)
	at org.springframework.security.web.access.intercept.AuthorizationFilter.doFilter(AuthorizationFilter.java:101)
	at org.springframework.security.web.FilterChainProxy$VirtualFilterChain.doFilter(FilterChainProxy.java:385)
	at org.springframework.security.web.access.ExceptionTranslationFilter.doFilter(ExceptionTranslationFilter.java:126)
	at org.springframework.security.web.access.ExceptionTranslationFilter.doFilter(ExceptionTranslationFilter.java:120)
	at org.springframework.security.web.FilterChainProxy$VirtualFilterChain.doFilter(FilterChainProxy.java:385)
	at org.springframework.security.web.session.SessionManagementFilter.doFilter(SessionManagementFilter.java:132)
	at org.springframework.security.web.session.SessionManagementFilter.doFilter(SessionManagementFilter.java:86)
	at org.springframework.security.web.FilterChainProxy$VirtualFilterChain.doFilter(FilterChainProxy.java:385)
	at org.springframework.security.web.authentication.AnonymousAuthenticationFilter.doFilter(AnonymousAuthenticationFilter.java:100)
	at org.springframework.security.web.FilterChainProxy$VirtualFilterChain.doFilter(FilterChainProxy.java:385)
	at org.springframework.security.web.servletapi.SecurityContextHolderAwareRequestFilter.doFilter(SecurityContextHolderAwareRequestFilter.java:181)
	at org.springframework.security.web.FilterChainProxy$VirtualFilterChain.doFilter(FilterChainProxy.java:385)
	at org.springframework.security.web.savedrequest.RequestCacheAwareFilter.doFilter(RequestCacheAwareFilter.java:63)
	at org.springframework.security.web.FilterChainProxy$VirtualFilterChain.doFilter(FilterChainProxy.java:385)
	at com.example.Docgen_Backend.config.JwtFilter.doFilterInternal(JwtFilter.java:111)
	at org.springframework.web.filter.OncePerRequestFilter.doFilter(OncePerRequestFilter.java:116)
	at org.springframework.security.web.FilterChainProxy$VirtualFilterChain.doFilter(FilterChainProxy.java:385)
	at org.springframework.security.web.authentication.logout.LogoutFilter.doFilter(LogoutFilter.java:110)
	at org.springframework.security.web.authentication.logout.LogoutFilter.doFilter(LogoutFilter.java:96)
	at org.springframework.security.web.FilterChainProxy$VirtualFilterChain.doFilter(FilterChainProxy.java:385)
	at org.springframework.web.filter.CorsFilter.doFilterInternal(CorsFilter.java:91)
	at org.springframework.web.filter.OncePerRequestFilter.doFilter(OncePerRequestFilter.java:116)
	at org.springframework.security.web.FilterChainProxy$VirtualFilterChain.doFilter(FilterChainProxy.java:385)
	at org.springframework.security.web.header.HeaderWriterFilter.doHeadersAfter(HeaderWriterFilter.java:90)
	at org.springframework.security.web.header.HeaderWriterFilter.doFilterInternal(HeaderWriterFilter.java:75)
	at org.springframework.web.filter.OncePerRequestFilter.doFilter(OncePerRequestFilter.java:116)
	at org.springframework.security.web.FilterChainProxy$VirtualFilterChain.doFilter(FilterChainProxy.java:385)
	at org.springframework.security.web.context.SecurityContextHolderFilter.doFilter(SecurityContextHolderFilter.java:82)
	at org.springframework.security.web.context.SecurityContextHolderFilter.doFilter(SecurityContextHolderFilter.java:69)
	at org.springframework.security.web.FilterChainProxy$VirtualFilterChain.doFilter(FilterChainProxy.java:385)
	at org.springframework.security.web.context.request.async.WebAsyncManagerIntegrationFilter.doFilterInternal(WebAsyncManagerIntegrationFilter.java:62)
	at org.springframework.web.filter.OncePerRequestFilter.doFilter(OncePerRequestFilter.java:116)
	at org.springframework.security.web.FilterChainProxy$VirtualFilterChain.doFilter(FilterChainProxy.java:385)
	at org.springframework.security.web.session.DisableEncodeUrlFilter.doFilterInternal(DisableEncodeUrlFilter.java:42)
	at org.springframework.web.filter.OncePerRequestFilter.doFilter(OncePerRequestFilter.java:116)
	at org.springframework.security.web.FilterChainProxy$VirtualFilterChain.doFilter(FilterChainProxy.java:385)
	at org.springframework.security.web.FilterChainProxy.doFilterInternal(FilterChainProxy.java:237)
	at org.springframework.security.web.FilterChainProxy.doFilter(FilterChainProxy.java:195)
	at org.springframework.web.filter.CompositeFilter$VirtualFilterChain.doFilter(CompositeFilter.java:113)
	at org.springframework.web.filter.ServletRequestPathFilter.doFilter(ServletRequestPathFilter.java:52)
	at org.springframework.web.filter.CompositeFilter$VirtualFilterChain.doFilter(CompositeFilter.java:113)
	at org.springframework.web.filter.CompositeFilter.doFilter(CompositeFilter.java:74)
	at org.springframework.security.config.annotation.web.configuration.WebSecurityConfiguration$CompositeFilterChainProxy.doFilter(WebSecurityConfiguration.java:317)
	at org.springframework.web.filter.DelegatingFilterProxy.invokeDelegate(DelegatingFilterProxy.java:355)
	at org.springframework.web.filter.DelegatingFilterProxy.doFilter(DelegatingFilterProxy.java:272)
	at org.apache.catalina.core.ApplicationFilterChain.doFilter(ApplicationFilterChain.java:107)
	at org.springframework.web.filter.RequestContextFilter.doFilterInternal(RequestContextFilter.java:100)
	at org.springframework.web.filter.OncePerRequestFilter.doFilter(OncePerRequestFilter.java:116)
	at org.apache.catalina.core.ApplicationFilterChain.doFilter(ApplicationFilterChain.java:107)
	at org.springframework.web.filter.FormContentFilter.doFilterInternal(FormContentFilter.java:93)
	at org.springframework.web.filter.OncePerRequestFilter.doFilter(OncePerRequestFilter.java:116)
	at org.apache.catalina.core.ApplicationFilterChain.doFilter(ApplicationFilterChain.java:107)
	at org.springframework.web.filter.CharacterEncodingFilter.doFilterInternal(CharacterEncodingFilter.java:199)
	at org.springframework.web.filter.OncePerRequestFilter.doFilter(OncePerRequestFilter.java:116)
	at org.apache.catalina.core.ApplicationFilterChain.doFilter(ApplicationFilterChain.java:107)
	at org.apache.catalina.core.StandardWrapperValve.invoke(StandardWrapperValve.java:165)
	at org.apache.catalina.core.StandardContextValve.invoke(StandardContextValve.java:77)
	at org.apache.catalina.authenticator.AuthenticatorBase.invoke(AuthenticatorBase.java:492)
	at org.apache.catalina.core.StandardHostValve.invoke(StandardHostValve.java:113)
	at org.apache.catalina.valves.ErrorReportValve.invoke(ErrorReportValve.java:83)
	at org.apache.catalina.core.StandardEngineValve.invoke(StandardEngineValve.java:72)
	at org.apache.catalina.connector.CoyoteAdapter.service(CoyoteAdapter.java:341)
	at org.apache.coyote.http11.Http11Processor.service(Http11Processor.java:397)
	at org.apache.coyote.AbstractProcessorLight.process(AbstractProcessorLight.java:63)
	at org.apache.coyote.AbstractProtocol$ConnectionHandler.process(AbstractProtocol.java:903)
	at org.apache.tomcat.util.net.NioEndpoint$SocketProcessor.doRun(NioEndpoint.java:1801)
	at org.apache.tomcat.util.net.SocketProcessorBase.run(SocketProcessorBase.java:52)
	at org.apache.tomcat.util.threads.ThreadPoolExecutor.runWorker(ThreadPoolExecutor.java:946)
	at org.apache.tomcat.util.threads.ThreadPoolExecutor$Worker.run(ThreadPoolExecutor.java:480)
	at org.apache.tomcat.util.threads.TaskThread$WrappingRunnable.run(TaskThread.java:57)
	at java.base/java.lang.Thread.run(Thread.java:1583)
Caused by: java.lang.NumberFormatException: For input string: "undefined"
	at java.base/java.lang.NumberFormatException.forInputString(NumberFormatException.java:67)
	at java.base/java.lang.Long.parseLong(Long.java:709)
	at java.base/java.lang.Long.valueOf(Long.java:1157)
	at org.springframework.util.NumberUtils.parseNumber(NumberUtils.java:204)
	at org.springframework.beans.propertyeditors.CustomNumberEditor.setAsText(CustomNumberEditor.java:115)
	at org.springframework.beans.TypeConverterDelegate.doConvertTextValue(TypeConverterDelegate.java:434)
	at org.springframework.beans.TypeConverterDelegate.doConvertValue(TypeConverterDelegate.java:407)
	at org.springframework.beans.TypeConverterDelegate.convertIfNecessary(TypeConverterDelegate.java:158)
	at org.springframework.beans.TypeConverterSupport.convertIfNecessary(TypeConverterSupport.java:75)
	at org.springframework.beans.TypeConverterSupport.convertIfNecessary(TypeConverterSupport.java:51)
	at org.springframework.validation.DataBinder.convertIfNecessary(DataBinder.java:843)
	at org.springframework.web.method.annotation.AbstractNamedValueMethodArgumentResolver.convertIfNecessary(AbstractNamedValueMethodArgumentResolver.java:287)
	... 92 common frames omitted
2026-07-19 00:12:10 [http-nio-8080-exec-2] WARN  o.s.w.s.m.m.a.ExceptionHandlerExceptionResolver - Resolved [org.springframework.web.method.annotation.MethodArgumentTypeMismatchException: Method parameter 'id': Failed to convert value of type 'java.lang.String' to required type 'java.lang.Long'; For input string: "undefined"]
2026-07-19 00:12:53 [http-nio-8080-exec-4] INFO  c.e.Docgen_Backend.config.JwtFilter - JWT validated successfully for userId=6a311365ec2c34f3d9e4f06e
2026-07-19 00:12:53 [http-nio-8080-exec-4] ERROR c.e.D.e.GlobalExceptionHandler - Unexpected error occurred
org.springframework.web.method.annotation.MethodArgumentTypeMismatchException: Method parameter 'id': Failed to convert value of type 'java.lang.String' to required type 'java.lang.Long'; For input string: "undefined"
	at org.springframework.web.method.annotation.AbstractNamedValueMethodArgumentResolver.convertIfNecessary(AbstractNamedValueMethodArgumentResolver.java:295)
	at org.springframework.web.method.annotation.AbstractNamedValueMethodArgumentResolver.resolveArgument(AbstractNamedValueMethodArgumentResolver.java:134)
	at org.springframework.web.method.support.HandlerMethodArgumentResolverComposite.resolveArgument(HandlerMethodArgumentResolverComposite.java:122)
	at org.springframework.web.method.support.InvocableHandlerMethod.getMethodArgumentValues(InvocableHandlerMethod.java:224)
	at org.springframework.web.method.support.InvocableHandlerMethod.invokeForRequest(InvocableHandlerMethod.java:174)
	at org.springframework.web.servlet.mvc.method.annotation.ServletInvocableHandlerMethod.invokeAndHandle(ServletInvocableHandlerMethod.java:117)
	at org.springframework.web.servlet.mvc.method.annotation.RequestMappingHandlerAdapter.invokeHandlerMethod(RequestMappingHandlerAdapter.java:934)
	at org.springframework.web.servlet.mvc.method.annotation.RequestMappingHandlerAdapter.handleInternal(RequestMappingHandlerAdapter.java:853)
	at org.springframework.web.servlet.mvc.method.AbstractHandlerMethodAdapter.handle(AbstractHandlerMethodAdapter.java:86)
	at org.springframework.web.servlet.DispatcherServlet.doDispatch(DispatcherServlet.java:963)
	at org.springframework.web.servlet.DispatcherServlet.doService(DispatcherServlet.java:866)
	at org.springframework.web.servlet.FrameworkServlet.processRequest(FrameworkServlet.java:1000)
	at org.springframework.web.servlet.FrameworkServlet.service(FrameworkServlet.java:877)
	at jakarta.servlet.http.HttpServlet.service(HttpServlet.java:710)
	at org.apache.catalina.core.ApplicationFilterChain.doFilter(ApplicationFilterChain.java:128)
	at org.apache.tomcat.websocket.server.WsFilter.doFilter(WsFilter.java:53)
	at org.apache.catalina.core.ApplicationFilterChain.doFilter(ApplicationFilterChain.java:107)
	at org.springframework.web.filter.OncePerRequestFilter.doFilter(OncePerRequestFilter.java:110)
	at org.apache.catalina.core.ApplicationFilterChain.doFilter(ApplicationFilterChain.java:107)
	at org.springframework.web.filter.CompositeFilter$VirtualFilterChain.doFilter(CompositeFilter.java:108)
	at org.springframework.security.web.FilterChainProxy.lambda$doFilterInternal$3(FilterChainProxy.java:235)
	at org.springframework.security.web.FilterChainProxy$VirtualFilterChain.doFilter(FilterChainProxy.java:376)
	at org.springframework.security.web.access.intercept.AuthorizationFilter.doFilter(AuthorizationFilter.java:101)
	at org.springframework.security.web.FilterChainProxy$VirtualFilterChain.doFilter(FilterChainProxy.java:385)
	at org.springframework.security.web.access.ExceptionTranslationFilter.doFilter(ExceptionTranslationFilter.java:126)
	at org.springframework.security.web.access.ExceptionTranslationFilter.doFilter(ExceptionTranslationFilter.java:120)
	at org.springframework.security.web.FilterChainProxy$VirtualFilterChain.doFilter(FilterChainProxy.java:385)
	at org.springframework.security.web.session.SessionManagementFilter.doFilter(SessionManagementFilter.java:132)
	at org.springframework.security.web.session.SessionManagementFilter.doFilter(SessionManagementFilter.java:86)
	at org.springframework.security.web.FilterChainProxy$VirtualFilterChain.doFilter(FilterChainProxy.java:385)
	at org.springframework.security.web.authentication.AnonymousAuthenticationFilter.doFilter(AnonymousAuthenticationFilter.java:100)
	at org.springframework.security.web.FilterChainProxy$VirtualFilterChain.doFilter(FilterChainProxy.java:385)
	at org.springframework.security.web.servletapi.SecurityContextHolderAwareRequestFilter.doFilter(SecurityContextHolderAwareRequestFilter.java:181)
	at org.springframework.security.web.FilterChainProxy$VirtualFilterChain.doFilter(FilterChainProxy.java:385)
	at org.springframework.security.web.savedrequest.RequestCacheAwareFilter.doFilter(RequestCacheAwareFilter.java:63)
	at org.springframework.security.web.FilterChainProxy$VirtualFilterChain.doFilter(FilterChainProxy.java:385)
	at com.example.Docgen_Backend.config.JwtFilter.doFilterInternal(JwtFilter.java:111)
	at org.springframework.web.filter.OncePerRequestFilter.doFilter(OncePerRequestFilter.java:116)
	at org.springframework.security.web.FilterChainProxy$VirtualFilterChain.doFilter(FilterChainProxy.java:385)
	at org.springframework.security.web.authentication.logout.LogoutFilter.doFilter(LogoutFilter.java:110)
	at org.springframework.security.web.authentication.logout.LogoutFilter.doFilter(LogoutFilter.java:96)
	at org.springframework.security.web.FilterChainProxy$VirtualFilterChain.doFilter(FilterChainProxy.java:385)
	at org.springframework.web.filter.CorsFilter.doFilterInternal(CorsFilter.java:91)
	at org.springframework.web.filter.OncePerRequestFilter.doFilter(OncePerRequestFilter.java:116)
	at org.springframework.security.web.FilterChainProxy$VirtualFilterChain.doFilter(FilterChainProxy.java:385)
	at org.springframework.security.web.header.HeaderWriterFilter.doHeadersAfter(HeaderWriterFilter.java:90)
	at org.springframework.security.web.header.HeaderWriterFilter.doFilterInternal(HeaderWriterFilter.java:75)
	at org.springframework.web.filter.OncePerRequestFilter.doFilter(OncePerRequestFilter.java:116)
	at org.springframework.security.web.FilterChainProxy$VirtualFilterChain.doFilter(FilterChainProxy.java:385)
	at org.springframework.security.web.context.SecurityContextHolderFilter.doFilter(SecurityContextHolderFilter.java:82)
	at org.springframework.security.web.context.SecurityContextHolderFilter.doFilter(SecurityContextHolderFilter.java:69)
	at org.springframework.security.web.FilterChainProxy$VirtualFilterChain.doFilter(FilterChainProxy.java:385)
	at org.springframework.security.web.context.request.async.WebAsyncManagerIntegrationFilter.doFilterInternal(WebAsyncManagerIntegrationFilter.java:62)
	at org.springframework.web.filter.OncePerRequestFilter.doFilter(OncePerRequestFilter.java:116)
	at org.springframework.security.web.FilterChainProxy$VirtualFilterChain.doFilter(FilterChainProxy.java:385)
	at org.springframework.security.web.session.DisableEncodeUrlFilter.doFilterInternal(DisableEncodeUrlFilter.java:42)
	at org.springframework.web.filter.OncePerRequestFilter.doFilter(OncePerRequestFilter.java:116)
	at org.springframework.security.web.FilterChainProxy$VirtualFilterChain.doFilter(FilterChainProxy.java:385)
	at org.springframework.security.web.FilterChainProxy.doFilterInternal(FilterChainProxy.java:237)
	at org.springframework.security.web.FilterChainProxy.doFilter(FilterChainProxy.java:195)
	at org.springframework.web.filter.CompositeFilter$VirtualFilterChain.doFilter(CompositeFilter.java:113)
	at org.springframework.web.filter.ServletRequestPathFilter.doFilter(ServletRequestPathFilter.java:52)
	at org.springframework.web.filter.CompositeFilter$VirtualFilterChain.doFilter(CompositeFilter.java:113)
	at org.springframework.web.filter.CompositeFilter.doFilter(CompositeFilter.java:74)
	at org.springframework.security.config.annotation.web.configuration.WebSecurityConfiguration$CompositeFilterChainProxy.doFilter(WebSecurityConfiguration.java:317)
	at org.springframework.web.filter.DelegatingFilterProxy.invokeDelegate(DelegatingFilterProxy.java:355)
	at org.springframework.web.filter.DelegatingFilterProxy.doFilter(DelegatingFilterProxy.java:272)
	at org.apache.catalina.core.ApplicationFilterChain.doFilter(ApplicationFilterChain.java:107)
	at org.springframework.web.filter.RequestContextFilter.doFilterInternal(RequestContextFilter.java:100)
	at org.springframework.web.filter.OncePerRequestFilter.doFilter(OncePerRequestFilter.java:116)
	at org.apache.catalina.core.ApplicationFilterChain.doFilter(ApplicationFilterChain.java:107)
	at org.springframework.web.filter.FormContentFilter.doFilterInternal(FormContentFilter.java:93)
	at org.springframework.web.filter.OncePerRequestFilter.doFilter(OncePerRequestFilter.java:116)
	at org.apache.catalina.core.ApplicationFilterChain.doFilter(ApplicationFilterChain.java:107)
	at org.springframework.web.filter.CharacterEncodingFilter.doFilterInternal(CharacterEncodingFilter.java:199)
	at org.springframework.web.filter.OncePerRequestFilter.doFilter(OncePerRequestFilter.java:116)
	at org.apache.catalina.core.ApplicationFilterChain.doFilter(ApplicationFilterChain.java:107)
	at org.apache.catalina.core.StandardWrapperValve.invoke(StandardWrapperValve.java:165)
	at org.apache.catalina.core.StandardContextValve.invoke(StandardContextValve.java:77)
	at org.apache.catalina.authenticator.AuthenticatorBase.invoke(AuthenticatorBase.java:492)
	at org.apache.catalina.core.StandardHostValve.invoke(StandardHostValve.java:113)
	at org.apache.catalina.valves.ErrorReportValve.invoke(ErrorReportValve.java:83)
	at org.apache.catalina.core.StandardEngineValve.invoke(StandardEngineValve.java:72)
	at org.apache.catalina.connector.CoyoteAdapter.service(CoyoteAdapter.java:341)
	at org.apache.coyote.http11.Http11Processor.service(Http11Processor.java:397)
	at org.apache.coyote.AbstractProcessorLight.process(AbstractProcessorLight.java:63)
	at org.apache.coyote.AbstractProtocol$ConnectionHandler.process(AbstractProtocol.java:903)
	at org.apache.tomcat.util.net.NioEndpoint$SocketProcessor.doRun(NioEndpoint.java:1801)
	at org.apache.tomcat.util.net.SocketProcessorBase.run(SocketProcessorBase.java:52)
	at org.apache.tomcat.util.threads.ThreadPoolExecutor.runWorker(ThreadPoolExecutor.java:946)
	at org.apache.tomcat.util.threads.ThreadPoolExecutor$Worker.run(ThreadPoolExecutor.java:480)
	at org.apache.tomcat.util.threads.TaskThread$WrappingRunnable.run(TaskThread.java:57)
	at java.base/java.lang.Thread.run(Thread.java:1583)
Caused by: java.lang.NumberFormatException: For input string: "undefined"
	at java.base/java.lang.NumberFormatException.forInputString(NumberFormatException.java:67)
	at java.base/java.lang.Long.parseLong(Long.java:709)
	at java.base/java.lang.Long.valueOf(Long.java:1157)
	at org.springframework.util.NumberUtils.parseNumber(NumberUtils.java:204)
	at org.springframework.beans.propertyeditors.CustomNumberEditor.setAsText(CustomNumberEditor.java:115)
	at org.springframework.beans.TypeConverterDelegate.doConvertTextValue(TypeConverterDelegate.java:434)
	at org.springframework.beans.TypeConverterDelegate.doConvertValue(TypeConverterDelegate.java:407)
	at org.springframework.beans.TypeConverterDelegate.convertIfNecessary(TypeConverterDelegate.java:158)
	at org.springframework.beans.TypeConverterSupport.convertIfNecessary(TypeConverterSupport.java:75)
	at org.springframework.beans.TypeConverterSupport.convertIfNecessary(TypeConverterSupport.java:51)
	at org.springframework.validation.DataBinder.convertIfNecessary(DataBinder.java:843)
	at org.springframework.web.method.annotation.AbstractNamedValueMethodArgumentResolver.convertIfNecessary(AbstractNamedValueMethodArgumentResolver.java:287)
	... 92 common frames omitted
2026-07-19 00:12:53 [http-nio-8080-exec-4] WARN  o.s.w.s.m.m.a.ExceptionHandlerExceptionResolver - Resolved [org.springframework.web.method.annotation.MethodArgumentTypeMismatchException: Method parameter 'id': Failed to convert value of type 'java.lang.String' to required type 'java.lang.Long'; For input string: "undefined"]
2026-07-19 00:13:02 [http-nio-8080-exec-6] INFO  c.e.Docgen_Backend.config.JwtFilter - JWT validated successfully for userId=6a311365ec2c34f3d9e4f06e
2026-07-19 00:13:02 [http-nio-8080-exec-6] ERROR c.e.D.e.GlobalExceptionHandler - Unexpected error occurred
org.springframework.web.method.annotation.MethodArgumentTypeMismatchException: Method parameter 'id': Failed to convert value of type 'java.lang.String' to required type 'java.lang.Long'; For input string: "undefined"
	at org.springframework.web.method.annotation.AbstractNamedValueMethodArgumentResolver.convertIfNecessary(AbstractNamedValueMethodArgumentResolver.java:295)
	at org.springframework.web.method.annotation.AbstractNamedValueMethodArgumentResolver.resolveArgument(AbstractNamedValueMethodArgumentResolver.java:134)
	at org.springframework.web.method.support.HandlerMethodArgumentResolverComposite.resolveArgument(HandlerMethodArgumentResolverComposite.java:122)
	at org.springframework.web.method.support.InvocableHandlerMethod.getMethodArgumentValues(InvocableHandlerMethod.java:224)
	at org.springframework.web.method.support.InvocableHandlerMethod.invokeForRequest(InvocableHandlerMethod.java:174)
	at org.springframework.web.servlet.mvc.method.annotation.ServletInvocableHandlerMethod.invokeAndHandle(ServletInvocableHandlerMethod.java:117)
	at org.springframework.web.servlet.mvc.method.annotation.RequestMappingHandlerAdapter.invokeHandlerMethod(RequestMappingHandlerAdapter.java:934)
	at org.springframework.web.servlet.mvc.method.annotation.RequestMappingHandlerAdapter.handleInternal(RequestMappingHandlerAdapter.java:853)
	at org.springframework.web.servlet.mvc.method.AbstractHandlerMethodAdapter.handle(AbstractHandlerMethodAdapter.java:86)
	at org.springframework.web.servlet.DispatcherServlet.doDispatch(DispatcherServlet.java:963)
	at org.springframework.web.servlet.DispatcherServlet.doService(DispatcherServlet.java:866)
	at org.springframework.web.servlet.FrameworkServlet.processRequest(FrameworkServlet.java:1000)
	at org.springframework.web.servlet.FrameworkServlet.service(FrameworkServlet.java:877)
	at jakarta.servlet.http.HttpServlet.service(HttpServlet.java:710)
	at org.apache.catalina.core.ApplicationFilterChain.doFilter(ApplicationFilterChain.java:128)
	at org.apache.tomcat.websocket.server.WsFilter.doFilter(WsFilter.java:53)
	at org.apache.catalina.core.ApplicationFilterChain.doFilter(ApplicationFilterChain.java:107)
	at org.springframework.web.filter.OncePerRequestFilter.doFilter(OncePerRequestFilter.java:110)
	at org.apache.catalina.core.ApplicationFilterChain.doFilter(ApplicationFilterChain.java:107)
	at org.springframework.web.filter.CompositeFilter$VirtualFilterChain.doFilter(CompositeFilter.java:108)
	at org.springframework.security.web.FilterChainProxy.lambda$doFilterInternal$3(FilterChainProxy.java:235)
	at org.springframework.security.web.FilterChainProxy$VirtualFilterChain.doFilter(FilterChainProxy.java:376)
	at org.springframework.security.web.access.intercept.AuthorizationFilter.doFilter(AuthorizationFilter.java:101)
	at org.springframework.security.web.FilterChainProxy$VirtualFilterChain.doFilter(FilterChainProxy.java:385)
	at org.springframework.security.web.access.ExceptionTranslationFilter.doFilter(ExceptionTranslationFilter.java:126)
	at org.springframework.security.web.access.ExceptionTranslationFilter.doFilter(ExceptionTranslationFilter.java:120)
	at org.springframework.security.web.FilterChainProxy$VirtualFilterChain.doFilter(FilterChainProxy.java:385)
	at org.springframework.security.web.session.SessionManagementFilter.doFilter(SessionManagementFilter.java:132)
	at org.springframework.security.web.session.SessionManagementFilter.doFilter(SessionManagementFilter.java:86)
	at org.springframework.security.web.FilterChainProxy$VirtualFilterChain.doFilter(FilterChainProxy.java:385)
	at org.springframework.security.web.authentication.AnonymousAuthenticationFilter.doFilter(AnonymousAuthenticationFilter.java:100)
	at org.springframework.security.web.FilterChainProxy$VirtualFilterChain.doFilter(FilterChainProxy.java:385)
	at org.springframework.security.web.servletapi.SecurityContextHolderAwareRequestFilter.doFilter(SecurityContextHolderAwareRequestFilter.java:181)
	at org.springframework.security.web.FilterChainProxy$VirtualFilterChain.doFilter(FilterChainProxy.java:385)
	at org.springframework.security.web.savedrequest.RequestCacheAwareFilter.doFilter(RequestCacheAwareFilter.java:63)
	at org.springframework.security.web.FilterChainProxy$VirtualFilterChain.doFilter(FilterChainProxy.java:385)
	at com.example.Docgen_Backend.config.JwtFilter.doFilterInternal(JwtFilter.java:111)
	at org.springframework.web.filter.OncePerRequestFilter.doFilter(OncePerRequestFilter.java:116)
	at org.springframework.security.web.FilterChainProxy$VirtualFilterChain.doFilter(FilterChainProxy.java:385)
	at org.springframework.security.web.authentication.logout.LogoutFilter.doFilter(LogoutFilter.java:110)
	at org.springframework.security.web.authentication.logout.LogoutFilter.doFilter(LogoutFilter.java:96)
	at org.springframework.security.web.FilterChainProxy$VirtualFilterChain.doFilter(FilterChainProxy.java:385)
	at org.springframework.web.filter.CorsFilter.doFilterInternal(CorsFilter.java:91)
	at org.springframework.web.filter.OncePerRequestFilter.doFilter(OncePerRequestFilter.java:116)
	at org.springframework.security.web.FilterChainProxy$VirtualFilterChain.doFilter(FilterChainProxy.java:385)
	at org.springframework.security.web.header.HeaderWriterFilter.doHeadersAfter(HeaderWriterFilter.java:90)
	at org.springframework.security.web.header.HeaderWriterFilter.doFilterInternal(HeaderWriterFilter.java:75)
	at org.springframework.web.filter.OncePerRequestFilter.doFilter(OncePerRequestFilter.java:116)
	at org.springframework.security.web.FilterChainProxy$VirtualFilterChain.doFilter(FilterChainProxy.java:385)
	at org.springframework.security.web.context.SecurityContextHolderFilter.doFilter(SecurityContextHolderFilter.java:82)
	at org.springframework.security.web.context.SecurityContextHolderFilter.doFilter(SecurityContextHolderFilter.java:69)
	at org.springframework.security.web.FilterChainProxy$VirtualFilterChain.doFilter(FilterChainProxy.java:385)
	at org.springframework.security.web.context.request.async.WebAsyncManagerIntegrationFilter.doFilterInternal(WebAsyncManagerIntegrationFilter.java:62)
	at org.springframework.web.filter.OncePerRequestFilter.doFilter(OncePerRequestFilter.java:116)
	at org.springframework.security.web.FilterChainProxy$VirtualFilterChain.doFilter(FilterChainProxy.java:385)
	at org.springframework.security.web.session.DisableEncodeUrlFilter.doFilterInternal(DisableEncodeUrlFilter.java:42)
	at org.springframework.web.filter.OncePerRequestFilter.doFilter(OncePerRequestFilter.java:116)
	at org.springframework.security.web.FilterChainProxy$VirtualFilterChain.doFilter(FilterChainProxy.java:385)
	at org.springframework.security.web.FilterChainProxy.doFilterInternal(FilterChainProxy.java:237)
	at org.springframework.security.web.FilterChainProxy.doFilter(FilterChainProxy.java:195)
	at org.springframework.web.filter.CompositeFilter$VirtualFilterChain.doFilter(CompositeFilter.java:113)
	at org.springframework.web.filter.ServletRequestPathFilter.doFilter(ServletRequestPathFilter.java:52)
	at org.springframework.web.filter.CompositeFilter$VirtualFilterChain.doFilter(CompositeFilter.java:113)
	at org.springframework.web.filter.CompositeFilter.doFilter(CompositeFilter.java:74)
	at org.springframework.security.config.annotation.web.configuration.WebSecurityConfiguration$CompositeFilterChainProxy.doFilter(WebSecurityConfiguration.java:317)
	at org.springframework.web.filter.DelegatingFilterProxy.invokeDelegate(DelegatingFilterProxy.java:355)
	at org.springframework.web.filter.DelegatingFilterProxy.doFilter(DelegatingFilterProxy.java:272)
	at org.apache.catalina.core.ApplicationFilterChain.doFilter(ApplicationFilterChain.java:107)
	at org.springframework.web.filter.RequestContextFilter.doFilterInternal(RequestContextFilter.java:100)
	at org.springframework.web.filter.OncePerRequestFilter.doFilter(OncePerRequestFilter.java:116)
	at org.apache.catalina.core.ApplicationFilterChain.doFilter(ApplicationFilterChain.java:107)
	at org.springframework.web.filter.FormContentFilter.doFilterInternal(FormContentFilter.java:93)
	at org.springframework.web.filter.OncePerRequestFilter.doFilter(OncePerRequestFilter.java:116)
	at org.apache.catalina.core.ApplicationFilterChain.doFilter(ApplicationFilterChain.java:107)
	at org.springframework.web.filter.CharacterEncodingFilter.doFilterInternal(CharacterEncodingFilter.java:199)
	at org.springframework.web.filter.OncePerRequestFilter.doFilter(OncePerRequestFilter.java:116)
	at org.apache.catalina.core.ApplicationFilterChain.doFilter(ApplicationFilterChain.java:107)
	at org.apache.catalina.core.StandardWrapperValve.invoke(StandardWrapperValve.java:165)
	at org.apache.catalina.core.StandardContextValve.invoke(StandardContextValve.java:77)
	at org.apache.catalina.authenticator.AuthenticatorBase.invoke(AuthenticatorBase.java:492)
	at org.apache.catalina.core.StandardHostValve.invoke(StandardHostValve.java:113)
	at org.apache.catalina.valves.ErrorReportValve.invoke(ErrorReportValve.java:83)
	at org.apache.catalina.core.StandardEngineValve.invoke(StandardEngineValve.java:72)
	at org.apache.catalina.connector.CoyoteAdapter.service(CoyoteAdapter.java:341)
	at org.apache.coyote.http11.Http11Processor.service(Http11Processor.java:397)
	at org.apache.coyote.AbstractProcessorLight.process(AbstractProcessorLight.java:63)
	at org.apache.coyote.AbstractProtocol$ConnectionHandler.process(AbstractProtocol.java:903)
	at org.apache.tomcat.util.net.NioEndpoint$SocketProcessor.doRun(NioEndpoint.java:1801)
	at org.apache.tomcat.util.net.SocketProcessorBase.run(SocketProcessorBase.java:52)
	at org.apache.tomcat.util.threads.ThreadPoolExecutor.runWorker(ThreadPoolExecutor.java:946)
	at org.apache.tomcat.util.threads.ThreadPoolExecutor$Worker.run(ThreadPoolExecutor.java:480)
	at org.apache.tomcat.util.threads.TaskThread$WrappingRunnable.run(TaskThread.java:57)
	at java.base/java.lang.Thread.run(Thread.java:1583)
Caused by: java.lang.NumberFormatException: For input string: "undefined"
	at java.base/java.lang.NumberFormatException.forInputString(NumberFormatException.java:67)
	at java.base/java.lang.Long.parseLong(Long.java:709)
	at java.base/java.lang.Long.valueOf(Long.java:1157)
	at org.springframework.util.NumberUtils.parseNumber(NumberUtils.java:204)
	at org.springframework.beans.propertyeditors.CustomNumberEditor.setAsText(CustomNumberEditor.java:115)
	at org.springframework.beans.TypeConverterDelegate.doConvertTextValue(TypeConverterDelegate.java:434)
	at org.springframework.beans.TypeConverterDelegate.doConvertValue(TypeConverterDelegate.java:407)
	at org.springframework.beans.TypeConverterDelegate.convertIfNecessary(TypeConverterDelegate.java:158)
	at org.springframework.beans.TypeConverterSupport.convertIfNecessary(TypeConverterSupport.java:75)
	at org.springframework.beans.TypeConverterSupport.convertIfNecessary(TypeConverterSupport.java:51)
	at org.springframework.validation.DataBinder.convertIfNecessary(DataBinder.java:843)
	at org.springframework.web.method.annotation.AbstractNamedValueMethodArgumentResolver.convertIfNecessary(AbstractNamedValueMethodArgumentResolver.java:287)
	... 92 common frames omitted
2026-07-19 00:13:02 [http-nio-8080-exec-6] WARN  o.s.w.s.m.m.a.ExceptionHandlerExceptionResolver - Resolved [org.springframework.web.method.annotation.MethodArgumentTypeMismatchException: Method parameter 'id': Failed to convert value of type 'java.lang.String' to required type 'java.lang.Long'; For input string: "undefined"]
2026-07-19 00:13:15 [http-nio-8080-exec-8] INFO  c.e.Docgen_Backend.config.JwtFilter - JWT validated successfully for userId=6a311365ec2c34f3d9e4f06e
2026-07-19 00:13:15 [http-nio-8080-exec-8] ERROR c.e.D.e.GlobalExceptionHandler - Unexpected error occurred
org.springframework.web.method.annotation.MethodArgumentTypeMismatchException: Method parameter 'id': Failed to convert value of type 'java.lang.String' to required type 'java.lang.Long'; For input string: "undefined"
	at org.springframework.web.method.annotation.AbstractNamedValueMethodArgumentResolver.convertIfNecessary(AbstractNamedValueMethodArgumentResolver.java:295)
	at org.springframework.web.method.annotation.AbstractNamedValueMethodArgumentResolver.resolveArgument(AbstractNamedValueMethodArgumentResolver.java:134)
	at org.springframework.web.method.support.HandlerMethodArgumentResolverComposite.resolveArgument(HandlerMethodArgumentResolverComposite.java:122)
	at org.springframework.web.method.support.InvocableHandlerMethod.getMethodArgumentValues(InvocableHandlerMethod.java:224)
	at org.springframework.web.method.support.InvocableHandlerMethod.invokeForRequest(InvocableHandlerMethod.java:174)
	at org.springframework.web.servlet.mvc.method.annotation.ServletInvocableHandlerMethod.invokeAndHandle(ServletInvocableHandlerMethod.java:117)
	at org.springframework.web.servlet.mvc.method.annotation.RequestMappingHandlerAdapter.invokeHandlerMethod(RequestMappingHandlerAdapter.java:934)
	at org.springframework.web.servlet.mvc.method.annotation.RequestMappingHandlerAdapter.handleInternal(RequestMappingHandlerAdapter.java:853)
	at org.springframework.web.servlet.mvc.method.AbstractHandlerMethodAdapter.handle(AbstractHandlerMethodAdapter.java:86)
	at org.springframework.web.servlet.DispatcherServlet.doDispatch(DispatcherServlet.java:963)
	at org.springframework.web.servlet.DispatcherServlet.doService(DispatcherServlet.java:866)
	at org.springframework.web.servlet.FrameworkServlet.processRequest(FrameworkServlet.java:1000)
	at org.springframework.web.servlet.FrameworkServlet.service(FrameworkServlet.java:877)
	at jakarta.servlet.http.HttpServlet.service(HttpServlet.java:710)
	at org.apache.catalina.core.ApplicationFilterChain.doFilter(ApplicationFilterChain.java:128)
	at org.apache.tomcat.websocket.server.WsFilter.doFilter(WsFilter.java:53)
	at org.apache.catalina.core.ApplicationFilterChain.doFilter(ApplicationFilterChain.java:107)
	at org.springframework.web.filter.OncePerRequestFilter.doFilter(OncePerRequestFilter.java:110)
	at org.apache.catalina.core.ApplicationFilterChain.doFilter(ApplicationFilterChain.java:107)
	at org.springframework.web.filter.CompositeFilter$VirtualFilterChain.doFilter(CompositeFilter.java:108)
	at org.springframework.security.web.FilterChainProxy.lambda$doFilterInternal$3(FilterChainProxy.java:235)
	at org.springframework.security.web.FilterChainProxy$VirtualFilterChain.doFilter(FilterChainProxy.java:376)
	at org.springframework.security.web.access.intercept.AuthorizationFilter.doFilter(AuthorizationFilter.java:101)
	at org.springframework.security.web.FilterChainProxy$VirtualFilterChain.doFilter(FilterChainProxy.java:385)
	at org.springframework.security.web.access.ExceptionTranslationFilter.doFilter(ExceptionTranslationFilter.java:126)
	at org.springframework.security.web.access.ExceptionTranslationFilter.doFilter(ExceptionTranslationFilter.java:120)
	at org.springframework.security.web.FilterChainProxy$VirtualFilterChain.doFilter(FilterChainProxy.java:385)
	at org.springframework.security.web.session.SessionManagementFilter.doFilter(SessionManagementFilter.java:132)
	at org.springframework.security.web.session.SessionManagementFilter.doFilter(SessionManagementFilter.java:86)
	at org.springframework.security.web.FilterChainProxy$VirtualFilterChain.doFilter(FilterChainProxy.java:385)
	at org.springframework.security.web.authentication.AnonymousAuthenticationFilter.doFilter(AnonymousAuthenticationFilter.java:100)
	at org.springframework.security.web.FilterChainProxy$VirtualFilterChain.doFilter(FilterChainProxy.java:385)
	at org.springframework.security.web.servletapi.SecurityContextHolderAwareRequestFilter.doFilter(SecurityContextHolderAwareRequestFilter.java:181)
	at org.springframework.security.web.FilterChainProxy$VirtualFilterChain.doFilter(FilterChainProxy.java:385)
	at org.springframework.security.web.savedrequest.RequestCacheAwareFilter.doFilter(RequestCacheAwareFilter.java:63)
	at org.springframework.security.web.FilterChainProxy$VirtualFilterChain.doFilter(FilterChainProxy.java:385)
	at com.example.Docgen_Backend.config.JwtFilter.doFilterInternal(JwtFilter.java:111)
	at org.springframework.web.filter.OncePerRequestFilter.doFilter(OncePerRequestFilter.java:116)
	at org.springframework.security.web.FilterChainProxy$VirtualFilterChain.doFilter(FilterChainProxy.java:385)
	at org.springframework.security.web.authentication.logout.LogoutFilter.doFilter(LogoutFilter.java:110)
	at org.springframework.security.web.authentication.logout.LogoutFilter.doFilter(LogoutFilter.java:96)
	at org.springframework.security.web.FilterChainProxy$VirtualFilterChain.doFilter(FilterChainProxy.java:385)
	at org.springframework.web.filter.CorsFilter.doFilterInternal(CorsFilter.java:91)
	at org.springframework.web.filter.OncePerRequestFilter.doFilter(OncePerRequestFilter.java:116)
	at org.springframework.security.web.FilterChainProxy$VirtualFilterChain.doFilter(FilterChainProxy.java:385)
	at org.springframework.security.web.header.HeaderWriterFilter.doHeadersAfter(HeaderWriterFilter.java:90)
	at org.springframework.security.web.header.HeaderWriterFilter.doFilterInternal(HeaderWriterFilter.java:75)
	at org.springframework.web.filter.OncePerRequestFilter.doFilter(OncePerRequestFilter.java:116)
	at org.springframework.security.web.FilterChainProxy$VirtualFilterChain.doFilter(FilterChainProxy.java:385)
	at org.springframework.security.web.context.SecurityContextHolderFilter.doFilter(SecurityContextHolderFilter.java:82)
	at org.springframework.security.web.context.SecurityContextHolderFilter.doFilter(SecurityContextHolderFilter.java:69)
	at org.springframework.security.web.FilterChainProxy$VirtualFilterChain.doFilter(FilterChainProxy.java:385)
	at org.springframework.security.web.context.request.async.WebAsyncManagerIntegrationFilter.doFilterInternal(WebAsyncManagerIntegrationFilter.java:62)
	at org.springframework.web.filter.OncePerRequestFilter.doFilter(OncePerRequestFilter.java:116)
	at org.springframework.security.web.FilterChainProxy$VirtualFilterChain.doFilter(FilterChainProxy.java:385)
	at org.springframework.security.web.session.DisableEncodeUrlFilter.doFilterInternal(DisableEncodeUrlFilter.java:42)
	at org.springframework.web.filter.OncePerRequestFilter.doFilter(OncePerRequestFilter.java:116)
	at org.springframework.security.web.FilterChainProxy$VirtualFilterChain.doFilter(FilterChainProxy.java:385)
	at org.springframework.security.web.FilterChainProxy.doFilterInternal(FilterChainProxy.java:237)
	at org.springframework.security.web.FilterChainProxy.doFilter(FilterChainProxy.java:195)
	at org.springframework.web.filter.CompositeFilter$VirtualFilterChain.doFilter(CompositeFilter.java:113)
	at org.springframework.web.filter.ServletRequestPathFilter.doFilter(ServletRequestPathFilter.java:52)
	at org.springframework.web.filter.CompositeFilter$VirtualFilterChain.doFilter(CompositeFilter.java:113)
	at org.springframework.web.filter.CompositeFilter.doFilter(CompositeFilter.java:74)
	at org.springframework.security.config.annotation.web.configuration.WebSecurityConfiguration$CompositeFilterChainProxy.doFilter(WebSecurityConfiguration.java:317)
	at org.springframework.web.filter.DelegatingFilterProxy.invokeDelegate(DelegatingFilterProxy.java:355)
	at org.springframework.web.filter.DelegatingFilterProxy.doFilter(DelegatingFilterProxy.java:272)
	at org.apache.catalina.core.ApplicationFilterChain.doFilter(ApplicationFilterChain.java:107)
	at org.springframework.web.filter.RequestContextFilter.doFilterInternal(RequestContextFilter.java:100)
	at org.springframework.web.filter.OncePerRequestFilter.doFilter(OncePerRequestFilter.java:116)
	at org.apache.catalina.core.ApplicationFilterChain.doFilter(ApplicationFilterChain.java:107)
	at org.springframework.web.filter.FormContentFilter.doFilterInternal(FormContentFilter.java:93)
	at org.springframework.web.filter.OncePerRequestFilter.doFilter(OncePerRequestFilter.java:116)
	at org.apache.catalina.core.ApplicationFilterChain.doFilter(ApplicationFilterChain.java:107)
	at org.springframework.web.filter.CharacterEncodingFilter.doFilterInternal(CharacterEncodingFilter.java:199)
	at org.springframework.web.filter.OncePerRequestFilter.doFilter(OncePerRequestFilter.java:116)
	at org.apache.catalina.core.ApplicationFilterChain.doFilter(ApplicationFilterChain.java:107)
	at org.apache.catalina.core.StandardWrapperValve.invoke(StandardWrapperValve.java:165)
	at org.apache.catalina.core.StandardContextValve.invoke(StandardContextValve.java:77)
	at org.apache.catalina.authenticator.AuthenticatorBase.invoke(AuthenticatorBase.java:492)
	at org.apache.catalina.core.StandardHostValve.invoke(StandardHostValve.java:113)
	at org.apache.catalina.valves.ErrorReportValve.invoke(ErrorReportValve.java:83)
	at org.apache.catalina.core.StandardEngineValve.invoke(StandardEngineValve.java:72)
	at org.apache.catalina.connector.CoyoteAdapter.service(CoyoteAdapter.java:341)
	at org.apache.coyote.http11.Http11Processor.service(Http11Processor.java:397)
	at org.apache.coyote.AbstractProcessorLight.process(AbstractProcessorLight.java:63)
	at org.apache.coyote.AbstractProtocol$ConnectionHandler.process(AbstractProtocol.java:903)
	at org.apache.tomcat.util.net.NioEndpoint$SocketProcessor.doRun(NioEndpoint.java:1801)
	at org.apache.tomcat.util.net.SocketProcessorBase.run(SocketProcessorBase.java:52)
	at org.apache.tomcat.util.threads.ThreadPoolExecutor.runWorker(ThreadPoolExecutor.java:946)
	at org.apache.tomcat.util.threads.ThreadPoolExecutor$Worker.run(ThreadPoolExecutor.java:480)
	at org.apache.tomcat.util.threads.TaskThread$WrappingRunnable.run(TaskThread.java:57)
	at java.base/java.lang.Thread.run(Thread.java:1583)
Caused by: java.lang.NumberFormatException: For input string: "undefined"
	at java.base/java.lang.NumberFormatException.forInputString(NumberFormatException.java:67)
	at java.base/java.lang.Long.parseLong(Long.java:709)
	at java.base/java.lang.Long.valueOf(Long.java:1157)
	at org.springframework.util.NumberUtils.parseNumber(NumberUtils.java:204)
	at org.springframework.beans.propertyeditors.CustomNumberEditor.setAsText(CustomNumberEditor.java:115)
	at org.springframework.beans.TypeConverterDelegate.doConvertTextValue(TypeConverterDelegate.java:434)
	at org.springframework.beans.TypeConverterDelegate.doConvertValue(TypeConverterDelegate.java:407)
	at org.springframework.beans.TypeConverterDelegate.convertIfNecessary(TypeConverterDelegate.java:158)
	at org.springframework.beans.TypeConverterSupport.convertIfNecessary(TypeConverterSupport.java:75)
	at org.springframework.beans.TypeConverterSupport.convertIfNecessary(TypeConverterSupport.java:51)
	at org.springframework.validation.DataBinder.convertIfNecessary(DataBinder.java:843)
	at org.springframework.web.method.annotation.AbstractNamedValueMethodArgumentResolver.convertIfNecessary(AbstractNamedValueMethodArgumentResolver.java:287)
	... 92 common frames omitted
2026-07-19 00:13:15 [http-nio-8080-exec-8] WARN  o.s.w.s.m.m.a.ExceptionHandlerExceptionResolver - Resolved [org.springframework.web.method.annotation.MethodArgumentTypeMismatchException: Method parameter 'id': Failed to convert value of type 'java.lang.String' to required type 'java.lang.Long'; For input string: "undefined"]
2026-07-19 00:13:37 [HikariPool-1:housekeeper] WARN  com.zaxxer.hikari.pool.PoolBase - HikariPool-1 - Failed to validate connection com.mysql.cj.jdbc.ConnectionImpl@5e3d5f04 (No operations allowed after connection closed.). Possibly consider using a shorter maxLifetime value.
2026-07-19 00:13:44 [HikariPool-1:housekeeper] WARN  com.zaxxer.hikari.pool.PoolBase - HikariPool-1 - Failed to validate connection com.mysql.cj.jdbc.ConnectionImpl@45ed8752 (No operations allowed after connection closed.). Possibly consider using a shorter maxLifetime value.
2026-07-19 00:13:51 [HikariPool-1:housekeeper] WARN  com.zaxxer.hikari.pool.PoolBase - HikariPool-1 - Failed to validate connection com.mysql.cj.jdbc.ConnectionImpl@7804ff77 (No operations allowed after connection closed.). Possibly consider using a shorter maxLifetime value.
2026-07-19 00:14:11 [http-nio-8080-exec-1] INFO  c.e.Docgen_Backend.config.JwtFilter - JWT validated successfully for userId=6a311365ec2c34f3d9e4f06e
2026-07-19 00:14:11 [http-nio-8080-exec-1] INFO  c.e.D.controller.UserController - GET /api/v2/users - Fetch all users request received | page=0, size=8, sortBy=id, direction=desc
2026-07-19 00:14:11 [http-nio-8080-exec-1] WARN  com.zaxxer.hikari.pool.PoolBase - HikariPool-1 - Failed to validate connection com.mysql.cj.jdbc.ConnectionImpl@14eb8716 (No operations allowed after connection closed.). Possibly consider using a shorter maxLifetime value.
2026-07-19 00:14:11 [http-nio-8080-exec-1] WARN  com.zaxxer.hikari.pool.PoolBase - HikariPool-1 - Failed to validate connection com.mysql.cj.jdbc.ConnectionImpl@49c2296e (No operations allowed after connection closed.). Possibly consider using a shorter maxLifetime value.
2026-07-19 00:14:17 [http-nio-8080-exec-1] INFO  c.e.D.controller.UserController - Fetched 8 users on page 0 of 2
2026-07-19 00:14:18 [http-nio-8080-exec-2] INFO  c.e.Docgen_Backend.config.JwtFilter - JWT validated successfully for userId=6a311365ec2c34f3d9e4f06e
2026-07-19 00:14:18 [http-nio-8080-exec-2] INFO  c.e.D.controller.UserController - GET /api/v2/users - Fetch all users request received | page=0, size=8, sortBy=id, direction=desc
2026-07-19 00:14:19 [http-nio-8080-exec-5] INFO  c.e.Docgen_Backend.config.JwtFilter - JWT validated successfully for userId=6a311365ec2c34f3d9e4f06e
2026-07-19 00:14:19 [http-nio-8080-exec-5] INFO  c.e.D.controller.UserController - GET /api/v2/users/23 - Fetch request received
2026-07-19 00:14:19 [http-nio-8080-exec-5] INFO  c.e.D.service.impl.UserServiceImpl - Fetching user profile for edit | userId=23
2026-07-19 00:14:19 [http-nio-8080-exec-5] DEBUG c.e.D.service.impl.UserServiceImpl - User found | userId=23 | employeeId=SMDS0347
2026-07-19 00:14:19 [http-nio-8080-exec-5] INFO  c.e.D.service.impl.UserServiceImpl - User profile fetched successfully | userId=23 | timeTaken=647ms
2026-07-19 00:14:19 [http-nio-8080-exec-5] INFO  c.e.D.controller.UserController - Profile fetched successfully for userId=23
2026-07-19 00:14:19 [http-nio-8080-exec-5] DEBUG c.e.D.controller.UserController - Fetched profile data: UserProfileResponseDTO(id=23, employeeName=Anil Jejurkar, employeeId=SMDS0347, email=prathamesh69bhavsar@gmail.com, mobileNo=8007454299, joiningDesignation=Java Developer, currentDesignation=Senior Software Developer, department=Information Technology, company=DCS, identity=MR, pfType=WITH_PF, accountNo=067010110011164, bankName=Bank of india, currentAddress=N-42,VD-1/3/1,Sawta Nager,Cidco,Trimurti Chowk, permanentAddress=null, joiningCTC=360000.0, currentCTC=800000.0, dateOfBirth=1992-05-29, offerDate=2022-04-21, joiningDate=2022-05-02, panNo=BBTPJ7835H, documents={APPOINTMENT_LETTER=DocumentResponseDTO(generated=false, data=null), INTERNSHIP_LETTER=DocumentResponseDTO(generated=false, data=null), EXPERIENCE_LETTER=DocumentResponseDTO(generated=true, data={issueDate=2026-07-18, relievingDate=2026-07-19}), FULL_AND_FINAL=DocumentResponseDTO(generated=false, data=null), CONFIRMATION_LETTER=DocumentResponseDTO(generated=false, data=null), INCREMENT_LETTER=DocumentResponseDTO(generated=false, data=null), RELIEVING_LETTER=DocumentResponseDTO(generated=false, data=null), SALARY_SLIP=DocumentResponseDTO(generated=true, data={startMonth=2026-01, endMonth=2026-06}), COMPLETION_LETTER=DocumentResponseDTO(generated=false, data=null), OFFER_LETTER=DocumentResponseDTO(generated=true, data={issueDate=2026-07-18, probationPeriod=8})})
2026-07-19 00:14:19 [http-nio-8080-exec-6] INFO  c.e.Docgen_Backend.config.JwtFilter - JWT validated successfully for userId=6a311365ec2c34f3d9e4f06e
2026-07-19 00:14:19 [http-nio-8080-exec-6] INFO  c.e.D.controller.UserController - GET /api/v2/users/23 - Fetch request received
2026-07-19 00:14:19 [http-nio-8080-exec-6] INFO  c.e.D.service.impl.UserServiceImpl - Fetching user profile for edit | userId=23
2026-07-19 00:14:20 [http-nio-8080-exec-6] DEBUG c.e.D.service.impl.UserServiceImpl - User found | userId=23 | employeeId=SMDS0347
2026-07-19 00:14:20 [http-nio-8080-exec-6] INFO  c.e.D.service.impl.UserServiceImpl - User profile fetched successfully | userId=23 | timeTaken=781ms
2026-07-19 00:14:20 [http-nio-8080-exec-6] INFO  c.e.D.controller.UserController - Profile fetched successfully for userId=23
2026-07-19 00:14:20 [http-nio-8080-exec-6] DEBUG c.e.D.controller.UserController - Fetched profile data: UserProfileResponseDTO(id=23, employeeName=Anil Jejurkar, employeeId=SMDS0347, email=prathamesh69bhavsar@gmail.com, mobileNo=8007454299, joiningDesignation=Java Developer, currentDesignation=Senior Software Developer, department=Information Technology, company=DCS, identity=MR, pfType=WITH_PF, accountNo=067010110011164, bankName=Bank of india, currentAddress=N-42,VD-1/3/1,Sawta Nager,Cidco,Trimurti Chowk, permanentAddress=null, joiningCTC=360000.0, currentCTC=800000.0, dateOfBirth=1992-05-29, offerDate=2022-04-21, joiningDate=2022-05-02, panNo=BBTPJ7835H, documents={APPOINTMENT_LETTER=DocumentResponseDTO(generated=false, data=null), INTERNSHIP_LETTER=DocumentResponseDTO(generated=false, data=null), EXPERIENCE_LETTER=DocumentResponseDTO(generated=true, data={issueDate=2026-07-18, relievingDate=2026-07-19}), FULL_AND_FINAL=DocumentResponseDTO(generated=false, data=null), CONFIRMATION_LETTER=DocumentResponseDTO(generated=false, data=null), INCREMENT_LETTER=DocumentResponseDTO(generated=false, data=null), RELIEVING_LETTER=DocumentResponseDTO(generated=false, data=null), SALARY_SLIP=DocumentResponseDTO(generated=true, data={startMonth=2026-01, endMonth=2026-06}), COMPLETION_LETTER=DocumentResponseDTO(generated=false, data=null), OFFER_LETTER=DocumentResponseDTO(generated=true, data={issueDate=2026-07-18, probationPeriod=8})})
2026-07-19 00:14:21 [http-nio-8080-exec-2] INFO  c.e.D.controller.UserController - Fetched 8 users on page 0 of 2
2026-07-19 00:15:49 [HikariPool-1:housekeeper] WARN  com.zaxxer.hikari.pool.PoolBase - HikariPool-1 - Failed to validate connection com.mysql.cj.jdbc.ConnectionImpl@376769e (No operations allowed after connection closed.). Possibly consider using a shorter maxLifetime value.
2026-07-19 00:15:59 [HikariPool-1:housekeeper] WARN  com.zaxxer.hikari.pool.PoolBase - HikariPool-1 - Failed to validate connection com.mysql.cj.jdbc.ConnectionImpl@3aa19fae (No operations allowed after connection closed.). Possibly consider using a shorter maxLifetime value.
2026-07-19 00:16:04 [HikariPool-1:housekeeper] WARN  com.zaxxer.hikari.pool.PoolBase - HikariPool-1 - Failed to validate connection com.mysql.cj.jdbc.ConnectionImpl@2fca5a74 (No operations allowed after connection closed.). Possibly consider using a shorter maxLifetime value.
2026-07-19 00:17:37 [HikariPool-1:housekeeper] WARN  com.zaxxer.hikari.pool.PoolBase - HikariPool-1 - Failed to validate connection com.mysql.cj.jdbc.ConnectionImpl@437e4ce8 (No operations allowed after connection closed.). Possibly consider using a shorter maxLifetime value.
2026-07-19 00:17:53 [HikariPool-1:housekeeper] WARN  com.zaxxer.hikari.pool.PoolBase - HikariPool-1 - Failed to validate connection com.mysql.cj.jdbc.ConnectionImpl@2a9ff82a (No operations allowed after connection closed.). Possibly consider using a shorter maxLifetime value.
2026-07-19 00:19:09 [http-nio-8080-exec-1] INFO  c.e.Docgen_Backend.config.JwtFilter - JWT validated successfully for userId=6a311365ec2c34f3d9e4f06e
2026-07-19 00:19:10 [http-nio-8080-exec-1] INFO  c.e.D.controller.UserController - PATCH /api/v2/users/23 - Update request received for employeeId=SMDS0347
2026-07-19 00:19:10 [http-nio-8080-exec-1] DEBUG c.e.D.controller.UserController - Update payload: CreateProfileRequest(employeeName=Anil Jejurkar, email=prathamesh69bhavsar@gmail.com, mobileNo=8007454299, employeeId=SMDS0347, joiningDesignation=Java Developer, currentDesignation=Senior Software Developer, department=Information Technology, currentAddress=N-42,VD-1/3/1,Sawta Nager,Cidco,Trimurti Chowk, permanentAddress=null, accountNo=067010110011164, bankName=Bank of india, joiningCTC=360000.0, currentCTC=800000.0, dateOfBirth=1992-05-29, offerDate=2022-04-21, joiningDate=2022-05-02, panNo=BBTPJ7835H, company=DCS, pfType=WITH_PF, identity=MR, documents=[EXPERIENCE_LETTER, SALARY_SLIP, OFFER_LETTER], documentData={OFFER_LETTER={issueDate=2026-07-18, probationPeriod=7}, EXPERIENCE_LETTER={relievingDate=2026-07-19, issueDate=2026-07-18}, SALARY_SLIP={startMonth=2026-01, endMonth=2026-06, salaryWorkdays={2026-01=31, 2026-02=28, 2026-03=31, 2026-04=30, 2026-05=31, 2026-06=30}}})
2026-07-19 00:19:10 [http-nio-8080-exec-1] INFO  c.e.D.service.impl.UserServiceImpl - Updating user profile | userId=23 | employeeId=SMDS0347
2026-07-19 00:19:10 [http-nio-8080-exec-1] WARN  com.zaxxer.hikari.pool.PoolBase - HikariPool-1 - Failed to validate connection com.mysql.cj.jdbc.ConnectionImpl@42ab6acd (No operations allowed after connection closed.). Possibly consider using a shorter maxLifetime value.
2026-07-19 00:19:10 [http-nio-8080-exec-1] WARN  com.zaxxer.hikari.pool.PoolBase - HikariPool-1 - Failed to validate connection com.mysql.cj.jdbc.ConnectionImpl@43966af0 (No operations allowed after connection closed.). Possibly consider using a shorter maxLifetime value.
2026-07-19 00:19:10 [http-nio-8080-exec-1] DEBUG c.e.D.service.impl.UserServiceImpl - Existing user fetched | userId=23 | oldEmployeeId=SMDS0347
2026-07-19 00:19:10 [http-nio-8080-exec-1] DEBUG c.e.D.service.impl.UserServiceImpl - Updating documents | userId=23
2026-07-19 00:19:10 [http-nio-8080-exec-1] INFO  c.e.D.service.impl.UserServiceImpl - User profile updated successfully | userId=23 | timeTaken=797ms
2026-07-19 00:19:10 [http-nio-8080-exec-1] INFO  c.e.D.controller.UserController - Profile updated successfully for userId=23, employeeId=SMDS0347
2026-07-19 00:19:55 [http-nio-8080-exec-4] INFO  c.e.Docgen_Backend.config.JwtFilter - JWT validated successfully for userId=6a311365ec2c34f3d9e4f06e
2026-07-19 00:19:55 [http-nio-8080-exec-4] INFO  c.e.D.controller.UserController - PATCH /api/v2/users/23 - Update request received for employeeId=SMDS0347
2026-07-19 00:19:55 [http-nio-8080-exec-4] DEBUG c.e.D.controller.UserController - Update payload: CreateProfileRequest(employeeName=Anil Jejurkar, email=prathamesh69bhavsar@gmail.com, mobileNo=8007454299, employeeId=SMDS0347, joiningDesignation=Java Developer, currentDesignation=Senior Software Developer, department=Information Technology, currentAddress=N-42,VD-1/3/1,Sawta Nager,Cidco,Trimurti Chowk, permanentAddress=null, accountNo=067010110011164, bankName=Bank of india, joiningCTC=360000.0, currentCTC=800000.0, dateOfBirth=1992-05-29, offerDate=2022-04-21, joiningDate=2022-05-02, panNo=BBTPJ7835H, company=DCS, pfType=WITH_PF, identity=MR, documents=[EXPERIENCE_LETTER, SALARY_SLIP, OFFER_LETTER, RELIEVING_LETTER], documentData={OFFER_LETTER={issueDate=2026-07-18, probationPeriod=7}, EXPERIENCE_LETTER={relievingDate=2026-07-19, issueDate=2026-07-18}, RELIEVING_LETTER={relievingDate=2026-07-19, issueDate=2026-07-19}, SALARY_SLIP={startMonth=2026-01, endMonth=2026-06, salaryWorkdays={2026-01=31, 2026-02=28, 2026-03=31, 2026-04=30, 2026-05=31, 2026-06=30}}})
2026-07-19 00:19:55 [http-nio-8080-exec-4] INFO  c.e.D.service.impl.UserServiceImpl - Updating user profile | userId=23 | employeeId=SMDS0347
2026-07-19 00:19:55 [http-nio-8080-exec-4] WARN  com.zaxxer.hikari.pool.PoolBase - HikariPool-1 - Failed to validate connection com.mysql.cj.jdbc.ConnectionImpl@388608ee (No operations allowed after connection closed.). Possibly consider using a shorter maxLifetime value.
2026-07-19 00:19:55 [http-nio-8080-exec-4] WARN  com.zaxxer.hikari.pool.PoolBase - HikariPool-1 - Failed to validate connection com.mysql.cj.jdbc.ConnectionImpl@b39a3b8 (No operations allowed after connection closed.). Possibly consider using a shorter maxLifetime value.
2026-07-19 00:19:55 [http-nio-8080-exec-4] WARN  com.zaxxer.hikari.pool.PoolBase - HikariPool-1 - Failed to validate connection com.mysql.cj.jdbc.ConnectionImpl@2b9dde93 (No operations allowed after connection closed.). Possibly consider using a shorter maxLifetime value.
2026-07-19 00:19:56 [http-nio-8080-exec-4] DEBUG c.e.D.service.impl.UserServiceImpl - Existing user fetched | userId=23 | oldEmployeeId=SMDS0347
2026-07-19 00:19:56 [http-nio-8080-exec-4] DEBUG c.e.D.service.impl.UserServiceImpl - Updating documents | userId=23
2026-07-19 00:19:56 [http-nio-8080-exec-4] INFO  c.e.D.service.impl.UserServiceImpl - User profile updated successfully | userId=23 | timeTaken=1179ms
2026-07-19 00:19:56 [http-nio-8080-exec-4] INFO  c.e.D.controller.UserController - Profile updated successfully for userId=23, employeeId=SMDS0347
2026-07-19 00:20:14 [http-nio-8080-exec-6] INFO  c.e.Docgen_Backend.config.JwtFilter - JWT validated successfully for userId=6a311365ec2c34f3d9e4f06e
2026-07-19 00:20:14 [http-nio-8080-exec-6] INFO  c.e.D.controller.UserController - PATCH /api/v2/users/23 - Update request received for employeeId=SMDS0347
2026-07-19 00:20:14 [http-nio-8080-exec-6] DEBUG c.e.D.controller.UserController - Update payload: CreateProfileRequest(employeeName=Anil Jejurkar, email=prathamesh69bhavsar@gmail.com, mobileNo=8007454299, employeeId=SMDS0347, joiningDesignation=Java Developer, currentDesignation=Senior Software Developer, department=Information Technology, currentAddress=N-42,VD-1/3/1,Sawta Nager,Cidco,Trimurti Chowk, permanentAddress=null, accountNo=067010110011164, bankName=Bank of india, joiningCTC=360000.0, currentCTC=800000.0, dateOfBirth=1992-05-29, offerDate=2022-04-21, joiningDate=2022-05-02, panNo=BBTPJ7835H, company=DCS, pfType=WITH_PF, identity=MR, documents=[EXPERIENCE_LETTER, SALARY_SLIP, OFFER_LETTER, RELIEVING_LETTER, INCREMENT_LETTER], documentData={OFFER_LETTER={issueDate=2026-07-18, probationPeriod=7}, INCREMENT_LETTER={issueDate=2000-12-12}, EXPERIENCE_LETTER={relievingDate=2026-07-19, issueDate=2026-07-18}, RELIEVING_LETTER={relievingDate=2026-07-19, issueDate=2026-07-19}, SALARY_SLIP={startMonth=2026-01, endMonth=2026-06, salaryWorkdays={2026-01=31, 2026-02=28, 2026-03=31, 2026-04=30, 2026-05=31, 2026-06=30}}})
2026-07-19 00:20:14 [http-nio-8080-exec-6] INFO  c.e.D.service.impl.UserServiceImpl - Updating user profile | userId=23 | employeeId=SMDS0347
2026-07-19 00:20:14 [http-nio-8080-exec-6] DEBUG c.e.D.service.impl.UserServiceImpl - Existing user fetched | userId=23 | oldEmployeeId=SMDS0347
2026-07-19 00:20:14 [http-nio-8080-exec-6] DEBUG c.e.D.service.impl.UserServiceImpl - Updating documents | userId=23
2026-07-19 00:20:14 [http-nio-8080-exec-6] INFO  c.e.D.service.impl.UserServiceImpl - User profile updated successfully | userId=23 | timeTaken=640ms
2026-07-19 00:20:14 [http-nio-8080-exec-6] INFO  c.e.D.controller.UserController - Profile updated successfully for userId=23, employeeId=SMDS0347
2026-07-19 00:20:40 [http-nio-8080-exec-10] INFO  c.e.Docgen_Backend.config.JwtFilter - JWT validated successfully for userId=6a311365ec2c34f3d9e4f06e
2026-07-19 00:20:40 [http-nio-8080-exec-10] INFO  c.e.D.controller.UserController - GET /api/v2/users - Fetch all users request received | page=0, size=8, sortBy=id, direction=desc
2026-07-19 00:20:40 [http-nio-8080-exec-10] WARN  com.zaxxer.hikari.pool.PoolBase - HikariPool-1 - Failed to validate connection com.mysql.cj.jdbc.ConnectionImpl@21997c42 (No operations allowed after connection closed.). Possibly consider using a shorter maxLifetime value.
2026-07-19 00:20:40 [http-nio-8080-exec-10] WARN  com.zaxxer.hikari.pool.PoolBase - HikariPool-1 - Failed to validate connection com.mysql.cj.jdbc.ConnectionImpl@59873b87 (No operations allowed after connection closed.). Possibly consider using a shorter maxLifetime value.
2026-07-19 00:20:40 [http-nio-8080-exec-10] WARN  com.zaxxer.hikari.pool.PoolBase - HikariPool-1 - Failed to validate connection com.mysql.cj.jdbc.ConnectionImpl@45b713c0 (No operations allowed after connection closed.). Possibly consider using a shorter maxLifetime value.
2026-07-19 00:20:43 [http-nio-8080-exec-10] INFO  c.e.D.controller.UserController - Fetched 8 users on page 0 of 2
2026-07-19 00:20:43 [http-nio-8080-exec-9] INFO  c.e.Docgen_Backend.config.JwtFilter - JWT validated successfully for userId=6a311365ec2c34f3d9e4f06e
2026-07-19 00:20:43 [http-nio-8080-exec-9] INFO  c.e.D.controller.UserController - GET /api/v2/users - Fetch all users request received | page=0, size=8, sortBy=id, direction=desc
2026-07-19 00:20:45 [http-nio-8080-exec-4] INFO  c.e.Docgen_Backend.config.JwtFilter - JWT validated successfully for userId=6a311365ec2c34f3d9e4f06e
2026-07-19 00:20:45 [http-nio-8080-exec-4] INFO  c.e.D.controller.UserController - GET /api/v2/users/23 - Fetch request received
2026-07-19 00:20:45 [http-nio-8080-exec-4] INFO  c.e.D.service.impl.UserServiceImpl - Fetching user profile for edit | userId=23
2026-07-19 00:20:45 [http-nio-8080-exec-9] INFO  c.e.D.controller.UserController - Fetched 8 users on page 0 of 2
2026-07-19 00:20:45 [http-nio-8080-exec-4] DEBUG c.e.D.service.impl.UserServiceImpl - User found | userId=23 | employeeId=SMDS0347
2026-07-19 00:20:45 [http-nio-8080-exec-4] INFO  c.e.D.service.impl.UserServiceImpl - User profile fetched successfully | userId=23 | timeTaken=418ms
2026-07-19 00:20:45 [http-nio-8080-exec-4] INFO  c.e.D.controller.UserController - Profile fetched successfully for userId=23
2026-07-19 00:20:45 [http-nio-8080-exec-4] DEBUG c.e.D.controller.UserController - Fetched profile data: UserProfileResponseDTO(id=23, employeeName=Anil Jejurkar, employeeId=SMDS0347, email=prathamesh69bhavsar@gmail.com, mobileNo=8007454299, joiningDesignation=Java Developer, currentDesignation=Senior Software Developer, department=Information Technology, company=DCS, identity=MR, pfType=WITH_PF, accountNo=067010110011164, bankName=Bank of india, currentAddress=N-42,VD-1/3/1,Sawta Nager,Cidco,Trimurti Chowk, permanentAddress=null, joiningCTC=360000.0, currentCTC=800000.0, dateOfBirth=1992-05-29, offerDate=2022-04-21, joiningDate=2022-05-02, panNo=BBTPJ7835H, documents={APPOINTMENT_LETTER=DocumentResponseDTO(generated=false, data=null), INTERNSHIP_LETTER=DocumentResponseDTO(generated=false, data=null), EXPERIENCE_LETTER=DocumentResponseDTO(generated=true, data={issueDate=2026-07-18, relievingDate=2026-07-19}), FULL_AND_FINAL=DocumentResponseDTO(generated=false, data=null), CONFIRMATION_LETTER=DocumentResponseDTO(generated=false, data=null), INCREMENT_LETTER=DocumentResponseDTO(generated=true, data={issueDate=2000-12-12}), RELIEVING_LETTER=DocumentResponseDTO(generated=true, data={issueDate=2026-07-19, relievingDate=2026-07-19}), SALARY_SLIP=DocumentResponseDTO(generated=true, data={startMonth=2026-01, endMonth=2026-06}), COMPLETION_LETTER=DocumentResponseDTO(generated=false, data=null), OFFER_LETTER=DocumentResponseDTO(generated=true, data={issueDate=2026-07-18, probationPeriod=7})})
2026-07-19 00:20:45 [http-nio-8080-exec-5] INFO  c.e.Docgen_Backend.config.JwtFilter - JWT validated successfully for userId=6a311365ec2c34f3d9e4f06e
2026-07-19 00:20:45 [http-nio-8080-exec-5] INFO  c.e.D.controller.UserController - GET /api/v2/users/23 - Fetch request received
2026-07-19 00:20:45 [http-nio-8080-exec-5] INFO  c.e.D.service.impl.UserServiceImpl - Fetching user profile for edit | userId=23
2026-07-19 00:20:46 [http-nio-8080-exec-5] DEBUG c.e.D.service.impl.UserServiceImpl - User found | userId=23 | employeeId=SMDS0347
2026-07-19 00:20:46 [http-nio-8080-exec-5] INFO  c.e.D.service.impl.UserServiceImpl - User profile fetched successfully | userId=23 | timeTaken=396ms
2026-07-19 00:20:46 [http-nio-8080-exec-5] INFO  c.e.D.controller.UserController - Profile fetched successfully for userId=23
2026-07-19 00:20:46 [http-nio-8080-exec-5] DEBUG c.e.D.controller.UserController - Fetched profile data: UserProfileResponseDTO(id=23, employeeName=Anil Jejurkar, employeeId=SMDS0347, email=prathamesh69bhavsar@gmail.com, mobileNo=8007454299, joiningDesignation=Java Developer, currentDesignation=Senior Software Developer, department=Information Technology, company=DCS, identity=MR, pfType=WITH_PF, accountNo=067010110011164, bankName=Bank of india, currentAddress=N-42,VD-1/3/1,Sawta Nager,Cidco,Trimurti Chowk, permanentAddress=null, joiningCTC=360000.0, currentCTC=800000.0, dateOfBirth=1992-05-29, offerDate=2022-04-21, joiningDate=2022-05-02, panNo=BBTPJ7835H, documents={APPOINTMENT_LETTER=DocumentResponseDTO(generated=false, data=null), INTERNSHIP_LETTER=DocumentResponseDTO(generated=false, data=null), EXPERIENCE_LETTER=DocumentResponseDTO(generated=true, data={issueDate=2026-07-18, relievingDate=2026-07-19}), FULL_AND_FINAL=DocumentResponseDTO(generated=false, data=null), CONFIRMATION_LETTER=DocumentResponseDTO(generated=false, data=null), INCREMENT_LETTER=DocumentResponseDTO(generated=true, data={issueDate=2000-12-12}), RELIEVING_LETTER=DocumentResponseDTO(generated=true, data={issueDate=2026-07-19, relievingDate=2026-07-19}), SALARY_SLIP=DocumentResponseDTO(generated=true, data={startMonth=2026-01, endMonth=2026-06}), COMPLETION_LETTER=DocumentResponseDTO(generated=false, data=null), OFFER_LETTER=DocumentResponseDTO(generated=true, data={issueDate=2026-07-18, probationPeriod=7})})
2026-07-19 00:22:16 [http-nio-8080-exec-10] INFO  c.e.Docgen_Backend.config.JwtFilter - JWT validated successfully for userId=6a311365ec2c34f3d9e4f06e
2026-07-19 00:22:16 [http-nio-8080-exec-10] INFO  c.e.D.controller.UserController - PATCH /api/v2/users/23 - Update request received for employeeId=SMDS0369
2026-07-19 00:22:16 [http-nio-8080-exec-10] DEBUG c.e.D.controller.UserController - Update payload: CreateProfileRequest(employeeName=Anil Jejurkar, email=prathamesh69bhavsar@gmail.com, mobileNo=8007454299, employeeId=SMDS0369, joiningDesignation=Java Developer, currentDesignation=Senior Software Developer, department=Information Technology, currentAddress=N-42,VD-1/3/1,Sawta Nager,Cidco,Trimurti Chowk, permanentAddress=null, accountNo=067010110011164, bankName=Bank of india, joiningCTC=360000.0, currentCTC=800000.0, dateOfBirth=1992-05-29, offerDate=2022-04-21, joiningDate=2022-05-02, panNo=BBTPJ7835H, company=DCS, pfType=WITH_PF, identity=MR, documents=[EXPERIENCE_LETTER, INCREMENT_LETTER, RELIEVING_LETTER, SALARY_SLIP, OFFER_LETTER], documentData={OFFER_LETTER={issueDate=2026-07-18, probationPeriod=7}, INCREMENT_LETTER={issueDate=2000-12-12}, EXPERIENCE_LETTER={relievingDate=2026-07-19, issueDate=2026-07-18}, RELIEVING_LETTER={relievingDate=2026-07-19, issueDate=2026-07-19}, SALARY_SLIP={startMonth=2026-04, endMonth=2026-06, salaryWorkdays={2026-04=30, 2026-05=31, 2026-06=30}}})
2026-07-19 00:22:16 [http-nio-8080-exec-10] INFO  c.e.D.service.impl.UserServiceImpl - Updating user profile | userId=23 | employeeId=SMDS0369
2026-07-19 00:22:16 [http-nio-8080-exec-10] WARN  com.zaxxer.hikari.pool.PoolBase - HikariPool-1 - Failed to validate connection com.mysql.cj.jdbc.ConnectionImpl@7b47cb2e (No operations allowed after connection closed.). Possibly consider using a shorter maxLifetime value.
2026-07-19 00:22:16 [http-nio-8080-exec-10] WARN  com.zaxxer.hikari.pool.PoolBase - HikariPool-1 - Failed to validate connection com.mysql.cj.jdbc.ConnectionImpl@2d16c48a (No operations allowed after connection closed.). Possibly consider using a shorter maxLifetime value.
2026-07-19 00:22:16 [http-nio-8080-exec-10] WARN  com.zaxxer.hikari.pool.PoolBase - HikariPool-1 - Failed to validate connection com.mysql.cj.jdbc.ConnectionImpl@5236a40c (No operations allowed after connection closed.). Possibly consider using a shorter maxLifetime value.
2026-07-19 00:22:16 [http-nio-8080-exec-10] DEBUG c.e.D.service.impl.UserServiceImpl - Existing user fetched | userId=23 | oldEmployeeId=SMDS0347
2026-07-19 00:22:16 [http-nio-8080-exec-10] DEBUG c.e.D.service.impl.UserServiceImpl - Updating documents | userId=23
2026-07-19 00:22:17 [http-nio-8080-exec-10] INFO  c.e.D.service.impl.UserServiceImpl - User profile updated successfully | userId=23 | timeTaken=772ms
2026-07-19 00:22:17 [http-nio-8080-exec-10] INFO  c.e.D.controller.UserController - Profile updated successfully for userId=23, employeeId=SMDS0369
2026-07-19 00:22:52 [http-nio-8080-exec-9] INFO  c.e.Docgen_Backend.config.JwtFilter - JWT validated successfully for userId=6a311365ec2c34f3d9e4f06e
2026-07-19 00:22:52 [http-nio-8080-exec-9] INFO  c.e.D.controller.UserController - GET /api/v2/users - Fetch all users request received | page=0, size=8, sortBy=id, direction=desc
2026-07-19 00:22:52 [http-nio-8080-exec-9] WARN  com.zaxxer.hikari.pool.PoolBase - HikariPool-1 - Failed to validate connection com.mysql.cj.jdbc.ConnectionImpl@2300325e (No operations allowed after connection closed.). Possibly consider using a shorter maxLifetime value.
2026-07-19 00:22:52 [http-nio-8080-exec-9] WARN  com.zaxxer.hikari.pool.PoolBase - HikariPool-1 - Failed to validate connection com.mysql.cj.jdbc.ConnectionImpl@642b2e15 (No operations allowed after connection closed.). Possibly consider using a shorter maxLifetime value.
2026-07-19 00:22:52 [http-nio-8080-exec-9] WARN  com.zaxxer.hikari.pool.PoolBase - HikariPool-1 - Failed to validate connection com.mysql.cj.jdbc.ConnectionImpl@7320e382 (No operations allowed after connection closed.). Possibly consider using a shorter maxLifetime value.
2026-07-19 00:22:55 [http-nio-8080-exec-9] INFO  c.e.D.controller.UserController - Fetched 8 users on page 0 of 2
2026-07-19 00:22:55 [http-nio-8080-exec-4] INFO  c.e.Docgen_Backend.config.JwtFilter - JWT validated successfully for userId=6a311365ec2c34f3d9e4f06e
2026-07-19 00:22:55 [http-nio-8080-exec-4] INFO  c.e.D.controller.UserController - GET /api/v2/users - Fetch all users request received | page=0, size=8, sortBy=id, direction=desc
2026-07-19 00:22:58 [http-nio-8080-exec-4] INFO  c.e.D.controller.UserController - Fetched 8 users on page 0 of 2
2026-07-19 00:23:01 [http-nio-8080-exec-6] INFO  c.e.Docgen_Backend.config.JwtFilter - JWT validated successfully for userId=6a311365ec2c34f3d9e4f06e
2026-07-19 00:23:01 [http-nio-8080-exec-6] INFO  c.e.D.controller.UserController - GET /api/v2/users - Fetch all users request received | page=0, size=8, sortBy=id, direction=desc
2026-07-19 00:23:04 [http-nio-8080-exec-6] INFO  c.e.D.controller.UserController - Fetched 8 users on page 0 of 2
2026-07-19 00:23:04 [http-nio-8080-exec-8] INFO  c.e.Docgen_Backend.config.JwtFilter - JWT validated successfully for userId=6a311365ec2c34f3d9e4f06e
2026-07-19 00:23:04 [http-nio-8080-exec-8] INFO  c.e.D.controller.UserController - GET /api/v2/users - Fetch all users request received | page=0, size=8, sortBy=id, direction=desc
2026-07-19 00:23:06 [http-nio-8080-exec-8] INFO  c.e.D.controller.UserController - Fetched 8 users on page 0 of 2
2026-07-19 00:23:08 [http-nio-8080-exec-1] INFO  c.e.Docgen_Backend.config.JwtFilter - JWT validated successfully for userId=6a311365ec2c34f3d9e4f06e
2026-07-19 00:23:08 [http-nio-8080-exec-1] INFO  c.e.D.controller.UserController - GET /api/v2/users/16 - Fetch request received
2026-07-19 00:23:08 [http-nio-8080-exec-1] INFO  c.e.D.service.impl.UserServiceImpl - Fetching user profile for edit | userId=16
2026-07-19 00:23:09 [http-nio-8080-exec-1] DEBUG c.e.D.service.impl.UserServiceImpl - User found | userId=16 | employeeId=SMDS033
2026-07-19 00:23:09 [http-nio-8080-exec-1] INFO  c.e.D.service.impl.UserServiceImpl - User profile fetched successfully | userId=16 | timeTaken=281ms
2026-07-19 00:23:09 [http-nio-8080-exec-1] INFO  c.e.D.controller.UserController - Profile fetched successfully for userId=16
2026-07-19 00:23:09 [http-nio-8080-exec-1] DEBUG c.e.D.controller.UserController - Fetched profile data: UserProfileResponseDTO(id=16, employeeName=Prathaesh Bhavsar, employeeId=SMDS033, email=prathamesh9bhavsar@gmail.com, mobileNo=8007454299, joiningDesignation=Programmer Analyst Trainee, currentDesignation=Senior Software Developer, department=Information Technology, company=NCS, identity=MRS, pfType=WITH_PF, accountNo=6312965969, bankName=HDFC Bank, currentAddress=N-42,VD-1/3/1,Sawta Nager,Cidco,Trimurti Chowk, permanentAddress=null, joiningCTC=360000.0, currentCTC=null, dateOfBirth=2026-07-01, offerDate=2026-07-01, joiningDate=2026-07-01, panNo=GFZPS5853Q, documents={APPOINTMENT_LETTER=DocumentResponseDTO(generated=false, data=null), INTERNSHIP_LETTER=DocumentResponseDTO(generated=false, data=null), EXPERIENCE_LETTER=DocumentResponseDTO(generated=false, data=null), FULL_AND_FINAL=DocumentResponseDTO(generated=false, data=null), CONFIRMATION_LETTER=DocumentResponseDTO(generated=false, data=null), INCREMENT_LETTER=DocumentResponseDTO(generated=false, data=null), RELIEVING_LETTER=DocumentResponseDTO(generated=false, data=null), SALARY_SLIP=DocumentResponseDTO(generated=false, data=null), COMPLETION_LETTER=DocumentResponseDTO(generated=false, data=null), OFFER_LETTER=DocumentResponseDTO(generated=true, data={issueDate=2026-07-01, probationPeriod=3})})
2026-07-19 00:23:09 [http-nio-8080-exec-3] INFO  c.e.Docgen_Backend.config.JwtFilter - JWT validated successfully for userId=6a311365ec2c34f3d9e4f06e
2026-07-19 00:23:09 [http-nio-8080-exec-3] INFO  c.e.D.controller.UserController - GET /api/v2/users/16 - Fetch request received
2026-07-19 00:23:09 [http-nio-8080-exec-3] INFO  c.e.D.service.impl.UserServiceImpl - Fetching user profile for edit | userId=16
2026-07-19 00:23:09 [http-nio-8080-exec-3] DEBUG c.e.D.service.impl.UserServiceImpl - User found | userId=16 | employeeId=SMDS033
2026-07-19 00:23:09 [http-nio-8080-exec-3] INFO  c.e.D.service.impl.UserServiceImpl - User profile fetched successfully | userId=16 | timeTaken=261ms
2026-07-19 00:23:09 [http-nio-8080-exec-3] INFO  c.e.D.controller.UserController - Profile fetched successfully for userId=16
2026-07-19 00:23:09 [http-nio-8080-exec-3] DEBUG c.e.D.controller.UserController - Fetched profile data: UserProfileResponseDTO(id=16, employeeName=Prathaesh Bhavsar, employeeId=SMDS033, email=prathamesh9bhavsar@gmail.com, mobileNo=8007454299, joiningDesignation=Programmer Analyst Trainee, currentDesignation=Senior Software Developer, department=Information Technology, company=NCS, identity=MRS, pfType=WITH_PF, accountNo=6312965969, bankName=HDFC Bank, currentAddress=N-42,VD-1/3/1,Sawta Nager,Cidco,Trimurti Chowk, permanentAddress=null, joiningCTC=360000.0, currentCTC=null, dateOfBirth=2026-07-01, offerDate=2026-07-01, joiningDate=2026-07-01, panNo=GFZPS5853Q, documents={APPOINTMENT_LETTER=DocumentResponseDTO(generated=false, data=null), INTERNSHIP_LETTER=DocumentResponseDTO(generated=false, data=null), EXPERIENCE_LETTER=DocumentResponseDTO(generated=false, data=null), FULL_AND_FINAL=DocumentResponseDTO(generated=false, data=null), CONFIRMATION_LETTER=DocumentResponseDTO(generated=false, data=null), INCREMENT_LETTER=DocumentResponseDTO(generated=false, data=null), RELIEVING_LETTER=DocumentResponseDTO(generated=false, data=null), SALARY_SLIP=DocumentResponseDTO(generated=false, data=null), COMPLETION_LETTER=DocumentResponseDTO(generated=false, data=null), OFFER_LETTER=DocumentResponseDTO(generated=true, data={issueDate=2026-07-01, probationPeriod=3})})
2026-07-19 00:24:13 [http-nio-8080-exec-2] INFO  c.e.Docgen_Backend.config.JwtFilter - JWT validated successfully for userId=6a311365ec2c34f3d9e4f06e
2026-07-19 00:24:13 [http-nio-8080-exec-2] INFO  c.e.D.controller.UserController - PATCH /api/v2/users/16 - Update request received for employeeId=SMDS033
2026-07-19 00:24:13 [http-nio-8080-exec-2] DEBUG c.e.D.controller.UserController - Update payload: CreateProfileRequest(employeeName=Pratham Bhavsar, email=prathamesh9bhavsar@gmail.com, mobileNo=8007454299, employeeId=SMDS033, joiningDesignation=Programmer Analyst Trainee, currentDesignation=Senior Software Developer, department=Information Technology, currentAddress=N-42,VD-1/3/1,Sawta Nager,Cidco,Trimurti Chowk, permanentAddress=null, accountNo=6312965969, bankName=HDFC Bank, joiningCTC=360000.0, currentCTC=600000.0, dateOfBirth=2026-07-01, offerDate=2026-07-01, joiningDate=2026-07-01, panNo=GFZPS5853Q, company=NCS, pfType=WITH_PF, identity=MR, documents=[OFFER_LETTER, FULL_AND_FINAL], documentData={OFFER_LETTER={issueDate=2026-07-01, probationPeriod=3}, FULL_AND_FINAL={fnfDate=2020-11-11, issueDate=2020-11-11, month=2026-04, resignationDate=2021-12-12, leavingDate=2022-12-13, paidDays=30, totalDaysInMonth=30}})
2026-07-19 00:24:13 [http-nio-8080-exec-2] INFO  c.e.D.service.impl.UserServiceImpl - Updating user profile | userId=16 | employeeId=SMDS033
2026-07-19 00:24:13 [http-nio-8080-exec-2] WARN  com.zaxxer.hikari.pool.PoolBase - HikariPool-1 - Failed to validate connection com.mysql.cj.jdbc.ConnectionImpl@1acf643b (No operations allowed after connection closed.). Possibly consider using a shorter maxLifetime value.
2026-07-19 00:24:13 [http-nio-8080-exec-2] WARN  com.zaxxer.hikari.pool.PoolBase - HikariPool-1 - Failed to validate connection com.mysql.cj.jdbc.ConnectionImpl@1f760513 (No operations allowed after connection closed.). Possibly consider using a shorter maxLifetime value.
2026-07-19 00:24:13 [http-nio-8080-exec-2] WARN  com.zaxxer.hikari.pool.PoolBase - HikariPool-1 - Failed to validate connection com.mysql.cj.jdbc.ConnectionImpl@3bfd0725 (No operations allowed after connection closed.). Possibly consider using a shorter maxLifetime value.
2026-07-19 00:24:13 [http-nio-8080-exec-2] DEBUG c.e.D.service.impl.UserServiceImpl - Existing user fetched | userId=16 | oldEmployeeId=SMDS033
2026-07-19 00:24:13 [http-nio-8080-exec-2] DEBUG c.e.D.service.impl.UserServiceImpl - Updating documents | userId=16
2026-07-19 00:24:13 [http-nio-8080-exec-2] INFO  c.e.D.service.impl.UserServiceImpl - User profile updated successfully | userId=16 | timeTaken=492ms
2026-07-19 00:24:13 [http-nio-8080-exec-2] INFO  c.e.D.controller.UserController - Profile updated successfully for userId=16, employeeId=SMDS033
2026-07-19 00:24:45 [http-nio-8080-exec-8] INFO  c.e.Docgen_Backend.config.JwtFilter - JWT validated successfully for userId=6a311365ec2c34f3d9e4f06e
2026-07-19 00:24:45 [http-nio-8080-exec-8] INFO  c.e.D.controller.UserController - PATCH /api/v2/users/16 - Update request received for employeeId=SMDS033
2026-07-19 00:24:45 [http-nio-8080-exec-8] DEBUG c.e.D.controller.UserController - Update payload: CreateProfileRequest(employeeName=Pratham Bhavsar, email=prathamesh9bhavsar@gmail.com, mobileNo=8007454299, employeeId=SMDS033, joiningDesignation=Programmer Analyst Trainee, currentDesignation=Senior Software Developer, department=Information Technology, currentAddress=N-42,VD-1/3/1,Sawta Nager,Cidco,Trimurti Chowk, permanentAddress=null, accountNo=6312965969, bankName=HDFC Bank, joiningCTC=360000.0, currentCTC=600000.0, dateOfBirth=2026-07-01, offerDate=2026-07-01, joiningDate=2026-07-01, panNo=GFZPS5853Q, company=NCS, pfType=WITH_PF, identity=MR, documents=[OFFER_LETTER, FULL_AND_FINAL], documentData={OFFER_LETTER={issueDate=2026-07-01, probationPeriod=3}, FULL_AND_FINAL={fnfDate=2020-11-11, issueDate=2020-11-11, month=2026-04, resignationDate=2021-12-12, leavingDate=2022-12-13, paidDays=15, totalDaysInMonth=30}})
2026-07-19 00:24:45 [http-nio-8080-exec-8] INFO  c.e.D.service.impl.UserServiceImpl - Updating user profile | userId=16 | employeeId=SMDS033
2026-07-19 00:24:45 [http-nio-8080-exec-8] WARN  com.zaxxer.hikari.pool.PoolBase - HikariPool-1 - Failed to validate connection com.mysql.cj.jdbc.ConnectionImpl@4a41229b (No operations allowed after connection closed.). Possibly consider using a shorter maxLifetime value.
2026-07-19 00:24:45 [http-nio-8080-exec-8] WARN  com.zaxxer.hikari.pool.PoolBase - HikariPool-1 - Failed to validate connection com.mysql.cj.jdbc.ConnectionImpl@7b4d4e77 (No operations allowed after connection closed.). Possibly consider using a shorter maxLifetime value.
2026-07-19 00:24:45 [http-nio-8080-exec-8] WARN  com.zaxxer.hikari.pool.PoolBase - HikariPool-1 - Failed to validate connection com.mysql.cj.jdbc.ConnectionImpl@68e6cf13 (No operations allowed after connection closed.). Possibly consider using a shorter maxLifetime value.
2026-07-19 00:24:45 [http-nio-8080-exec-8] DEBUG c.e.D.service.impl.UserServiceImpl - Existing user fetched | userId=16 | oldEmployeeId=SMDS033
2026-07-19 00:24:45 [http-nio-8080-exec-8] DEBUG c.e.D.service.impl.UserServiceImpl - Updating documents | userId=16
2026-07-19 00:24:45 [http-nio-8080-exec-8] INFO  c.e.D.service.impl.UserServiceImpl - User profile updated successfully | userId=16 | timeTaken=486ms
2026-07-19 00:24:45 [http-nio-8080-exec-8] INFO  c.e.D.controller.UserController - Profile updated successfully for userId=16, employeeId=SMDS033
2026-07-19 00:25:10 [http-nio-8080-exec-1] INFO  c.e.Docgen_Backend.config.JwtFilter - JWT validated successfully for userId=6a311365ec2c34f3d9e4f06e
2026-07-19 00:25:10 [http-nio-8080-exec-1] INFO  c.e.D.controller.UserController - GET /api/v2/users - Fetch all users request received | page=0, size=8, sortBy=id, direction=desc
2026-07-19 00:25:10 [http-nio-8080-exec-1] WARN  com.zaxxer.hikari.pool.PoolBase - HikariPool-1 - Failed to validate connection com.mysql.cj.jdbc.ConnectionImpl@578c2e1f (No operations allowed after connection closed.). Possibly consider using a shorter maxLifetime value.
2026-07-19 00:25:10 [http-nio-8080-exec-1] WARN  com.zaxxer.hikari.pool.PoolBase - HikariPool-1 - Failed to validate connection com.mysql.cj.jdbc.ConnectionImpl@4b3dbc6b (No operations allowed after connection closed.). Possibly consider using a shorter maxLifetime value.
2026-07-19 00:25:10 [http-nio-8080-exec-1] WARN  com.zaxxer.hikari.pool.PoolBase - HikariPool-1 - Failed to validate connection com.mysql.cj.jdbc.ConnectionImpl@32789c1f (No operations allowed after connection closed.). Possibly consider using a shorter maxLifetime value.
2026-07-19 00:25:13 [http-nio-8080-exec-1] INFO  c.e.D.controller.UserController - Fetched 8 users on page 0 of 2
2026-07-19 00:25:13 [http-nio-8080-exec-3] INFO  c.e.Docgen_Backend.config.JwtFilter - JWT validated successfully for userId=6a311365ec2c34f3d9e4f06e
2026-07-19 00:25:13 [http-nio-8080-exec-3] INFO  c.e.D.controller.UserController - GET /api/v2/users - Fetch all users request received | page=0, size=8, sortBy=id, direction=desc
2026-07-19 00:25:16 [http-nio-8080-exec-3] INFO  c.e.D.controller.UserController - Fetched 8 users on page 0 of 2
2026-07-19 00:25:19 [http-nio-8080-exec-5] INFO  c.e.Docgen_Backend.config.JwtFilter - JWT validated successfully for userId=6a311365ec2c34f3d9e4f06e
2026-07-19 00:25:19 [http-nio-8080-exec-5] INFO  c.e.D.controller.UserController - GET /api/v2/users - Fetch all users request received | page=0, size=8, sortBy=id, direction=desc
2026-07-19 00:25:22 [http-nio-8080-exec-5] INFO  c.e.D.controller.UserController - Fetched 8 users on page 0 of 2
2026-07-19 00:25:22 [http-nio-8080-exec-2] INFO  c.e.Docgen_Backend.config.JwtFilter - JWT validated successfully for userId=6a311365ec2c34f3d9e4f06e
2026-07-19 00:25:22 [http-nio-8080-exec-2] INFO  c.e.D.controller.UserController - GET /api/v2/users - Fetch all users request received | page=0, size=8, sortBy=id, direction=desc
2026-07-19 00:25:24 [http-nio-8080-exec-7] INFO  c.e.Docgen_Backend.config.JwtFilter - JWT validated successfully for userId=6a311365ec2c34f3d9e4f06e
2026-07-19 00:25:24 [http-nio-8080-exec-7] INFO  c.e.D.controller.UserController - GET /api/v2/users/16 - Fetch request received
2026-07-19 00:25:24 [http-nio-8080-exec-7] INFO  c.e.D.service.impl.UserServiceImpl - Fetching user profile for edit | userId=16
2026-07-19 00:25:24 [http-nio-8080-exec-7] DEBUG c.e.D.service.impl.UserServiceImpl - User found | userId=16 | employeeId=SMDS033
2026-07-19 00:25:24 [http-nio-8080-exec-7] INFO  c.e.D.service.impl.UserServiceImpl - User profile fetched successfully | userId=16 | timeTaken=387ms
2026-07-19 00:25:24 [http-nio-8080-exec-7] INFO  c.e.D.controller.UserController - Profile fetched successfully for userId=16
2026-07-19 00:25:24 [http-nio-8080-exec-7] DEBUG c.e.D.controller.UserController - Fetched profile data: UserProfileResponseDTO(id=16, employeeName=Pratham Bhavsar, employeeId=SMDS033, email=prathamesh9bhavsar@gmail.com, mobileNo=8007454299, joiningDesignation=Programmer Analyst Trainee, currentDesignation=Senior Software Developer, department=Information Technology, company=NCS, identity=MR, pfType=WITH_PF, accountNo=6312965969, bankName=HDFC Bank, currentAddress=N-42,VD-1/3/1,Sawta Nager,Cidco,Trimurti Chowk, permanentAddress=null, joiningCTC=360000.0, currentCTC=600000.0, dateOfBirth=2026-07-01, offerDate=2026-07-01, joiningDate=2026-07-01, panNo=GFZPS5853Q, documents={APPOINTMENT_LETTER=DocumentResponseDTO(generated=false, data=null), INTERNSHIP_LETTER=DocumentResponseDTO(generated=false, data=null), EXPERIENCE_LETTER=DocumentResponseDTO(generated=false, data=null), FULL_AND_FINAL=DocumentResponseDTO(generated=true, data={fnfDate=2020-11-11, totalDaysInMonth=30, month=2026-04, issueDate=2020-11-11, resignationDate=2021-12-12, paidDays=15, leavingDate=2022-12-13}), CONFIRMATION_LETTER=DocumentResponseDTO(generated=false, data=null), INCREMENT_LETTER=DocumentResponseDTO(generated=false, data=null), RELIEVING_LETTER=DocumentResponseDTO(generated=false, data=null), SALARY_SLIP=DocumentResponseDTO(generated=false, data=null), COMPLETION_LETTER=DocumentResponseDTO(generated=false, data=null), OFFER_LETTER=DocumentResponseDTO(generated=true, data={issueDate=2026-07-01, probationPeriod=3})})
2026-07-19 00:25:24 [http-nio-8080-exec-10] INFO  c.e.Docgen_Backend.config.JwtFilter - JWT validated successfully for userId=6a311365ec2c34f3d9e4f06e
2026-07-19 00:25:24 [http-nio-8080-exec-10] INFO  c.e.D.controller.UserController - GET /api/v2/users/16 - Fetch request received
2026-07-19 00:25:24 [http-nio-8080-exec-10] INFO  c.e.D.service.impl.UserServiceImpl - Fetching user profile for edit | userId=16
2026-07-19 00:25:24 [http-nio-8080-exec-10] DEBUG c.e.D.service.impl.UserServiceImpl - User found | userId=16 | employeeId=SMDS033
2026-07-19 00:25:24 [http-nio-8080-exec-10] INFO  c.e.D.service.impl.UserServiceImpl - User profile fetched successfully | userId=16 | timeTaken=343ms
2026-07-19 00:25:24 [http-nio-8080-exec-10] INFO  c.e.D.controller.UserController - Profile fetched successfully for userId=16
2026-07-19 00:25:24 [http-nio-8080-exec-10] DEBUG c.e.D.controller.UserController - Fetched profile data: UserProfileResponseDTO(id=16, employeeName=Pratham Bhavsar, employeeId=SMDS033, email=prathamesh9bhavsar@gmail.com, mobileNo=8007454299, joiningDesignation=Programmer Analyst Trainee, currentDesignation=Senior Software Developer, department=Information Technology, company=NCS, identity=MR, pfType=WITH_PF, accountNo=6312965969, bankName=HDFC Bank, currentAddress=N-42,VD-1/3/1,Sawta Nager,Cidco,Trimurti Chowk, permanentAddress=null, joiningCTC=360000.0, currentCTC=600000.0, dateOfBirth=2026-07-01, offerDate=2026-07-01, joiningDate=2026-07-01, panNo=GFZPS5853Q, documents={APPOINTMENT_LETTER=DocumentResponseDTO(generated=false, data=null), INTERNSHIP_LETTER=DocumentResponseDTO(generated=false, data=null), EXPERIENCE_LETTER=DocumentResponseDTO(generated=false, data=null), FULL_AND_FINAL=DocumentResponseDTO(generated=true, data={fnfDate=2020-11-11, totalDaysInMonth=30, month=2026-04, issueDate=2020-11-11, resignationDate=2021-12-12, paidDays=15, leavingDate=2022-12-13}), CONFIRMATION_LETTER=DocumentResponseDTO(generated=false, data=null), INCREMENT_LETTER=DocumentResponseDTO(generated=false, data=null), RELIEVING_LETTER=DocumentResponseDTO(generated=false, data=null), SALARY_SLIP=DocumentResponseDTO(generated=false, data=null), COMPLETION_LETTER=DocumentResponseDTO(generated=false, data=null), OFFER_LETTER=DocumentResponseDTO(generated=true, data={issueDate=2026-07-01, probationPeriod=3})})
2026-07-19 00:25:25 [http-nio-8080-exec-2] INFO  c.e.D.controller.UserController - Fetched 8 users on page 0 of 2
2026-07-19 00:25:46 [http-nio-8080-exec-4] INFO  c.e.Docgen_Backend.config.JwtFilter - JWT validated successfully for userId=6a311365ec2c34f3d9e4f06e
2026-07-19 00:25:46 [http-nio-8080-exec-4] INFO  c.e.D.controller.UserController - GET /api/v2/users - Fetch all users request received | page=0, size=8, sortBy=id, direction=desc
2026-07-19 00:25:46 [http-nio-8080-exec-4] WARN  com.zaxxer.hikari.pool.PoolBase - HikariPool-1 - Failed to validate connection com.mysql.cj.jdbc.ConnectionImpl@86809 (No operations allowed after connection closed.). Possibly consider using a shorter maxLifetime value.
2026-07-19 00:25:46 [http-nio-8080-exec-4] WARN  com.zaxxer.hikari.pool.PoolBase - HikariPool-1 - Failed to validate connection com.mysql.cj.jdbc.ConnectionImpl@6b9149be (No operations allowed after connection closed.). Possibly consider using a shorter maxLifetime value.
2026-07-19 00:25:46 [http-nio-8080-exec-4] WARN  com.zaxxer.hikari.pool.PoolBase - HikariPool-1 - Failed to validate connection com.mysql.cj.jdbc.ConnectionImpl@4ac444d0 (No operations allowed after connection closed.). Possibly consider using a shorter maxLifetime value.
2026-07-19 00:25:48 [http-nio-8080-exec-4] INFO  c.e.D.controller.UserController - Fetched 8 users on page 0 of 2
2026-07-19 00:25:49 [http-nio-8080-exec-9] INFO  c.e.Docgen_Backend.config.JwtFilter - JWT validated successfully for userId=6a311365ec2c34f3d9e4f06e
2026-07-19 00:25:49 [http-nio-8080-exec-9] INFO  c.e.D.controller.UserController - GET /api/v2/users - Fetch all users request received | page=0, size=8, sortBy=id, direction=desc
2026-07-19 00:25:49 [http-nio-8080-exec-8] INFO  c.e.Docgen_Backend.config.JwtFilter - JWT validated successfully for userId=6a311365ec2c34f3d9e4f06e
2026-07-19 00:25:49 [http-nio-8080-exec-8] INFO  c.e.D.controller.UserController - GET /api/v2/users/23 - Fetch request received
2026-07-19 00:25:49 [http-nio-8080-exec-8] INFO  c.e.D.service.impl.UserServiceImpl - Fetching user profile for edit | userId=23
2026-07-19 00:25:50 [http-nio-8080-exec-8] DEBUG c.e.D.service.impl.UserServiceImpl - User found | userId=23 | employeeId=SMDS0369
2026-07-19 00:25:50 [http-nio-8080-exec-8] INFO  c.e.D.service.impl.UserServiceImpl - User profile fetched successfully | userId=23 | timeTaken=464ms
2026-07-19 00:25:50 [http-nio-8080-exec-8] INFO  c.e.D.controller.UserController - Profile fetched successfully for userId=23
2026-07-19 00:25:50 [http-nio-8080-exec-8] DEBUG c.e.D.controller.UserController - Fetched profile data: UserProfileResponseDTO(id=23, employeeName=Anil Jejurkar, employeeId=SMDS0369, email=prathamesh69bhavsar@gmail.com, mobileNo=8007454299, joiningDesignation=Java Developer, currentDesignation=Senior Software Developer, department=Information Technology, company=DCS, identity=MR, pfType=WITH_PF, accountNo=067010110011164, bankName=Bank of india, currentAddress=N-42,VD-1/3/1,Sawta Nager,Cidco,Trimurti Chowk, permanentAddress=null, joiningCTC=360000.0, currentCTC=800000.0, dateOfBirth=1992-05-29, offerDate=2022-04-21, joiningDate=2022-05-02, panNo=BBTPJ7835H, documents={APPOINTMENT_LETTER=DocumentResponseDTO(generated=false, data=null), INTERNSHIP_LETTER=DocumentResponseDTO(generated=false, data=null), EXPERIENCE_LETTER=DocumentResponseDTO(generated=true, data={issueDate=2026-07-18, relievingDate=2026-07-19}), FULL_AND_FINAL=DocumentResponseDTO(generated=false, data=null), CONFIRMATION_LETTER=DocumentResponseDTO(generated=false, data=null), INCREMENT_LETTER=DocumentResponseDTO(generated=true, data={issueDate=2000-12-12}), RELIEVING_LETTER=DocumentResponseDTO(generated=true, data={issueDate=2026-07-19, relievingDate=2026-07-19}), SALARY_SLIP=DocumentResponseDTO(generated=true, data={startMonth=2026-04, endMonth=2026-06}), COMPLETION_LETTER=DocumentResponseDTO(generated=false, data=null), OFFER_LETTER=DocumentResponseDTO(generated=true, data={issueDate=2026-07-18, probationPeriod=7})})
2026-07-19 00:25:50 [http-nio-8080-exec-7] INFO  c.e.Docgen_Backend.config.JwtFilter - JWT validated successfully for userId=6a311365ec2c34f3d9e4f06e
2026-07-19 00:25:50 [http-nio-8080-exec-7] INFO  c.e.D.controller.UserController - GET /api/v2/users/23 - Fetch request received
2026-07-19 00:25:50 [http-nio-8080-exec-7] INFO  c.e.D.service.impl.UserServiceImpl - Fetching user profile for edit | userId=23
2026-07-19 00:25:50 [http-nio-8080-exec-7] DEBUG c.e.D.service.impl.UserServiceImpl - User found | userId=23 | employeeId=SMDS0369
2026-07-19 00:25:50 [http-nio-8080-exec-7] INFO  c.e.D.service.impl.UserServiceImpl - User profile fetched successfully | userId=23 | timeTaken=407ms
2026-07-19 00:25:50 [http-nio-8080-exec-7] INFO  c.e.D.controller.UserController - Profile fetched successfully for userId=23
2026-07-19 00:25:50 [http-nio-8080-exec-7] DEBUG c.e.D.controller.UserController - Fetched profile data: UserProfileResponseDTO(id=23, employeeName=Anil Jejurkar, employeeId=SMDS0369, email=prathamesh69bhavsar@gmail.com, mobileNo=8007454299, joiningDesignation=Java Developer, currentDesignation=Senior Software Developer, department=Information Technology, company=DCS, identity=MR, pfType=WITH_PF, accountNo=067010110011164, bankName=Bank of india, currentAddress=N-42,VD-1/3/1,Sawta Nager,Cidco,Trimurti Chowk, permanentAddress=null, joiningCTC=360000.0, currentCTC=800000.0, dateOfBirth=1992-05-29, offerDate=2022-04-21, joiningDate=2022-05-02, panNo=BBTPJ7835H, documents={APPOINTMENT_LETTER=DocumentResponseDTO(generated=false, data=null), INTERNSHIP_LETTER=DocumentResponseDTO(generated=false, data=null), EXPERIENCE_LETTER=DocumentResponseDTO(generated=true, data={issueDate=2026-07-18, relievingDate=2026-07-19}), FULL_AND_FINAL=DocumentResponseDTO(generated=false, data=null), CONFIRMATION_LETTER=DocumentResponseDTO(generated=false, data=null), INCREMENT_LETTER=DocumentResponseDTO(generated=true, data={issueDate=2000-12-12}), RELIEVING_LETTER=DocumentResponseDTO(generated=true, data={issueDate=2026-07-19, relievingDate=2026-07-19}), SALARY_SLIP=DocumentResponseDTO(generated=true, data={startMonth=2026-04, endMonth=2026-06}), COMPLETION_LETTER=DocumentResponseDTO(generated=false, data=null), OFFER_LETTER=DocumentResponseDTO(generated=true, data={issueDate=2026-07-18, probationPeriod=7})})
2026-07-19 00:25:51 [http-nio-8080-exec-9] INFO  c.e.D.controller.UserController - Fetched 8 users on page 0 of 2
2026-07-19 00:27:36 [HikariPool-1:housekeeper] WARN  com.zaxxer.hikari.pool.PoolBase - HikariPool-1 - Failed to validate connection com.mysql.cj.jdbc.ConnectionImpl@66d301ec (No operations allowed after connection closed.). Possibly consider using a shorter maxLifetime value.
2026-07-19 00:27:40 [HikariPool-1:housekeeper] WARN  com.zaxxer.hikari.pool.PoolBase - HikariPool-1 - Failed to validate connection com.mysql.cj.jdbc.ConnectionImpl@61a00030 (No operations allowed after connection closed.). Possibly consider using a shorter maxLifetime value.
2026-07-19 00:27:41 [HikariPool-1:housekeeper] WARN  com.zaxxer.hikari.pool.PoolBase - HikariPool-1 - Failed to validate connection com.mysql.cj.jdbc.ConnectionImpl@6e232645 (No operations allowed after connection closed.). Possibly consider using a shorter maxLifetime value.
2026-07-19 00:29:27 [HikariPool-1:housekeeper] WARN  com.zaxxer.hikari.pool.PoolBase - HikariPool-1 - Failed to validate connection com.mysql.cj.jdbc.ConnectionImpl@1081860c (No operations allowed after connection closed.). Possibly consider using a shorter maxLifetime value.
2026-07-19 00:29:34 [HikariPool-1:housekeeper] WARN  com.zaxxer.hikari.pool.PoolBase - HikariPool-1 - Failed to validate connection com.mysql.cj.jdbc.ConnectionImpl@1a80c82b (No operations allowed after connection closed.). Possibly consider using a shorter maxLifetime value.
2026-07-19 00:30:07 [http-nio-8080-exec-4] INFO  c.e.Docgen_Backend.config.JwtFilter - JWT validated successfully for userId=6a311365ec2c34f3d9e4f06e
2026-07-19 00:30:07 [http-nio-8080-exec-4] INFO  c.e.D.controller.UserController - GET /api/v2/users/11 - Fetch request received
2026-07-19 00:30:07 [http-nio-8080-exec-4] INFO  c.e.D.service.impl.UserServiceImpl - Fetching user profile for edit | userId=11
2026-07-19 00:30:07 [http-nio-8080-exec-4] WARN  com.zaxxer.hikari.pool.PoolBase - HikariPool-1 - Failed to validate connection com.mysql.cj.jdbc.ConnectionImpl@35cfe577 (No operations allowed after connection closed.). Possibly consider using a shorter maxLifetime value.
2026-07-19 00:30:07 [http-nio-8080-exec-4] WARN  com.zaxxer.hikari.pool.PoolBase - HikariPool-1 - Failed to validate connection com.mysql.cj.jdbc.ConnectionImpl@41f2292 (No operations allowed after connection closed.). Possibly consider using a shorter maxLifetime value.
2026-07-19 00:30:08 [http-nio-8080-exec-4] DEBUG c.e.D.service.impl.UserServiceImpl - User found | userId=11 | employeeId=EMP102
2026-07-19 00:30:08 [http-nio-8080-exec-4] INFO  c.e.D.service.impl.UserServiceImpl - User profile fetched successfully | userId=11 | timeTaken=688ms
2026-07-19 00:30:08 [http-nio-8080-exec-4] INFO  c.e.D.controller.UserController - Profile fetched successfully for userId=11
2026-07-19 00:30:08 [http-nio-8080-exec-4] DEBUG c.e.D.controller.UserController - Fetched profile data: UserProfileResponseDTO(id=11, employeeName=Sagar Suryawanshi, employeeId=EMP102, email=prathamesh69bhavsar@gmail.com, mobileNo=9876543210, joiningDesignation=null, currentDesignation=null, department=Engineering, company=SMT, identity=MR, pfType=WITH_PF, accountNo=1234567890, bankName=Canara Bank, currentAddress=null, permanentAddress=null, joiningCTC=null, currentCTC=null, dateOfBirth=1998-05-10, offerDate=2024-01-01, joiningDate=2024-02-01, panNo=ABCDE1234F, documents={APPOINTMENT_LETTER=DocumentResponseDTO(generated=false, data=null), INTERNSHIP_LETTER=DocumentResponseDTO(generated=false, data=null), EXPERIENCE_LETTER=DocumentResponseDTO(generated=true, data={issueDate=2025-01-01, relievingDate=2025-01-01}), FULL_AND_FINAL=DocumentResponseDTO(generated=true, data={fnfDate=2025-01-10, totalDaysInMonth=31, month=January, issueDate=2025-01-10, resignationDate=2024-12-01, paidDays=25, leavingDate=2025-01-05}), CONFIRMATION_LETTER=DocumentResponseDTO(generated=false, data=null), INCREMENT_LETTER=DocumentResponseDTO(generated=false, data=null), RELIEVING_LETTER=DocumentResponseDTO(generated=false, data=null), SALARY_SLIP=DocumentResponseDTO(generated=true, data={startMonth=January, endMonth=February}), COMPLETION_LETTER=DocumentResponseDTO(generated=false, data=null), OFFER_LETTER=DocumentResponseDTO(generated=true, data={issueDate=2024-01-01, probationPeriod=6})})
2026-07-19 00:30:32 [http-nio-8080-exec-5] INFO  c.e.Docgen_Backend.config.JwtFilter - JWT validated successfully for userId=6a311365ec2c34f3d9e4f06e
2026-07-19 00:30:32 [http-nio-8080-exec-5] INFO  c.e.D.controller.UserController - GET /api/v2/users - Fetch all users request received | page=0, size=5, sortBy=id, direction=asc
2026-07-19 00:30:32 [http-nio-8080-exec-5] WARN  com.zaxxer.hikari.pool.PoolBase - HikariPool-1 - Failed to validate connection com.mysql.cj.jdbc.ConnectionImpl@5bb94df2 (No operations allowed after connection closed.). Possibly consider using a shorter maxLifetime value.
2026-07-19 00:30:32 [http-nio-8080-exec-5] WARN  com.zaxxer.hikari.pool.PoolBase - HikariPool-1 - Failed to validate connection com.mysql.cj.jdbc.ConnectionImpl@46032838 (No operations allowed after connection closed.). Possibly consider using a shorter maxLifetime value.
2026-07-19 00:30:32 [http-nio-8080-exec-5] WARN  com.zaxxer.hikari.pool.PoolBase - HikariPool-1 - Failed to validate connection com.mysql.cj.jdbc.ConnectionImpl@70d45d1e (No operations allowed after connection closed.). Possibly consider using a shorter maxLifetime value.
2026-07-19 00:30:34 [http-nio-8080-exec-5] INFO  c.e.D.controller.UserController - Fetched 5 users on page 0 of 3
2026-07-19 00:31:03 [http-nio-8080-exec-6] INFO  c.e.Docgen_Backend.config.JwtFilter - JWT validated successfully for userId=6a311365ec2c34f3d9e4f06e
2026-07-19 00:31:03 [http-nio-8080-exec-6] INFO  c.e.D.controller.UserController - GET /api/v2/users - Fetch all users request received | page=3, size=5, sortBy=id, direction=asc
2026-07-19 00:31:03 [http-nio-8080-exec-6] WARN  com.zaxxer.hikari.pool.PoolBase - HikariPool-1 - Failed to validate connection com.mysql.cj.jdbc.ConnectionImpl@7b21f1bc (No operations allowed after connection closed.). Possibly consider using a shorter maxLifetime value.
2026-07-19 00:31:03 [http-nio-8080-exec-6] WARN  com.zaxxer.hikari.pool.PoolBase - HikariPool-1 - Failed to validate connection com.mysql.cj.jdbc.ConnectionImpl@37c31d7b (No operations allowed after connection closed.). Possibly consider using a shorter maxLifetime value.
2026-07-19 00:31:03 [http-nio-8080-exec-6] WARN  com.zaxxer.hikari.pool.PoolBase - HikariPool-1 - Failed to validate connection com.mysql.cj.jdbc.ConnectionImpl@30612544 (No operations allowed after connection closed.). Possibly consider using a shorter maxLifetime value.
2026-07-19 00:31:03 [http-nio-8080-exec-6] INFO  c.e.D.controller.UserController - Fetched 0 users on page 3 of 3
2026-07-19 00:31:10 [http-nio-8080-exec-8] INFO  c.e.Docgen_Backend.config.JwtFilter - JWT validated successfully for userId=6a311365ec2c34f3d9e4f06e
2026-07-19 00:31:10 [http-nio-8080-exec-8] INFO  c.e.D.controller.UserController - GET /api/v2/users - Fetch all users request received | page=2, size=5, sortBy=id, direction=asc
2026-07-19 00:31:11 [http-nio-8080-exec-8] INFO  c.e.D.controller.UserController - Fetched 4 users on page 2 of 3
2026-07-19 00:32:05 [http-nio-8080-exec-7] INFO  c.e.Docgen_Backend.config.JwtFilter - JWT validated successfully for userId=6a311365ec2c34f3d9e4f06e
2026-07-19 00:32:05 [http-nio-8080-exec-7] INFO  c.e.D.controller.UserController - GET /api/v2/users/21 - Fetch request received
2026-07-19 00:32:05 [http-nio-8080-exec-7] INFO  c.e.D.service.impl.UserServiceImpl - Fetching user profile for edit | userId=21
2026-07-19 00:32:05 [http-nio-8080-exec-7] WARN  com.zaxxer.hikari.pool.PoolBase - HikariPool-1 - Failed to validate connection com.mysql.cj.jdbc.ConnectionImpl@e26eaa3 (No operations allowed after connection closed.). Possibly consider using a shorter maxLifetime value.
2026-07-19 00:32:05 [http-nio-8080-exec-7] WARN  com.zaxxer.hikari.pool.PoolBase - HikariPool-1 - Failed to validate connection com.mysql.cj.jdbc.ConnectionImpl@92f8b94 (No operations allowed after connection closed.). Possibly consider using a shorter maxLifetime value.
2026-07-19 00:32:05 [http-nio-8080-exec-7] DEBUG c.e.D.service.impl.UserServiceImpl - User found | userId=21 | employeeId=DSS184
2026-07-19 00:32:05 [http-nio-8080-exec-7] INFO  c.e.D.service.impl.UserServiceImpl - User profile fetched successfully | userId=21 | timeTaken=491ms
2026-07-19 00:32:05 [http-nio-8080-exec-7] INFO  c.e.D.controller.UserController - Profile fetched successfully for userId=21
2026-07-19 00:32:05 [http-nio-8080-exec-7] DEBUG c.e.D.controller.UserController - Fetched profile data: UserProfileResponseDTO(id=21, employeeName=Siddhant Dilip Nakti, employeeId=DSS184, email=siddhantnakti01@gmail.com, mobileNo=8975145349, joiningDesignation=Application Support Engineer, currentDesignation=Application Support Engineer, department=Information Technology, company=DCS, identity=MR, pfType=WITH_PF, accountNo=2601279919239462, bankName=AU Bank, currentAddress=Vanaj,Kothrud.411038, permanentAddress=null, joiningCTC=800000.0, currentCTC=800000.0, dateOfBirth=2001-05-29, offerDate=2025-08-21, joiningDate=2025-08-25, panNo=AXVPN3340C, documents={APPOINTMENT_LETTER=DocumentResponseDTO(generated=false, data=null), INTERNSHIP_LETTER=DocumentResponseDTO(generated=false, data=null), EXPERIENCE_LETTER=DocumentResponseDTO(generated=false, data=null), FULL_AND_FINAL=DocumentResponseDTO(generated=false, data=null), CONFIRMATION_LETTER=DocumentResponseDTO(generated=false, data=null), INCREMENT_LETTER=DocumentResponseDTO(generated=false, data=null), RELIEVING_LETTER=DocumentResponseDTO(generated=false, data=null), SALARY_SLIP=DocumentResponseDTO(generated=true, data={startMonth=2026-04, endMonth=2026-06}), COMPLETION_LETTER=DocumentResponseDTO(generated=false, data=null), OFFER_LETTER=DocumentResponseDTO(generated=true, data={issueDate=2025-08-21, probationPeriod=3})})
2026-07-19 00:33:42 [HikariPool-1:housekeeper] WARN  com.zaxxer.hikari.pool.PoolBase - HikariPool-1 - Failed to validate connection com.mysql.cj.jdbc.ConnectionImpl@714b9e76 (No operations allowed after connection closed.). Possibly consider using a shorter maxLifetime value.
2026-07-19 00:34:01 [HikariPool-1:housekeeper] WARN  com.zaxxer.hikari.pool.PoolBase - HikariPool-1 - Failed to validate connection com.mysql.cj.jdbc.ConnectionImpl@119dc941 (No operations allowed after connection closed.). Possibly consider using a shorter maxLifetime value.
2026-07-19 00:34:02 [HikariPool-1:housekeeper] WARN  com.zaxxer.hikari.pool.PoolBase - HikariPool-1 - Failed to validate connection com.mysql.cj.jdbc.ConnectionImpl@6794570e (No operations allowed after connection closed.). Possibly consider using a shorter maxLifetime value.
2026-07-19 00:35:42 [HikariPool-1:housekeeper] WARN  com.zaxxer.hikari.pool.PoolBase - HikariPool-1 - Failed to validate connection com.mysql.cj.jdbc.ConnectionImpl@6e975827 (No operations allowed after connection closed.). Possibly consider using a shorter maxLifetime value.
2026-07-19 00:35:50 [HikariPool-1:housekeeper] WARN  com.zaxxer.hikari.pool.PoolBase - HikariPool-1 - Failed to validate connection com.mysql.cj.jdbc.ConnectionImpl@553a68bc (No operations allowed after connection closed.). Possibly consider using a shorter maxLifetime value.
2026-07-19 00:37:30 [HikariPool-1:housekeeper] WARN  com.zaxxer.hikari.pool.PoolBase - HikariPool-1 - Failed to validate connection com.mysql.cj.jdbc.ConnectionImpl@44d15d7f (No operations allowed after connection closed.). Possibly consider using a shorter maxLifetime value.
2026-07-19 00:37:38 [HikariPool-1:housekeeper] WARN  com.zaxxer.hikari.pool.PoolBase - HikariPool-1 - Failed to validate connection com.mysql.cj.jdbc.ConnectionImpl@2967e8ac (No operations allowed after connection closed.). Possibly consider using a shorter maxLifetime value.
2026-07-19 00:39:19 [HikariPool-1:housekeeper] WARN  com.zaxxer.hikari.pool.PoolBase - HikariPool-1 - Failed to validate connection com.mysql.cj.jdbc.ConnectionImpl@6c0205df (No operations allowed after connection closed.). Possibly consider using a shorter maxLifetime value.
2026-07-19 00:39:21 [HikariPool-1:housekeeper] WARN  com.zaxxer.hikari.pool.PoolBase - HikariPool-1 - Failed to validate connection com.mysql.cj.jdbc.ConnectionImpl@2524bba0 (No operations allowed after connection closed.). Possibly consider using a shorter maxLifetime value.
2026-07-19 00:40:02 [http-nio-8080-exec-1] INFO  c.e.Docgen_Backend.config.JwtFilter - JWT validated successfully for userId=6a311365ec2c34f3d9e4f06e
2026-07-19 00:40:02 [http-nio-8080-exec-1] INFO  c.e.D.controller.UserController - GET /api/v2/users - Fetch all users request received | page=0, size=8, sortBy=id, direction=desc
2026-07-19 00:40:02 [http-nio-8080-exec-1] WARN  com.zaxxer.hikari.pool.PoolBase - HikariPool-1 - Failed to validate connection com.mysql.cj.jdbc.ConnectionImpl@303b6c32 (No operations allowed after connection closed.). Possibly consider using a shorter maxLifetime value.
2026-07-19 00:40:02 [http-nio-8080-exec-1] WARN  com.zaxxer.hikari.pool.PoolBase - HikariPool-1 - Failed to validate connection com.mysql.cj.jdbc.ConnectionImpl@4068c446 (No operations allowed after connection closed.). Possibly consider using a shorter maxLifetime value.
2026-07-19 00:40:06 [http-nio-8080-exec-1] INFO  c.e.D.controller.UserController - Fetched 8 users on page 0 of 2
2026-07-19 00:40:06 [http-nio-8080-exec-3] INFO  c.e.Docgen_Backend.config.JwtFilter - JWT validated successfully for userId=6a311365ec2c34f3d9e4f06e
2026-07-19 00:40:06 [http-nio-8080-exec-3] INFO  c.e.D.controller.UserController - GET /api/v2/users - Fetch all users request received | page=0, size=8, sortBy=id, direction=desc
2026-07-19 00:40:07 [http-nio-8080-exec-6] INFO  c.e.Docgen_Backend.config.JwtFilter - JWT validated successfully for userId=6a311365ec2c34f3d9e4f06e
2026-07-19 00:40:07 [http-nio-8080-exec-6] INFO  c.e.D.controller.UserController - GET /api/v2/users/23 - Fetch request received
2026-07-19 00:40:07 [http-nio-8080-exec-6] INFO  c.e.D.service.impl.UserServiceImpl - Fetching user profile for edit | userId=23
2026-07-19 00:40:07 [http-nio-8080-exec-6] DEBUG c.e.D.service.impl.UserServiceImpl - User found | userId=23 | employeeId=SMDS0369
2026-07-19 00:40:07 [http-nio-8080-exec-6] INFO  c.e.D.service.impl.UserServiceImpl - User profile fetched successfully | userId=23 | timeTaken=477ms
2026-07-19 00:40:07 [http-nio-8080-exec-6] INFO  c.e.D.controller.UserController - Profile fetched successfully for userId=23
2026-07-19 00:40:07 [http-nio-8080-exec-6] DEBUG c.e.D.controller.UserController - Fetched profile data: UserProfileResponseDTO(id=23, employeeName=Anil Jejurkar, employeeId=SMDS0369, email=prathamesh69bhavsar@gmail.com, mobileNo=8007454299, joiningDesignation=Java Developer, currentDesignation=Senior Software Developer, department=Information Technology, company=DCS, identity=MR, pfType=WITH_PF, accountNo=067010110011164, bankName=Bank of india, currentAddress=N-42,VD-1/3/1,Sawta Nager,Cidco,Trimurti Chowk, permanentAddress=null, joiningCTC=360000.0, currentCTC=800000.0, dateOfBirth=1992-05-29, offerDate=2022-04-21, joiningDate=2022-05-02, panNo=BBTPJ7835H, documents={APPOINTMENT_LETTER=DocumentResponseDTO(generated=false, data=null), INTERNSHIP_LETTER=DocumentResponseDTO(generated=false, data=null), EXPERIENCE_LETTER=DocumentResponseDTO(generated=true, data={issueDate=2026-07-18, relievingDate=2026-07-19}), FULL_AND_FINAL=DocumentResponseDTO(generated=false, data=null), CONFIRMATION_LETTER=DocumentResponseDTO(generated=false, data=null), INCREMENT_LETTER=DocumentResponseDTO(generated=true, data={issueDate=2000-12-12}), RELIEVING_LETTER=DocumentResponseDTO(generated=true, data={issueDate=2026-07-19, relievingDate=2026-07-19}), SALARY_SLIP=DocumentResponseDTO(generated=true, data={startMonth=2026-04, endMonth=2026-06}), COMPLETION_LETTER=DocumentResponseDTO(generated=false, data=null), OFFER_LETTER=DocumentResponseDTO(generated=true, data={issueDate=2026-07-18, probationPeriod=7})})
2026-07-19 00:40:07 [http-nio-8080-exec-6] INFO  c.e.Docgen_Backend.config.JwtFilter - JWT validated successfully for userId=6a311365ec2c34f3d9e4f06e
2026-07-19 00:40:07 [http-nio-8080-exec-6] INFO  c.e.D.controller.UserController - GET /api/v2/users/23 - Fetch request received
2026-07-19 00:40:07 [http-nio-8080-exec-6] INFO  c.e.D.service.impl.UserServiceImpl - Fetching user profile for edit | userId=23
2026-07-19 00:40:08 [http-nio-8080-exec-6] DEBUG c.e.D.service.impl.UserServiceImpl - User found | userId=23 | employeeId=SMDS0369
2026-07-19 00:40:08 [http-nio-8080-exec-6] INFO  c.e.D.service.impl.UserServiceImpl - User profile fetched successfully | userId=23 | timeTaken=366ms
2026-07-19 00:40:08 [http-nio-8080-exec-6] INFO  c.e.D.controller.UserController - Profile fetched successfully for userId=23
2026-07-19 00:40:08 [http-nio-8080-exec-6] DEBUG c.e.D.controller.UserController - Fetched profile data: UserProfileResponseDTO(id=23, employeeName=Anil Jejurkar, employeeId=SMDS0369, email=prathamesh69bhavsar@gmail.com, mobileNo=8007454299, joiningDesignation=Java Developer, currentDesignation=Senior Software Developer, department=Information Technology, company=DCS, identity=MR, pfType=WITH_PF, accountNo=067010110011164, bankName=Bank of india, currentAddress=N-42,VD-1/3/1,Sawta Nager,Cidco,Trimurti Chowk, permanentAddress=null, joiningCTC=360000.0, currentCTC=800000.0, dateOfBirth=1992-05-29, offerDate=2022-04-21, joiningDate=2022-05-02, panNo=BBTPJ7835H, documents={APPOINTMENT_LETTER=DocumentResponseDTO(generated=false, data=null), INTERNSHIP_LETTER=DocumentResponseDTO(generated=false, data=null), EXPERIENCE_LETTER=DocumentResponseDTO(generated=true, data={issueDate=2026-07-18, relievingDate=2026-07-19}), FULL_AND_FINAL=DocumentResponseDTO(generated=false, data=null), CONFIRMATION_LETTER=DocumentResponseDTO(generated=false, data=null), INCREMENT_LETTER=DocumentResponseDTO(generated=true, data={issueDate=2000-12-12}), RELIEVING_LETTER=DocumentResponseDTO(generated=true, data={issueDate=2026-07-19, relievingDate=2026-07-19}), SALARY_SLIP=DocumentResponseDTO(generated=true, data={startMonth=2026-04, endMonth=2026-06}), COMPLETION_LETTER=DocumentResponseDTO(generated=false, data=null), OFFER_LETTER=DocumentResponseDTO(generated=true, data={issueDate=2026-07-18, probationPeriod=7})})
2026-07-19 00:40:09 [http-nio-8080-exec-3] INFO  c.e.D.controller.UserController - Fetched 8 users on page 0 of 2
2026-07-19 00:40:19 [http-nio-8080-exec-9] INFO  c.e.Docgen_Backend.config.JwtFilter - JWT validated successfully for userId=6a311365ec2c34f3d9e4f06e
2026-07-19 00:40:19 [http-nio-8080-exec-9] INFO  c.e.D.controller.UserController - PATCH /api/v2/users/23 - Update request received for employeeId=SMDS0369
2026-07-19 00:40:19 [http-nio-8080-exec-9] DEBUG c.e.D.controller.UserController - Update payload: CreateProfileRequest(employeeName=Anil Jejurkar, email=prathamesh69bhavsar@gmail.com, mobileNo=8007454299, employeeId=SMDS0369, joiningDesignation=Java Developer, currentDesignation=Senior Software Developer, department=Information Technology, currentAddress=N-42,VD-1/3/1,Sawta Nager,Cidco,Trimurti Chowk, permanentAddress=Ameerpet, accountNo=067010110011164, bankName=Bank of india, joiningCTC=360000.0, currentCTC=800000.0, dateOfBirth=1992-05-29, offerDate=2022-04-21, joiningDate=2022-05-02, panNo=BBTPJ7835H, company=DCS, pfType=WITH_PF, identity=MR, documents=[EXPERIENCE_LETTER, INCREMENT_LETTER, RELIEVING_LETTER, SALARY_SLIP, OFFER_LETTER], documentData={OFFER_LETTER={issueDate=2026-07-18, probationPeriod=7}, INCREMENT_LETTER={issueDate=2000-12-12}, EXPERIENCE_LETTER={relievingDate=2026-07-19, issueDate=2026-07-18}, RELIEVING_LETTER={relievingDate=2026-07-19, issueDate=2026-07-19}, SALARY_SLIP={startMonth=2026-04, endMonth=2026-06, salaryWorkdays={2026-04=30, 2026-05=31, 2026-06=30}}})
2026-07-19 00:40:19 [http-nio-8080-exec-9] INFO  c.e.D.service.impl.UserServiceImpl - Updating user profile | userId=23 | employeeId=SMDS0369
2026-07-19 00:40:19 [http-nio-8080-exec-9] DEBUG c.e.D.service.impl.UserServiceImpl - Existing user fetched | userId=23 | oldEmployeeId=SMDS0369
2026-07-19 00:40:19 [http-nio-8080-exec-9] DEBUG c.e.D.service.impl.UserServiceImpl - Updating documents | userId=23
2026-07-19 00:40:20 [http-nio-8080-exec-9] INFO  c.e.D.service.impl.UserServiceImpl - User profile updated successfully | userId=23 | timeTaken=545ms
2026-07-19 00:40:20 [http-nio-8080-exec-9] INFO  c.e.D.controller.UserController - Profile updated successfully for userId=23, employeeId=SMDS0369
2026-07-19 00:40:28 [http-nio-8080-exec-1] INFO  c.e.Docgen_Backend.config.JwtFilter - JWT validated successfully for userId=6a311365ec2c34f3d9e4f06e
2026-07-19 00:40:28 [http-nio-8080-exec-1] INFO  c.e.D.controller.UserController - GET /api/v2/users - Fetch all users request received | page=0, size=8, sortBy=id, direction=desc
2026-07-19 00:40:30 [http-nio-8080-exec-1] INFO  c.e.D.controller.UserController - Fetched 8 users on page 0 of 2
2026-07-19 00:40:30 [http-nio-8080-exec-4] INFO  c.e.Docgen_Backend.config.JwtFilter - JWT validated successfully for userId=6a311365ec2c34f3d9e4f06e
2026-07-19 00:40:30 [http-nio-8080-exec-4] INFO  c.e.D.controller.UserController - GET /api/v2/users - Fetch all users request received | page=0, size=8, sortBy=id, direction=desc
2026-07-19 00:40:31 [http-nio-8080-exec-6] INFO  c.e.Docgen_Backend.config.JwtFilter - JWT validated successfully for userId=6a311365ec2c34f3d9e4f06e
2026-07-19 00:40:31 [http-nio-8080-exec-6] INFO  c.e.D.controller.UserController - GET /api/v2/users/23 - Fetch request received
2026-07-19 00:40:31 [http-nio-8080-exec-6] INFO  c.e.D.service.impl.UserServiceImpl - Fetching user profile for edit | userId=23
2026-07-19 00:40:31 [http-nio-8080-exec-6] WARN  com.zaxxer.hikari.pool.PoolBase - HikariPool-1 - Failed to validate connection com.mysql.cj.jdbc.ConnectionImpl@1713f6f6 (No operations allowed after connection closed.). Possibly consider using a shorter maxLifetime value.
2026-07-19 00:40:31 [http-nio-8080-exec-6] WARN  com.zaxxer.hikari.pool.PoolBase - HikariPool-1 - Failed to validate connection com.mysql.cj.jdbc.ConnectionImpl@612ffa4a (No operations allowed after connection closed.). Possibly consider using a shorter maxLifetime value.
2026-07-19 00:40:32 [http-nio-8080-exec-6] DEBUG c.e.D.service.impl.UserServiceImpl - User found | userId=23 | employeeId=SMDS0369
2026-07-19 00:40:32 [http-nio-8080-exec-6] INFO  c.e.D.service.impl.UserServiceImpl - User profile fetched successfully | userId=23 | timeTaken=486ms
2026-07-19 00:40:32 [http-nio-8080-exec-6] INFO  c.e.D.controller.UserController - Profile fetched successfully for userId=23
2026-07-19 00:40:32 [http-nio-8080-exec-6] DEBUG c.e.D.controller.UserController - Fetched profile data: UserProfileResponseDTO(id=23, employeeName=Anil Jejurkar, employeeId=SMDS0369, email=prathamesh69bhavsar@gmail.com, mobileNo=8007454299, joiningDesignation=Java Developer, currentDesignation=Senior Software Developer, department=Information Technology, company=DCS, identity=MR, pfType=WITH_PF, accountNo=067010110011164, bankName=Bank of india, currentAddress=N-42,VD-1/3/1,Sawta Nager,Cidco,Trimurti Chowk, permanentAddress=Ameerpet, joiningCTC=360000.0, currentCTC=800000.0, dateOfBirth=1992-05-29, offerDate=2022-04-21, joiningDate=2022-05-02, panNo=BBTPJ7835H, documents={APPOINTMENT_LETTER=DocumentResponseDTO(generated=false, data=null), INTERNSHIP_LETTER=DocumentResponseDTO(generated=false, data=null), EXPERIENCE_LETTER=DocumentResponseDTO(generated=true, data={issueDate=2026-07-18, relievingDate=2026-07-19}), FULL_AND_FINAL=DocumentResponseDTO(generated=false, data=null), CONFIRMATION_LETTER=DocumentResponseDTO(generated=false, data=null), INCREMENT_LETTER=DocumentResponseDTO(generated=true, data={issueDate=2000-12-12}), RELIEVING_LETTER=DocumentResponseDTO(generated=true, data={issueDate=2026-07-19, relievingDate=2026-07-19}), SALARY_SLIP=DocumentResponseDTO(generated=true, data={startMonth=2026-04, endMonth=2026-06}), COMPLETION_LETTER=DocumentResponseDTO(generated=false, data=null), OFFER_LETTER=DocumentResponseDTO(generated=true, data={issueDate=2026-07-18, probationPeriod=7})})
2026-07-19 00:40:32 [http-nio-8080-exec-3] INFO  c.e.Docgen_Backend.config.JwtFilter - JWT validated successfully for userId=6a311365ec2c34f3d9e4f06e
2026-07-19 00:40:32 [http-nio-8080-exec-3] INFO  c.e.D.controller.UserController - GET /api/v2/users/23 - Fetch request received
2026-07-19 00:40:32 [http-nio-8080-exec-3] INFO  c.e.D.service.impl.UserServiceImpl - Fetching user profile for edit | userId=23
2026-07-19 00:40:32 [http-nio-8080-exec-3] DEBUG c.e.D.service.impl.UserServiceImpl - User found | userId=23 | employeeId=SMDS0369
2026-07-19 00:40:32 [http-nio-8080-exec-3] INFO  c.e.D.service.impl.UserServiceImpl - User profile fetched successfully | userId=23 | timeTaken=739ms
2026-07-19 00:40:32 [http-nio-8080-exec-3] INFO  c.e.D.controller.UserController - Profile fetched successfully for userId=23
2026-07-19 00:40:32 [http-nio-8080-exec-3] DEBUG c.e.D.controller.UserController - Fetched profile data: UserProfileResponseDTO(id=23, employeeName=Anil Jejurkar, employeeId=SMDS0369, email=prathamesh69bhavsar@gmail.com, mobileNo=8007454299, joiningDesignation=Java Developer, currentDesignation=Senior Software Developer, department=Information Technology, company=DCS, identity=MR, pfType=WITH_PF, accountNo=067010110011164, bankName=Bank of india, currentAddress=N-42,VD-1/3/1,Sawta Nager,Cidco,Trimurti Chowk, permanentAddress=Ameerpet, joiningCTC=360000.0, currentCTC=800000.0, dateOfBirth=1992-05-29, offerDate=2022-04-21, joiningDate=2022-05-02, panNo=BBTPJ7835H, documents={APPOINTMENT_LETTER=DocumentResponseDTO(generated=false, data=null), INTERNSHIP_LETTER=DocumentResponseDTO(generated=false, data=null), EXPERIENCE_LETTER=DocumentResponseDTO(generated=true, data={issueDate=2026-07-18, relievingDate=2026-07-19}), FULL_AND_FINAL=DocumentResponseDTO(generated=false, data=null), CONFIRMATION_LETTER=DocumentResponseDTO(generated=false, data=null), INCREMENT_LETTER=DocumentResponseDTO(generated=true, data={issueDate=2000-12-12}), RELIEVING_LETTER=DocumentResponseDTO(generated=true, data={issueDate=2026-07-19, relievingDate=2026-07-19}), SALARY_SLIP=DocumentResponseDTO(generated=true, data={startMonth=2026-04, endMonth=2026-06}), COMPLETION_LETTER=DocumentResponseDTO(generated=false, data=null), OFFER_LETTER=DocumentResponseDTO(generated=true, data={issueDate=2026-07-18, probationPeriod=7})})
2026-07-19 00:40:33 [http-nio-8080-exec-4] INFO  c.e.D.controller.UserController - Fetched 8 users on page 0 of 2
2026-07-19 00:42:00 [HikariPool-1:housekeeper] WARN  com.zaxxer.hikari.pool.PoolBase - HikariPool-1 - Failed to validate connection com.mysql.cj.jdbc.ConnectionImpl@33b6fd19 (No operations allowed after connection closed.). Possibly consider using a shorter maxLifetime value.
2026-07-19 00:42:16 [HikariPool-1:housekeeper] WARN  com.zaxxer.hikari.pool.PoolBase - HikariPool-1 - Failed to validate connection com.mysql.cj.jdbc.ConnectionImpl@7c7abb60 (No operations allowed after connection closed.). Possibly consider using a shorter maxLifetime value.
2026-07-19 00:42:16 [HikariPool-1:housekeeper] WARN  com.zaxxer.hikari.pool.PoolBase - HikariPool-1 - Failed to validate connection com.mysql.cj.jdbc.ConnectionImpl@78d99248 (No operations allowed after connection closed.). Possibly consider using a shorter maxLifetime value.
2026-07-19 00:42:20 [HikariPool-1:housekeeper] WARN  com.zaxxer.hikari.pool.PoolBase - HikariPool-1 - Failed to validate connection com.mysql.cj.jdbc.ConnectionImpl@6136b4c (No operations allowed after connection closed.). Possibly consider using a shorter maxLifetime value.
2026-07-19 00:44:02 [http-nio-8080-exec-5] INFO  c.e.Docgen_Backend.config.JwtFilter - JWT validated successfully for userId=6a311365ec2c34f3d9e4f06e
2026-07-19 00:44:02 [http-nio-8080-exec-5] INFO  c.e.D.controller.UserController - GET /api/v2/users - Fetch all users request received | page=0, size=8, sortBy=id, direction=desc
2026-07-19 00:44:02 [http-nio-8080-exec-5] WARN  com.zaxxer.hikari.pool.PoolBase - HikariPool-1 - Failed to validate connection com.mysql.cj.jdbc.ConnectionImpl@3e07505d (No operations allowed after connection closed.). Possibly consider using a shorter maxLifetime value.
2026-07-19 00:44:02 [http-nio-8080-exec-5] WARN  com.zaxxer.hikari.pool.PoolBase - HikariPool-1 - Failed to validate connection com.mysql.cj.jdbc.ConnectionImpl@21985d77 (No operations allowed after connection closed.). Possibly consider using a shorter maxLifetime value.
2026-07-19 00:44:05 [http-nio-8080-exec-5] INFO  c.e.D.controller.UserController - Fetched 8 users on page 0 of 2
2026-07-19 00:44:05 [http-nio-8080-exec-8] INFO  c.e.Docgen_Backend.config.JwtFilter - JWT validated successfully for userId=6a311365ec2c34f3d9e4f06e
2026-07-19 00:44:05 [http-nio-8080-exec-8] INFO  c.e.D.controller.UserController - GET /api/v2/users - Fetch all users request received | page=0, size=8, sortBy=id, direction=desc
2026-07-19 00:44:06 [http-nio-8080-exec-4] INFO  c.e.Docgen_Backend.config.JwtFilter - JWT validated successfully for userId=6a311365ec2c34f3d9e4f06e
2026-07-19 00:44:06 [http-nio-8080-exec-4] INFO  c.e.D.controller.UserController - GET /api/v2/users/23 - Fetch request received
2026-07-19 00:44:06 [http-nio-8080-exec-4] INFO  c.e.D.service.impl.UserServiceImpl - Fetching user profile for edit | userId=23
2026-07-19 00:44:07 [http-nio-8080-exec-4] DEBUG c.e.D.service.impl.UserServiceImpl - User found | userId=23 | employeeId=SMDS0369
2026-07-19 00:44:07 [http-nio-8080-exec-4] INFO  c.e.D.service.impl.UserServiceImpl - User profile fetched successfully | userId=23 | timeTaken=438ms
2026-07-19 00:44:07 [http-nio-8080-exec-4] INFO  c.e.D.controller.UserController - Profile fetched successfully for userId=23
2026-07-19 00:44:07 [http-nio-8080-exec-4] DEBUG c.e.D.controller.UserController - Fetched profile data: UserProfileResponseDTO(id=23, employeeName=Anil Jejurkar, employeeId=SMDS0369, email=prathamesh69bhavsar@gmail.com, mobileNo=8007454299, joiningDesignation=Java Developer, currentDesignation=Senior Software Developer, department=Information Technology, company=DCS, identity=MR, pfType=WITH_PF, accountNo=067010110011164, bankName=Bank of india, currentAddress=N-42,VD-1/3/1,Sawta Nager,Cidco,Trimurti Chowk, permanentAddress=Ameerpet, joiningCTC=360000.0, currentCTC=800000.0, dateOfBirth=1992-05-29, offerDate=2022-04-21, joiningDate=2022-05-02, panNo=BBTPJ7835H, documents={APPOINTMENT_LETTER=DocumentResponseDTO(generated=false, data=null), INTERNSHIP_LETTER=DocumentResponseDTO(generated=false, data=null), EXPERIENCE_LETTER=DocumentResponseDTO(generated=true, data={issueDate=2026-07-18, relievingDate=2026-07-19}), FULL_AND_FINAL=DocumentResponseDTO(generated=false, data=null), CONFIRMATION_LETTER=DocumentResponseDTO(generated=false, data=null), INCREMENT_LETTER=DocumentResponseDTO(generated=true, data={issueDate=2000-12-12}), RELIEVING_LETTER=DocumentResponseDTO(generated=true, data={issueDate=2026-07-19, relievingDate=2026-07-19}), SALARY_SLIP=DocumentResponseDTO(generated=true, data={startMonth=2026-04, endMonth=2026-06}), COMPLETION_LETTER=DocumentResponseDTO(generated=false, data=null), OFFER_LETTER=DocumentResponseDTO(generated=true, data={issueDate=2026-07-18, probationPeriod=7})})
2026-07-19 00:44:07 [http-nio-8080-exec-7] INFO  c.e.Docgen_Backend.config.JwtFilter - JWT validated successfully for userId=6a311365ec2c34f3d9e4f06e
2026-07-19 00:44:07 [http-nio-8080-exec-7] INFO  c.e.D.controller.UserController - GET /api/v2/users/23 - Fetch request received
2026-07-19 00:44:07 [http-nio-8080-exec-7] INFO  c.e.D.service.impl.UserServiceImpl - Fetching user profile for edit | userId=23
2026-07-19 00:44:07 [http-nio-8080-exec-7] DEBUG c.e.D.service.impl.UserServiceImpl - User found | userId=23 | employeeId=SMDS0369
2026-07-19 00:44:07 [http-nio-8080-exec-7] INFO  c.e.D.service.impl.UserServiceImpl - User profile fetched successfully | userId=23 | timeTaken=478ms
2026-07-19 00:44:07 [http-nio-8080-exec-7] INFO  c.e.D.controller.UserController - Profile fetched successfully for userId=23
2026-07-19 00:44:07 [http-nio-8080-exec-7] DEBUG c.e.D.controller.UserController - Fetched profile data: UserProfileResponseDTO(id=23, employeeName=Anil Jejurkar, employeeId=SMDS0369, email=prathamesh69bhavsar@gmail.com, mobileNo=8007454299, joiningDesignation=Java Developer, currentDesignation=Senior Software Developer, department=Information Technology, company=DCS, identity=MR, pfType=WITH_PF, accountNo=067010110011164, bankName=Bank of india, currentAddress=N-42,VD-1/3/1,Sawta Nager,Cidco,Trimurti Chowk, permanentAddress=Ameerpet, joiningCTC=360000.0, currentCTC=800000.0, dateOfBirth=1992-05-29, offerDate=2022-04-21, joiningDate=2022-05-02, panNo=BBTPJ7835H, documents={APPOINTMENT_LETTER=DocumentResponseDTO(generated=false, data=null), INTERNSHIP_LETTER=DocumentResponseDTO(generated=false, data=null), EXPERIENCE_LETTER=DocumentResponseDTO(generated=true, data={issueDate=2026-07-18, relievingDate=2026-07-19}), FULL_AND_FINAL=DocumentResponseDTO(generated=false, data=null), CONFIRMATION_LETTER=DocumentResponseDTO(generated=false, data=null), INCREMENT_LETTER=DocumentResponseDTO(generated=true, data={issueDate=2000-12-12}), RELIEVING_LETTER=DocumentResponseDTO(generated=true, data={issueDate=2026-07-19, relievingDate=2026-07-19}), SALARY_SLIP=DocumentResponseDTO(generated=true, data={startMonth=2026-04, endMonth=2026-06}), COMPLETION_LETTER=DocumentResponseDTO(generated=false, data=null), OFFER_LETTER=DocumentResponseDTO(generated=true, data={issueDate=2026-07-18, probationPeriod=7})})
2026-07-19 00:44:08 [http-nio-8080-exec-8] INFO  c.e.D.controller.UserController - Fetched 8 users on page 0 of 2
2026-07-19 00:44:13 [http-nio-8080-exec-10] INFO  c.e.Docgen_Backend.config.JwtFilter - JWT validated successfully for userId=6a311365ec2c34f3d9e4f06e
2026-07-19 00:44:13 [http-nio-8080-exec-10] INFO  c.e.D.controller.UserController - PATCH /api/v2/users/23 - Update request received for employeeId=SMDS0369
2026-07-19 00:44:13 [http-nio-8080-exec-10] DEBUG c.e.D.controller.UserController - Update payload: CreateProfileRequest(employeeName=Anil Jejurkar, email=prathamesh69bhavsar@gmail.com, mobileNo=8007454299, employeeId=SMDS0369, joiningDesignation=Java Developer, currentDesignation=Senior Software Developer, department=Information Technology, currentAddress=N-42,VD-1/3/1,Sawta Nager,Cidco,Trimurti Chowk, permanentAddress=Ameerpet, accountNo=067010110011164, bankName=Bank of india, joiningCTC=360000.0, currentCTC=800000.0, dateOfBirth=1992-05-29, offerDate=2022-04-21, joiningDate=2022-05-02, panNo=BBTPJ7835H, company=DCS, pfType=WITH_PF, identity=MR, documents=[EXPERIENCE_LETTER, INCREMENT_LETTER, RELIEVING_LETTER, SALARY_SLIP, OFFER_LETTER], documentData={OFFER_LETTER={issueDate=2026-07-18, probationPeriod=7}, INCREMENT_LETTER={issueDate=2000-12-12}, EXPERIENCE_LETTER={relievingDate=2026-07-19, issueDate=2026-07-18}, RELIEVING_LETTER={relievingDate=2026-07-19, issueDate=2026-07-19}, SALARY_SLIP={startMonth=2026-04, endMonth=2026-06, salaryWorkdays={2026-04=30, 2026-05=31, 2026-06=30}}})
2026-07-19 00:44:13 [http-nio-8080-exec-10] INFO  c.e.D.service.impl.UserServiceImpl - Updating user profile | userId=23 | employeeId=SMDS0369
2026-07-19 00:44:14 [http-nio-8080-exec-10] DEBUG c.e.D.service.impl.UserServiceImpl - Existing user fetched | userId=23 | oldEmployeeId=SMDS0369
2026-07-19 00:44:14 [http-nio-8080-exec-10] DEBUG c.e.D.service.impl.UserServiceImpl - Updating documents | userId=23
2026-07-19 00:44:14 [http-nio-8080-exec-10] INFO  c.e.D.service.impl.UserServiceImpl - User profile updated successfully | userId=23 | timeTaken=706ms
2026-07-19 00:44:14 [http-nio-8080-exec-10] INFO  c.e.D.controller.UserController - Profile updated successfully for userId=23, employeeId=SMDS0369
2026-07-19 00:45:41 [HikariPool-1:housekeeper] WARN  com.zaxxer.hikari.pool.PoolBase - HikariPool-1 - Failed to validate connection com.mysql.cj.jdbc.ConnectionImpl@2f9b6155 (No operations allowed after connection closed.). Possibly consider using a shorter maxLifetime value.
2026-07-19 00:45:56 [HikariPool-1:housekeeper] WARN  com.zaxxer.hikari.pool.PoolBase - HikariPool-1 - Failed to validate connection com.mysql.cj.jdbc.ConnectionImpl@78b31617 (No operations allowed after connection closed.). Possibly consider using a shorter maxLifetime value.
2026-07-19 00:46:02 [HikariPool-1:housekeeper] WARN  com.zaxxer.hikari.pool.PoolBase - HikariPool-1 - Failed to validate connection com.mysql.cj.jdbc.ConnectionImpl@11020f66 (No operations allowed after connection closed.). Possibly consider using a shorter maxLifetime value.
2026-07-19 00:47:52 [HikariPool-1:housekeeper] WARN  com.zaxxer.hikari.pool.PoolBase - HikariPool-1 - Failed to validate connection com.mysql.cj.jdbc.ConnectionImpl@59357df7 (No operations allowed after connection closed.). Possibly consider using a shorter maxLifetime value.
2026-07-19 00:48:02 [HikariPool-1:housekeeper] WARN  com.zaxxer.hikari.pool.PoolBase - HikariPool-1 - Failed to validate connection com.mysql.cj.jdbc.ConnectionImpl@72f666f (No operations allowed after connection closed.). Possibly consider using a shorter maxLifetime value.
2026-07-19 00:49:40 [HikariPool-1:housekeeper] WARN  com.zaxxer.hikari.pool.PoolBase - HikariPool-1 - Failed to validate connection com.mysql.cj.jdbc.ConnectionImpl@7a6572a2 (No operations allowed after connection closed.). Possibly consider using a shorter maxLifetime value.
2026-07-19 00:49:52 [HikariPool-1:housekeeper] WARN  com.zaxxer.hikari.pool.PoolBase - HikariPool-1 - Failed to validate connection com.mysql.cj.jdbc.ConnectionImpl@396a7702 (No operations allowed after connection closed.). Possibly consider using a shorter maxLifetime value.
2026-07-19 00:51:40 [HikariPool-1:housekeeper] WARN  com.zaxxer.hikari.pool.PoolBase - HikariPool-1 - Failed to validate connection com.mysql.cj.jdbc.ConnectionImpl@b016416 (No operations allowed after connection closed.). Possibly consider using a shorter maxLifetime value.
2026-07-19 00:51:51 [HikariPool-1:housekeeper] WARN  com.zaxxer.hikari.pool.PoolBase - HikariPool-1 - Failed to validate connection com.mysql.cj.jdbc.ConnectionImpl@774bda12 (No operations allowed after connection closed.). Possibly consider using a shorter maxLifetime value.
2026-07-19 00:53:28 [HikariPool-1:housekeeper] WARN  com.zaxxer.hikari.pool.PoolBase - HikariPool-1 - Failed to validate connection com.mysql.cj.jdbc.ConnectionImpl@2afb050d (No operations allowed after connection closed.). Possibly consider using a shorter maxLifetime value.
2026-07-19 00:53:32 [HikariPool-1:housekeeper] WARN  com.zaxxer.hikari.pool.PoolBase - HikariPool-1 - Failed to validate connection com.mysql.cj.jdbc.ConnectionImpl@5daf5ea (No operations allowed after connection closed.). Possibly consider using a shorter maxLifetime value.
2026-07-19 00:55:09 [HikariPool-1:housekeeper] WARN  com.zaxxer.hikari.pool.PoolBase - HikariPool-1 - Failed to validate connection com.mysql.cj.jdbc.ConnectionImpl@78d14610 (No operations allowed after connection closed.). Possibly consider using a shorter maxLifetime value.
2026-07-19 00:55:13 [HikariPool-1:housekeeper] WARN  com.zaxxer.hikari.pool.PoolBase - HikariPool-1 - Failed to validate connection com.mysql.cj.jdbc.ConnectionImpl@67fc5ed2 (No operations allowed after connection closed.). Possibly consider using a shorter maxLifetime value.
2026-07-19 00:56:58 [HikariPool-1:housekeeper] WARN  com.zaxxer.hikari.pool.PoolBase - HikariPool-1 - Failed to validate connection com.mysql.cj.jdbc.ConnectionImpl@355b9262 (No operations allowed after connection closed.). Possibly consider using a shorter maxLifetime value.
2026-07-19 00:57:01 [HikariPool-1:housekeeper] WARN  com.zaxxer.hikari.pool.PoolBase - HikariPool-1 - Failed to validate connection com.mysql.cj.jdbc.ConnectionImpl@4a0e473b (No operations allowed after connection closed.). Possibly consider using a shorter maxLifetime value.
2026-07-19 00:58:40 [HikariPool-1:housekeeper] WARN  com.zaxxer.hikari.pool.PoolBase - HikariPool-1 - Failed to validate connection com.mysql.cj.jdbc.ConnectionImpl@4f019a66 (No operations allowed after connection closed.). Possibly consider using a shorter maxLifetime value.
2026-07-19 00:58:50 [HikariPool-1:housekeeper] WARN  com.zaxxer.hikari.pool.PoolBase - HikariPool-1 - Failed to validate connection com.mysql.cj.jdbc.ConnectionImpl@247256f6 (No operations allowed after connection closed.). Possibly consider using a shorter maxLifetime value.
2026-07-19 01:00:20 [HikariPool-1:housekeeper] WARN  com.zaxxer.hikari.pool.PoolBase - HikariPool-1 - Failed to validate connection com.mysql.cj.jdbc.ConnectionImpl@5fec918f (No operations allowed after connection closed.). Possibly consider using a shorter maxLifetime value.
2026-07-19 01:00:32 [HikariPool-1:housekeeper] WARN  com.zaxxer.hikari.pool.PoolBase - HikariPool-1 - Failed to validate connection com.mysql.cj.jdbc.ConnectionImpl@49542409 (No operations allowed after connection closed.). Possibly consider using a shorter maxLifetime value.
2026-07-19 01:02:20 [HikariPool-1:housekeeper] WARN  com.zaxxer.hikari.pool.PoolBase - HikariPool-1 - Failed to validate connection com.mysql.cj.jdbc.ConnectionImpl@1d712d2 (No operations allowed after connection closed.). Possibly consider using a shorter maxLifetime value.
2026-07-19 01:02:24 [HikariPool-1:housekeeper] WARN  com.zaxxer.hikari.pool.PoolBase - HikariPool-1 - Failed to validate connection com.mysql.cj.jdbc.ConnectionImpl@2e6c02de (No operations allowed after connection closed.). Possibly consider using a shorter maxLifetime value.
2026-07-19 01:03:59 [HikariPool-1:housekeeper] WARN  com.zaxxer.hikari.pool.PoolBase - HikariPool-1 - Failed to validate connection com.mysql.cj.jdbc.ConnectionImpl@70d9d8d2 (No operations allowed after connection closed.). Possibly consider using a shorter maxLifetime value.
2026-07-19 01:04:20 [HikariPool-1:housekeeper] WARN  com.zaxxer.hikari.pool.PoolBase - HikariPool-1 - Failed to validate connection com.mysql.cj.jdbc.ConnectionImpl@f844562 (No operations allowed after connection closed.). Possibly consider using a shorter maxLifetime value.
2026-07-19 01:05:44 [HikariPool-1:housekeeper] WARN  com.zaxxer.hikari.pool.PoolBase - HikariPool-1 - Failed to validate connection com.mysql.cj.jdbc.ConnectionImpl@7f119312 (No operations allowed after connection closed.). Possibly consider using a shorter maxLifetime value.
2026-07-19 01:06:16 [HikariPool-1:housekeeper] WARN  com.zaxxer.hikari.pool.PoolBase - HikariPool-1 - Failed to validate connection com.mysql.cj.jdbc.ConnectionImpl@135fb148 (No operations allowed after connection closed.). Possibly consider using a shorter maxLifetime value.
2026-07-19 01:07:39 [HikariPool-1:housekeeper] WARN  com.zaxxer.hikari.pool.PoolBase - HikariPool-1 - Failed to validate connection com.mysql.cj.jdbc.ConnectionImpl@27374a29 (No operations allowed after connection closed.). Possibly consider using a shorter maxLifetime value.
2026-07-19 01:08:08 [HikariPool-1:housekeeper] WARN  com.zaxxer.hikari.pool.PoolBase - HikariPool-1 - Failed to validate connection com.mysql.cj.jdbc.ConnectionImpl@1d60a055 (No operations allowed after connection closed.). Possibly consider using a shorter maxLifetime value.
2026-07-19 01:09:24 [HikariPool-1:housekeeper] WARN  com.zaxxer.hikari.pool.PoolBase - HikariPool-1 - Failed to validate connection com.mysql.cj.jdbc.ConnectionImpl@3ab919d9 (No operations allowed after connection closed.). Possibly consider using a shorter maxLifetime value.
2026-07-19 01:10:05 [HikariPool-1:housekeeper] WARN  com.zaxxer.hikari.pool.PoolBase - HikariPool-1 - Failed to validate connection com.mysql.cj.jdbc.ConnectionImpl@d635bd5 (No operations allowed after connection closed.). Possibly consider using a shorter maxLifetime value.
2026-07-19 01:11:24 [HikariPool-1:housekeeper] WARN  com.zaxxer.hikari.pool.PoolBase - HikariPool-1 - Failed to validate connection com.mysql.cj.jdbc.ConnectionImpl@4bd8d8f9 (No operations allowed after connection closed.). Possibly consider using a shorter maxLifetime value.
2026-07-19 01:12:02 [HikariPool-1:housekeeper] WARN  com.zaxxer.hikari.pool.PoolBase - HikariPool-1 - Failed to validate connection com.mysql.cj.jdbc.ConnectionImpl@aee684 (No operations allowed after connection closed.). Possibly consider using a shorter maxLifetime value.
2026-07-19 01:13:20 [HikariPool-1:housekeeper] WARN  com.zaxxer.hikari.pool.PoolBase - HikariPool-1 - Failed to validate connection com.mysql.cj.jdbc.ConnectionImpl@5ffdc9d6 (No operations allowed after connection closed.). Possibly consider using a shorter maxLifetime value.
2026-07-19 01:14:00 [HikariPool-1:housekeeper] WARN  com.zaxxer.hikari.pool.PoolBase - HikariPool-1 - Failed to validate connection com.mysql.cj.jdbc.ConnectionImpl@1a747f20 (No operations allowed after connection closed.). Possibly consider using a shorter maxLifetime value.
2026-07-19 01:15:13 [HikariPool-1:housekeeper] WARN  com.zaxxer.hikari.pool.PoolBase - HikariPool-1 - Failed to validate connection com.mysql.cj.jdbc.ConnectionImpl@7566035 (No operations allowed after connection closed.). Possibly consider using a shorter maxLifetime value.
2026-07-19 01:15:39 [HikariPool-1:housekeeper] WARN  com.zaxxer.hikari.pool.PoolBase - HikariPool-1 - Failed to validate connection com.mysql.cj.jdbc.ConnectionImpl@1a29cf94 (No operations allowed after connection closed.). Possibly consider using a shorter maxLifetime value.
2026-07-19 01:17:03 [HikariPool-1:housekeeper] WARN  com.zaxxer.hikari.pool.PoolBase - HikariPool-1 - Failed to validate connection com.mysql.cj.jdbc.ConnectionImpl@3d6fd871 (No operations allowed after connection closed.). Possibly consider using a shorter maxLifetime value.
2026-07-19 01:17:33 [HikariPool-1:housekeeper] WARN  com.zaxxer.hikari.pool.PoolBase - HikariPool-1 - Failed to validate connection com.mysql.cj.jdbc.ConnectionImpl@2374d208 (No operations allowed after connection closed.). Possibly consider using a shorter maxLifetime value.
2026-07-19 01:18:45 [HikariPool-1:housekeeper] WARN  com.zaxxer.hikari.pool.PoolBase - HikariPool-1 - Failed to validate connection com.mysql.cj.jdbc.ConnectionImpl@bc93440 (No operations allowed after connection closed.). Possibly consider using a shorter maxLifetime value.
2026-07-19 01:19:31 [HikariPool-1:housekeeper] WARN  com.zaxxer.hikari.pool.PoolBase - HikariPool-1 - Failed to validate connection com.mysql.cj.jdbc.ConnectionImpl@56b592ca (No operations allowed after connection closed.). Possibly consider using a shorter maxLifetime value.
2026-07-19 01:20:32 [HikariPool-1:housekeeper] WARN  com.zaxxer.hikari.pool.PoolBase - HikariPool-1 - Failed to validate connection com.mysql.cj.jdbc.ConnectionImpl@6a4f8668 (No operations allowed after connection closed.). Possibly consider using a shorter maxLifetime value.
2026-07-19 01:21:21 [HikariPool-1:housekeeper] WARN  com.zaxxer.hikari.pool.PoolBase - HikariPool-1 - Failed to validate connection com.mysql.cj.jdbc.ConnectionImpl@644762fe (No operations allowed after connection closed.). Possibly consider using a shorter maxLifetime value.
2026-07-19 01:22:15 [HikariPool-1:housekeeper] WARN  com.zaxxer.hikari.pool.PoolBase - HikariPool-1 - Failed to validate connection com.mysql.cj.jdbc.ConnectionImpl@6c3581df (No operations allowed after connection closed.). Possibly consider using a shorter maxLifetime value.
2026-07-19 01:23:04 [HikariPool-1:housekeeper] WARN  com.zaxxer.hikari.pool.PoolBase - HikariPool-1 - Failed to validate connection com.mysql.cj.jdbc.ConnectionImpl@59cf6970 (No operations allowed after connection closed.). Possibly consider using a shorter maxLifetime value.
2026-07-19 01:24:10 [HikariPool-1:housekeeper] WARN  com.zaxxer.hikari.pool.PoolBase - HikariPool-1 - Failed to validate connection com.mysql.cj.jdbc.ConnectionImpl@1a4921e7 (No operations allowed after connection closed.). Possibly consider using a shorter maxLifetime value.
2026-07-19 01:24:47 [HikariPool-1:housekeeper] WARN  com.zaxxer.hikari.pool.PoolBase - HikariPool-1 - Failed to validate connection com.mysql.cj.jdbc.ConnectionImpl@3b7259c2 (No operations allowed after connection closed.). Possibly consider using a shorter maxLifetime value.
2026-07-19 01:25:53 [HikariPool-1:housekeeper] WARN  com.zaxxer.hikari.pool.PoolBase - HikariPool-1 - Failed to validate connection com.mysql.cj.jdbc.ConnectionImpl@21dc3d5c (No operations allowed after connection closed.). Possibly consider using a shorter maxLifetime value.
2026-07-19 01:26:31 [HikariPool-1:housekeeper] WARN  com.zaxxer.hikari.pool.PoolBase - HikariPool-1 - Failed to validate connection com.mysql.cj.jdbc.ConnectionImpl@301e8f13 (No operations allowed after connection closed.). Possibly consider using a shorter maxLifetime value.
2026-07-19 01:27:34 [HikariPool-1:housekeeper] WARN  com.zaxxer.hikari.pool.PoolBase - HikariPool-1 - Failed to validate connection com.mysql.cj.jdbc.ConnectionImpl@497f79ef (No operations allowed after connection closed.). Possibly consider using a shorter maxLifetime value.
2026-07-19 01:28:20 [HikariPool-1:housekeeper] WARN  com.zaxxer.hikari.pool.PoolBase - HikariPool-1 - Failed to validate connection com.mysql.cj.jdbc.ConnectionImpl@4f59f723 (No operations allowed after connection closed.). Possibly consider using a shorter maxLifetime value.
2026-07-19 01:29:14 [HikariPool-1:housekeeper] WARN  com.zaxxer.hikari.pool.PoolBase - HikariPool-1 - Failed to validate connection com.mysql.cj.jdbc.ConnectionImpl@380db643 (No operations allowed after connection closed.). Possibly consider using a shorter maxLifetime value.
2026-07-19 01:30:15 [HikariPool-1:housekeeper] WARN  com.zaxxer.hikari.pool.PoolBase - HikariPool-1 - Failed to validate connection com.mysql.cj.jdbc.ConnectionImpl@6f7ba5e2 (No operations allowed after connection closed.). Possibly consider using a shorter maxLifetime value.
2026-07-19 01:31:12 [HikariPool-1:housekeeper] WARN  com.zaxxer.hikari.pool.PoolBase - HikariPool-1 - Failed to validate connection com.mysql.cj.jdbc.ConnectionImpl@485be4cc (No operations allowed after connection closed.). Possibly consider using a shorter maxLifetime value.
2026-07-19 01:32:13 [HikariPool-1:housekeeper] WARN  com.zaxxer.hikari.pool.PoolBase - HikariPool-1 - Failed to validate connection com.mysql.cj.jdbc.ConnectionImpl@482a795b (No operations allowed after connection closed.). Possibly consider using a shorter maxLifetime value.
2026-07-19 01:33:06 [HikariPool-1:housekeeper] WARN  com.zaxxer.hikari.pool.PoolBase - HikariPool-1 - Failed to validate connection com.mysql.cj.jdbc.ConnectionImpl@533f0948 (No operations allowed after connection closed.). Possibly consider using a shorter maxLifetime value.
2026-07-19 01:33:59 [HikariPool-1:housekeeper] WARN  com.zaxxer.hikari.pool.PoolBase - HikariPool-1 - Failed to validate connection com.mysql.cj.jdbc.ConnectionImpl@7f16bd59 (No operations allowed after connection closed.). Possibly consider using a shorter maxLifetime value.
2026-07-19 01:34:46 [HikariPool-1:housekeeper] WARN  com.zaxxer.hikari.pool.PoolBase - HikariPool-1 - Failed to validate connection com.mysql.cj.jdbc.ConnectionImpl@232089a4 (No operations allowed after connection closed.). Possibly consider using a shorter maxLifetime value.
2026-07-19 01:35:39 [HikariPool-1:housekeeper] WARN  com.zaxxer.hikari.pool.PoolBase - HikariPool-1 - Failed to validate connection com.mysql.cj.jdbc.ConnectionImpl@3aeb5f0 (No operations allowed after connection closed.). Possibly consider using a shorter maxLifetime value.
2026-07-19 01:36:28 [HikariPool-1:housekeeper] WARN  com.zaxxer.hikari.pool.PoolBase - HikariPool-1 - Failed to validate connection com.mysql.cj.jdbc.ConnectionImpl@59c25117 (No operations allowed after connection closed.). Possibly consider using a shorter maxLifetime value.
2026-07-19 01:37:35 [HikariPool-1:housekeeper] WARN  com.zaxxer.hikari.pool.PoolBase - HikariPool-1 - Failed to validate connection com.mysql.cj.jdbc.ConnectionImpl@270a8e77 (No operations allowed after connection closed.). Possibly consider using a shorter maxLifetime value.
2026-07-19 01:38:13 [HikariPool-1:housekeeper] WARN  com.zaxxer.hikari.pool.PoolBase - HikariPool-1 - Failed to validate connection com.mysql.cj.jdbc.ConnectionImpl@56ef36dc (No operations allowed after connection closed.). Possibly consider using a shorter maxLifetime value.
2026-07-19 01:39:19 [HikariPool-1:housekeeper] WARN  com.zaxxer.hikari.pool.PoolBase - HikariPool-1 - Failed to validate connection com.mysql.cj.jdbc.ConnectionImpl@19204fc0 (No operations allowed after connection closed.). Possibly consider using a shorter maxLifetime value.
2026-07-19 01:39:50 [HikariPool-1:housekeeper] WARN  com.zaxxer.hikari.pool.PoolBase - HikariPool-1 - Failed to validate connection com.mysql.cj.jdbc.ConnectionImpl@5f65f99d (No operations allowed after connection closed.). Possibly consider using a shorter maxLifetime value.
2026-07-19 01:41:00 [HikariPool-1:housekeeper] WARN  com.zaxxer.hikari.pool.PoolBase - HikariPool-1 - Failed to validate connection com.mysql.cj.jdbc.ConnectionImpl@7ede0624 (No operations allowed after connection closed.). Possibly consider using a shorter maxLifetime value.
2026-07-19 01:41:49 [HikariPool-1:housekeeper] WARN  com.zaxxer.hikari.pool.PoolBase - HikariPool-1 - Failed to validate connection com.mysql.cj.jdbc.ConnectionImpl@653ba40a (No operations allowed after connection closed.). Possibly consider using a shorter maxLifetime value.
2026-07-19 01:42:48 [HikariPool-1:housekeeper] WARN  com.zaxxer.hikari.pool.PoolBase - HikariPool-1 - Failed to validate connection com.mysql.cj.jdbc.ConnectionImpl@56a4e274 (No operations allowed after connection closed.). Possibly consider using a shorter maxLifetime value.
2026-07-19 01:43:47 [HikariPool-1:housekeeper] WARN  com.zaxxer.hikari.pool.PoolBase - HikariPool-1 - Failed to validate connection com.mysql.cj.jdbc.ConnectionImpl@6b91504c (No operations allowed after connection closed.). Possibly consider using a shorter maxLifetime value.
2026-07-19 01:44:37 [HikariPool-1:housekeeper] WARN  com.zaxxer.hikari.pool.PoolBase - HikariPool-1 - Failed to validate connection com.mysql.cj.jdbc.ConnectionImpl@6be0bd62 (No operations allowed after connection closed.). Possibly consider using a shorter maxLifetime value.
2026-07-19 01:45:40 [HikariPool-1:housekeeper] WARN  com.zaxxer.hikari.pool.PoolBase - HikariPool-1 - Failed to validate connection com.mysql.cj.jdbc.ConnectionImpl@4c488f04 (No operations allowed after connection closed.). Possibly consider using a shorter maxLifetime value.
2026-07-19 01:46:32 [HikariPool-1:housekeeper] WARN  com.zaxxer.hikari.pool.PoolBase - HikariPool-1 - Failed to validate connection com.mysql.cj.jdbc.ConnectionImpl@afb190a (No operations allowed after connection closed.). Possibly consider using a shorter maxLifetime value.
2026-07-19 01:47:22 [HikariPool-1:housekeeper] WARN  com.zaxxer.hikari.pool.PoolBase - HikariPool-1 - Failed to validate connection com.mysql.cj.jdbc.ConnectionImpl@7acf3cae (No operations allowed after connection closed.). Possibly consider using a shorter maxLifetime value.
2026-07-19 01:48:17 [HikariPool-1:housekeeper] WARN  com.zaxxer.hikari.pool.PoolBase - HikariPool-1 - Failed to validate connection com.mysql.cj.jdbc.ConnectionImpl@393bd31a (No operations allowed after connection closed.). Possibly consider using a shorter maxLifetime value.
2026-07-19 01:49:09 [HikariPool-1:housekeeper] WARN  com.zaxxer.hikari.pool.PoolBase - HikariPool-1 - Failed to validate connection com.mysql.cj.jdbc.ConnectionImpl@7540443c (No operations allowed after connection closed.). Possibly consider using a shorter maxLifetime value.
2026-07-19 01:50:12 [HikariPool-1:housekeeper] WARN  com.zaxxer.hikari.pool.PoolBase - HikariPool-1 - Failed to validate connection com.mysql.cj.jdbc.ConnectionImpl@2cc1bc7b (No operations allowed after connection closed.). Possibly consider using a shorter maxLifetime value.
2026-07-19 01:50:55 [HikariPool-1:housekeeper] WARN  com.zaxxer.hikari.pool.PoolBase - HikariPool-1 - Failed to validate connection com.mysql.cj.jdbc.ConnectionImpl@64e1c3a2 (No operations allowed after connection closed.). Possibly consider using a shorter maxLifetime value.
2026-07-19 01:52:04 [HikariPool-1:housekeeper] WARN  com.zaxxer.hikari.pool.PoolBase - HikariPool-1 - Failed to validate connection com.mysql.cj.jdbc.ConnectionImpl@26aca1d3 (No operations allowed after connection closed.). Possibly consider using a shorter maxLifetime value.
2026-07-19 01:52:41 [HikariPool-1:housekeeper] WARN  com.zaxxer.hikari.pool.PoolBase - HikariPool-1 - Failed to validate connection com.mysql.cj.jdbc.ConnectionImpl@67c4eabd (No operations allowed after connection closed.). Possibly consider using a shorter maxLifetime value.
2026-07-19 01:53:58 [HikariPool-1:housekeeper] WARN  com.zaxxer.hikari.pool.PoolBase - HikariPool-1 - Failed to validate connection com.mysql.cj.jdbc.ConnectionImpl@5ccbc7dc (No operations allowed after connection closed.). Possibly consider using a shorter maxLifetime value.
2026-07-19 01:54:34 [HikariPool-1:housekeeper] WARN  com.zaxxer.hikari.pool.PoolBase - HikariPool-1 - Failed to validate connection com.mysql.cj.jdbc.ConnectionImpl@770421c (No operations allowed after connection closed.). Possibly consider using a shorter maxLifetime value.
2026-07-19 01:55:41 [HikariPool-1:housekeeper] WARN  com.zaxxer.hikari.pool.PoolBase - HikariPool-1 - Failed to validate connection com.mysql.cj.jdbc.ConnectionImpl@481e8ac0 (No operations allowed after connection closed.). Possibly consider using a shorter maxLifetime value.
2026-07-19 01:56:26 [HikariPool-1:housekeeper] WARN  com.zaxxer.hikari.pool.PoolBase - HikariPool-1 - Failed to validate connection com.mysql.cj.jdbc.ConnectionImpl@459cb7c (No operations allowed after connection closed.). Possibly consider using a shorter maxLifetime value.
2026-07-19 01:57:23 [HikariPool-1:housekeeper] WARN  com.zaxxer.hikari.pool.PoolBase - HikariPool-1 - Failed to validate connection com.mysql.cj.jdbc.ConnectionImpl@384f8aad (No operations allowed after connection closed.). Possibly consider using a shorter maxLifetime value.
2026-07-19 01:58:11 [HikariPool-1:housekeeper] WARN  com.zaxxer.hikari.pool.PoolBase - HikariPool-1 - Failed to validate connection com.mysql.cj.jdbc.ConnectionImpl@13956d1c (No operations allowed after connection closed.). Possibly consider using a shorter maxLifetime value.
2026-07-19 01:59:21 [HikariPool-1:housekeeper] WARN  com.zaxxer.hikari.pool.PoolBase - HikariPool-1 - Failed to validate connection com.mysql.cj.jdbc.ConnectionImpl@96dbe2f (No operations allowed after connection closed.). Possibly consider using a shorter maxLifetime value.
2026-07-19 01:59:48 [HikariPool-1:housekeeper] WARN  com.zaxxer.hikari.pool.PoolBase - HikariPool-1 - Failed to validate connection com.mysql.cj.jdbc.ConnectionImpl@2bd3173 (No operations allowed after connection closed.). Possibly consider using a shorter maxLifetime value.
2026-07-19 02:01:08 [HikariPool-1:housekeeper] WARN  com.zaxxer.hikari.pool.PoolBase - HikariPool-1 - Failed to validate connection com.mysql.cj.jdbc.ConnectionImpl@31df4350 (No operations allowed after connection closed.). Possibly consider using a shorter maxLifetime value.
2026-07-19 02:01:27 [HikariPool-1:housekeeper] WARN  com.zaxxer.hikari.pool.PoolBase - HikariPool-1 - Failed to validate connection com.mysql.cj.jdbc.ConnectionImpl@2237200f (No operations allowed after connection closed.). Possibly consider using a shorter maxLifetime value.
2026-07-19 02:02:45 [HikariPool-1:housekeeper] WARN  com.zaxxer.hikari.pool.PoolBase - HikariPool-1 - Failed to validate connection com.mysql.cj.jdbc.ConnectionImpl@4eb6f40 (No operations allowed after connection closed.). Possibly consider using a shorter maxLifetime value.
2026-07-19 02:03:10 [HikariPool-1:housekeeper] WARN  com.zaxxer.hikari.pool.PoolBase - HikariPool-1 - Failed to validate connection com.mysql.cj.jdbc.ConnectionImpl@3062811 (No operations allowed after connection closed.). Possibly consider using a shorter maxLifetime value.
2026-07-19 02:03:12 [SpringApplicationShutdownHook] INFO  o.s.boot.tomcat.GracefulShutdown - Commencing graceful shutdown. Waiting for active requests to complete
2026-07-19 02:03:12 [tomcat-shutdown] INFO  o.s.boot.tomcat.GracefulShutdown - Graceful shutdown complete
2026-07-19 02:03:12 [SpringApplicationShutdownHook] INFO  o.s.o.j.LocalContainerEntityManagerFactoryBean - Closing JPA EntityManagerFactory for persistence unit 'default'
2026-07-19 02:03:12 [SpringApplicationShutdownHook] INFO  com.zaxxer.hikari.HikariDataSource - HikariPool-1 - Shutdown initiated...
2026-07-19 02:03:12 [SpringApplicationShutdownHook] INFO  com.zaxxer.hikari.HikariDataSource - HikariPool-1 - Shutdown completed.
