2026-06-28 16:39:29 [background-preinit] INFO  o.h.validator.internal.util.Version - HV000001: Hibernate Validator 9.0.1.Final
2026-06-28 16:39:29 [restartedMain] INFO  c.e.D.DocgenBackendApplication - Starting DocgenBackendApplication using Java 21.0.9 with PID 28288 (E:\DocGen New Front V2\Docgen-Backend\target\classes started by prath in E:\DocGen New Front V2\Docgen-Backend)
2026-06-28 16:39:29 [restartedMain] DEBUG c.e.D.DocgenBackendApplication - Running with Spring Boot v4.0.6, Spring v7.0.7
2026-06-28 16:39:29 [restartedMain] INFO  c.e.D.DocgenBackendApplication - No active profile set, falling back to 1 default profile: "default"
2026-06-28 16:39:29 [restartedMain] INFO  o.s.b.d.e.DevToolsPropertyDefaultsPostProcessor - Devtools property defaults active! Set 'spring.devtools.add-properties' to 'false' to disable
2026-06-28 16:39:29 [restartedMain] INFO  o.s.b.d.e.DevToolsPropertyDefaultsPostProcessor - For additional web related logging consider setting the 'logging.level.web' property to 'DEBUG'
2026-06-28 16:39:29 [restartedMain] INFO  o.s.d.r.c.RepositoryConfigurationDelegate - Bootstrapping Spring Data JPA repositories in DEFAULT mode.
2026-06-28 16:39:29 [restartedMain] INFO  o.s.d.r.c.RepositoryConfigurationDelegate - Finished Spring Data repository scanning in 45 ms. Found 2 JPA repository interfaces.
2026-06-28 16:39:30 [restartedMain] INFO  o.s.boot.tomcat.TomcatWebServer - Tomcat initialized with port 8080 (http)
2026-06-28 16:39:30 [restartedMain] INFO  o.a.coyote.http11.Http11NioProtocol - Initializing ProtocolHandler ["http-nio-8080"]
2026-06-28 16:39:30 [restartedMain] INFO  o.a.catalina.core.StandardService - Starting service [Tomcat]
2026-06-28 16:39:30 [restartedMain] INFO  o.a.catalina.core.StandardEngine - Starting Servlet engine: [Apache Tomcat/11.0.21]
2026-06-28 16:39:30 [restartedMain] INFO  o.s.b.w.c.s.WebApplicationContextInitializer - Root WebApplicationContext: initialization completed in 1327 ms
2026-06-28 16:39:30 [restartedMain] DEBUG c.e.Docgen_Backend.config.JwtFilter - Filter 'jwtFilter' configured for use
2026-06-28 16:39:30 [restartedMain] INFO  org.hibernate.orm.jpa - HHH008540: Processing PersistenceUnitInfo [name: default]
2026-06-28 16:39:30 [restartedMain] INFO  org.hibernate.orm.core - HHH000001: Hibernate ORM core version 7.2.12.Final
2026-06-28 16:39:31 [restartedMain] INFO  o.s.o.j.p.SpringPersistenceUnitInfo - No LoadTimeWeaver setup: ignoring JPA class transformer
2026-06-28 16:39:31 [restartedMain] WARN  com.zaxxer.hikari.HikariConfig - HikariPool-1 - keepaliveTime is less than 30000ms, disabling it.
2026-06-28 16:39:31 [restartedMain] INFO  com.zaxxer.hikari.HikariDataSource - HikariPool-1 - Starting...
2026-06-28 16:39:31 [restartedMain] INFO  com.zaxxer.hikari.pool.HikariPool - HikariPool-1 - Added connection com.mysql.cj.jdbc.ConnectionImpl@11f2b2ae
2026-06-28 16:39:31 [restartedMain] INFO  com.zaxxer.hikari.HikariDataSource - HikariPool-1 - Start completed.
2026-06-28 16:39:32 [restartedMain] WARN  org.hibernate.orm.jdbc - HHH100045: Could not obtain connection metadata: java.sql.SQLSyntaxErrorException: Unknown column 'RESERVED' in 'WHERE'
2026-06-28 16:39:32 [restartedMain] WARN  org.hibernate.orm.deprecation - HHH90000025: MySQLDialect does not need to be specified explicitly using 'hibernate.dialect' (remove the property setting and it will be selected by default)
2026-06-28 16:39:32 [restartedMain] INFO  o.hibernate.orm.connections.pooling - HHH10001005: Database info:
	Database JDBC URL [undefined/unknown]
	Database driver: undefined/unknown
	Database dialect: MySQLDialect
	Database version: 8.0
	Default catalog/schema: unknown/unknown
	Autocommit mode: undefined/unknown
	Isolation level: NONE [default NONE]
	JDBC fetch size: undefined/unknown
	Pool: DataSourceConnectionProvider
	Minimum pool size: undefined/unknown
	Maximum pool size: undefined/unknown
2026-06-28 16:39:33 [restartedMain] INFO  org.hibernate.orm.core - HHH000489: No JTA platform available (set 'hibernate.transaction.jta.platform' to enable JTA platform integration)
2026-06-28 16:39:41 [restartedMain] INFO  o.s.o.j.LocalContainerEntityManagerFactoryBean - Initialized JPA EntityManagerFactory for persistence unit 'default'
2026-06-28 16:39:41 [restartedMain] INFO  o.s.d.j.r.q.QueryEnhancerFactories - Hibernate is in classpath; If applicable, HQL parser will be used.
2026-06-28 16:39:41 [restartedMain] INFO  o.s.s.c.a.a.c.InitializeUserDetailsBeanManagerConfigurer$InitializeUserDetailsManagerConfigurer - Global AuthenticationManager configured with UserDetailsService bean with name customUserDetailsService
2026-06-28 16:39:41 [restartedMain] WARN  o.s.b.j.a.JpaBaseConfiguration$JpaWebConfiguration - spring.jpa.open-in-view is enabled by default. Therefore, database queries may be performed during view rendering. Explicitly configure spring.jpa.open-in-view to disable this warning
2026-06-28 16:39:42 [restartedMain] INFO  o.a.coyote.http11.Http11NioProtocol - Starting ProtocolHandler ["http-nio-8080"]
2026-06-28 16:39:42 [restartedMain] INFO  o.s.boot.tomcat.TomcatWebServer - Tomcat started on port 8080 (http) with context path '/'
2026-06-28 16:39:42 [restartedMain] INFO  c.e.D.DocgenBackendApplication - Started DocgenBackendApplication in 13.845 seconds (process running for 14.414)
2026-06-28 16:39:47 [http-nio-8080-exec-1] INFO  o.a.c.c.C.[Tomcat].[localhost].[/] - Initializing Spring DispatcherServlet 'dispatcherServlet'
2026-06-28 16:39:47 [http-nio-8080-exec-1] INFO  o.s.web.servlet.DispatcherServlet - Initializing Servlet 'dispatcherServlet'
2026-06-28 16:39:47 [http-nio-8080-exec-1] INFO  o.s.web.servlet.DispatcherServlet - Completed initialization in 2 ms
2026-06-28 16:39:47 [http-nio-8080-exec-4] WARN  c.e.Docgen_Backend.config.JwtFilter - Invalid JWT token
2026-06-28 16:39:47 [http-nio-8080-exec-3] WARN  c.e.Docgen_Backend.config.JwtFilter - Invalid JWT token
2026-06-28 16:39:52 [http-nio-8080-exec-5] WARN  c.e.Docgen_Backend.config.JwtFilter - Invalid JWT token
2026-06-28 16:39:52 [http-nio-8080-exec-6] WARN  c.e.Docgen_Backend.config.JwtFilter - Invalid JWT token
2026-06-28 16:40:27 [http-nio-8080-exec-10] INFO  c.e.Docgen_Backend.config.JwtFilter - JWT validated successfully for userId=6a311365ec2c34f3d9e4f06e
2026-06-28 16:40:27 [http-nio-8080-exec-10] INFO  c.e.D.controller.UserController - GET /api/v2/users - Fetch all users request received | page=0, size=8, sortBy=id, direction=desc
2026-06-28 16:40:28 [http-nio-8080-exec-10] INFO  c.e.D.controller.UserController - Fetched 2 users on page 0 of 1
2026-06-28 16:40:28 [http-nio-8080-exec-9] INFO  c.e.Docgen_Backend.config.JwtFilter - JWT validated successfully for userId=6a311365ec2c34f3d9e4f06e
2026-06-28 16:40:28 [http-nio-8080-exec-9] INFO  c.e.D.controller.UserController - GET /api/v2/users - Fetch all users request received | page=0, size=8, sortBy=id, direction=desc
2026-06-28 16:40:29 [http-nio-8080-exec-9] INFO  c.e.D.controller.UserController - Fetched 2 users on page 0 of 1
2026-06-28 16:40:30 [http-nio-8080-exec-4] INFO  c.e.Docgen_Backend.config.JwtFilter - JWT validated successfully for userId=6a311365ec2c34f3d9e4f06e
2026-06-28 16:40:30 [http-nio-8080-exec-4] INFO  c.e.D.controller.UserController - GET /api/v2/users/11 - Fetch request received
2026-06-28 16:40:30 [http-nio-8080-exec-4] INFO  c.e.D.service.impl.UserServiceImpl - Fetching user profile for edit | userId=11
2026-06-28 16:40:31 [http-nio-8080-exec-4] DEBUG c.e.D.service.impl.UserServiceImpl - User found | userId=11 | employeeId=EMP102
2026-06-28 16:40:31 [http-nio-8080-exec-4] INFO  c.e.D.service.impl.UserServiceImpl - User profile fetched successfully | userId=11 | timeTaken=514ms
2026-06-28 16:40:31 [http-nio-8080-exec-4] INFO  c.e.D.controller.UserController - Profile fetched successfully for userId=11
2026-06-28 16:40:31 [http-nio-8080-exec-4] DEBUG c.e.D.controller.UserController - Fetched profile data: UserProfileResponseDTO(id=11, employeeName=Sagar Suryawanshi, employeeId=EMP102, email=prathamesh69bhavsar@gmail.com, mobileNo=9876543210, designation=Software Developer, department=Engineering, company=SMT, identity=MR, pfType=WITH_PF, accountNo=1234567890, bankName=Canara Bank, address=Pune, Maharashtra, CTC=600000.0, dateOfBirth=1998-05-10, offerDate=2024-01-01, joiningDate=2024-02-01, panNo=ABCDE1234F, documents={APPOINTMENT_LETTER=DocumentResponseDTO(generated=false, data=null), INTERNSHIP_LETTER=DocumentResponseDTO(generated=false, data=null), EXPERIENCE_LETTER=DocumentResponseDTO(generated=true, data={issueDate=2025-01-01, relievingDate=2025-01-01}), FULL_AND_FINAL=DocumentResponseDTO(generated=true, data={fnfDate=2025-01-10, totalDaysInMonth=31, month=January, issueDate=2025-01-10, resignationDate=2024-12-01, paidDays=25, leavingDate=2025-01-05}), CONFIRMATION_LETTER=DocumentResponseDTO(generated=false, data=null), INCREMENT_LETTER=DocumentResponseDTO(generated=false, data=null), RELIEVING_LETTER=DocumentResponseDTO(generated=false, data=null), SALARY_SLIP=DocumentResponseDTO(generated=true, data={startMonth=January, endMonth=February}), COMPLETION_LETTER=DocumentResponseDTO(generated=false, data=null), OFFER_LETTER=DocumentResponseDTO(generated=true, data={issueDate=2024-01-01, probationPeriod=6})})
2026-06-28 16:40:31 [http-nio-8080-exec-3] INFO  c.e.Docgen_Backend.config.JwtFilter - JWT validated successfully for userId=6a311365ec2c34f3d9e4f06e
2026-06-28 16:40:31 [http-nio-8080-exec-3] INFO  c.e.D.controller.UserController - GET /api/v2/users/11 - Fetch request received
2026-06-28 16:40:31 [http-nio-8080-exec-3] INFO  c.e.D.service.impl.UserServiceImpl - Fetching user profile for edit | userId=11
2026-06-28 16:40:31 [http-nio-8080-exec-3] DEBUG c.e.D.service.impl.UserServiceImpl - User found | userId=11 | employeeId=EMP102
2026-06-28 16:40:31 [http-nio-8080-exec-3] INFO  c.e.D.service.impl.UserServiceImpl - User profile fetched successfully | userId=11 | timeTaken=439ms
2026-06-28 16:40:31 [http-nio-8080-exec-3] INFO  c.e.D.controller.UserController - Profile fetched successfully for userId=11
2026-06-28 16:40:31 [http-nio-8080-exec-3] DEBUG c.e.D.controller.UserController - Fetched profile data: UserProfileResponseDTO(id=11, employeeName=Sagar Suryawanshi, employeeId=EMP102, email=prathamesh69bhavsar@gmail.com, mobileNo=9876543210, designation=Software Developer, department=Engineering, company=SMT, identity=MR, pfType=WITH_PF, accountNo=1234567890, bankName=Canara Bank, address=Pune, Maharashtra, CTC=600000.0, dateOfBirth=1998-05-10, offerDate=2024-01-01, joiningDate=2024-02-01, panNo=ABCDE1234F, documents={APPOINTMENT_LETTER=DocumentResponseDTO(generated=false, data=null), INTERNSHIP_LETTER=DocumentResponseDTO(generated=false, data=null), EXPERIENCE_LETTER=DocumentResponseDTO(generated=true, data={issueDate=2025-01-01, relievingDate=2025-01-01}), FULL_AND_FINAL=DocumentResponseDTO(generated=true, data={fnfDate=2025-01-10, totalDaysInMonth=31, month=January, issueDate=2025-01-10, resignationDate=2024-12-01, paidDays=25, leavingDate=2025-01-05}), CONFIRMATION_LETTER=DocumentResponseDTO(generated=false, data=null), INCREMENT_LETTER=DocumentResponseDTO(generated=false, data=null), RELIEVING_LETTER=DocumentResponseDTO(generated=false, data=null), SALARY_SLIP=DocumentResponseDTO(generated=true, data={startMonth=January, endMonth=February}), COMPLETION_LETTER=DocumentResponseDTO(generated=false, data=null), OFFER_LETTER=DocumentResponseDTO(generated=true, data={issueDate=2024-01-01, probationPeriod=6})})
2026-06-28 16:40:56 [http-nio-8080-exec-6] INFO  c.e.Docgen_Backend.config.JwtFilter - JWT validated successfully for userId=6a311365ec2c34f3d9e4f06e
2026-06-28 16:40:56 [http-nio-8080-exec-6] INFO  c.e.D.controller.UserController - POST /api/v2/users/create-profile - Request received for employeeId=EMP102
2026-06-28 16:40:56 [http-nio-8080-exec-6] DEBUG c.e.D.controller.UserController - Full request payload: CreateProfileRequest(employeeName=Sagar Suryawanshi, email=prathamesh69bhavsar@gmail.com, mobileNo=9876543210, employeeId=EMP102, designation=Software Developer, department=Engineering, accountNo=1234567890, bankName=Canara Bank, address=Pune, Maharashtra, CTC=600000.0, dateOfBirth=1998-05-10, offerDate=2024-01-01, joiningDate=2024-02-01, panNo=ABCDE1234F, company=SMT, pfType=WITH_PF, identity=MR, documents=[INCREMENT_LETTER, INTERNSHIP_CERTIFICATE], documentData={INCREMENT_LETTER={issueDate=2026-06-28}, INTERNSHIP_CERTIFICATE={internshipType=UNPAID, stipend=0, startDate=2026-06-28, endDate=2026-06-28, issueDate=2026-06-28}})
2026-06-28 16:40:56 [http-nio-8080-exec-6] INFO  c.e.D.service.impl.UserServiceImpl - Creating user profile for employeeId=EMP102
2026-06-28 16:40:56 [http-nio-8080-exec-6] DEBUG c.e.D.service.impl.UserServiceImpl - Validating request for employeeId=EMP102
2026-06-28 16:40:56 [http-nio-8080-exec-6] ERROR c.e.D.service.impl.UserServiceImpl - Error while creating profile for employeeId=EMP102 | error=Employee ID already exists
java.lang.IllegalArgumentException: Employee ID already exists
	at com.example.Docgen_Backend.service.impl.UserServiceImpl.validateRequest(UserServiceImpl.java:84)
	at com.example.Docgen_Backend.service.impl.UserServiceImpl.createProfile(UserServiceImpl.java:37)
	at com.example.Docgen_Backend.controller.UserController.createProfile(UserController.java:35)
	at java.base/jdk.internal.reflect.DirectMethodHandleAccessor.invoke(DirectMethodHandleAccessor.java:103)
	at java.base/java.lang.reflect.Method.invoke(Method.java:580)
	at org.springframework.web.method.support.InvocableHandlerMethod.doInvoke(InvocableHandlerMethod.java:252)
	at org.springframework.web.method.support.InvocableHandlerMethod.invokeForRequest(InvocableHandlerMethod.java:184)
	at org.springframework.web.servlet.mvc.method.annotation.ServletInvocableHandlerMethod.invokeAndHandle(ServletInvocableHandlerMethod.java:117)
	at org.springframework.web.servlet.mvc.method.annotation.RequestMappingHandlerAdapter.invokeHandlerMethod(RequestMappingHandlerAdapter.java:934)
	at org.springframework.web.servlet.mvc.method.annotation.RequestMappingHandlerAdapter.handleInternal(RequestMappingHandlerAdapter.java:853)
	at org.springframework.web.servlet.mvc.method.AbstractHandlerMethodAdapter.handle(AbstractHandlerMethodAdapter.java:86)
	at org.springframework.web.servlet.DispatcherServlet.doDispatch(DispatcherServlet.java:963)
	at org.springframework.web.servlet.DispatcherServlet.doService(DispatcherServlet.java:866)
	at org.springframework.web.servlet.FrameworkServlet.processRequest(FrameworkServlet.java:1000)
	at org.springframework.web.servlet.FrameworkServlet.doPost(FrameworkServlet.java:903)
	at jakarta.servlet.http.HttpServlet.service(HttpServlet.java:649)
	at org.springframework.web.servlet.FrameworkServlet.service(FrameworkServlet.java:874)
	at jakarta.servlet.http.HttpServlet.service(HttpServlet.java:710)
	at org.apache.catalina.core.ApplicationFilterChain.doFilter(ApplicationFilterChain.java:128)
	at org.apache.tomcat.websocket.server.WsFilter.doFilter(WsFilter.java:53)
	at org.apache.catalina.core.ApplicationFilterChain.doFilter(ApplicationFilterChain.java:107)
	at org.springframework.web.filter.OncePerRequestFilter.doFilter(OncePerRequestFilter.java:110)
	at org.apache.catalina.core.ApplicationFilterChain.doFilter(ApplicationFilterChain.java:107)
	at org.springframework.web.filter.CompositeFilter$VirtualFilterChain.doFilter(CompositeFilter.java:108)
	at org.springframework.security.web.FilterChainProxy.lambda$doFilterInternal$3(FilterChainProxy.java:235)
	at org.springframework.security.web.FilterChainProxy$VirtualFilterChain.doFilter(FilterChainProxy.java:376)
	at org.springframework.security.web.access.intercept.AuthorizationFilter.doFilter(AuthorizationFilter.java:101)
	at org.springframework.security.web.FilterChainProxy$VirtualFilterChain.doFilter(FilterChainProxy.java:385)
	at org.springframework.security.web.access.ExceptionTranslationFilter.doFilter(ExceptionTranslationFilter.java:126)
	at org.springframework.security.web.access.ExceptionTranslationFilter.doFilter(ExceptionTranslationFilter.java:120)
	at org.springframework.security.web.FilterChainProxy$VirtualFilterChain.doFilter(FilterChainProxy.java:385)
	at org.springframework.security.web.session.SessionManagementFilter.doFilter(SessionManagementFilter.java:132)
	at org.springframework.security.web.session.SessionManagementFilter.doFilter(SessionManagementFilter.java:86)
	at org.springframework.security.web.FilterChainProxy$VirtualFilterChain.doFilter(FilterChainProxy.java:385)
	at org.springframework.security.web.authentication.AnonymousAuthenticationFilter.doFilter(AnonymousAuthenticationFilter.java:100)
	at org.springframework.security.web.FilterChainProxy$VirtualFilterChain.doFilter(FilterChainProxy.java:385)
	at org.springframework.security.web.servletapi.SecurityContextHolderAwareRequestFilter.doFilter(SecurityContextHolderAwareRequestFilter.java:181)
	at org.springframework.security.web.FilterChainProxy$VirtualFilterChain.doFilter(FilterChainProxy.java:385)
	at org.springframework.security.web.savedrequest.RequestCacheAwareFilter.doFilter(RequestCacheAwareFilter.java:63)
	at org.springframework.security.web.FilterChainProxy$VirtualFilterChain.doFilter(FilterChainProxy.java:385)
	at com.example.Docgen_Backend.config.JwtFilter.doFilterInternal(JwtFilter.java:111)
	at org.springframework.web.filter.OncePerRequestFilter.doFilter(OncePerRequestFilter.java:116)
	at org.springframework.security.web.FilterChainProxy$VirtualFilterChain.doFilter(FilterChainProxy.java:385)
	at org.springframework.security.web.authentication.logout.LogoutFilter.doFilter(LogoutFilter.java:110)
	at org.springframework.security.web.authentication.logout.LogoutFilter.doFilter(LogoutFilter.java:96)
	at org.springframework.security.web.FilterChainProxy$VirtualFilterChain.doFilter(FilterChainProxy.java:385)
	at org.springframework.web.filter.CorsFilter.doFilterInternal(CorsFilter.java:91)
	at org.springframework.web.filter.OncePerRequestFilter.doFilter(OncePerRequestFilter.java:116)
	at org.springframework.security.web.FilterChainProxy$VirtualFilterChain.doFilter(FilterChainProxy.java:385)
	at org.springframework.security.web.header.HeaderWriterFilter.doHeadersAfter(HeaderWriterFilter.java:90)
	at org.springframework.security.web.header.HeaderWriterFilter.doFilterInternal(HeaderWriterFilter.java:75)
	at org.springframework.web.filter.OncePerRequestFilter.doFilter(OncePerRequestFilter.java:116)
	at org.springframework.security.web.FilterChainProxy$VirtualFilterChain.doFilter(FilterChainProxy.java:385)
	at org.springframework.security.web.context.SecurityContextHolderFilter.doFilter(SecurityContextHolderFilter.java:82)
	at org.springframework.security.web.context.SecurityContextHolderFilter.doFilter(SecurityContextHolderFilter.java:69)
	at org.springframework.security.web.FilterChainProxy$VirtualFilterChain.doFilter(FilterChainProxy.java:385)
	at org.springframework.security.web.context.request.async.WebAsyncManagerIntegrationFilter.doFilterInternal(WebAsyncManagerIntegrationFilter.java:62)
	at org.springframework.web.filter.OncePerRequestFilter.doFilter(OncePerRequestFilter.java:116)
	at org.springframework.security.web.FilterChainProxy$VirtualFilterChain.doFilter(FilterChainProxy.java:385)
	at org.springframework.security.web.session.DisableEncodeUrlFilter.doFilterInternal(DisableEncodeUrlFilter.java:42)
	at org.springframework.web.filter.OncePerRequestFilter.doFilter(OncePerRequestFilter.java:116)
	at org.springframework.security.web.FilterChainProxy$VirtualFilterChain.doFilter(FilterChainProxy.java:385)
	at org.springframework.security.web.FilterChainProxy.doFilterInternal(FilterChainProxy.java:237)
	at org.springframework.security.web.FilterChainProxy.doFilter(FilterChainProxy.java:195)
	at org.springframework.web.filter.CompositeFilter$VirtualFilterChain.doFilter(CompositeFilter.java:113)
	at org.springframework.web.filter.ServletRequestPathFilter.doFilter(ServletRequestPathFilter.java:52)
	at org.springframework.web.filter.CompositeFilter$VirtualFilterChain.doFilter(CompositeFilter.java:113)
	at org.springframework.web.filter.CompositeFilter.doFilter(CompositeFilter.java:74)
	at org.springframework.security.config.annotation.web.configuration.WebSecurityConfiguration$CompositeFilterChainProxy.doFilter(WebSecurityConfiguration.java:317)
	at org.springframework.web.filter.DelegatingFilterProxy.invokeDelegate(DelegatingFilterProxy.java:355)
	at org.springframework.web.filter.DelegatingFilterProxy.doFilter(DelegatingFilterProxy.java:272)
	at org.apache.catalina.core.ApplicationFilterChain.doFilter(ApplicationFilterChain.java:107)
	at org.springframework.web.filter.RequestContextFilter.doFilterInternal(RequestContextFilter.java:100)
	at org.springframework.web.filter.OncePerRequestFilter.doFilter(OncePerRequestFilter.java:116)
	at org.apache.catalina.core.ApplicationFilterChain.doFilter(ApplicationFilterChain.java:107)
	at org.springframework.web.filter.FormContentFilter.doFilterInternal(FormContentFilter.java:93)
	at org.springframework.web.filter.OncePerRequestFilter.doFilter(OncePerRequestFilter.java:116)
	at org.apache.catalina.core.ApplicationFilterChain.doFilter(ApplicationFilterChain.java:107)
	at org.springframework.web.filter.CharacterEncodingFilter.doFilterInternal(CharacterEncodingFilter.java:199)
	at org.springframework.web.filter.OncePerRequestFilter.doFilter(OncePerRequestFilter.java:116)
	at org.apache.catalina.core.ApplicationFilterChain.doFilter(ApplicationFilterChain.java:107)
	at org.apache.catalina.core.StandardWrapperValve.invoke(StandardWrapperValve.java:165)
	at org.apache.catalina.core.StandardContextValve.invoke(StandardContextValve.java:77)
	at org.apache.catalina.authenticator.AuthenticatorBase.invoke(AuthenticatorBase.java:492)
	at org.apache.catalina.core.StandardHostValve.invoke(StandardHostValve.java:113)
	at org.apache.catalina.valves.ErrorReportValve.invoke(ErrorReportValve.java:83)
	at org.apache.catalina.core.StandardEngineValve.invoke(StandardEngineValve.java:72)
	at org.apache.catalina.connector.CoyoteAdapter.service(CoyoteAdapter.java:341)
	at org.apache.coyote.http11.Http11Processor.service(Http11Processor.java:397)
	at org.apache.coyote.AbstractProcessorLight.process(AbstractProcessorLight.java:63)
	at org.apache.coyote.AbstractProtocol$ConnectionHandler.process(AbstractProtocol.java:903)
	at org.apache.tomcat.util.net.NioEndpoint$SocketProcessor.doRun(NioEndpoint.java:1801)
	at org.apache.tomcat.util.net.SocketProcessorBase.run(SocketProcessorBase.java:52)
	at org.apache.tomcat.util.threads.ThreadPoolExecutor.runWorker(ThreadPoolExecutor.java:946)
	at org.apache.tomcat.util.threads.ThreadPoolExecutor$Worker.run(ThreadPoolExecutor.java:480)
	at org.apache.tomcat.util.threads.TaskThread$WrappingRunnable.run(TaskThread.java:57)
	at java.base/java.lang.Thread.run(Thread.java:1583)
2026-06-28 16:40:56 [http-nio-8080-exec-6] ERROR c.e.D.e.GlobalExceptionHandler - Invalid input: Employee ID already exists
2026-06-28 16:40:56 [http-nio-8080-exec-6] WARN  o.s.w.s.m.m.a.ExceptionHandlerExceptionResolver - Resolved [java.lang.IllegalArgumentException: Employee ID already exists]
2026-06-28 16:41:08 [http-nio-8080-exec-10] INFO  c.e.Docgen_Backend.config.JwtFilter - JWT validated successfully for userId=6a311365ec2c34f3d9e4f06e
2026-06-28 16:41:08 [http-nio-8080-exec-10] INFO  c.e.D.controller.UserController - GET /api/v2/users - Fetch all users request received | page=0, size=8, sortBy=id, direction=desc
2026-06-28 16:41:09 [http-nio-8080-exec-10] INFO  c.e.D.controller.UserController - Fetched 2 users on page 0 of 1
2026-06-28 16:41:09 [http-nio-8080-exec-9] INFO  c.e.Docgen_Backend.config.JwtFilter - JWT validated successfully for userId=6a311365ec2c34f3d9e4f06e
2026-06-28 16:41:09 [http-nio-8080-exec-9] INFO  c.e.D.controller.UserController - GET /api/v2/users - Fetch all users request received | page=0, size=8, sortBy=id, direction=desc
2026-06-28 16:41:10 [http-nio-8080-exec-4] INFO  c.e.Docgen_Backend.config.JwtFilter - JWT validated successfully for userId=6a311365ec2c34f3d9e4f06e
2026-06-28 16:41:10 [http-nio-8080-exec-4] INFO  c.e.D.controller.UserController - GET /api/v2/users/11 - Fetch request received
2026-06-28 16:41:10 [http-nio-8080-exec-4] INFO  c.e.D.service.impl.UserServiceImpl - Fetching user profile for edit | userId=11
2026-06-28 16:41:10 [http-nio-8080-exec-9] INFO  c.e.D.controller.UserController - Fetched 2 users on page 0 of 1
2026-06-28 16:41:11 [http-nio-8080-exec-4] DEBUG c.e.D.service.impl.UserServiceImpl - User found | userId=11 | employeeId=EMP102
2026-06-28 16:41:11 [http-nio-8080-exec-4] INFO  c.e.D.service.impl.UserServiceImpl - User profile fetched successfully | userId=11 | timeTaken=822ms
2026-06-28 16:41:11 [http-nio-8080-exec-4] INFO  c.e.D.controller.UserController - Profile fetched successfully for userId=11
2026-06-28 16:41:11 [http-nio-8080-exec-4] DEBUG c.e.D.controller.UserController - Fetched profile data: UserProfileResponseDTO(id=11, employeeName=Sagar Suryawanshi, employeeId=EMP102, email=prathamesh69bhavsar@gmail.com, mobileNo=9876543210, designation=Software Developer, department=Engineering, company=SMT, identity=MR, pfType=WITH_PF, accountNo=1234567890, bankName=Canara Bank, address=Pune, Maharashtra, CTC=600000.0, dateOfBirth=1998-05-10, offerDate=2024-01-01, joiningDate=2024-02-01, panNo=ABCDE1234F, documents={APPOINTMENT_LETTER=DocumentResponseDTO(generated=false, data=null), INTERNSHIP_LETTER=DocumentResponseDTO(generated=false, data=null), EXPERIENCE_LETTER=DocumentResponseDTO(generated=true, data={issueDate=2025-01-01, relievingDate=2025-01-01}), FULL_AND_FINAL=DocumentResponseDTO(generated=true, data={fnfDate=2025-01-10, totalDaysInMonth=31, month=January, issueDate=2025-01-10, resignationDate=2024-12-01, paidDays=25, leavingDate=2025-01-05}), CONFIRMATION_LETTER=DocumentResponseDTO(generated=false, data=null), INCREMENT_LETTER=DocumentResponseDTO(generated=false, data=null), RELIEVING_LETTER=DocumentResponseDTO(generated=false, data=null), SALARY_SLIP=DocumentResponseDTO(generated=true, data={startMonth=January, endMonth=February}), COMPLETION_LETTER=DocumentResponseDTO(generated=false, data=null), OFFER_LETTER=DocumentResponseDTO(generated=true, data={issueDate=2024-01-01, probationPeriod=6})})
2026-06-28 16:41:11 [http-nio-8080-exec-3] INFO  c.e.Docgen_Backend.config.JwtFilter - JWT validated successfully for userId=6a311365ec2c34f3d9e4f06e
2026-06-28 16:41:11 [http-nio-8080-exec-3] INFO  c.e.D.controller.UserController - GET /api/v2/users/11 - Fetch request received
2026-06-28 16:41:11 [http-nio-8080-exec-3] INFO  c.e.D.service.impl.UserServiceImpl - Fetching user profile for edit | userId=11
2026-06-28 16:41:12 [http-nio-8080-exec-3] DEBUG c.e.D.service.impl.UserServiceImpl - User found | userId=11 | employeeId=EMP102
2026-06-28 16:41:12 [http-nio-8080-exec-3] INFO  c.e.D.service.impl.UserServiceImpl - User profile fetched successfully | userId=11 | timeTaken=588ms
2026-06-28 16:41:12 [http-nio-8080-exec-3] INFO  c.e.D.controller.UserController - Profile fetched successfully for userId=11
2026-06-28 16:41:12 [http-nio-8080-exec-3] DEBUG c.e.D.controller.UserController - Fetched profile data: UserProfileResponseDTO(id=11, employeeName=Sagar Suryawanshi, employeeId=EMP102, email=prathamesh69bhavsar@gmail.com, mobileNo=9876543210, designation=Software Developer, department=Engineering, company=SMT, identity=MR, pfType=WITH_PF, accountNo=1234567890, bankName=Canara Bank, address=Pune, Maharashtra, CTC=600000.0, dateOfBirth=1998-05-10, offerDate=2024-01-01, joiningDate=2024-02-01, panNo=ABCDE1234F, documents={APPOINTMENT_LETTER=DocumentResponseDTO(generated=false, data=null), INTERNSHIP_LETTER=DocumentResponseDTO(generated=false, data=null), EXPERIENCE_LETTER=DocumentResponseDTO(generated=true, data={issueDate=2025-01-01, relievingDate=2025-01-01}), FULL_AND_FINAL=DocumentResponseDTO(generated=true, data={fnfDate=2025-01-10, totalDaysInMonth=31, month=January, issueDate=2025-01-10, resignationDate=2024-12-01, paidDays=25, leavingDate=2025-01-05}), CONFIRMATION_LETTER=DocumentResponseDTO(generated=false, data=null), INCREMENT_LETTER=DocumentResponseDTO(generated=false, data=null), RELIEVING_LETTER=DocumentResponseDTO(generated=false, data=null), SALARY_SLIP=DocumentResponseDTO(generated=true, data={startMonth=January, endMonth=February}), COMPLETION_LETTER=DocumentResponseDTO(generated=false, data=null), OFFER_LETTER=DocumentResponseDTO(generated=true, data={issueDate=2024-01-01, probationPeriod=6})})
2026-06-28 16:41:28 [http-nio-8080-exec-6] INFO  c.e.Docgen_Backend.config.JwtFilter - JWT validated successfully for userId=6a311365ec2c34f3d9e4f06e
2026-06-28 16:41:28 [http-nio-8080-exec-6] INFO  c.e.D.controller.UserController - GET /api/v2/users/11 - Fetch request received
2026-06-28 16:41:28 [http-nio-8080-exec-6] INFO  c.e.D.service.impl.UserServiceImpl - Fetching user profile for edit | userId=11
2026-06-28 16:41:28 [http-nio-8080-exec-6] DEBUG c.e.D.service.impl.UserServiceImpl - User found | userId=11 | employeeId=EMP102
2026-06-28 16:41:28 [http-nio-8080-exec-6] INFO  c.e.D.service.impl.UserServiceImpl - User profile fetched successfully | userId=11 | timeTaken=764ms
2026-06-28 16:41:28 [http-nio-8080-exec-6] INFO  c.e.D.controller.UserController - Profile fetched successfully for userId=11
2026-06-28 16:41:28 [http-nio-8080-exec-6] DEBUG c.e.D.controller.UserController - Fetched profile data: UserProfileResponseDTO(id=11, employeeName=Sagar Suryawanshi, employeeId=EMP102, email=prathamesh69bhavsar@gmail.com, mobileNo=9876543210, designation=Software Developer, department=Engineering, company=SMT, identity=MR, pfType=WITH_PF, accountNo=1234567890, bankName=Canara Bank, address=Pune, Maharashtra, CTC=600000.0, dateOfBirth=1998-05-10, offerDate=2024-01-01, joiningDate=2024-02-01, panNo=ABCDE1234F, documents={APPOINTMENT_LETTER=DocumentResponseDTO(generated=false, data=null), INTERNSHIP_LETTER=DocumentResponseDTO(generated=false, data=null), EXPERIENCE_LETTER=DocumentResponseDTO(generated=true, data={issueDate=2025-01-01, relievingDate=2025-01-01}), FULL_AND_FINAL=DocumentResponseDTO(generated=true, data={fnfDate=2025-01-10, totalDaysInMonth=31, month=January, issueDate=2025-01-10, resignationDate=2024-12-01, paidDays=25, leavingDate=2025-01-05}), CONFIRMATION_LETTER=DocumentResponseDTO(generated=false, data=null), INCREMENT_LETTER=DocumentResponseDTO(generated=false, data=null), RELIEVING_LETTER=DocumentResponseDTO(generated=false, data=null), SALARY_SLIP=DocumentResponseDTO(generated=true, data={startMonth=January, endMonth=February}), COMPLETION_LETTER=DocumentResponseDTO(generated=false, data=null), OFFER_LETTER=DocumentResponseDTO(generated=true, data={issueDate=2024-01-01, probationPeriod=6})})
2026-06-28 16:41:28 [http-nio-8080-exec-8] INFO  c.e.Docgen_Backend.config.JwtFilter - JWT validated successfully for userId=6a311365ec2c34f3d9e4f06e
2026-06-28 16:41:29 [http-nio-8080-exec-8] INFO  c.e.D.controller.UserController - GET /api/v2/users/11 - Fetch request received
2026-06-28 16:41:29 [http-nio-8080-exec-8] INFO  c.e.D.service.impl.UserServiceImpl - Fetching user profile for edit | userId=11
2026-06-28 16:41:30 [http-nio-8080-exec-8] DEBUG c.e.D.service.impl.UserServiceImpl - User found | userId=11 | employeeId=EMP102
2026-06-28 16:41:30 [http-nio-8080-exec-8] INFO  c.e.D.service.impl.UserServiceImpl - User profile fetched successfully | userId=11 | timeTaken=1049ms
2026-06-28 16:41:30 [http-nio-8080-exec-8] INFO  c.e.D.controller.UserController - Profile fetched successfully for userId=11
2026-06-28 16:41:30 [http-nio-8080-exec-8] DEBUG c.e.D.controller.UserController - Fetched profile data: UserProfileResponseDTO(id=11, employeeName=Sagar Suryawanshi, employeeId=EMP102, email=prathamesh69bhavsar@gmail.com, mobileNo=9876543210, designation=Software Developer, department=Engineering, company=SMT, identity=MR, pfType=WITH_PF, accountNo=1234567890, bankName=Canara Bank, address=Pune, Maharashtra, CTC=600000.0, dateOfBirth=1998-05-10, offerDate=2024-01-01, joiningDate=2024-02-01, panNo=ABCDE1234F, documents={APPOINTMENT_LETTER=DocumentResponseDTO(generated=false, data=null), INTERNSHIP_LETTER=DocumentResponseDTO(generated=false, data=null), EXPERIENCE_LETTER=DocumentResponseDTO(generated=true, data={issueDate=2025-01-01, relievingDate=2025-01-01}), FULL_AND_FINAL=DocumentResponseDTO(generated=true, data={fnfDate=2025-01-10, totalDaysInMonth=31, month=January, issueDate=2025-01-10, resignationDate=2024-12-01, paidDays=25, leavingDate=2025-01-05}), CONFIRMATION_LETTER=DocumentResponseDTO(generated=false, data=null), INCREMENT_LETTER=DocumentResponseDTO(generated=false, data=null), RELIEVING_LETTER=DocumentResponseDTO(generated=false, data=null), SALARY_SLIP=DocumentResponseDTO(generated=true, data={startMonth=January, endMonth=February}), COMPLETION_LETTER=DocumentResponseDTO(generated=false, data=null), OFFER_LETTER=DocumentResponseDTO(generated=true, data={issueDate=2024-01-01, probationPeriod=6})})
2026-06-28 16:41:49 [http-nio-8080-exec-1] INFO  c.e.Docgen_Backend.config.JwtFilter - JWT validated successfully for userId=6a311365ec2c34f3d9e4f06e
2026-06-28 16:41:49 [http-nio-8080-exec-1] INFO  c.e.D.controller.UserController - GET /api/v2/users/11 - Fetch request received
2026-06-28 16:41:49 [http-nio-8080-exec-1] INFO  c.e.D.service.impl.UserServiceImpl - Fetching user profile for edit | userId=11
2026-06-28 16:41:50 [http-nio-8080-exec-1] DEBUG c.e.D.service.impl.UserServiceImpl - User found | userId=11 | employeeId=EMP102
2026-06-28 16:41:50 [http-nio-8080-exec-1] INFO  c.e.D.service.impl.UserServiceImpl - User profile fetched successfully | userId=11 | timeTaken=845ms
2026-06-28 16:41:50 [http-nio-8080-exec-1] INFO  c.e.D.controller.UserController - Profile fetched successfully for userId=11
2026-06-28 16:41:50 [http-nio-8080-exec-1] DEBUG c.e.D.controller.UserController - Fetched profile data: UserProfileResponseDTO(id=11, employeeName=Sagar Suryawanshi, employeeId=EMP102, email=prathamesh69bhavsar@gmail.com, mobileNo=9876543210, designation=Software Developer, department=Engineering, company=SMT, identity=MR, pfType=WITH_PF, accountNo=1234567890, bankName=Canara Bank, address=Pune, Maharashtra, CTC=600000.0, dateOfBirth=1998-05-10, offerDate=2024-01-01, joiningDate=2024-02-01, panNo=ABCDE1234F, documents={APPOINTMENT_LETTER=DocumentResponseDTO(generated=false, data=null), INTERNSHIP_LETTER=DocumentResponseDTO(generated=false, data=null), EXPERIENCE_LETTER=DocumentResponseDTO(generated=true, data={issueDate=2025-01-01, relievingDate=2025-01-01}), FULL_AND_FINAL=DocumentResponseDTO(generated=true, data={fnfDate=2025-01-10, totalDaysInMonth=31, month=January, issueDate=2025-01-10, resignationDate=2024-12-01, paidDays=25, leavingDate=2025-01-05}), CONFIRMATION_LETTER=DocumentResponseDTO(generated=false, data=null), INCREMENT_LETTER=DocumentResponseDTO(generated=false, data=null), RELIEVING_LETTER=DocumentResponseDTO(generated=false, data=null), SALARY_SLIP=DocumentResponseDTO(generated=true, data={startMonth=January, endMonth=February}), COMPLETION_LETTER=DocumentResponseDTO(generated=false, data=null), OFFER_LETTER=DocumentResponseDTO(generated=true, data={issueDate=2024-01-01, probationPeriod=6})})
2026-06-28 16:41:50 [http-nio-8080-exec-2] INFO  c.e.Docgen_Backend.config.JwtFilter - JWT validated successfully for userId=6a311365ec2c34f3d9e4f06e
2026-06-28 16:41:50 [http-nio-8080-exec-2] INFO  c.e.D.controller.UserController - GET /api/v2/users/11 - Fetch request received
2026-06-28 16:41:50 [http-nio-8080-exec-2] INFO  c.e.D.service.impl.UserServiceImpl - Fetching user profile for edit | userId=11
2026-06-28 16:41:51 [http-nio-8080-exec-2] DEBUG c.e.D.service.impl.UserServiceImpl - User found | userId=11 | employeeId=EMP102
2026-06-28 16:41:51 [http-nio-8080-exec-2] INFO  c.e.D.service.impl.UserServiceImpl - User profile fetched successfully | userId=11 | timeTaken=724ms
2026-06-28 16:41:51 [http-nio-8080-exec-2] INFO  c.e.D.controller.UserController - Profile fetched successfully for userId=11
2026-06-28 16:41:51 [http-nio-8080-exec-2] DEBUG c.e.D.controller.UserController - Fetched profile data: UserProfileResponseDTO(id=11, employeeName=Sagar Suryawanshi, employeeId=EMP102, email=prathamesh69bhavsar@gmail.com, mobileNo=9876543210, designation=Software Developer, department=Engineering, company=SMT, identity=MR, pfType=WITH_PF, accountNo=1234567890, bankName=Canara Bank, address=Pune, Maharashtra, CTC=600000.0, dateOfBirth=1998-05-10, offerDate=2024-01-01, joiningDate=2024-02-01, panNo=ABCDE1234F, documents={APPOINTMENT_LETTER=DocumentResponseDTO(generated=false, data=null), INTERNSHIP_LETTER=DocumentResponseDTO(generated=false, data=null), EXPERIENCE_LETTER=DocumentResponseDTO(generated=true, data={issueDate=2025-01-01, relievingDate=2025-01-01}), FULL_AND_FINAL=DocumentResponseDTO(generated=true, data={fnfDate=2025-01-10, totalDaysInMonth=31, month=January, issueDate=2025-01-10, resignationDate=2024-12-01, paidDays=25, leavingDate=2025-01-05}), CONFIRMATION_LETTER=DocumentResponseDTO(generated=false, data=null), INCREMENT_LETTER=DocumentResponseDTO(generated=false, data=null), RELIEVING_LETTER=DocumentResponseDTO(generated=false, data=null), SALARY_SLIP=DocumentResponseDTO(generated=true, data={startMonth=January, endMonth=February}), COMPLETION_LETTER=DocumentResponseDTO(generated=false, data=null), OFFER_LETTER=DocumentResponseDTO(generated=true, data={issueDate=2024-01-01, probationPeriod=6})})
2026-06-28 16:46:35 [http-nio-8080-exec-8] INFO  c.e.Docgen_Backend.config.JwtFilter - JWT validated successfully for userId=6a311365ec2c34f3d9e4f06e
2026-06-28 16:46:35 [http-nio-8080-exec-8] INFO  c.e.D.controller.UserController - GET /api/v2/users/11 - Fetch request received
2026-06-28 16:46:35 [http-nio-8080-exec-8] INFO  c.e.D.service.impl.UserServiceImpl - Fetching user profile for edit | userId=11
2026-06-28 16:46:40 [http-nio-8080-exec-1] INFO  c.e.Docgen_Backend.config.JwtFilter - JWT validated successfully for userId=6a311365ec2c34f3d9e4f06e
2026-06-28 16:46:40 [http-nio-8080-exec-1] INFO  c.e.D.controller.UserController - GET /api/v2/users - Fetch all users request received | page=0, size=8, sortBy=id, direction=desc
2026-06-28 16:46:41 [http-nio-8080-exec-8] DEBUG c.e.D.service.impl.UserServiceImpl - User found | userId=11 | employeeId=EMP102
2026-06-28 16:46:42 [http-nio-8080-exec-8] INFO  c.e.D.service.impl.UserServiceImpl - User profile fetched successfully | userId=11 | timeTaken=6158ms
2026-06-28 16:46:42 [http-nio-8080-exec-8] INFO  c.e.D.controller.UserController - Profile fetched successfully for userId=11
2026-06-28 16:46:42 [http-nio-8080-exec-8] DEBUG c.e.D.controller.UserController - Fetched profile data: UserProfileResponseDTO(id=11, employeeName=Sagar Suryawanshi, employeeId=EMP102, email=prathamesh69bhavsar@gmail.com, mobileNo=9876543210, designation=Software Developer, department=Engineering, company=SMT, identity=MR, pfType=WITH_PF, accountNo=1234567890, bankName=Canara Bank, address=Pune, Maharashtra, CTC=600000.0, dateOfBirth=1998-05-10, offerDate=2024-01-01, joiningDate=2024-02-01, panNo=ABCDE1234F, documents={APPOINTMENT_LETTER=DocumentResponseDTO(generated=false, data=null), INTERNSHIP_LETTER=DocumentResponseDTO(generated=false, data=null), EXPERIENCE_LETTER=DocumentResponseDTO(generated=true, data={issueDate=2025-01-01, relievingDate=2025-01-01}), FULL_AND_FINAL=DocumentResponseDTO(generated=true, data={fnfDate=2025-01-10, totalDaysInMonth=31, month=January, issueDate=2025-01-10, resignationDate=2024-12-01, paidDays=25, leavingDate=2025-01-05}), CONFIRMATION_LETTER=DocumentResponseDTO(generated=false, data=null), INCREMENT_LETTER=DocumentResponseDTO(generated=false, data=null), RELIEVING_LETTER=DocumentResponseDTO(generated=false, data=null), SALARY_SLIP=DocumentResponseDTO(generated=true, data={startMonth=January, endMonth=February}), COMPLETION_LETTER=DocumentResponseDTO(generated=false, data=null), OFFER_LETTER=DocumentResponseDTO(generated=true, data={issueDate=2024-01-01, probationPeriod=6})})
2026-06-28 16:46:42 [http-nio-8080-exec-2] INFO  c.e.Docgen_Backend.config.JwtFilter - JWT validated successfully for userId=6a311365ec2c34f3d9e4f06e
2026-06-28 16:46:42 [http-nio-8080-exec-2] INFO  c.e.D.controller.UserController - GET /api/v2/users/11 - Fetch request received
2026-06-28 16:46:42 [http-nio-8080-exec-2] INFO  c.e.D.service.impl.UserServiceImpl - Fetching user profile for edit | userId=11
2026-06-28 16:46:47 [http-nio-8080-exec-2] DEBUG c.e.D.service.impl.UserServiceImpl - User found | userId=11 | employeeId=EMP102
2026-06-28 16:46:47 [http-nio-8080-exec-2] INFO  c.e.D.service.impl.UserServiceImpl - User profile fetched successfully | userId=11 | timeTaken=5790ms
2026-06-28 16:46:47 [http-nio-8080-exec-2] INFO  c.e.D.controller.UserController - Profile fetched successfully for userId=11
2026-06-28 16:46:47 [http-nio-8080-exec-2] DEBUG c.e.D.controller.UserController - Fetched profile data: UserProfileResponseDTO(id=11, employeeName=Sagar Suryawanshi, employeeId=EMP102, email=prathamesh69bhavsar@gmail.com, mobileNo=9876543210, designation=Software Developer, department=Engineering, company=SMT, identity=MR, pfType=WITH_PF, accountNo=1234567890, bankName=Canara Bank, address=Pune, Maharashtra, CTC=600000.0, dateOfBirth=1998-05-10, offerDate=2024-01-01, joiningDate=2024-02-01, panNo=ABCDE1234F, documents={APPOINTMENT_LETTER=DocumentResponseDTO(generated=false, data=null), INTERNSHIP_LETTER=DocumentResponseDTO(generated=false, data=null), EXPERIENCE_LETTER=DocumentResponseDTO(generated=true, data={issueDate=2025-01-01, relievingDate=2025-01-01}), FULL_AND_FINAL=DocumentResponseDTO(generated=true, data={fnfDate=2025-01-10, totalDaysInMonth=31, month=January, issueDate=2025-01-10, resignationDate=2024-12-01, paidDays=25, leavingDate=2025-01-05}), CONFIRMATION_LETTER=DocumentResponseDTO(generated=false, data=null), INCREMENT_LETTER=DocumentResponseDTO(generated=false, data=null), RELIEVING_LETTER=DocumentResponseDTO(generated=false, data=null), SALARY_SLIP=DocumentResponseDTO(generated=true, data={startMonth=January, endMonth=February}), COMPLETION_LETTER=DocumentResponseDTO(generated=false, data=null), OFFER_LETTER=DocumentResponseDTO(generated=true, data={issueDate=2024-01-01, probationPeriod=6})})
2026-06-28 16:46:50 [http-nio-8080-exec-1] INFO  c.e.D.controller.UserController - Fetched 2 users on page 0 of 1
2026-06-28 16:46:50 [http-nio-8080-exec-9] INFO  c.e.Docgen_Backend.config.JwtFilter - JWT validated successfully for userId=6a311365ec2c34f3d9e4f06e
2026-06-28 16:46:50 [http-nio-8080-exec-9] INFO  c.e.D.controller.UserController - GET /api/v2/users - Fetch all users request received | page=0, size=8, sortBy=id, direction=desc
2026-06-28 16:46:55 [http-nio-8080-exec-9] INFO  c.e.D.controller.UserController - Fetched 2 users on page 0 of 1
2026-06-28 16:46:55 [http-nio-8080-exec-6] INFO  c.e.Docgen_Backend.config.JwtFilter - JWT validated successfully for userId=6a311365ec2c34f3d9e4f06e
2026-06-28 16:46:55 [http-nio-8080-exec-6] INFO  c.e.D.controller.UserController - GET /api/v2/users/11 - Fetch request received
2026-06-28 16:46:55 [http-nio-8080-exec-6] INFO  c.e.D.service.impl.UserServiceImpl - Fetching user profile for edit | userId=11
2026-06-28 16:46:55 [http-nio-8080-exec-6] DEBUG c.e.D.service.impl.UserServiceImpl - User found | userId=11 | employeeId=EMP102
2026-06-28 16:46:55 [http-nio-8080-exec-6] INFO  c.e.D.service.impl.UserServiceImpl - User profile fetched successfully | userId=11 | timeTaken=562ms
2026-06-28 16:46:55 [http-nio-8080-exec-6] INFO  c.e.D.controller.UserController - Profile fetched successfully for userId=11
2026-06-28 16:46:55 [http-nio-8080-exec-6] DEBUG c.e.D.controller.UserController - Fetched profile data: UserProfileResponseDTO(id=11, employeeName=Sagar Suryawanshi, employeeId=EMP102, email=prathamesh69bhavsar@gmail.com, mobileNo=9876543210, designation=Software Developer, department=Engineering, company=SMT, identity=MR, pfType=WITH_PF, accountNo=1234567890, bankName=Canara Bank, address=Pune, Maharashtra, CTC=600000.0, dateOfBirth=1998-05-10, offerDate=2024-01-01, joiningDate=2024-02-01, panNo=ABCDE1234F, documents={APPOINTMENT_LETTER=DocumentResponseDTO(generated=false, data=null), INTERNSHIP_LETTER=DocumentResponseDTO(generated=false, data=null), EXPERIENCE_LETTER=DocumentResponseDTO(generated=true, data={issueDate=2025-01-01, relievingDate=2025-01-01}), FULL_AND_FINAL=DocumentResponseDTO(generated=true, data={fnfDate=2025-01-10, totalDaysInMonth=31, month=January, issueDate=2025-01-10, resignationDate=2024-12-01, paidDays=25, leavingDate=2025-01-05}), CONFIRMATION_LETTER=DocumentResponseDTO(generated=false, data=null), INCREMENT_LETTER=DocumentResponseDTO(generated=false, data=null), RELIEVING_LETTER=DocumentResponseDTO(generated=false, data=null), SALARY_SLIP=DocumentResponseDTO(generated=true, data={startMonth=January, endMonth=February}), COMPLETION_LETTER=DocumentResponseDTO(generated=false, data=null), OFFER_LETTER=DocumentResponseDTO(generated=true, data={issueDate=2024-01-01, probationPeriod=6})})
2026-06-28 16:46:55 [http-nio-8080-exec-5] INFO  c.e.Docgen_Backend.config.JwtFilter - JWT validated successfully for userId=6a311365ec2c34f3d9e4f06e
2026-06-28 16:46:55 [http-nio-8080-exec-5] INFO  c.e.D.controller.UserController - GET /api/v2/users/11 - Fetch request received
2026-06-28 16:46:55 [http-nio-8080-exec-5] INFO  c.e.D.service.impl.UserServiceImpl - Fetching user profile for edit | userId=11
2026-06-28 16:46:56 [http-nio-8080-exec-5] DEBUG c.e.D.service.impl.UserServiceImpl - User found | userId=11 | employeeId=EMP102
2026-06-28 16:46:56 [http-nio-8080-exec-5] INFO  c.e.D.service.impl.UserServiceImpl - User profile fetched successfully | userId=11 | timeTaken=759ms
2026-06-28 16:46:56 [http-nio-8080-exec-5] INFO  c.e.D.controller.UserController - Profile fetched successfully for userId=11
2026-06-28 16:46:56 [http-nio-8080-exec-5] DEBUG c.e.D.controller.UserController - Fetched profile data: UserProfileResponseDTO(id=11, employeeName=Sagar Suryawanshi, employeeId=EMP102, email=prathamesh69bhavsar@gmail.com, mobileNo=9876543210, designation=Software Developer, department=Engineering, company=SMT, identity=MR, pfType=WITH_PF, accountNo=1234567890, bankName=Canara Bank, address=Pune, Maharashtra, CTC=600000.0, dateOfBirth=1998-05-10, offerDate=2024-01-01, joiningDate=2024-02-01, panNo=ABCDE1234F, documents={APPOINTMENT_LETTER=DocumentResponseDTO(generated=false, data=null), INTERNSHIP_LETTER=DocumentResponseDTO(generated=false, data=null), EXPERIENCE_LETTER=DocumentResponseDTO(generated=true, data={issueDate=2025-01-01, relievingDate=2025-01-01}), FULL_AND_FINAL=DocumentResponseDTO(generated=true, data={fnfDate=2025-01-10, totalDaysInMonth=31, month=January, issueDate=2025-01-10, resignationDate=2024-12-01, paidDays=25, leavingDate=2025-01-05}), CONFIRMATION_LETTER=DocumentResponseDTO(generated=false, data=null), INCREMENT_LETTER=DocumentResponseDTO(generated=false, data=null), RELIEVING_LETTER=DocumentResponseDTO(generated=false, data=null), SALARY_SLIP=DocumentResponseDTO(generated=true, data={startMonth=January, endMonth=February}), COMPLETION_LETTER=DocumentResponseDTO(generated=false, data=null), OFFER_LETTER=DocumentResponseDTO(generated=true, data={issueDate=2024-01-01, probationPeriod=6})})
2026-06-28 16:47:06 [http-nio-8080-exec-8] INFO  c.e.Docgen_Backend.config.JwtFilter - JWT validated successfully for userId=6a311365ec2c34f3d9e4f06e
2026-06-28 16:47:06 [http-nio-8080-exec-8] INFO  c.e.D.controller.UserController - GET /api/v2/users/11 - Fetch request received
2026-06-28 16:47:06 [http-nio-8080-exec-8] INFO  c.e.D.service.impl.UserServiceImpl - Fetching user profile for edit | userId=11
2026-06-28 16:47:06 [http-nio-8080-exec-8] DEBUG c.e.D.service.impl.UserServiceImpl - User found | userId=11 | employeeId=EMP102
2026-06-28 16:47:06 [http-nio-8080-exec-8] INFO  c.e.D.service.impl.UserServiceImpl - User profile fetched successfully | userId=11 | timeTaken=437ms
2026-06-28 16:47:06 [http-nio-8080-exec-8] INFO  c.e.D.controller.UserController - Profile fetched successfully for userId=11
2026-06-28 16:47:06 [http-nio-8080-exec-8] DEBUG c.e.D.controller.UserController - Fetched profile data: UserProfileResponseDTO(id=11, employeeName=Sagar Suryawanshi, employeeId=EMP102, email=prathamesh69bhavsar@gmail.com, mobileNo=9876543210, designation=Software Developer, department=Engineering, company=SMT, identity=MR, pfType=WITH_PF, accountNo=1234567890, bankName=Canara Bank, address=Pune, Maharashtra, CTC=600000.0, dateOfBirth=1998-05-10, offerDate=2024-01-01, joiningDate=2024-02-01, panNo=ABCDE1234F, documents={APPOINTMENT_LETTER=DocumentResponseDTO(generated=false, data=null), INTERNSHIP_LETTER=DocumentResponseDTO(generated=false, data=null), EXPERIENCE_LETTER=DocumentResponseDTO(generated=true, data={issueDate=2025-01-01, relievingDate=2025-01-01}), FULL_AND_FINAL=DocumentResponseDTO(generated=true, data={fnfDate=2025-01-10, totalDaysInMonth=31, month=January, issueDate=2025-01-10, resignationDate=2024-12-01, paidDays=25, leavingDate=2025-01-05}), CONFIRMATION_LETTER=DocumentResponseDTO(generated=false, data=null), INCREMENT_LETTER=DocumentResponseDTO(generated=false, data=null), RELIEVING_LETTER=DocumentResponseDTO(generated=false, data=null), SALARY_SLIP=DocumentResponseDTO(generated=true, data={startMonth=January, endMonth=February}), COMPLETION_LETTER=DocumentResponseDTO(generated=false, data=null), OFFER_LETTER=DocumentResponseDTO(generated=true, data={issueDate=2024-01-01, probationPeriod=6})})
2026-06-28 16:47:06 [http-nio-8080-exec-8] INFO  c.e.Docgen_Backend.config.JwtFilter - JWT validated successfully for userId=6a311365ec2c34f3d9e4f06e
2026-06-28 16:47:06 [http-nio-8080-exec-8] INFO  c.e.D.controller.UserController - GET /api/v2/users/11 - Fetch request received
2026-06-28 16:47:06 [http-nio-8080-exec-8] INFO  c.e.D.service.impl.UserServiceImpl - Fetching user profile for edit | userId=11
2026-06-28 16:47:07 [http-nio-8080-exec-8] DEBUG c.e.D.service.impl.UserServiceImpl - User found | userId=11 | employeeId=EMP102
2026-06-28 16:47:07 [http-nio-8080-exec-8] INFO  c.e.D.service.impl.UserServiceImpl - User profile fetched successfully | userId=11 | timeTaken=424ms
2026-06-28 16:47:07 [http-nio-8080-exec-8] INFO  c.e.D.controller.UserController - Profile fetched successfully for userId=11
2026-06-28 16:47:07 [http-nio-8080-exec-8] DEBUG c.e.D.controller.UserController - Fetched profile data: UserProfileResponseDTO(id=11, employeeName=Sagar Suryawanshi, employeeId=EMP102, email=prathamesh69bhavsar@gmail.com, mobileNo=9876543210, designation=Software Developer, department=Engineering, company=SMT, identity=MR, pfType=WITH_PF, accountNo=1234567890, bankName=Canara Bank, address=Pune, Maharashtra, CTC=600000.0, dateOfBirth=1998-05-10, offerDate=2024-01-01, joiningDate=2024-02-01, panNo=ABCDE1234F, documents={APPOINTMENT_LETTER=DocumentResponseDTO(generated=false, data=null), INTERNSHIP_LETTER=DocumentResponseDTO(generated=false, data=null), EXPERIENCE_LETTER=DocumentResponseDTO(generated=true, data={issueDate=2025-01-01, relievingDate=2025-01-01}), FULL_AND_FINAL=DocumentResponseDTO(generated=true, data={fnfDate=2025-01-10, totalDaysInMonth=31, month=January, issueDate=2025-01-10, resignationDate=2024-12-01, paidDays=25, leavingDate=2025-01-05}), CONFIRMATION_LETTER=DocumentResponseDTO(generated=false, data=null), INCREMENT_LETTER=DocumentResponseDTO(generated=false, data=null), RELIEVING_LETTER=DocumentResponseDTO(generated=false, data=null), SALARY_SLIP=DocumentResponseDTO(generated=true, data={startMonth=January, endMonth=February}), COMPLETION_LETTER=DocumentResponseDTO(generated=false, data=null), OFFER_LETTER=DocumentResponseDTO(generated=true, data={issueDate=2024-01-01, probationPeriod=6})})
2026-06-28 16:47:17 [http-nio-8080-exec-4] INFO  c.e.Docgen_Backend.config.JwtFilter - JWT validated successfully for userId=6a311365ec2c34f3d9e4f06e
2026-06-28 16:47:17 [http-nio-8080-exec-4] INFO  c.e.D.controller.UserController - GET /api/v2/users/11 - Fetch request received
2026-06-28 16:47:17 [http-nio-8080-exec-4] INFO  c.e.D.service.impl.UserServiceImpl - Fetching user profile for edit | userId=11
2026-06-28 16:47:18 [http-nio-8080-exec-4] DEBUG c.e.D.service.impl.UserServiceImpl - User found | userId=11 | employeeId=EMP102
2026-06-28 16:47:18 [http-nio-8080-exec-4] INFO  c.e.D.service.impl.UserServiceImpl - User profile fetched successfully | userId=11 | timeTaken=416ms
2026-06-28 16:47:18 [http-nio-8080-exec-4] INFO  c.e.D.controller.UserController - Profile fetched successfully for userId=11
2026-06-28 16:47:18 [http-nio-8080-exec-4] DEBUG c.e.D.controller.UserController - Fetched profile data: UserProfileResponseDTO(id=11, employeeName=Sagar Suryawanshi, employeeId=EMP102, email=prathamesh69bhavsar@gmail.com, mobileNo=9876543210, designation=Software Developer, department=Engineering, company=SMT, identity=MR, pfType=WITH_PF, accountNo=1234567890, bankName=Canara Bank, address=Pune, Maharashtra, CTC=600000.0, dateOfBirth=1998-05-10, offerDate=2024-01-01, joiningDate=2024-02-01, panNo=ABCDE1234F, documents={APPOINTMENT_LETTER=DocumentResponseDTO(generated=false, data=null), INTERNSHIP_LETTER=DocumentResponseDTO(generated=false, data=null), EXPERIENCE_LETTER=DocumentResponseDTO(generated=true, data={issueDate=2025-01-01, relievingDate=2025-01-01}), FULL_AND_FINAL=DocumentResponseDTO(generated=true, data={fnfDate=2025-01-10, totalDaysInMonth=31, month=January, issueDate=2025-01-10, resignationDate=2024-12-01, paidDays=25, leavingDate=2025-01-05}), CONFIRMATION_LETTER=DocumentResponseDTO(generated=false, data=null), INCREMENT_LETTER=DocumentResponseDTO(generated=false, data=null), RELIEVING_LETTER=DocumentResponseDTO(generated=false, data=null), SALARY_SLIP=DocumentResponseDTO(generated=true, data={startMonth=January, endMonth=February}), COMPLETION_LETTER=DocumentResponseDTO(generated=false, data=null), OFFER_LETTER=DocumentResponseDTO(generated=true, data={issueDate=2024-01-01, probationPeriod=6})})
2026-06-28 16:47:18 [http-nio-8080-exec-3] INFO  c.e.Docgen_Backend.config.JwtFilter - JWT validated successfully for userId=6a311365ec2c34f3d9e4f06e
2026-06-28 16:47:18 [http-nio-8080-exec-3] INFO  c.e.D.controller.UserController - GET /api/v2/users/11 - Fetch request received
2026-06-28 16:47:18 [http-nio-8080-exec-3] INFO  c.e.D.service.impl.UserServiceImpl - Fetching user profile for edit | userId=11
2026-06-28 16:47:18 [http-nio-8080-exec-3] DEBUG c.e.D.service.impl.UserServiceImpl - User found | userId=11 | employeeId=EMP102
2026-06-28 16:47:18 [http-nio-8080-exec-3] INFO  c.e.D.service.impl.UserServiceImpl - User profile fetched successfully | userId=11 | timeTaken=342ms
2026-06-28 16:47:18 [http-nio-8080-exec-3] INFO  c.e.D.controller.UserController - Profile fetched successfully for userId=11
2026-06-28 16:47:18 [http-nio-8080-exec-3] DEBUG c.e.D.controller.UserController - Fetched profile data: UserProfileResponseDTO(id=11, employeeName=Sagar Suryawanshi, employeeId=EMP102, email=prathamesh69bhavsar@gmail.com, mobileNo=9876543210, designation=Software Developer, department=Engineering, company=SMT, identity=MR, pfType=WITH_PF, accountNo=1234567890, bankName=Canara Bank, address=Pune, Maharashtra, CTC=600000.0, dateOfBirth=1998-05-10, offerDate=2024-01-01, joiningDate=2024-02-01, panNo=ABCDE1234F, documents={APPOINTMENT_LETTER=DocumentResponseDTO(generated=false, data=null), INTERNSHIP_LETTER=DocumentResponseDTO(generated=false, data=null), EXPERIENCE_LETTER=DocumentResponseDTO(generated=true, data={issueDate=2025-01-01, relievingDate=2025-01-01}), FULL_AND_FINAL=DocumentResponseDTO(generated=true, data={fnfDate=2025-01-10, totalDaysInMonth=31, month=January, issueDate=2025-01-10, resignationDate=2024-12-01, paidDays=25, leavingDate=2025-01-05}), CONFIRMATION_LETTER=DocumentResponseDTO(generated=false, data=null), INCREMENT_LETTER=DocumentResponseDTO(generated=false, data=null), RELIEVING_LETTER=DocumentResponseDTO(generated=false, data=null), SALARY_SLIP=DocumentResponseDTO(generated=true, data={startMonth=January, endMonth=February}), COMPLETION_LETTER=DocumentResponseDTO(generated=false, data=null), OFFER_LETTER=DocumentResponseDTO(generated=true, data={issueDate=2024-01-01, probationPeriod=6})})
2026-06-28 16:47:28 [http-nio-8080-exec-7] INFO  c.e.Docgen_Backend.config.JwtFilter - JWT validated successfully for userId=6a311365ec2c34f3d9e4f06e
2026-06-28 16:47:28 [http-nio-8080-exec-7] INFO  c.e.D.controller.UserController - GET /api/v2/users/11 - Fetch request received
2026-06-28 16:47:28 [http-nio-8080-exec-7] INFO  c.e.D.service.impl.UserServiceImpl - Fetching user profile for edit | userId=11
2026-06-28 16:47:28 [http-nio-8080-exec-7] DEBUG c.e.D.service.impl.UserServiceImpl - User found | userId=11 | employeeId=EMP102
2026-06-28 16:47:28 [http-nio-8080-exec-7] INFO  c.e.D.service.impl.UserServiceImpl - User profile fetched successfully | userId=11 | timeTaken=383ms
2026-06-28 16:47:28 [http-nio-8080-exec-7] INFO  c.e.D.controller.UserController - Profile fetched successfully for userId=11
2026-06-28 16:47:28 [http-nio-8080-exec-7] DEBUG c.e.D.controller.UserController - Fetched profile data: UserProfileResponseDTO(id=11, employeeName=Sagar Suryawanshi, employeeId=EMP102, email=prathamesh69bhavsar@gmail.com, mobileNo=9876543210, designation=Software Developer, department=Engineering, company=SMT, identity=MR, pfType=WITH_PF, accountNo=1234567890, bankName=Canara Bank, address=Pune, Maharashtra, CTC=600000.0, dateOfBirth=1998-05-10, offerDate=2024-01-01, joiningDate=2024-02-01, panNo=ABCDE1234F, documents={APPOINTMENT_LETTER=DocumentResponseDTO(generated=false, data=null), INTERNSHIP_LETTER=DocumentResponseDTO(generated=false, data=null), EXPERIENCE_LETTER=DocumentResponseDTO(generated=true, data={issueDate=2025-01-01, relievingDate=2025-01-01}), FULL_AND_FINAL=DocumentResponseDTO(generated=true, data={fnfDate=2025-01-10, totalDaysInMonth=31, month=January, issueDate=2025-01-10, resignationDate=2024-12-01, paidDays=25, leavingDate=2025-01-05}), CONFIRMATION_LETTER=DocumentResponseDTO(generated=false, data=null), INCREMENT_LETTER=DocumentResponseDTO(generated=false, data=null), RELIEVING_LETTER=DocumentResponseDTO(generated=false, data=null), SALARY_SLIP=DocumentResponseDTO(generated=true, data={startMonth=January, endMonth=February}), COMPLETION_LETTER=DocumentResponseDTO(generated=false, data=null), OFFER_LETTER=DocumentResponseDTO(generated=true, data={issueDate=2024-01-01, probationPeriod=6})})
2026-06-28 16:47:28 [http-nio-8080-exec-10] INFO  c.e.Docgen_Backend.config.JwtFilter - JWT validated successfully for userId=6a311365ec2c34f3d9e4f06e
2026-06-28 16:47:28 [http-nio-8080-exec-10] INFO  c.e.D.controller.UserController - GET /api/v2/users/11 - Fetch request received
2026-06-28 16:47:28 [http-nio-8080-exec-10] INFO  c.e.D.service.impl.UserServiceImpl - Fetching user profile for edit | userId=11
2026-06-28 16:47:29 [http-nio-8080-exec-10] DEBUG c.e.D.service.impl.UserServiceImpl - User found | userId=11 | employeeId=EMP102
2026-06-28 16:47:29 [http-nio-8080-exec-10] INFO  c.e.D.service.impl.UserServiceImpl - User profile fetched successfully | userId=11 | timeTaken=462ms
2026-06-28 16:47:29 [http-nio-8080-exec-10] INFO  c.e.D.controller.UserController - Profile fetched successfully for userId=11
2026-06-28 16:47:29 [http-nio-8080-exec-10] DEBUG c.e.D.controller.UserController - Fetched profile data: UserProfileResponseDTO(id=11, employeeName=Sagar Suryawanshi, employeeId=EMP102, email=prathamesh69bhavsar@gmail.com, mobileNo=9876543210, designation=Software Developer, department=Engineering, company=SMT, identity=MR, pfType=WITH_PF, accountNo=1234567890, bankName=Canara Bank, address=Pune, Maharashtra, CTC=600000.0, dateOfBirth=1998-05-10, offerDate=2024-01-01, joiningDate=2024-02-01, panNo=ABCDE1234F, documents={APPOINTMENT_LETTER=DocumentResponseDTO(generated=false, data=null), INTERNSHIP_LETTER=DocumentResponseDTO(generated=false, data=null), EXPERIENCE_LETTER=DocumentResponseDTO(generated=true, data={issueDate=2025-01-01, relievingDate=2025-01-01}), FULL_AND_FINAL=DocumentResponseDTO(generated=true, data={fnfDate=2025-01-10, totalDaysInMonth=31, month=January, issueDate=2025-01-10, resignationDate=2024-12-01, paidDays=25, leavingDate=2025-01-05}), CONFIRMATION_LETTER=DocumentResponseDTO(generated=false, data=null), INCREMENT_LETTER=DocumentResponseDTO(generated=false, data=null), RELIEVING_LETTER=DocumentResponseDTO(generated=false, data=null), SALARY_SLIP=DocumentResponseDTO(generated=true, data={startMonth=January, endMonth=February}), COMPLETION_LETTER=DocumentResponseDTO(generated=false, data=null), OFFER_LETTER=DocumentResponseDTO(generated=true, data={issueDate=2024-01-01, probationPeriod=6})})
2026-06-28 16:47:44 [http-nio-8080-exec-9] INFO  c.e.Docgen_Backend.config.JwtFilter - JWT validated successfully for userId=6a311365ec2c34f3d9e4f06e
2026-06-28 16:47:44 [http-nio-8080-exec-9] INFO  c.e.D.controller.UserController - GET /api/v2/users/11 - Fetch request received
2026-06-28 16:47:44 [http-nio-8080-exec-9] INFO  c.e.D.service.impl.UserServiceImpl - Fetching user profile for edit | userId=11
2026-06-28 16:47:44 [http-nio-8080-exec-9] DEBUG c.e.D.service.impl.UserServiceImpl - User found | userId=11 | employeeId=EMP102
2026-06-28 16:47:44 [http-nio-8080-exec-9] INFO  c.e.D.service.impl.UserServiceImpl - User profile fetched successfully | userId=11 | timeTaken=408ms
2026-06-28 16:47:44 [http-nio-8080-exec-9] INFO  c.e.D.controller.UserController - Profile fetched successfully for userId=11
2026-06-28 16:47:44 [http-nio-8080-exec-9] DEBUG c.e.D.controller.UserController - Fetched profile data: UserProfileResponseDTO(id=11, employeeName=Sagar Suryawanshi, employeeId=EMP102, email=prathamesh69bhavsar@gmail.com, mobileNo=9876543210, designation=Software Developer, department=Engineering, company=SMT, identity=MR, pfType=WITH_PF, accountNo=1234567890, bankName=Canara Bank, address=Pune, Maharashtra, CTC=600000.0, dateOfBirth=1998-05-10, offerDate=2024-01-01, joiningDate=2024-02-01, panNo=ABCDE1234F, documents={APPOINTMENT_LETTER=DocumentResponseDTO(generated=false, data=null), INTERNSHIP_LETTER=DocumentResponseDTO(generated=false, data=null), EXPERIENCE_LETTER=DocumentResponseDTO(generated=true, data={issueDate=2025-01-01, relievingDate=2025-01-01}), FULL_AND_FINAL=DocumentResponseDTO(generated=true, data={fnfDate=2025-01-10, totalDaysInMonth=31, month=January, issueDate=2025-01-10, resignationDate=2024-12-01, paidDays=25, leavingDate=2025-01-05}), CONFIRMATION_LETTER=DocumentResponseDTO(generated=false, data=null), INCREMENT_LETTER=DocumentResponseDTO(generated=false, data=null), RELIEVING_LETTER=DocumentResponseDTO(generated=false, data=null), SALARY_SLIP=DocumentResponseDTO(generated=true, data={startMonth=January, endMonth=February}), COMPLETION_LETTER=DocumentResponseDTO(generated=false, data=null), OFFER_LETTER=DocumentResponseDTO(generated=true, data={issueDate=2024-01-01, probationPeriod=6})})
2026-06-28 16:47:44 [http-nio-8080-exec-9] INFO  c.e.Docgen_Backend.config.JwtFilter - JWT validated successfully for userId=6a311365ec2c34f3d9e4f06e
2026-06-28 16:47:44 [http-nio-8080-exec-9] INFO  c.e.D.controller.UserController - GET /api/v2/users/11 - Fetch request received
2026-06-28 16:47:44 [http-nio-8080-exec-9] INFO  c.e.D.service.impl.UserServiceImpl - Fetching user profile for edit | userId=11
2026-06-28 16:47:44 [http-nio-8080-exec-9] DEBUG c.e.D.service.impl.UserServiceImpl - User found | userId=11 | employeeId=EMP102
2026-06-28 16:47:44 [http-nio-8080-exec-9] INFO  c.e.D.service.impl.UserServiceImpl - User profile fetched successfully | userId=11 | timeTaken=447ms
2026-06-28 16:47:44 [http-nio-8080-exec-9] INFO  c.e.D.controller.UserController - Profile fetched successfully for userId=11
2026-06-28 16:47:44 [http-nio-8080-exec-9] DEBUG c.e.D.controller.UserController - Fetched profile data: UserProfileResponseDTO(id=11, employeeName=Sagar Suryawanshi, employeeId=EMP102, email=prathamesh69bhavsar@gmail.com, mobileNo=9876543210, designation=Software Developer, department=Engineering, company=SMT, identity=MR, pfType=WITH_PF, accountNo=1234567890, bankName=Canara Bank, address=Pune, Maharashtra, CTC=600000.0, dateOfBirth=1998-05-10, offerDate=2024-01-01, joiningDate=2024-02-01, panNo=ABCDE1234F, documents={APPOINTMENT_LETTER=DocumentResponseDTO(generated=false, data=null), INTERNSHIP_LETTER=DocumentResponseDTO(generated=false, data=null), EXPERIENCE_LETTER=DocumentResponseDTO(generated=true, data={issueDate=2025-01-01, relievingDate=2025-01-01}), FULL_AND_FINAL=DocumentResponseDTO(generated=true, data={fnfDate=2025-01-10, totalDaysInMonth=31, month=January, issueDate=2025-01-10, resignationDate=2024-12-01, paidDays=25, leavingDate=2025-01-05}), CONFIRMATION_LETTER=DocumentResponseDTO(generated=false, data=null), INCREMENT_LETTER=DocumentResponseDTO(generated=false, data=null), RELIEVING_LETTER=DocumentResponseDTO(generated=false, data=null), SALARY_SLIP=DocumentResponseDTO(generated=true, data={startMonth=January, endMonth=February}), COMPLETION_LETTER=DocumentResponseDTO(generated=false, data=null), OFFER_LETTER=DocumentResponseDTO(generated=true, data={issueDate=2024-01-01, probationPeriod=6})})
2026-06-28 16:47:51 [http-nio-8080-exec-5] INFO  c.e.Docgen_Backend.config.JwtFilter - JWT validated successfully for userId=6a311365ec2c34f3d9e4f06e
2026-06-28 16:47:51 [http-nio-8080-exec-5] INFO  c.e.D.controller.UserController - GET /api/v2/users/11 - Fetch request received
2026-06-28 16:47:51 [http-nio-8080-exec-5] INFO  c.e.D.service.impl.UserServiceImpl - Fetching user profile for edit | userId=11
2026-06-28 16:47:52 [http-nio-8080-exec-5] DEBUG c.e.D.service.impl.UserServiceImpl - User found | userId=11 | employeeId=EMP102
2026-06-28 16:47:52 [http-nio-8080-exec-5] INFO  c.e.D.service.impl.UserServiceImpl - User profile fetched successfully | userId=11 | timeTaken=389ms
2026-06-28 16:47:52 [http-nio-8080-exec-5] INFO  c.e.D.controller.UserController - Profile fetched successfully for userId=11
2026-06-28 16:47:52 [http-nio-8080-exec-5] DEBUG c.e.D.controller.UserController - Fetched profile data: UserProfileResponseDTO(id=11, employeeName=Sagar Suryawanshi, employeeId=EMP102, email=prathamesh69bhavsar@gmail.com, mobileNo=9876543210, designation=Software Developer, department=Engineering, company=SMT, identity=MR, pfType=WITH_PF, accountNo=1234567890, bankName=Canara Bank, address=Pune, Maharashtra, CTC=600000.0, dateOfBirth=1998-05-10, offerDate=2024-01-01, joiningDate=2024-02-01, panNo=ABCDE1234F, documents={APPOINTMENT_LETTER=DocumentResponseDTO(generated=false, data=null), INTERNSHIP_LETTER=DocumentResponseDTO(generated=false, data=null), EXPERIENCE_LETTER=DocumentResponseDTO(generated=true, data={issueDate=2025-01-01, relievingDate=2025-01-01}), FULL_AND_FINAL=DocumentResponseDTO(generated=true, data={fnfDate=2025-01-10, totalDaysInMonth=31, month=January, issueDate=2025-01-10, resignationDate=2024-12-01, paidDays=25, leavingDate=2025-01-05}), CONFIRMATION_LETTER=DocumentResponseDTO(generated=false, data=null), INCREMENT_LETTER=DocumentResponseDTO(generated=false, data=null), RELIEVING_LETTER=DocumentResponseDTO(generated=false, data=null), SALARY_SLIP=DocumentResponseDTO(generated=true, data={startMonth=January, endMonth=February}), COMPLETION_LETTER=DocumentResponseDTO(generated=false, data=null), OFFER_LETTER=DocumentResponseDTO(generated=true, data={issueDate=2024-01-01, probationPeriod=6})})
2026-06-28 16:47:52 [http-nio-8080-exec-7] INFO  c.e.Docgen_Backend.config.JwtFilter - JWT validated successfully for userId=6a311365ec2c34f3d9e4f06e
2026-06-28 16:47:52 [http-nio-8080-exec-7] INFO  c.e.D.controller.UserController - GET /api/v2/users/11 - Fetch request received
2026-06-28 16:47:52 [http-nio-8080-exec-7] INFO  c.e.D.service.impl.UserServiceImpl - Fetching user profile for edit | userId=11
2026-06-28 16:47:52 [http-nio-8080-exec-7] DEBUG c.e.D.service.impl.UserServiceImpl - User found | userId=11 | employeeId=EMP102
2026-06-28 16:47:52 [http-nio-8080-exec-7] INFO  c.e.D.service.impl.UserServiceImpl - User profile fetched successfully | userId=11 | timeTaken=375ms
2026-06-28 16:47:52 [http-nio-8080-exec-7] INFO  c.e.D.controller.UserController - Profile fetched successfully for userId=11
2026-06-28 16:47:52 [http-nio-8080-exec-7] DEBUG c.e.D.controller.UserController - Fetched profile data: UserProfileResponseDTO(id=11, employeeName=Sagar Suryawanshi, employeeId=EMP102, email=prathamesh69bhavsar@gmail.com, mobileNo=9876543210, designation=Software Developer, department=Engineering, company=SMT, identity=MR, pfType=WITH_PF, accountNo=1234567890, bankName=Canara Bank, address=Pune, Maharashtra, CTC=600000.0, dateOfBirth=1998-05-10, offerDate=2024-01-01, joiningDate=2024-02-01, panNo=ABCDE1234F, documents={APPOINTMENT_LETTER=DocumentResponseDTO(generated=false, data=null), INTERNSHIP_LETTER=DocumentResponseDTO(generated=false, data=null), EXPERIENCE_LETTER=DocumentResponseDTO(generated=true, data={issueDate=2025-01-01, relievingDate=2025-01-01}), FULL_AND_FINAL=DocumentResponseDTO(generated=true, data={fnfDate=2025-01-10, totalDaysInMonth=31, month=January, issueDate=2025-01-10, resignationDate=2024-12-01, paidDays=25, leavingDate=2025-01-05}), CONFIRMATION_LETTER=DocumentResponseDTO(generated=false, data=null), INCREMENT_LETTER=DocumentResponseDTO(generated=false, data=null), RELIEVING_LETTER=DocumentResponseDTO(generated=false, data=null), SALARY_SLIP=DocumentResponseDTO(generated=true, data={startMonth=January, endMonth=February}), COMPLETION_LETTER=DocumentResponseDTO(generated=false, data=null), OFFER_LETTER=DocumentResponseDTO(generated=true, data={issueDate=2024-01-01, probationPeriod=6})})
2026-06-28 16:47:56 [http-nio-8080-exec-8] INFO  c.e.Docgen_Backend.config.JwtFilter - JWT validated successfully for userId=6a311365ec2c34f3d9e4f06e
2026-06-28 16:47:56 [http-nio-8080-exec-8] INFO  c.e.D.controller.UserController - GET /api/v2/users/11 - Fetch request received
2026-06-28 16:47:56 [http-nio-8080-exec-8] INFO  c.e.D.service.impl.UserServiceImpl - Fetching user profile for edit | userId=11
2026-06-28 16:47:56 [http-nio-8080-exec-9] INFO  c.e.Docgen_Backend.config.JwtFilter - JWT validated successfully for userId=6a311365ec2c34f3d9e4f06e
2026-06-28 16:47:56 [http-nio-8080-exec-9] INFO  c.e.D.controller.UserController - GET /api/v2/users - Fetch all users request received | page=0, size=8, sortBy=id, direction=desc
2026-06-28 16:47:57 [http-nio-8080-exec-8] DEBUG c.e.D.service.impl.UserServiceImpl - User found | userId=11 | employeeId=EMP102
2026-06-28 16:47:57 [http-nio-8080-exec-8] INFO  c.e.D.service.impl.UserServiceImpl - User profile fetched successfully | userId=11 | timeTaken=494ms
2026-06-28 16:47:57 [http-nio-8080-exec-8] INFO  c.e.D.controller.UserController - Profile fetched successfully for userId=11
2026-06-28 16:47:57 [http-nio-8080-exec-8] DEBUG c.e.D.controller.UserController - Fetched profile data: UserProfileResponseDTO(id=11, employeeName=Sagar Suryawanshi, employeeId=EMP102, email=prathamesh69bhavsar@gmail.com, mobileNo=9876543210, designation=Software Developer, department=Engineering, company=SMT, identity=MR, pfType=WITH_PF, accountNo=1234567890, bankName=Canara Bank, address=Pune, Maharashtra, CTC=600000.0, dateOfBirth=1998-05-10, offerDate=2024-01-01, joiningDate=2024-02-01, panNo=ABCDE1234F, documents={APPOINTMENT_LETTER=DocumentResponseDTO(generated=false, data=null), INTERNSHIP_LETTER=DocumentResponseDTO(generated=false, data=null), EXPERIENCE_LETTER=DocumentResponseDTO(generated=true, data={issueDate=2025-01-01, relievingDate=2025-01-01}), FULL_AND_FINAL=DocumentResponseDTO(generated=true, data={fnfDate=2025-01-10, totalDaysInMonth=31, month=January, issueDate=2025-01-10, resignationDate=2024-12-01, paidDays=25, leavingDate=2025-01-05}), CONFIRMATION_LETTER=DocumentResponseDTO(generated=false, data=null), INCREMENT_LETTER=DocumentResponseDTO(generated=false, data=null), RELIEVING_LETTER=DocumentResponseDTO(generated=false, data=null), SALARY_SLIP=DocumentResponseDTO(generated=true, data={startMonth=January, endMonth=February}), COMPLETION_LETTER=DocumentResponseDTO(generated=false, data=null), OFFER_LETTER=DocumentResponseDTO(generated=true, data={issueDate=2024-01-01, probationPeriod=6})})
2026-06-28 16:47:57 [http-nio-8080-exec-3] INFO  c.e.Docgen_Backend.config.JwtFilter - JWT validated successfully for userId=6a311365ec2c34f3d9e4f06e
2026-06-28 16:47:57 [http-nio-8080-exec-3] INFO  c.e.D.controller.UserController - GET /api/v2/users/11 - Fetch request received
2026-06-28 16:47:57 [http-nio-8080-exec-3] INFO  c.e.D.service.impl.UserServiceImpl - Fetching user profile for edit | userId=11
2026-06-28 16:47:57 [http-nio-8080-exec-3] DEBUG c.e.D.service.impl.UserServiceImpl - User found | userId=11 | employeeId=EMP102
2026-06-28 16:47:57 [http-nio-8080-exec-3] INFO  c.e.D.service.impl.UserServiceImpl - User profile fetched successfully | userId=11 | timeTaken=433ms
2026-06-28 16:47:57 [http-nio-8080-exec-3] INFO  c.e.D.controller.UserController - Profile fetched successfully for userId=11
2026-06-28 16:47:57 [http-nio-8080-exec-3] DEBUG c.e.D.controller.UserController - Fetched profile data: UserProfileResponseDTO(id=11, employeeName=Sagar Suryawanshi, employeeId=EMP102, email=prathamesh69bhavsar@gmail.com, mobileNo=9876543210, designation=Software Developer, department=Engineering, company=SMT, identity=MR, pfType=WITH_PF, accountNo=1234567890, bankName=Canara Bank, address=Pune, Maharashtra, CTC=600000.0, dateOfBirth=1998-05-10, offerDate=2024-01-01, joiningDate=2024-02-01, panNo=ABCDE1234F, documents={APPOINTMENT_LETTER=DocumentResponseDTO(generated=false, data=null), INTERNSHIP_LETTER=DocumentResponseDTO(generated=false, data=null), EXPERIENCE_LETTER=DocumentResponseDTO(generated=true, data={issueDate=2025-01-01, relievingDate=2025-01-01}), FULL_AND_FINAL=DocumentResponseDTO(generated=true, data={fnfDate=2025-01-10, totalDaysInMonth=31, month=January, issueDate=2025-01-10, resignationDate=2024-12-01, paidDays=25, leavingDate=2025-01-05}), CONFIRMATION_LETTER=DocumentResponseDTO(generated=false, data=null), INCREMENT_LETTER=DocumentResponseDTO(generated=false, data=null), RELIEVING_LETTER=DocumentResponseDTO(generated=false, data=null), SALARY_SLIP=DocumentResponseDTO(generated=true, data={startMonth=January, endMonth=February}), COMPLETION_LETTER=DocumentResponseDTO(generated=false, data=null), OFFER_LETTER=DocumentResponseDTO(generated=true, data={issueDate=2024-01-01, probationPeriod=6})})
2026-06-28 16:47:57 [http-nio-8080-exec-9] INFO  c.e.D.controller.UserController - Fetched 2 users on page 0 of 1
2026-06-28 16:47:57 [http-nio-8080-exec-9] INFO  c.e.Docgen_Backend.config.JwtFilter - JWT validated successfully for userId=6a311365ec2c34f3d9e4f06e
2026-06-28 16:47:57 [http-nio-8080-exec-9] INFO  c.e.D.controller.UserController - GET /api/v2/users - Fetch all users request received | page=0, size=8, sortBy=id, direction=desc
2026-06-28 16:47:58 [http-nio-8080-exec-9] INFO  c.e.D.controller.UserController - Fetched 2 users on page 0 of 1
2026-06-28 16:47:58 [http-nio-8080-exec-2] INFO  c.e.Docgen_Backend.config.JwtFilter - JWT validated successfully for userId=6a311365ec2c34f3d9e4f06e
2026-06-28 16:47:58 [http-nio-8080-exec-2] INFO  c.e.D.controller.UserController - GET /api/v2/users/11 - Fetch request received
2026-06-28 16:47:58 [http-nio-8080-exec-2] INFO  c.e.D.service.impl.UserServiceImpl - Fetching user profile for edit | userId=11
2026-06-28 16:47:59 [http-nio-8080-exec-2] DEBUG c.e.D.service.impl.UserServiceImpl - User found | userId=11 | employeeId=EMP102
2026-06-28 16:47:59 [http-nio-8080-exec-2] INFO  c.e.D.service.impl.UserServiceImpl - User profile fetched successfully | userId=11 | timeTaken=424ms
2026-06-28 16:47:59 [http-nio-8080-exec-2] INFO  c.e.D.controller.UserController - Profile fetched successfully for userId=11
2026-06-28 16:47:59 [http-nio-8080-exec-2] DEBUG c.e.D.controller.UserController - Fetched profile data: UserProfileResponseDTO(id=11, employeeName=Sagar Suryawanshi, employeeId=EMP102, email=prathamesh69bhavsar@gmail.com, mobileNo=9876543210, designation=Software Developer, department=Engineering, company=SMT, identity=MR, pfType=WITH_PF, accountNo=1234567890, bankName=Canara Bank, address=Pune, Maharashtra, CTC=600000.0, dateOfBirth=1998-05-10, offerDate=2024-01-01, joiningDate=2024-02-01, panNo=ABCDE1234F, documents={APPOINTMENT_LETTER=DocumentResponseDTO(generated=false, data=null), INTERNSHIP_LETTER=DocumentResponseDTO(generated=false, data=null), EXPERIENCE_LETTER=DocumentResponseDTO(generated=true, data={issueDate=2025-01-01, relievingDate=2025-01-01}), FULL_AND_FINAL=DocumentResponseDTO(generated=true, data={fnfDate=2025-01-10, totalDaysInMonth=31, month=January, issueDate=2025-01-10, resignationDate=2024-12-01, paidDays=25, leavingDate=2025-01-05}), CONFIRMATION_LETTER=DocumentResponseDTO(generated=false, data=null), INCREMENT_LETTER=DocumentResponseDTO(generated=false, data=null), RELIEVING_LETTER=DocumentResponseDTO(generated=false, data=null), SALARY_SLIP=DocumentResponseDTO(generated=true, data={startMonth=January, endMonth=February}), COMPLETION_LETTER=DocumentResponseDTO(generated=false, data=null), OFFER_LETTER=DocumentResponseDTO(generated=true, data={issueDate=2024-01-01, probationPeriod=6})})
2026-06-28 16:47:59 [http-nio-8080-exec-2] INFO  c.e.Docgen_Backend.config.JwtFilter - JWT validated successfully for userId=6a311365ec2c34f3d9e4f06e
2026-06-28 16:47:59 [http-nio-8080-exec-2] INFO  c.e.D.controller.UserController - GET /api/v2/users/11 - Fetch request received
2026-06-28 16:47:59 [http-nio-8080-exec-2] INFO  c.e.D.service.impl.UserServiceImpl - Fetching user profile for edit | userId=11
2026-06-28 16:47:59 [http-nio-8080-exec-2] DEBUG c.e.D.service.impl.UserServiceImpl - User found | userId=11 | employeeId=EMP102
2026-06-28 16:47:59 [http-nio-8080-exec-2] INFO  c.e.D.service.impl.UserServiceImpl - User profile fetched successfully | userId=11 | timeTaken=473ms
2026-06-28 16:47:59 [http-nio-8080-exec-2] INFO  c.e.D.controller.UserController - Profile fetched successfully for userId=11
2026-06-28 16:47:59 [http-nio-8080-exec-2] DEBUG c.e.D.controller.UserController - Fetched profile data: UserProfileResponseDTO(id=11, employeeName=Sagar Suryawanshi, employeeId=EMP102, email=prathamesh69bhavsar@gmail.com, mobileNo=9876543210, designation=Software Developer, department=Engineering, company=SMT, identity=MR, pfType=WITH_PF, accountNo=1234567890, bankName=Canara Bank, address=Pune, Maharashtra, CTC=600000.0, dateOfBirth=1998-05-10, offerDate=2024-01-01, joiningDate=2024-02-01, panNo=ABCDE1234F, documents={APPOINTMENT_LETTER=DocumentResponseDTO(generated=false, data=null), INTERNSHIP_LETTER=DocumentResponseDTO(generated=false, data=null), EXPERIENCE_LETTER=DocumentResponseDTO(generated=true, data={issueDate=2025-01-01, relievingDate=2025-01-01}), FULL_AND_FINAL=DocumentResponseDTO(generated=true, data={fnfDate=2025-01-10, totalDaysInMonth=31, month=January, issueDate=2025-01-10, resignationDate=2024-12-01, paidDays=25, leavingDate=2025-01-05}), CONFIRMATION_LETTER=DocumentResponseDTO(generated=false, data=null), INCREMENT_LETTER=DocumentResponseDTO(generated=false, data=null), RELIEVING_LETTER=DocumentResponseDTO(generated=false, data=null), SALARY_SLIP=DocumentResponseDTO(generated=true, data={startMonth=January, endMonth=February}), COMPLETION_LETTER=DocumentResponseDTO(generated=false, data=null), OFFER_LETTER=DocumentResponseDTO(generated=true, data={issueDate=2024-01-01, probationPeriod=6})})
2026-06-28 16:48:02 [http-nio-8080-exec-1] INFO  c.e.Docgen_Backend.config.JwtFilter - JWT validated successfully for userId=6a311365ec2c34f3d9e4f06e
2026-06-28 16:48:02 [http-nio-8080-exec-1] INFO  c.e.D.controller.UserController - GET /api/v2/users/11 - Fetch request received
2026-06-28 16:48:02 [http-nio-8080-exec-1] INFO  c.e.D.service.impl.UserServiceImpl - Fetching user profile for edit | userId=11
2026-06-28 16:48:02 [http-nio-8080-exec-1] DEBUG c.e.D.service.impl.UserServiceImpl - User found | userId=11 | employeeId=EMP102
2026-06-28 16:48:02 [http-nio-8080-exec-1] INFO  c.e.D.service.impl.UserServiceImpl - User profile fetched successfully | userId=11 | timeTaken=473ms
2026-06-28 16:48:02 [http-nio-8080-exec-1] INFO  c.e.D.controller.UserController - Profile fetched successfully for userId=11
2026-06-28 16:48:02 [http-nio-8080-exec-1] DEBUG c.e.D.controller.UserController - Fetched profile data: UserProfileResponseDTO(id=11, employeeName=Sagar Suryawanshi, employeeId=EMP102, email=prathamesh69bhavsar@gmail.com, mobileNo=9876543210, designation=Software Developer, department=Engineering, company=SMT, identity=MR, pfType=WITH_PF, accountNo=1234567890, bankName=Canara Bank, address=Pune, Maharashtra, CTC=600000.0, dateOfBirth=1998-05-10, offerDate=2024-01-01, joiningDate=2024-02-01, panNo=ABCDE1234F, documents={APPOINTMENT_LETTER=DocumentResponseDTO(generated=false, data=null), INTERNSHIP_LETTER=DocumentResponseDTO(generated=false, data=null), EXPERIENCE_LETTER=DocumentResponseDTO(generated=true, data={issueDate=2025-01-01, relievingDate=2025-01-01}), FULL_AND_FINAL=DocumentResponseDTO(generated=true, data={fnfDate=2025-01-10, totalDaysInMonth=31, month=January, issueDate=2025-01-10, resignationDate=2024-12-01, paidDays=25, leavingDate=2025-01-05}), CONFIRMATION_LETTER=DocumentResponseDTO(generated=false, data=null), INCREMENT_LETTER=DocumentResponseDTO(generated=false, data=null), RELIEVING_LETTER=DocumentResponseDTO(generated=false, data=null), SALARY_SLIP=DocumentResponseDTO(generated=true, data={startMonth=January, endMonth=February}), COMPLETION_LETTER=DocumentResponseDTO(generated=false, data=null), OFFER_LETTER=DocumentResponseDTO(generated=true, data={issueDate=2024-01-01, probationPeriod=6})})
2026-06-28 16:48:02 [http-nio-8080-exec-4] INFO  c.e.Docgen_Backend.config.JwtFilter - JWT validated successfully for userId=6a311365ec2c34f3d9e4f06e
2026-06-28 16:48:02 [http-nio-8080-exec-4] INFO  c.e.D.controller.UserController - GET /api/v2/users/11 - Fetch request received
2026-06-28 16:48:02 [http-nio-8080-exec-4] INFO  c.e.D.service.impl.UserServiceImpl - Fetching user profile for edit | userId=11
2026-06-28 16:48:03 [http-nio-8080-exec-4] DEBUG c.e.D.service.impl.UserServiceImpl - User found | userId=11 | employeeId=EMP102
2026-06-28 16:48:03 [http-nio-8080-exec-4] INFO  c.e.D.service.impl.UserServiceImpl - User profile fetched successfully | userId=11 | timeTaken=400ms
2026-06-28 16:48:03 [http-nio-8080-exec-4] INFO  c.e.D.controller.UserController - Profile fetched successfully for userId=11
2026-06-28 16:48:03 [http-nio-8080-exec-4] DEBUG c.e.D.controller.UserController - Fetched profile data: UserProfileResponseDTO(id=11, employeeName=Sagar Suryawanshi, employeeId=EMP102, email=prathamesh69bhavsar@gmail.com, mobileNo=9876543210, designation=Software Developer, department=Engineering, company=SMT, identity=MR, pfType=WITH_PF, accountNo=1234567890, bankName=Canara Bank, address=Pune, Maharashtra, CTC=600000.0, dateOfBirth=1998-05-10, offerDate=2024-01-01, joiningDate=2024-02-01, panNo=ABCDE1234F, documents={APPOINTMENT_LETTER=DocumentResponseDTO(generated=false, data=null), INTERNSHIP_LETTER=DocumentResponseDTO(generated=false, data=null), EXPERIENCE_LETTER=DocumentResponseDTO(generated=true, data={issueDate=2025-01-01, relievingDate=2025-01-01}), FULL_AND_FINAL=DocumentResponseDTO(generated=true, data={fnfDate=2025-01-10, totalDaysInMonth=31, month=January, issueDate=2025-01-10, resignationDate=2024-12-01, paidDays=25, leavingDate=2025-01-05}), CONFIRMATION_LETTER=DocumentResponseDTO(generated=false, data=null), INCREMENT_LETTER=DocumentResponseDTO(generated=false, data=null), RELIEVING_LETTER=DocumentResponseDTO(generated=false, data=null), SALARY_SLIP=DocumentResponseDTO(generated=true, data={startMonth=January, endMonth=February}), COMPLETION_LETTER=DocumentResponseDTO(generated=false, data=null), OFFER_LETTER=DocumentResponseDTO(generated=true, data={issueDate=2024-01-01, probationPeriod=6})})
2026-06-28 16:48:24 [http-nio-8080-exec-6] INFO  c.e.Docgen_Backend.config.JwtFilter - JWT validated successfully for userId=6a311365ec2c34f3d9e4f06e
2026-06-28 16:48:24 [http-nio-8080-exec-6] INFO  c.e.D.controller.UserController - GET /api/v2/users/11 - Fetch request received
2026-06-28 16:48:24 [http-nio-8080-exec-6] INFO  c.e.D.service.impl.UserServiceImpl - Fetching user profile for edit | userId=11
2026-06-28 16:48:24 [http-nio-8080-exec-6] WARN  com.zaxxer.hikari.pool.PoolBase - HikariPool-1 - Failed to validate connection com.mysql.cj.jdbc.ConnectionImpl@bbc08f2 (No operations allowed after connection closed.). Possibly consider using a shorter maxLifetime value.
2026-06-28 16:48:25 [http-nio-8080-exec-6] DEBUG c.e.D.service.impl.UserServiceImpl - User found | userId=11 | employeeId=EMP102
2026-06-28 16:48:25 [http-nio-8080-exec-6] INFO  c.e.D.service.impl.UserServiceImpl - User profile fetched successfully | userId=11 | timeTaken=486ms
2026-06-28 16:48:25 [http-nio-8080-exec-6] INFO  c.e.D.controller.UserController - Profile fetched successfully for userId=11
2026-06-28 16:48:25 [http-nio-8080-exec-6] DEBUG c.e.D.controller.UserController - Fetched profile data: UserProfileResponseDTO(id=11, employeeName=Sagar Suryawanshi, employeeId=EMP102, email=prathamesh69bhavsar@gmail.com, mobileNo=9876543210, designation=Software Developer, department=Engineering, company=SMT, identity=MR, pfType=WITH_PF, accountNo=1234567890, bankName=Canara Bank, address=Pune, Maharashtra, CTC=600000.0, dateOfBirth=1998-05-10, offerDate=2024-01-01, joiningDate=2024-02-01, panNo=ABCDE1234F, documents={APPOINTMENT_LETTER=DocumentResponseDTO(generated=false, data=null), INTERNSHIP_LETTER=DocumentResponseDTO(generated=false, data=null), EXPERIENCE_LETTER=DocumentResponseDTO(generated=true, data={issueDate=2025-01-01, relievingDate=2025-01-01}), FULL_AND_FINAL=DocumentResponseDTO(generated=true, data={fnfDate=2025-01-10, totalDaysInMonth=31, month=January, issueDate=2025-01-10, resignationDate=2024-12-01, paidDays=25, leavingDate=2025-01-05}), CONFIRMATION_LETTER=DocumentResponseDTO(generated=false, data=null), INCREMENT_LETTER=DocumentResponseDTO(generated=false, data=null), RELIEVING_LETTER=DocumentResponseDTO(generated=false, data=null), SALARY_SLIP=DocumentResponseDTO(generated=true, data={startMonth=January, endMonth=February}), COMPLETION_LETTER=DocumentResponseDTO(generated=false, data=null), OFFER_LETTER=DocumentResponseDTO(generated=true, data={issueDate=2024-01-01, probationPeriod=6})})
2026-06-28 16:48:25 [http-nio-8080-exec-9] INFO  c.e.Docgen_Backend.config.JwtFilter - JWT validated successfully for userId=6a311365ec2c34f3d9e4f06e
2026-06-28 16:48:25 [http-nio-8080-exec-9] INFO  c.e.D.controller.UserController - GET /api/v2/users/11 - Fetch request received
2026-06-28 16:48:25 [http-nio-8080-exec-9] INFO  c.e.D.service.impl.UserServiceImpl - Fetching user profile for edit | userId=11
2026-06-28 16:48:25 [http-nio-8080-exec-9] DEBUG c.e.D.service.impl.UserServiceImpl - User found | userId=11 | employeeId=EMP102
2026-06-28 16:48:25 [http-nio-8080-exec-9] INFO  c.e.D.service.impl.UserServiceImpl - User profile fetched successfully | userId=11 | timeTaken=417ms
2026-06-28 16:48:25 [http-nio-8080-exec-9] INFO  c.e.D.controller.UserController - Profile fetched successfully for userId=11
2026-06-28 16:48:25 [http-nio-8080-exec-9] DEBUG c.e.D.controller.UserController - Fetched profile data: UserProfileResponseDTO(id=11, employeeName=Sagar Suryawanshi, employeeId=EMP102, email=prathamesh69bhavsar@gmail.com, mobileNo=9876543210, designation=Software Developer, department=Engineering, company=SMT, identity=MR, pfType=WITH_PF, accountNo=1234567890, bankName=Canara Bank, address=Pune, Maharashtra, CTC=600000.0, dateOfBirth=1998-05-10, offerDate=2024-01-01, joiningDate=2024-02-01, panNo=ABCDE1234F, documents={APPOINTMENT_LETTER=DocumentResponseDTO(generated=false, data=null), INTERNSHIP_LETTER=DocumentResponseDTO(generated=false, data=null), EXPERIENCE_LETTER=DocumentResponseDTO(generated=true, data={issueDate=2025-01-01, relievingDate=2025-01-01}), FULL_AND_FINAL=DocumentResponseDTO(generated=true, data={fnfDate=2025-01-10, totalDaysInMonth=31, month=January, issueDate=2025-01-10, resignationDate=2024-12-01, paidDays=25, leavingDate=2025-01-05}), CONFIRMATION_LETTER=DocumentResponseDTO(generated=false, data=null), INCREMENT_LETTER=DocumentResponseDTO(generated=false, data=null), RELIEVING_LETTER=DocumentResponseDTO(generated=false, data=null), SALARY_SLIP=DocumentResponseDTO(generated=true, data={startMonth=January, endMonth=February}), COMPLETION_LETTER=DocumentResponseDTO(generated=false, data=null), OFFER_LETTER=DocumentResponseDTO(generated=true, data={issueDate=2024-01-01, probationPeriod=6})})
2026-06-28 16:49:10 [http-nio-8080-exec-2] INFO  c.e.Docgen_Backend.config.JwtFilter - JWT validated successfully for userId=6a311365ec2c34f3d9e4f06e
2026-06-28 16:49:10 [http-nio-8080-exec-2] INFO  c.e.D.controller.UserController - GET /api/v2/users/11 - Fetch request received
2026-06-28 16:49:10 [http-nio-8080-exec-2] INFO  c.e.D.service.impl.UserServiceImpl - Fetching user profile for edit | userId=11
2026-06-28 16:49:10 [http-nio-8080-exec-2] WARN  com.zaxxer.hikari.pool.PoolBase - HikariPool-1 - Failed to validate connection com.mysql.cj.jdbc.ConnectionImpl@6af446bc (No operations allowed after connection closed.). Possibly consider using a shorter maxLifetime value.
2026-06-28 16:49:10 [http-nio-8080-exec-2] DEBUG c.e.D.service.impl.UserServiceImpl - User found | userId=11 | employeeId=EMP102
2026-06-28 16:49:10 [http-nio-8080-exec-2] INFO  c.e.D.service.impl.UserServiceImpl - User profile fetched successfully | userId=11 | timeTaken=654ms
2026-06-28 16:49:10 [http-nio-8080-exec-2] INFO  c.e.D.controller.UserController - Profile fetched successfully for userId=11
2026-06-28 16:49:10 [http-nio-8080-exec-2] DEBUG c.e.D.controller.UserController - Fetched profile data: UserProfileResponseDTO(id=11, employeeName=Sagar Suryawanshi, employeeId=EMP102, email=prathamesh69bhavsar@gmail.com, mobileNo=9876543210, designation=Software Developer, department=Engineering, company=SMT, identity=MR, pfType=WITH_PF, accountNo=1234567890, bankName=Canara Bank, address=Pune, Maharashtra, CTC=600000.0, dateOfBirth=1998-05-10, offerDate=2024-01-01, joiningDate=2024-02-01, panNo=ABCDE1234F, documents={APPOINTMENT_LETTER=DocumentResponseDTO(generated=false, data=null), INTERNSHIP_LETTER=DocumentResponseDTO(generated=false, data=null), EXPERIENCE_LETTER=DocumentResponseDTO(generated=true, data={issueDate=2025-01-01, relievingDate=2025-01-01}), FULL_AND_FINAL=DocumentResponseDTO(generated=true, data={fnfDate=2025-01-10, totalDaysInMonth=31, month=January, issueDate=2025-01-10, resignationDate=2024-12-01, paidDays=25, leavingDate=2025-01-05}), CONFIRMATION_LETTER=DocumentResponseDTO(generated=false, data=null), INCREMENT_LETTER=DocumentResponseDTO(generated=false, data=null), RELIEVING_LETTER=DocumentResponseDTO(generated=false, data=null), SALARY_SLIP=DocumentResponseDTO(generated=true, data={startMonth=January, endMonth=February}), COMPLETION_LETTER=DocumentResponseDTO(generated=false, data=null), OFFER_LETTER=DocumentResponseDTO(generated=true, data={issueDate=2024-01-01, probationPeriod=6})})
2026-06-28 16:49:10 [http-nio-8080-exec-1] INFO  c.e.Docgen_Backend.config.JwtFilter - JWT validated successfully for userId=6a311365ec2c34f3d9e4f06e
2026-06-28 16:49:10 [http-nio-8080-exec-1] INFO  c.e.D.controller.UserController - GET /api/v2/users/11 - Fetch request received
2026-06-28 16:49:10 [http-nio-8080-exec-1] INFO  c.e.D.service.impl.UserServiceImpl - Fetching user profile for edit | userId=11
2026-06-28 16:49:11 [http-nio-8080-exec-1] DEBUG c.e.D.service.impl.UserServiceImpl - User found | userId=11 | employeeId=EMP102
2026-06-28 16:49:11 [http-nio-8080-exec-1] INFO  c.e.D.service.impl.UserServiceImpl - User profile fetched successfully | userId=11 | timeTaken=514ms
2026-06-28 16:49:11 [http-nio-8080-exec-1] INFO  c.e.D.controller.UserController - Profile fetched successfully for userId=11
2026-06-28 16:49:11 [http-nio-8080-exec-1] DEBUG c.e.D.controller.UserController - Fetched profile data: UserProfileResponseDTO(id=11, employeeName=Sagar Suryawanshi, employeeId=EMP102, email=prathamesh69bhavsar@gmail.com, mobileNo=9876543210, designation=Software Developer, department=Engineering, company=SMT, identity=MR, pfType=WITH_PF, accountNo=1234567890, bankName=Canara Bank, address=Pune, Maharashtra, CTC=600000.0, dateOfBirth=1998-05-10, offerDate=2024-01-01, joiningDate=2024-02-01, panNo=ABCDE1234F, documents={APPOINTMENT_LETTER=DocumentResponseDTO(generated=false, data=null), INTERNSHIP_LETTER=DocumentResponseDTO(generated=false, data=null), EXPERIENCE_LETTER=DocumentResponseDTO(generated=true, data={issueDate=2025-01-01, relievingDate=2025-01-01}), FULL_AND_FINAL=DocumentResponseDTO(generated=true, data={fnfDate=2025-01-10, totalDaysInMonth=31, month=January, issueDate=2025-01-10, resignationDate=2024-12-01, paidDays=25, leavingDate=2025-01-05}), CONFIRMATION_LETTER=DocumentResponseDTO(generated=false, data=null), INCREMENT_LETTER=DocumentResponseDTO(generated=false, data=null), RELIEVING_LETTER=DocumentResponseDTO(generated=false, data=null), SALARY_SLIP=DocumentResponseDTO(generated=true, data={startMonth=January, endMonth=February}), COMPLETION_LETTER=DocumentResponseDTO(generated=false, data=null), OFFER_LETTER=DocumentResponseDTO(generated=true, data={issueDate=2024-01-01, probationPeriod=6})})
2026-06-28 16:54:33 [http-nio-8080-exec-9] INFO  c.e.Docgen_Backend.config.JwtFilter - JWT validated successfully for userId=6a311365ec2c34f3d9e4f06e
2026-06-28 16:54:33 [http-nio-8080-exec-9] INFO  c.e.D.controller.UserController - GET /api/v2/users/11 - Fetch request received
2026-06-28 16:54:33 [http-nio-8080-exec-9] INFO  c.e.D.service.impl.UserServiceImpl - Fetching user profile for edit | userId=11
2026-06-28 16:54:34 [http-nio-8080-exec-9] DEBUG c.e.D.service.impl.UserServiceImpl - User found | userId=11 | employeeId=EMP102
2026-06-28 16:54:34 [http-nio-8080-exec-9] INFO  c.e.D.service.impl.UserServiceImpl - User profile fetched successfully | userId=11 | timeTaken=657ms
2026-06-28 16:54:34 [http-nio-8080-exec-9] INFO  c.e.D.controller.UserController - Profile fetched successfully for userId=11
2026-06-28 16:54:34 [http-nio-8080-exec-9] DEBUG c.e.D.controller.UserController - Fetched profile data: UserProfileResponseDTO(id=11, employeeName=Sagar Suryawanshi, employeeId=EMP102, email=prathamesh69bhavsar@gmail.com, mobileNo=9876543210, designation=Software Developer, department=Engineering, company=SMT, identity=MR, pfType=WITH_PF, accountNo=1234567890, bankName=Canara Bank, address=Pune, Maharashtra, CTC=600000.0, dateOfBirth=1998-05-10, offerDate=2024-01-01, joiningDate=2024-02-01, panNo=ABCDE1234F, documents={APPOINTMENT_LETTER=DocumentResponseDTO(generated=false, data=null), INTERNSHIP_LETTER=DocumentResponseDTO(generated=false, data=null), EXPERIENCE_LETTER=DocumentResponseDTO(generated=true, data={issueDate=2025-01-01, relievingDate=2025-01-01}), FULL_AND_FINAL=DocumentResponseDTO(generated=true, data={fnfDate=2025-01-10, totalDaysInMonth=31, month=January, issueDate=2025-01-10, resignationDate=2024-12-01, paidDays=25, leavingDate=2025-01-05}), CONFIRMATION_LETTER=DocumentResponseDTO(generated=false, data=null), INCREMENT_LETTER=DocumentResponseDTO(generated=false, data=null), RELIEVING_LETTER=DocumentResponseDTO(generated=false, data=null), SALARY_SLIP=DocumentResponseDTO(generated=true, data={startMonth=January, endMonth=February}), COMPLETION_LETTER=DocumentResponseDTO(generated=false, data=null), OFFER_LETTER=DocumentResponseDTO(generated=true, data={issueDate=2024-01-01, probationPeriod=6})})
2026-06-28 16:54:34 [http-nio-8080-exec-5] INFO  c.e.Docgen_Backend.config.JwtFilter - JWT validated successfully for userId=6a311365ec2c34f3d9e4f06e
2026-06-28 16:54:34 [http-nio-8080-exec-5] INFO  c.e.D.controller.UserController - GET /api/v2/users/11 - Fetch request received
2026-06-28 16:54:34 [http-nio-8080-exec-5] INFO  c.e.D.service.impl.UserServiceImpl - Fetching user profile for edit | userId=11
2026-06-28 16:54:34 [http-nio-8080-exec-5] DEBUG c.e.D.service.impl.UserServiceImpl - User found | userId=11 | employeeId=EMP102
2026-06-28 16:54:34 [http-nio-8080-exec-5] INFO  c.e.D.service.impl.UserServiceImpl - User profile fetched successfully | userId=11 | timeTaken=498ms
2026-06-28 16:54:34 [http-nio-8080-exec-5] INFO  c.e.D.controller.UserController - Profile fetched successfully for userId=11
2026-06-28 16:54:34 [http-nio-8080-exec-5] DEBUG c.e.D.controller.UserController - Fetched profile data: UserProfileResponseDTO(id=11, employeeName=Sagar Suryawanshi, employeeId=EMP102, email=prathamesh69bhavsar@gmail.com, mobileNo=9876543210, designation=Software Developer, department=Engineering, company=SMT, identity=MR, pfType=WITH_PF, accountNo=1234567890, bankName=Canara Bank, address=Pune, Maharashtra, CTC=600000.0, dateOfBirth=1998-05-10, offerDate=2024-01-01, joiningDate=2024-02-01, panNo=ABCDE1234F, documents={APPOINTMENT_LETTER=DocumentResponseDTO(generated=false, data=null), INTERNSHIP_LETTER=DocumentResponseDTO(generated=false, data=null), EXPERIENCE_LETTER=DocumentResponseDTO(generated=true, data={issueDate=2025-01-01, relievingDate=2025-01-01}), FULL_AND_FINAL=DocumentResponseDTO(generated=true, data={fnfDate=2025-01-10, totalDaysInMonth=31, month=January, issueDate=2025-01-10, resignationDate=2024-12-01, paidDays=25, leavingDate=2025-01-05}), CONFIRMATION_LETTER=DocumentResponseDTO(generated=false, data=null), INCREMENT_LETTER=DocumentResponseDTO(generated=false, data=null), RELIEVING_LETTER=DocumentResponseDTO(generated=false, data=null), SALARY_SLIP=DocumentResponseDTO(generated=true, data={startMonth=January, endMonth=February}), COMPLETION_LETTER=DocumentResponseDTO(generated=false, data=null), OFFER_LETTER=DocumentResponseDTO(generated=true, data={issueDate=2024-01-01, probationPeriod=6})})
2026-06-28 16:57:36 [http-nio-8080-exec-4] INFO  c.e.Docgen_Backend.config.JwtFilter - JWT validated successfully for userId=6a311365ec2c34f3d9e4f06e
2026-06-28 16:57:36 [http-nio-8080-exec-4] INFO  c.e.D.controller.UserController - GET /api/v2/users/11 - Fetch request received
2026-06-28 16:57:36 [http-nio-8080-exec-4] INFO  c.e.D.service.impl.UserServiceImpl - Fetching user profile for edit | userId=11
2026-06-28 16:57:36 [http-nio-8080-exec-4] DEBUG c.e.D.service.impl.UserServiceImpl - User found | userId=11 | employeeId=EMP102
2026-06-28 16:57:36 [http-nio-8080-exec-4] INFO  c.e.D.service.impl.UserServiceImpl - User profile fetched successfully | userId=11 | timeTaken=486ms
2026-06-28 16:57:36 [http-nio-8080-exec-4] INFO  c.e.D.controller.UserController - Profile fetched successfully for userId=11
2026-06-28 16:57:36 [http-nio-8080-exec-4] DEBUG c.e.D.controller.UserController - Fetched profile data: UserProfileResponseDTO(id=11, employeeName=Sagar Suryawanshi, employeeId=EMP102, email=prathamesh69bhavsar@gmail.com, mobileNo=9876543210, designation=Software Developer, department=Engineering, company=SMT, identity=MR, pfType=WITH_PF, accountNo=1234567890, bankName=Canara Bank, address=Pune, Maharashtra, CTC=600000.0, dateOfBirth=1998-05-10, offerDate=2024-01-01, joiningDate=2024-02-01, panNo=ABCDE1234F, documents={APPOINTMENT_LETTER=DocumentResponseDTO(generated=false, data=null), INTERNSHIP_LETTER=DocumentResponseDTO(generated=false, data=null), EXPERIENCE_LETTER=DocumentResponseDTO(generated=true, data={issueDate=2025-01-01, relievingDate=2025-01-01}), FULL_AND_FINAL=DocumentResponseDTO(generated=true, data={fnfDate=2025-01-10, totalDaysInMonth=31, month=January, issueDate=2025-01-10, resignationDate=2024-12-01, paidDays=25, leavingDate=2025-01-05}), CONFIRMATION_LETTER=DocumentResponseDTO(generated=false, data=null), INCREMENT_LETTER=DocumentResponseDTO(generated=false, data=null), RELIEVING_LETTER=DocumentResponseDTO(generated=false, data=null), SALARY_SLIP=DocumentResponseDTO(generated=true, data={startMonth=January, endMonth=February}), COMPLETION_LETTER=DocumentResponseDTO(generated=false, data=null), OFFER_LETTER=DocumentResponseDTO(generated=true, data={issueDate=2024-01-01, probationPeriod=6})})
2026-06-28 16:57:36 [http-nio-8080-exec-8] INFO  c.e.Docgen_Backend.config.JwtFilter - JWT validated successfully for userId=6a311365ec2c34f3d9e4f06e
2026-06-28 16:57:36 [http-nio-8080-exec-8] INFO  c.e.D.controller.UserController - GET /api/v2/users/11 - Fetch request received
2026-06-28 16:57:36 [http-nio-8080-exec-8] INFO  c.e.D.service.impl.UserServiceImpl - Fetching user profile for edit | userId=11
2026-06-28 16:57:37 [http-nio-8080-exec-8] DEBUG c.e.D.service.impl.UserServiceImpl - User found | userId=11 | employeeId=EMP102
2026-06-28 16:57:37 [http-nio-8080-exec-8] INFO  c.e.D.service.impl.UserServiceImpl - User profile fetched successfully | userId=11 | timeTaken=539ms
2026-06-28 16:57:37 [http-nio-8080-exec-8] INFO  c.e.D.controller.UserController - Profile fetched successfully for userId=11
2026-06-28 16:57:37 [http-nio-8080-exec-8] DEBUG c.e.D.controller.UserController - Fetched profile data: UserProfileResponseDTO(id=11, employeeName=Sagar Suryawanshi, employeeId=EMP102, email=prathamesh69bhavsar@gmail.com, mobileNo=9876543210, designation=Software Developer, department=Engineering, company=SMT, identity=MR, pfType=WITH_PF, accountNo=1234567890, bankName=Canara Bank, address=Pune, Maharashtra, CTC=600000.0, dateOfBirth=1998-05-10, offerDate=2024-01-01, joiningDate=2024-02-01, panNo=ABCDE1234F, documents={APPOINTMENT_LETTER=DocumentResponseDTO(generated=false, data=null), INTERNSHIP_LETTER=DocumentResponseDTO(generated=false, data=null), EXPERIENCE_LETTER=DocumentResponseDTO(generated=true, data={issueDate=2025-01-01, relievingDate=2025-01-01}), FULL_AND_FINAL=DocumentResponseDTO(generated=true, data={fnfDate=2025-01-10, totalDaysInMonth=31, month=January, issueDate=2025-01-10, resignationDate=2024-12-01, paidDays=25, leavingDate=2025-01-05}), CONFIRMATION_LETTER=DocumentResponseDTO(generated=false, data=null), INCREMENT_LETTER=DocumentResponseDTO(generated=false, data=null), RELIEVING_LETTER=DocumentResponseDTO(generated=false, data=null), SALARY_SLIP=DocumentResponseDTO(generated=true, data={startMonth=January, endMonth=February}), COMPLETION_LETTER=DocumentResponseDTO(generated=false, data=null), OFFER_LETTER=DocumentResponseDTO(generated=true, data={issueDate=2024-01-01, probationPeriod=6})})
2026-06-28 17:03:51 [http-nio-8080-exec-7] INFO  c.e.Docgen_Backend.config.JwtFilter - JWT validated successfully for userId=6a311365ec2c34f3d9e4f06e
2026-06-28 17:03:51 [http-nio-8080-exec-7] INFO  c.e.D.controller.UserController - GET /api/v2/users/11 - Fetch request received
2026-06-28 17:03:51 [http-nio-8080-exec-7] INFO  c.e.D.service.impl.UserServiceImpl - Fetching user profile for edit | userId=11
2026-06-28 17:03:52 [http-nio-8080-exec-7] DEBUG c.e.D.service.impl.UserServiceImpl - User found | userId=11 | employeeId=EMP102
2026-06-28 17:03:52 [http-nio-8080-exec-7] INFO  c.e.D.service.impl.UserServiceImpl - User profile fetched successfully | userId=11 | timeTaken=368ms
2026-06-28 17:03:52 [http-nio-8080-exec-7] INFO  c.e.D.controller.UserController - Profile fetched successfully for userId=11
2026-06-28 17:03:52 [http-nio-8080-exec-7] DEBUG c.e.D.controller.UserController - Fetched profile data: UserProfileResponseDTO(id=11, employeeName=Sagar Suryawanshi, employeeId=EMP102, email=prathamesh69bhavsar@gmail.com, mobileNo=9876543210, designation=Software Developer, department=Engineering, company=SMT, identity=MR, pfType=WITH_PF, accountNo=1234567890, bankName=Canara Bank, address=Pune, Maharashtra, CTC=600000.0, dateOfBirth=1998-05-10, offerDate=2024-01-01, joiningDate=2024-02-01, panNo=ABCDE1234F, documents={APPOINTMENT_LETTER=DocumentResponseDTO(generated=false, data=null), INTERNSHIP_LETTER=DocumentResponseDTO(generated=false, data=null), EXPERIENCE_LETTER=DocumentResponseDTO(generated=true, data={issueDate=2025-01-01, relievingDate=2025-01-01}), FULL_AND_FINAL=DocumentResponseDTO(generated=true, data={fnfDate=2025-01-10, totalDaysInMonth=31, month=January, issueDate=2025-01-10, resignationDate=2024-12-01, paidDays=25, leavingDate=2025-01-05}), CONFIRMATION_LETTER=DocumentResponseDTO(generated=false, data=null), INCREMENT_LETTER=DocumentResponseDTO(generated=false, data=null), RELIEVING_LETTER=DocumentResponseDTO(generated=false, data=null), SALARY_SLIP=DocumentResponseDTO(generated=true, data={startMonth=January, endMonth=February}), COMPLETION_LETTER=DocumentResponseDTO(generated=false, data=null), OFFER_LETTER=DocumentResponseDTO(generated=true, data={issueDate=2024-01-01, probationPeriod=6})})
2026-06-28 17:03:52 [http-nio-8080-exec-10] INFO  c.e.Docgen_Backend.config.JwtFilter - JWT validated successfully for userId=6a311365ec2c34f3d9e4f06e
2026-06-28 17:03:52 [http-nio-8080-exec-10] INFO  c.e.D.controller.UserController - GET /api/v2/users/11 - Fetch request received
2026-06-28 17:03:52 [http-nio-8080-exec-10] INFO  c.e.D.service.impl.UserServiceImpl - Fetching user profile for edit | userId=11
2026-06-28 17:03:52 [http-nio-8080-exec-10] DEBUG c.e.D.service.impl.UserServiceImpl - User found | userId=11 | employeeId=EMP102
2026-06-28 17:03:52 [http-nio-8080-exec-10] INFO  c.e.D.service.impl.UserServiceImpl - User profile fetched successfully | userId=11 | timeTaken=465ms
2026-06-28 17:03:52 [http-nio-8080-exec-10] INFO  c.e.D.controller.UserController - Profile fetched successfully for userId=11
2026-06-28 17:03:52 [http-nio-8080-exec-10] DEBUG c.e.D.controller.UserController - Fetched profile data: UserProfileResponseDTO(id=11, employeeName=Sagar Suryawanshi, employeeId=EMP102, email=prathamesh69bhavsar@gmail.com, mobileNo=9876543210, designation=Software Developer, department=Engineering, company=SMT, identity=MR, pfType=WITH_PF, accountNo=1234567890, bankName=Canara Bank, address=Pune, Maharashtra, CTC=600000.0, dateOfBirth=1998-05-10, offerDate=2024-01-01, joiningDate=2024-02-01, panNo=ABCDE1234F, documents={APPOINTMENT_LETTER=DocumentResponseDTO(generated=false, data=null), INTERNSHIP_LETTER=DocumentResponseDTO(generated=false, data=null), EXPERIENCE_LETTER=DocumentResponseDTO(generated=true, data={issueDate=2025-01-01, relievingDate=2025-01-01}), FULL_AND_FINAL=DocumentResponseDTO(generated=true, data={fnfDate=2025-01-10, totalDaysInMonth=31, month=January, issueDate=2025-01-10, resignationDate=2024-12-01, paidDays=25, leavingDate=2025-01-05}), CONFIRMATION_LETTER=DocumentResponseDTO(generated=false, data=null), INCREMENT_LETTER=DocumentResponseDTO(generated=false, data=null), RELIEVING_LETTER=DocumentResponseDTO(generated=false, data=null), SALARY_SLIP=DocumentResponseDTO(generated=true, data={startMonth=January, endMonth=February}), COMPLETION_LETTER=DocumentResponseDTO(generated=false, data=null), OFFER_LETTER=DocumentResponseDTO(generated=true, data={issueDate=2024-01-01, probationPeriod=6})})
2026-06-28 17:06:07 [http-nio-8080-exec-6] INFO  c.e.Docgen_Backend.config.JwtFilter - JWT validated successfully for userId=6a311365ec2c34f3d9e4f06e
2026-06-28 17:06:07 [http-nio-8080-exec-6] INFO  c.e.D.controller.UserController - GET /api/v2/users/11 - Fetch request received
2026-06-28 17:06:07 [http-nio-8080-exec-6] INFO  c.e.D.service.impl.UserServiceImpl - Fetching user profile for edit | userId=11
2026-06-28 17:06:07 [http-nio-8080-exec-6] DEBUG c.e.D.service.impl.UserServiceImpl - User found | userId=11 | employeeId=EMP102
2026-06-28 17:06:07 [http-nio-8080-exec-6] INFO  c.e.D.service.impl.UserServiceImpl - User profile fetched successfully | userId=11 | timeTaken=612ms
2026-06-28 17:06:07 [http-nio-8080-exec-6] INFO  c.e.D.controller.UserController - Profile fetched successfully for userId=11
2026-06-28 17:06:07 [http-nio-8080-exec-6] DEBUG c.e.D.controller.UserController - Fetched profile data: UserProfileResponseDTO(id=11, employeeName=Sagar Suryawanshi, employeeId=EMP102, email=prathamesh69bhavsar@gmail.com, mobileNo=9876543210, designation=Software Developer, department=Engineering, company=SMT, identity=MR, pfType=WITH_PF, accountNo=1234567890, bankName=Canara Bank, address=Pune, Maharashtra, CTC=600000.0, dateOfBirth=1998-05-10, offerDate=2024-01-01, joiningDate=2024-02-01, panNo=ABCDE1234F, documents={APPOINTMENT_LETTER=DocumentResponseDTO(generated=false, data=null), INTERNSHIP_LETTER=DocumentResponseDTO(generated=false, data=null), EXPERIENCE_LETTER=DocumentResponseDTO(generated=true, data={issueDate=2025-01-01, relievingDate=2025-01-01}), FULL_AND_FINAL=DocumentResponseDTO(generated=true, data={fnfDate=2025-01-10, totalDaysInMonth=31, month=January, issueDate=2025-01-10, resignationDate=2024-12-01, paidDays=25, leavingDate=2025-01-05}), CONFIRMATION_LETTER=DocumentResponseDTO(generated=false, data=null), INCREMENT_LETTER=DocumentResponseDTO(generated=false, data=null), RELIEVING_LETTER=DocumentResponseDTO(generated=false, data=null), SALARY_SLIP=DocumentResponseDTO(generated=true, data={startMonth=January, endMonth=February}), COMPLETION_LETTER=DocumentResponseDTO(generated=false, data=null), OFFER_LETTER=DocumentResponseDTO(generated=true, data={issueDate=2024-01-01, probationPeriod=6})})
2026-06-28 17:06:07 [http-nio-8080-exec-6] INFO  c.e.Docgen_Backend.config.JwtFilter - JWT validated successfully for userId=6a311365ec2c34f3d9e4f06e
2026-06-28 17:06:07 [http-nio-8080-exec-6] INFO  c.e.D.controller.UserController - GET /api/v2/users/11 - Fetch request received
2026-06-28 17:06:07 [http-nio-8080-exec-6] INFO  c.e.D.service.impl.UserServiceImpl - Fetching user profile for edit | userId=11
2026-06-28 17:06:08 [http-nio-8080-exec-6] DEBUG c.e.D.service.impl.UserServiceImpl - User found | userId=11 | employeeId=EMP102
2026-06-28 17:06:08 [http-nio-8080-exec-6] INFO  c.e.D.service.impl.UserServiceImpl - User profile fetched successfully | userId=11 | timeTaken=410ms
2026-06-28 17:06:08 [http-nio-8080-exec-6] INFO  c.e.D.controller.UserController - Profile fetched successfully for userId=11
2026-06-28 17:06:08 [http-nio-8080-exec-6] DEBUG c.e.D.controller.UserController - Fetched profile data: UserProfileResponseDTO(id=11, employeeName=Sagar Suryawanshi, employeeId=EMP102, email=prathamesh69bhavsar@gmail.com, mobileNo=9876543210, designation=Software Developer, department=Engineering, company=SMT, identity=MR, pfType=WITH_PF, accountNo=1234567890, bankName=Canara Bank, address=Pune, Maharashtra, CTC=600000.0, dateOfBirth=1998-05-10, offerDate=2024-01-01, joiningDate=2024-02-01, panNo=ABCDE1234F, documents={APPOINTMENT_LETTER=DocumentResponseDTO(generated=false, data=null), INTERNSHIP_LETTER=DocumentResponseDTO(generated=false, data=null), EXPERIENCE_LETTER=DocumentResponseDTO(generated=true, data={issueDate=2025-01-01, relievingDate=2025-01-01}), FULL_AND_FINAL=DocumentResponseDTO(generated=true, data={fnfDate=2025-01-10, totalDaysInMonth=31, month=January, issueDate=2025-01-10, resignationDate=2024-12-01, paidDays=25, leavingDate=2025-01-05}), CONFIRMATION_LETTER=DocumentResponseDTO(generated=false, data=null), INCREMENT_LETTER=DocumentResponseDTO(generated=false, data=null), RELIEVING_LETTER=DocumentResponseDTO(generated=false, data=null), SALARY_SLIP=DocumentResponseDTO(generated=true, data={startMonth=January, endMonth=February}), COMPLETION_LETTER=DocumentResponseDTO(generated=false, data=null), OFFER_LETTER=DocumentResponseDTO(generated=true, data={issueDate=2024-01-01, probationPeriod=6})})
2026-06-28 17:06:11 [http-nio-8080-exec-5] INFO  c.e.Docgen_Backend.config.JwtFilter - JWT validated successfully for userId=6a311365ec2c34f3d9e4f06e
2026-06-28 17:06:11 [http-nio-8080-exec-5] INFO  c.e.D.controller.UserController - GET /api/v2/users/11 - Fetch request received
2026-06-28 17:06:11 [http-nio-8080-exec-5] INFO  c.e.D.service.impl.UserServiceImpl - Fetching user profile for edit | userId=11
2026-06-28 17:06:12 [http-nio-8080-exec-5] DEBUG c.e.D.service.impl.UserServiceImpl - User found | userId=11 | employeeId=EMP102
2026-06-28 17:06:12 [http-nio-8080-exec-5] INFO  c.e.D.service.impl.UserServiceImpl - User profile fetched successfully | userId=11 | timeTaken=469ms
2026-06-28 17:06:12 [http-nio-8080-exec-5] INFO  c.e.D.controller.UserController - Profile fetched successfully for userId=11
2026-06-28 17:06:12 [http-nio-8080-exec-5] DEBUG c.e.D.controller.UserController - Fetched profile data: UserProfileResponseDTO(id=11, employeeName=Sagar Suryawanshi, employeeId=EMP102, email=prathamesh69bhavsar@gmail.com, mobileNo=9876543210, designation=Software Developer, department=Engineering, company=SMT, identity=MR, pfType=WITH_PF, accountNo=1234567890, bankName=Canara Bank, address=Pune, Maharashtra, CTC=600000.0, dateOfBirth=1998-05-10, offerDate=2024-01-01, joiningDate=2024-02-01, panNo=ABCDE1234F, documents={APPOINTMENT_LETTER=DocumentResponseDTO(generated=false, data=null), INTERNSHIP_LETTER=DocumentResponseDTO(generated=false, data=null), EXPERIENCE_LETTER=DocumentResponseDTO(generated=true, data={issueDate=2025-01-01, relievingDate=2025-01-01}), FULL_AND_FINAL=DocumentResponseDTO(generated=true, data={fnfDate=2025-01-10, totalDaysInMonth=31, month=January, issueDate=2025-01-10, resignationDate=2024-12-01, paidDays=25, leavingDate=2025-01-05}), CONFIRMATION_LETTER=DocumentResponseDTO(generated=false, data=null), INCREMENT_LETTER=DocumentResponseDTO(generated=false, data=null), RELIEVING_LETTER=DocumentResponseDTO(generated=false, data=null), SALARY_SLIP=DocumentResponseDTO(generated=true, data={startMonth=January, endMonth=February}), COMPLETION_LETTER=DocumentResponseDTO(generated=false, data=null), OFFER_LETTER=DocumentResponseDTO(generated=true, data={issueDate=2024-01-01, probationPeriod=6})})
2026-06-28 17:06:12 [http-nio-8080-exec-9] INFO  c.e.Docgen_Backend.config.JwtFilter - JWT validated successfully for userId=6a311365ec2c34f3d9e4f06e
2026-06-28 17:06:12 [http-nio-8080-exec-9] INFO  c.e.D.controller.UserController - GET /api/v2/users/11 - Fetch request received
2026-06-28 17:06:12 [http-nio-8080-exec-9] INFO  c.e.D.service.impl.UserServiceImpl - Fetching user profile for edit | userId=11
2026-06-28 17:06:12 [http-nio-8080-exec-9] DEBUG c.e.D.service.impl.UserServiceImpl - User found | userId=11 | employeeId=EMP102
2026-06-28 17:06:12 [http-nio-8080-exec-9] INFO  c.e.D.service.impl.UserServiceImpl - User profile fetched successfully | userId=11 | timeTaken=443ms
2026-06-28 17:06:12 [http-nio-8080-exec-9] INFO  c.e.D.controller.UserController - Profile fetched successfully for userId=11
2026-06-28 17:06:12 [http-nio-8080-exec-9] DEBUG c.e.D.controller.UserController - Fetched profile data: UserProfileResponseDTO(id=11, employeeName=Sagar Suryawanshi, employeeId=EMP102, email=prathamesh69bhavsar@gmail.com, mobileNo=9876543210, designation=Software Developer, department=Engineering, company=SMT, identity=MR, pfType=WITH_PF, accountNo=1234567890, bankName=Canara Bank, address=Pune, Maharashtra, CTC=600000.0, dateOfBirth=1998-05-10, offerDate=2024-01-01, joiningDate=2024-02-01, panNo=ABCDE1234F, documents={APPOINTMENT_LETTER=DocumentResponseDTO(generated=false, data=null), INTERNSHIP_LETTER=DocumentResponseDTO(generated=false, data=null), EXPERIENCE_LETTER=DocumentResponseDTO(generated=true, data={issueDate=2025-01-01, relievingDate=2025-01-01}), FULL_AND_FINAL=DocumentResponseDTO(generated=true, data={fnfDate=2025-01-10, totalDaysInMonth=31, month=January, issueDate=2025-01-10, resignationDate=2024-12-01, paidDays=25, leavingDate=2025-01-05}), CONFIRMATION_LETTER=DocumentResponseDTO(generated=false, data=null), INCREMENT_LETTER=DocumentResponseDTO(generated=false, data=null), RELIEVING_LETTER=DocumentResponseDTO(generated=false, data=null), SALARY_SLIP=DocumentResponseDTO(generated=true, data={startMonth=January, endMonth=February}), COMPLETION_LETTER=DocumentResponseDTO(generated=false, data=null), OFFER_LETTER=DocumentResponseDTO(generated=true, data={issueDate=2024-01-01, probationPeriod=6})})
2026-06-28 17:16:56 [http-nio-8080-exec-2] INFO  c.e.Docgen_Backend.config.JwtFilter - JWT validated successfully for userId=6a311365ec2c34f3d9e4f06e
2026-06-28 17:16:56 [http-nio-8080-exec-2] INFO  c.e.D.controller.UserController - GET /api/v2/users/11 - Fetch request received
2026-06-28 17:16:56 [http-nio-8080-exec-2] INFO  c.e.D.service.impl.UserServiceImpl - Fetching user profile for edit | userId=11
2026-06-28 17:16:57 [http-nio-8080-exec-2] DEBUG c.e.D.service.impl.UserServiceImpl - User found | userId=11 | employeeId=EMP102
2026-06-28 17:16:57 [http-nio-8080-exec-2] INFO  c.e.D.service.impl.UserServiceImpl - User profile fetched successfully | userId=11 | timeTaken=724ms
2026-06-28 17:16:57 [http-nio-8080-exec-2] INFO  c.e.D.controller.UserController - Profile fetched successfully for userId=11
2026-06-28 17:16:57 [http-nio-8080-exec-2] DEBUG c.e.D.controller.UserController - Fetched profile data: UserProfileResponseDTO(id=11, employeeName=Sagar Suryawanshi, employeeId=EMP102, email=prathamesh69bhavsar@gmail.com, mobileNo=9876543210, designation=Software Developer, department=Engineering, company=SMT, identity=MR, pfType=WITH_PF, accountNo=1234567890, bankName=Canara Bank, address=Pune, Maharashtra, CTC=600000.0, dateOfBirth=1998-05-10, offerDate=2024-01-01, joiningDate=2024-02-01, panNo=ABCDE1234F, documents={APPOINTMENT_LETTER=DocumentResponseDTO(generated=false, data=null), INTERNSHIP_LETTER=DocumentResponseDTO(generated=false, data=null), EXPERIENCE_LETTER=DocumentResponseDTO(generated=true, data={issueDate=2025-01-01, relievingDate=2025-01-01}), FULL_AND_FINAL=DocumentResponseDTO(generated=true, data={fnfDate=2025-01-10, totalDaysInMonth=31, month=January, issueDate=2025-01-10, resignationDate=2024-12-01, paidDays=25, leavingDate=2025-01-05}), CONFIRMATION_LETTER=DocumentResponseDTO(generated=false, data=null), INCREMENT_LETTER=DocumentResponseDTO(generated=false, data=null), RELIEVING_LETTER=DocumentResponseDTO(generated=false, data=null), SALARY_SLIP=DocumentResponseDTO(generated=true, data={startMonth=January, endMonth=February}), COMPLETION_LETTER=DocumentResponseDTO(generated=false, data=null), OFFER_LETTER=DocumentResponseDTO(generated=true, data={issueDate=2024-01-01, probationPeriod=6})})
2026-06-28 17:16:57 [http-nio-8080-exec-4] INFO  c.e.Docgen_Backend.config.JwtFilter - JWT validated successfully for userId=6a311365ec2c34f3d9e4f06e
2026-06-28 17:16:57 [http-nio-8080-exec-4] INFO  c.e.D.controller.UserController - GET /api/v2/users/11 - Fetch request received
2026-06-28 17:16:57 [http-nio-8080-exec-4] INFO  c.e.D.service.impl.UserServiceImpl - Fetching user profile for edit | userId=11
2026-06-28 17:16:58 [http-nio-8080-exec-4] DEBUG c.e.D.service.impl.UserServiceImpl - User found | userId=11 | employeeId=EMP102
2026-06-28 17:16:58 [http-nio-8080-exec-4] INFO  c.e.D.service.impl.UserServiceImpl - User profile fetched successfully | userId=11 | timeTaken=464ms
2026-06-28 17:16:58 [http-nio-8080-exec-4] INFO  c.e.D.controller.UserController - Profile fetched successfully for userId=11
2026-06-28 17:16:58 [http-nio-8080-exec-4] DEBUG c.e.D.controller.UserController - Fetched profile data: UserProfileResponseDTO(id=11, employeeName=Sagar Suryawanshi, employeeId=EMP102, email=prathamesh69bhavsar@gmail.com, mobileNo=9876543210, designation=Software Developer, department=Engineering, company=SMT, identity=MR, pfType=WITH_PF, accountNo=1234567890, bankName=Canara Bank, address=Pune, Maharashtra, CTC=600000.0, dateOfBirth=1998-05-10, offerDate=2024-01-01, joiningDate=2024-02-01, panNo=ABCDE1234F, documents={APPOINTMENT_LETTER=DocumentResponseDTO(generated=false, data=null), INTERNSHIP_LETTER=DocumentResponseDTO(generated=false, data=null), EXPERIENCE_LETTER=DocumentResponseDTO(generated=true, data={issueDate=2025-01-01, relievingDate=2025-01-01}), FULL_AND_FINAL=DocumentResponseDTO(generated=true, data={fnfDate=2025-01-10, totalDaysInMonth=31, month=January, issueDate=2025-01-10, resignationDate=2024-12-01, paidDays=25, leavingDate=2025-01-05}), CONFIRMATION_LETTER=DocumentResponseDTO(generated=false, data=null), INCREMENT_LETTER=DocumentResponseDTO(generated=false, data=null), RELIEVING_LETTER=DocumentResponseDTO(generated=false, data=null), SALARY_SLIP=DocumentResponseDTO(generated=true, data={startMonth=January, endMonth=February}), COMPLETION_LETTER=DocumentResponseDTO(generated=false, data=null), OFFER_LETTER=DocumentResponseDTO(generated=true, data={issueDate=2024-01-01, probationPeriod=6})})
2026-06-28 17:17:15 [http-nio-8080-exec-6] INFO  c.e.Docgen_Backend.config.JwtFilter - JWT validated successfully for userId=6a311365ec2c34f3d9e4f06e
2026-06-28 17:17:15 [http-nio-8080-exec-6] INFO  c.e.D.controller.UserController - GET /api/v2/users/11 - Fetch request received
2026-06-28 17:17:15 [http-nio-8080-exec-6] INFO  c.e.D.service.impl.UserServiceImpl - Fetching user profile for edit | userId=11
2026-06-28 17:17:16 [http-nio-8080-exec-6] DEBUG c.e.D.service.impl.UserServiceImpl - User found | userId=11 | employeeId=EMP102
2026-06-28 17:17:16 [http-nio-8080-exec-6] INFO  c.e.D.service.impl.UserServiceImpl - User profile fetched successfully | userId=11 | timeTaken=397ms
2026-06-28 17:17:16 [http-nio-8080-exec-6] INFO  c.e.D.controller.UserController - Profile fetched successfully for userId=11
2026-06-28 17:17:16 [http-nio-8080-exec-6] DEBUG c.e.D.controller.UserController - Fetched profile data: UserProfileResponseDTO(id=11, employeeName=Sagar Suryawanshi, employeeId=EMP102, email=prathamesh69bhavsar@gmail.com, mobileNo=9876543210, designation=Software Developer, department=Engineering, company=SMT, identity=MR, pfType=WITH_PF, accountNo=1234567890, bankName=Canara Bank, address=Pune, Maharashtra, CTC=600000.0, dateOfBirth=1998-05-10, offerDate=2024-01-01, joiningDate=2024-02-01, panNo=ABCDE1234F, documents={APPOINTMENT_LETTER=DocumentResponseDTO(generated=false, data=null), INTERNSHIP_LETTER=DocumentResponseDTO(generated=false, data=null), EXPERIENCE_LETTER=DocumentResponseDTO(generated=true, data={issueDate=2025-01-01, relievingDate=2025-01-01}), FULL_AND_FINAL=DocumentResponseDTO(generated=true, data={fnfDate=2025-01-10, totalDaysInMonth=31, month=January, issueDate=2025-01-10, resignationDate=2024-12-01, paidDays=25, leavingDate=2025-01-05}), CONFIRMATION_LETTER=DocumentResponseDTO(generated=false, data=null), INCREMENT_LETTER=DocumentResponseDTO(generated=false, data=null), RELIEVING_LETTER=DocumentResponseDTO(generated=false, data=null), SALARY_SLIP=DocumentResponseDTO(generated=true, data={startMonth=January, endMonth=February}), COMPLETION_LETTER=DocumentResponseDTO(generated=false, data=null), OFFER_LETTER=DocumentResponseDTO(generated=true, data={issueDate=2024-01-01, probationPeriod=6})})
2026-06-28 17:17:16 [http-nio-8080-exec-5] INFO  c.e.Docgen_Backend.config.JwtFilter - JWT validated successfully for userId=6a311365ec2c34f3d9e4f06e
2026-06-28 17:17:16 [http-nio-8080-exec-5] INFO  c.e.D.controller.UserController - GET /api/v2/users/11 - Fetch request received
2026-06-28 17:17:16 [http-nio-8080-exec-5] INFO  c.e.D.service.impl.UserServiceImpl - Fetching user profile for edit | userId=11
2026-06-28 17:17:16 [http-nio-8080-exec-5] DEBUG c.e.D.service.impl.UserServiceImpl - User found | userId=11 | employeeId=EMP102
2026-06-28 17:17:16 [http-nio-8080-exec-5] INFO  c.e.D.service.impl.UserServiceImpl - User profile fetched successfully | userId=11 | timeTaken=477ms
2026-06-28 17:17:16 [http-nio-8080-exec-5] INFO  c.e.D.controller.UserController - Profile fetched successfully for userId=11
2026-06-28 17:17:16 [http-nio-8080-exec-5] DEBUG c.e.D.controller.UserController - Fetched profile data: UserProfileResponseDTO(id=11, employeeName=Sagar Suryawanshi, employeeId=EMP102, email=prathamesh69bhavsar@gmail.com, mobileNo=9876543210, designation=Software Developer, department=Engineering, company=SMT, identity=MR, pfType=WITH_PF, accountNo=1234567890, bankName=Canara Bank, address=Pune, Maharashtra, CTC=600000.0, dateOfBirth=1998-05-10, offerDate=2024-01-01, joiningDate=2024-02-01, panNo=ABCDE1234F, documents={APPOINTMENT_LETTER=DocumentResponseDTO(generated=false, data=null), INTERNSHIP_LETTER=DocumentResponseDTO(generated=false, data=null), EXPERIENCE_LETTER=DocumentResponseDTO(generated=true, data={issueDate=2025-01-01, relievingDate=2025-01-01}), FULL_AND_FINAL=DocumentResponseDTO(generated=true, data={fnfDate=2025-01-10, totalDaysInMonth=31, month=January, issueDate=2025-01-10, resignationDate=2024-12-01, paidDays=25, leavingDate=2025-01-05}), CONFIRMATION_LETTER=DocumentResponseDTO(generated=false, data=null), INCREMENT_LETTER=DocumentResponseDTO(generated=false, data=null), RELIEVING_LETTER=DocumentResponseDTO(generated=false, data=null), SALARY_SLIP=DocumentResponseDTO(generated=true, data={startMonth=January, endMonth=February}), COMPLETION_LETTER=DocumentResponseDTO(generated=false, data=null), OFFER_LETTER=DocumentResponseDTO(generated=true, data={issueDate=2024-01-01, probationPeriod=6})})
2026-06-28 17:17:28 [http-nio-8080-exec-10] INFO  c.e.Docgen_Backend.config.JwtFilter - JWT validated successfully for userId=6a311365ec2c34f3d9e4f06e
2026-06-28 17:17:28 [http-nio-8080-exec-10] INFO  c.e.D.controller.UserController - GET /api/v2/users/11 - Fetch request received
2026-06-28 17:17:28 [http-nio-8080-exec-10] INFO  c.e.D.service.impl.UserServiceImpl - Fetching user profile for edit | userId=11
2026-06-28 17:17:29 [http-nio-8080-exec-10] DEBUG c.e.D.service.impl.UserServiceImpl - User found | userId=11 | employeeId=EMP102
2026-06-28 17:17:29 [http-nio-8080-exec-10] INFO  c.e.D.service.impl.UserServiceImpl - User profile fetched successfully | userId=11 | timeTaken=352ms
2026-06-28 17:17:29 [http-nio-8080-exec-10] INFO  c.e.D.controller.UserController - Profile fetched successfully for userId=11
2026-06-28 17:17:29 [http-nio-8080-exec-10] DEBUG c.e.D.controller.UserController - Fetched profile data: UserProfileResponseDTO(id=11, employeeName=Sagar Suryawanshi, employeeId=EMP102, email=prathamesh69bhavsar@gmail.com, mobileNo=9876543210, designation=Software Developer, department=Engineering, company=SMT, identity=MR, pfType=WITH_PF, accountNo=1234567890, bankName=Canara Bank, address=Pune, Maharashtra, CTC=600000.0, dateOfBirth=1998-05-10, offerDate=2024-01-01, joiningDate=2024-02-01, panNo=ABCDE1234F, documents={APPOINTMENT_LETTER=DocumentResponseDTO(generated=false, data=null), INTERNSHIP_LETTER=DocumentResponseDTO(generated=false, data=null), EXPERIENCE_LETTER=DocumentResponseDTO(generated=true, data={issueDate=2025-01-01, relievingDate=2025-01-01}), FULL_AND_FINAL=DocumentResponseDTO(generated=true, data={fnfDate=2025-01-10, totalDaysInMonth=31, month=January, issueDate=2025-01-10, resignationDate=2024-12-01, paidDays=25, leavingDate=2025-01-05}), CONFIRMATION_LETTER=DocumentResponseDTO(generated=false, data=null), INCREMENT_LETTER=DocumentResponseDTO(generated=false, data=null), RELIEVING_LETTER=DocumentResponseDTO(generated=false, data=null), SALARY_SLIP=DocumentResponseDTO(generated=true, data={startMonth=January, endMonth=February}), COMPLETION_LETTER=DocumentResponseDTO(generated=false, data=null), OFFER_LETTER=DocumentResponseDTO(generated=true, data={issueDate=2024-01-01, probationPeriod=6})})
2026-06-28 17:17:29 [http-nio-8080-exec-1] INFO  c.e.Docgen_Backend.config.JwtFilter - JWT validated successfully for userId=6a311365ec2c34f3d9e4f06e
2026-06-28 17:17:29 [http-nio-8080-exec-1] INFO  c.e.D.controller.UserController - GET /api/v2/users/11 - Fetch request received
2026-06-28 17:17:29 [http-nio-8080-exec-1] INFO  c.e.D.service.impl.UserServiceImpl - Fetching user profile for edit | userId=11
2026-06-28 17:17:29 [http-nio-8080-exec-1] DEBUG c.e.D.service.impl.UserServiceImpl - User found | userId=11 | employeeId=EMP102
2026-06-28 17:17:29 [http-nio-8080-exec-1] INFO  c.e.D.service.impl.UserServiceImpl - User profile fetched successfully | userId=11 | timeTaken=543ms
2026-06-28 17:17:29 [http-nio-8080-exec-1] INFO  c.e.D.controller.UserController - Profile fetched successfully for userId=11
2026-06-28 17:17:29 [http-nio-8080-exec-1] DEBUG c.e.D.controller.UserController - Fetched profile data: UserProfileResponseDTO(id=11, employeeName=Sagar Suryawanshi, employeeId=EMP102, email=prathamesh69bhavsar@gmail.com, mobileNo=9876543210, designation=Software Developer, department=Engineering, company=SMT, identity=MR, pfType=WITH_PF, accountNo=1234567890, bankName=Canara Bank, address=Pune, Maharashtra, CTC=600000.0, dateOfBirth=1998-05-10, offerDate=2024-01-01, joiningDate=2024-02-01, panNo=ABCDE1234F, documents={APPOINTMENT_LETTER=DocumentResponseDTO(generated=false, data=null), INTERNSHIP_LETTER=DocumentResponseDTO(generated=false, data=null), EXPERIENCE_LETTER=DocumentResponseDTO(generated=true, data={issueDate=2025-01-01, relievingDate=2025-01-01}), FULL_AND_FINAL=DocumentResponseDTO(generated=true, data={fnfDate=2025-01-10, totalDaysInMonth=31, month=January, issueDate=2025-01-10, resignationDate=2024-12-01, paidDays=25, leavingDate=2025-01-05}), CONFIRMATION_LETTER=DocumentResponseDTO(generated=false, data=null), INCREMENT_LETTER=DocumentResponseDTO(generated=false, data=null), RELIEVING_LETTER=DocumentResponseDTO(generated=false, data=null), SALARY_SLIP=DocumentResponseDTO(generated=true, data={startMonth=January, endMonth=February}), COMPLETION_LETTER=DocumentResponseDTO(generated=false, data=null), OFFER_LETTER=DocumentResponseDTO(generated=true, data={issueDate=2024-01-01, probationPeriod=6})})
2026-06-28 17:19:13 [http-nio-8080-exec-6] INFO  c.e.Docgen_Backend.config.JwtFilter - JWT validated successfully for userId=6a311365ec2c34f3d9e4f06e
2026-06-28 17:19:13 [http-nio-8080-exec-6] INFO  c.e.D.controller.UserController - GET /api/v2/users/11 - Fetch request received
2026-06-28 17:19:13 [http-nio-8080-exec-6] INFO  c.e.D.service.impl.UserServiceImpl - Fetching user profile for edit | userId=11
2026-06-28 17:19:13 [http-nio-8080-exec-6] DEBUG c.e.D.service.impl.UserServiceImpl - User found | userId=11 | employeeId=EMP102
2026-06-28 17:19:13 [http-nio-8080-exec-6] INFO  c.e.D.service.impl.UserServiceImpl - User profile fetched successfully | userId=11 | timeTaken=503ms
2026-06-28 17:19:13 [http-nio-8080-exec-6] INFO  c.e.D.controller.UserController - Profile fetched successfully for userId=11
2026-06-28 17:19:13 [http-nio-8080-exec-6] DEBUG c.e.D.controller.UserController - Fetched profile data: UserProfileResponseDTO(id=11, employeeName=Sagar Suryawanshi, employeeId=EMP102, email=prathamesh69bhavsar@gmail.com, mobileNo=9876543210, designation=Software Developer, department=Engineering, company=SMT, identity=MR, pfType=WITH_PF, accountNo=1234567890, bankName=Canara Bank, address=Pune, Maharashtra, CTC=600000.0, dateOfBirth=1998-05-10, offerDate=2024-01-01, joiningDate=2024-02-01, panNo=ABCDE1234F, documents={APPOINTMENT_LETTER=DocumentResponseDTO(generated=false, data=null), INTERNSHIP_LETTER=DocumentResponseDTO(generated=false, data=null), EXPERIENCE_LETTER=DocumentResponseDTO(generated=true, data={issueDate=2025-01-01, relievingDate=2025-01-01}), FULL_AND_FINAL=DocumentResponseDTO(generated=true, data={fnfDate=2025-01-10, totalDaysInMonth=31, month=January, issueDate=2025-01-10, resignationDate=2024-12-01, paidDays=25, leavingDate=2025-01-05}), CONFIRMATION_LETTER=DocumentResponseDTO(generated=false, data=null), INCREMENT_LETTER=DocumentResponseDTO(generated=false, data=null), RELIEVING_LETTER=DocumentResponseDTO(generated=false, data=null), SALARY_SLIP=DocumentResponseDTO(generated=true, data={startMonth=January, endMonth=February}), COMPLETION_LETTER=DocumentResponseDTO(generated=false, data=null), OFFER_LETTER=DocumentResponseDTO(generated=true, data={issueDate=2024-01-01, probationPeriod=6})})
2026-06-28 17:19:13 [http-nio-8080-exec-5] INFO  c.e.Docgen_Backend.config.JwtFilter - JWT validated successfully for userId=6a311365ec2c34f3d9e4f06e
2026-06-28 17:19:13 [http-nio-8080-exec-5] INFO  c.e.D.controller.UserController - GET /api/v2/users/11 - Fetch request received
2026-06-28 17:19:13 [http-nio-8080-exec-5] INFO  c.e.D.service.impl.UserServiceImpl - Fetching user profile for edit | userId=11
2026-06-28 17:19:14 [http-nio-8080-exec-5] DEBUG c.e.D.service.impl.UserServiceImpl - User found | userId=11 | employeeId=EMP102
2026-06-28 17:19:14 [http-nio-8080-exec-5] INFO  c.e.D.service.impl.UserServiceImpl - User profile fetched successfully | userId=11 | timeTaken=434ms
2026-06-28 17:19:14 [http-nio-8080-exec-5] INFO  c.e.D.controller.UserController - Profile fetched successfully for userId=11
2026-06-28 17:19:14 [http-nio-8080-exec-5] DEBUG c.e.D.controller.UserController - Fetched profile data: UserProfileResponseDTO(id=11, employeeName=Sagar Suryawanshi, employeeId=EMP102, email=prathamesh69bhavsar@gmail.com, mobileNo=9876543210, designation=Software Developer, department=Engineering, company=SMT, identity=MR, pfType=WITH_PF, accountNo=1234567890, bankName=Canara Bank, address=Pune, Maharashtra, CTC=600000.0, dateOfBirth=1998-05-10, offerDate=2024-01-01, joiningDate=2024-02-01, panNo=ABCDE1234F, documents={APPOINTMENT_LETTER=DocumentResponseDTO(generated=false, data=null), INTERNSHIP_LETTER=DocumentResponseDTO(generated=false, data=null), EXPERIENCE_LETTER=DocumentResponseDTO(generated=true, data={issueDate=2025-01-01, relievingDate=2025-01-01}), FULL_AND_FINAL=DocumentResponseDTO(generated=true, data={fnfDate=2025-01-10, totalDaysInMonth=31, month=January, issueDate=2025-01-10, resignationDate=2024-12-01, paidDays=25, leavingDate=2025-01-05}), CONFIRMATION_LETTER=DocumentResponseDTO(generated=false, data=null), INCREMENT_LETTER=DocumentResponseDTO(generated=false, data=null), RELIEVING_LETTER=DocumentResponseDTO(generated=false, data=null), SALARY_SLIP=DocumentResponseDTO(generated=true, data={startMonth=January, endMonth=February}), COMPLETION_LETTER=DocumentResponseDTO(generated=false, data=null), OFFER_LETTER=DocumentResponseDTO(generated=true, data={issueDate=2024-01-01, probationPeriod=6})})
2026-06-28 17:27:19 [http-nio-8080-exec-2] INFO  c.e.Docgen_Backend.config.JwtFilter - JWT validated successfully for userId=6a311365ec2c34f3d9e4f06e
2026-06-28 17:27:19 [http-nio-8080-exec-2] INFO  c.e.D.controller.UserController - GET /api/v2/users - Fetch all users request received | page=0, size=8, sortBy=id, direction=desc
2026-06-28 17:27:20 [http-nio-8080-exec-2] INFO  c.e.D.controller.UserController - Fetched 2 users on page 0 of 1
2026-06-28 17:27:20 [http-nio-8080-exec-4] INFO  c.e.Docgen_Backend.config.JwtFilter - JWT validated successfully for userId=6a311365ec2c34f3d9e4f06e
2026-06-28 17:27:20 [http-nio-8080-exec-4] INFO  c.e.D.controller.UserController - GET /api/v2/users - Fetch all users request received | page=0, size=8, sortBy=id, direction=desc
2026-06-28 17:27:21 [http-nio-8080-exec-6] INFO  c.e.Docgen_Backend.config.JwtFilter - JWT validated successfully for userId=6a311365ec2c34f3d9e4f06e
2026-06-28 17:27:21 [http-nio-8080-exec-6] INFO  c.e.D.controller.UserController - GET /api/v2/users/11 - Fetch request received
2026-06-28 17:27:21 [http-nio-8080-exec-6] INFO  c.e.D.service.impl.UserServiceImpl - Fetching user profile for edit | userId=11
2026-06-28 17:27:21 [http-nio-8080-exec-4] INFO  c.e.D.controller.UserController - Fetched 2 users on page 0 of 1
2026-06-28 17:27:22 [http-nio-8080-exec-6] DEBUG c.e.D.service.impl.UserServiceImpl - User found | userId=11 | employeeId=EMP102
2026-06-28 17:27:22 [http-nio-8080-exec-6] INFO  c.e.D.service.impl.UserServiceImpl - User profile fetched successfully | userId=11 | timeTaken=1173ms
2026-06-28 17:27:22 [http-nio-8080-exec-6] INFO  c.e.D.controller.UserController - Profile fetched successfully for userId=11
2026-06-28 17:27:22 [http-nio-8080-exec-6] DEBUG c.e.D.controller.UserController - Fetched profile data: UserProfileResponseDTO(id=11, employeeName=Sagar Suryawanshi, employeeId=EMP102, email=prathamesh69bhavsar@gmail.com, mobileNo=9876543210, designation=Software Developer, department=Engineering, company=SMT, identity=MR, pfType=WITH_PF, accountNo=1234567890, bankName=Canara Bank, address=Pune, Maharashtra, CTC=600000.0, dateOfBirth=1998-05-10, offerDate=2024-01-01, joiningDate=2024-02-01, panNo=ABCDE1234F, documents={APPOINTMENT_LETTER=DocumentResponseDTO(generated=false, data=null), INTERNSHIP_LETTER=DocumentResponseDTO(generated=false, data=null), EXPERIENCE_LETTER=DocumentResponseDTO(generated=true, data={issueDate=2025-01-01, relievingDate=2025-01-01}), FULL_AND_FINAL=DocumentResponseDTO(generated=true, data={fnfDate=2025-01-10, totalDaysInMonth=31, month=January, issueDate=2025-01-10, resignationDate=2024-12-01, paidDays=25, leavingDate=2025-01-05}), CONFIRMATION_LETTER=DocumentResponseDTO(generated=false, data=null), INCREMENT_LETTER=DocumentResponseDTO(generated=false, data=null), RELIEVING_LETTER=DocumentResponseDTO(generated=false, data=null), SALARY_SLIP=DocumentResponseDTO(generated=true, data={startMonth=January, endMonth=February}), COMPLETION_LETTER=DocumentResponseDTO(generated=false, data=null), OFFER_LETTER=DocumentResponseDTO(generated=true, data={issueDate=2024-01-01, probationPeriod=6})})
2026-06-28 17:27:22 [http-nio-8080-exec-5] INFO  c.e.Docgen_Backend.config.JwtFilter - JWT validated successfully for userId=6a311365ec2c34f3d9e4f06e
2026-06-28 17:27:22 [http-nio-8080-exec-5] INFO  c.e.D.controller.UserController - GET /api/v2/users/11 - Fetch request received
2026-06-28 17:27:22 [http-nio-8080-exec-5] INFO  c.e.D.service.impl.UserServiceImpl - Fetching user profile for edit | userId=11
2026-06-28 17:27:23 [http-nio-8080-exec-5] DEBUG c.e.D.service.impl.UserServiceImpl - User found | userId=11 | employeeId=EMP102
2026-06-28 17:27:23 [http-nio-8080-exec-5] INFO  c.e.D.service.impl.UserServiceImpl - User profile fetched successfully | userId=11 | timeTaken=731ms
2026-06-28 17:27:23 [http-nio-8080-exec-5] INFO  c.e.D.controller.UserController - Profile fetched successfully for userId=11
2026-06-28 17:27:23 [http-nio-8080-exec-5] DEBUG c.e.D.controller.UserController - Fetched profile data: UserProfileResponseDTO(id=11, employeeName=Sagar Suryawanshi, employeeId=EMP102, email=prathamesh69bhavsar@gmail.com, mobileNo=9876543210, designation=Software Developer, department=Engineering, company=SMT, identity=MR, pfType=WITH_PF, accountNo=1234567890, bankName=Canara Bank, address=Pune, Maharashtra, CTC=600000.0, dateOfBirth=1998-05-10, offerDate=2024-01-01, joiningDate=2024-02-01, panNo=ABCDE1234F, documents={APPOINTMENT_LETTER=DocumentResponseDTO(generated=false, data=null), INTERNSHIP_LETTER=DocumentResponseDTO(generated=false, data=null), EXPERIENCE_LETTER=DocumentResponseDTO(generated=true, data={issueDate=2025-01-01, relievingDate=2025-01-01}), FULL_AND_FINAL=DocumentResponseDTO(generated=true, data={fnfDate=2025-01-10, totalDaysInMonth=31, month=January, issueDate=2025-01-10, resignationDate=2024-12-01, paidDays=25, leavingDate=2025-01-05}), CONFIRMATION_LETTER=DocumentResponseDTO(generated=false, data=null), INCREMENT_LETTER=DocumentResponseDTO(generated=false, data=null), RELIEVING_LETTER=DocumentResponseDTO(generated=false, data=null), SALARY_SLIP=DocumentResponseDTO(generated=true, data={startMonth=January, endMonth=February}), COMPLETION_LETTER=DocumentResponseDTO(generated=false, data=null), OFFER_LETTER=DocumentResponseDTO(generated=true, data={issueDate=2024-01-01, probationPeriod=6})})
2026-06-28 17:28:15 [http-nio-8080-exec-10] INFO  c.e.Docgen_Backend.config.JwtFilter - JWT validated successfully for userId=6a311365ec2c34f3d9e4f06e
2026-06-28 17:28:15 [http-nio-8080-exec-10] INFO  c.e.D.controller.UserController - GET /api/v2/users - Fetch all users request received | page=0, size=8, sortBy=id, direction=desc
2026-06-28 17:28:16 [http-nio-8080-exec-10] INFO  c.e.D.controller.UserController - Fetched 2 users on page 0 of 1
2026-06-28 17:28:16 [http-nio-8080-exec-1] INFO  c.e.Docgen_Backend.config.JwtFilter - JWT validated successfully for userId=6a311365ec2c34f3d9e4f06e
2026-06-28 17:28:16 [http-nio-8080-exec-1] INFO  c.e.D.controller.UserController - GET /api/v2/users - Fetch all users request received | page=0, size=8, sortBy=id, direction=desc
2026-06-28 17:28:17 [http-nio-8080-exec-1] INFO  c.e.D.controller.UserController - Fetched 2 users on page 0 of 1
2026-06-28 17:28:17 [http-nio-8080-exec-3] INFO  c.e.Docgen_Backend.config.JwtFilter - JWT validated successfully for userId=6a311365ec2c34f3d9e4f06e
2026-06-28 17:28:17 [http-nio-8080-exec-3] INFO  c.e.D.controller.UserController - GET /api/v2/users/11 - Fetch request received
2026-06-28 17:28:17 [http-nio-8080-exec-3] INFO  c.e.D.service.impl.UserServiceImpl - Fetching user profile for edit | userId=11
2026-06-28 17:28:17 [http-nio-8080-exec-3] DEBUG c.e.D.service.impl.UserServiceImpl - User found | userId=11 | employeeId=EMP102
2026-06-28 17:28:17 [http-nio-8080-exec-3] INFO  c.e.D.service.impl.UserServiceImpl - User profile fetched successfully | userId=11 | timeTaken=452ms
2026-06-28 17:28:17 [http-nio-8080-exec-3] INFO  c.e.D.controller.UserController - Profile fetched successfully for userId=11
2026-06-28 17:28:17 [http-nio-8080-exec-3] DEBUG c.e.D.controller.UserController - Fetched profile data: UserProfileResponseDTO(id=11, employeeName=Sagar Suryawanshi, employeeId=EMP102, email=prathamesh69bhavsar@gmail.com, mobileNo=9876543210, designation=Software Developer, department=Engineering, company=SMT, identity=MR, pfType=WITH_PF, accountNo=1234567890, bankName=Canara Bank, address=Pune, Maharashtra, CTC=600000.0, dateOfBirth=1998-05-10, offerDate=2024-01-01, joiningDate=2024-02-01, panNo=ABCDE1234F, documents={APPOINTMENT_LETTER=DocumentResponseDTO(generated=false, data=null), INTERNSHIP_LETTER=DocumentResponseDTO(generated=false, data=null), EXPERIENCE_LETTER=DocumentResponseDTO(generated=true, data={issueDate=2025-01-01, relievingDate=2025-01-01}), FULL_AND_FINAL=DocumentResponseDTO(generated=true, data={fnfDate=2025-01-10, totalDaysInMonth=31, month=January, issueDate=2025-01-10, resignationDate=2024-12-01, paidDays=25, leavingDate=2025-01-05}), CONFIRMATION_LETTER=DocumentResponseDTO(generated=false, data=null), INCREMENT_LETTER=DocumentResponseDTO(generated=false, data=null), RELIEVING_LETTER=DocumentResponseDTO(generated=false, data=null), SALARY_SLIP=DocumentResponseDTO(generated=true, data={startMonth=January, endMonth=February}), COMPLETION_LETTER=DocumentResponseDTO(generated=false, data=null), OFFER_LETTER=DocumentResponseDTO(generated=true, data={issueDate=2024-01-01, probationPeriod=6})})
2026-06-28 17:28:17 [http-nio-8080-exec-4] INFO  c.e.Docgen_Backend.config.JwtFilter - JWT validated successfully for userId=6a311365ec2c34f3d9e4f06e
2026-06-28 17:28:17 [http-nio-8080-exec-4] INFO  c.e.D.controller.UserController - GET /api/v2/users/11 - Fetch request received
2026-06-28 17:28:17 [http-nio-8080-exec-4] INFO  c.e.D.service.impl.UserServiceImpl - Fetching user profile for edit | userId=11
2026-06-28 17:28:18 [http-nio-8080-exec-4] DEBUG c.e.D.service.impl.UserServiceImpl - User found | userId=11 | employeeId=EMP102
2026-06-28 17:28:18 [http-nio-8080-exec-4] INFO  c.e.D.service.impl.UserServiceImpl - User profile fetched successfully | userId=11 | timeTaken=337ms
2026-06-28 17:28:18 [http-nio-8080-exec-4] INFO  c.e.D.controller.UserController - Profile fetched successfully for userId=11
2026-06-28 17:28:18 [http-nio-8080-exec-4] DEBUG c.e.D.controller.UserController - Fetched profile data: UserProfileResponseDTO(id=11, employeeName=Sagar Suryawanshi, employeeId=EMP102, email=prathamesh69bhavsar@gmail.com, mobileNo=9876543210, designation=Software Developer, department=Engineering, company=SMT, identity=MR, pfType=WITH_PF, accountNo=1234567890, bankName=Canara Bank, address=Pune, Maharashtra, CTC=600000.0, dateOfBirth=1998-05-10, offerDate=2024-01-01, joiningDate=2024-02-01, panNo=ABCDE1234F, documents={APPOINTMENT_LETTER=DocumentResponseDTO(generated=false, data=null), INTERNSHIP_LETTER=DocumentResponseDTO(generated=false, data=null), EXPERIENCE_LETTER=DocumentResponseDTO(generated=true, data={issueDate=2025-01-01, relievingDate=2025-01-01}), FULL_AND_FINAL=DocumentResponseDTO(generated=true, data={fnfDate=2025-01-10, totalDaysInMonth=31, month=January, issueDate=2025-01-10, resignationDate=2024-12-01, paidDays=25, leavingDate=2025-01-05}), CONFIRMATION_LETTER=DocumentResponseDTO(generated=false, data=null), INCREMENT_LETTER=DocumentResponseDTO(generated=false, data=null), RELIEVING_LETTER=DocumentResponseDTO(generated=false, data=null), SALARY_SLIP=DocumentResponseDTO(generated=true, data={startMonth=January, endMonth=February}), COMPLETION_LETTER=DocumentResponseDTO(generated=false, data=null), OFFER_LETTER=DocumentResponseDTO(generated=true, data={issueDate=2024-01-01, probationPeriod=6})})
2026-06-28 17:32:20 [http-nio-8080-exec-1] INFO  c.e.Docgen_Backend.config.JwtFilter - JWT validated successfully for userId=6a311365ec2c34f3d9e4f06e
2026-06-28 17:32:20 [http-nio-8080-exec-1] INFO  c.e.D.controller.UserController - GET /api/v2/users/11 - Fetch request received
2026-06-28 17:32:20 [http-nio-8080-exec-1] INFO  c.e.D.service.impl.UserServiceImpl - Fetching user profile for edit | userId=11
2026-06-28 17:32:20 [http-nio-8080-exec-1] DEBUG c.e.D.service.impl.UserServiceImpl - User found | userId=11 | employeeId=EMP102
2026-06-28 17:32:20 [http-nio-8080-exec-1] INFO  c.e.D.service.impl.UserServiceImpl - User profile fetched successfully | userId=11 | timeTaken=422ms
2026-06-28 17:32:20 [http-nio-8080-exec-1] INFO  c.e.D.controller.UserController - Profile fetched successfully for userId=11
2026-06-28 17:32:20 [http-nio-8080-exec-1] DEBUG c.e.D.controller.UserController - Fetched profile data: UserProfileResponseDTO(id=11, employeeName=Sagar Suryawanshi, employeeId=EMP102, email=prathamesh69bhavsar@gmail.com, mobileNo=9876543210, designation=Software Developer, department=Engineering, company=SMT, identity=MR, pfType=WITH_PF, accountNo=1234567890, bankName=Canara Bank, address=Pune, Maharashtra, CTC=600000.0, dateOfBirth=1998-05-10, offerDate=2024-01-01, joiningDate=2024-02-01, panNo=ABCDE1234F, documents={APPOINTMENT_LETTER=DocumentResponseDTO(generated=false, data=null), INTERNSHIP_LETTER=DocumentResponseDTO(generated=false, data=null), EXPERIENCE_LETTER=DocumentResponseDTO(generated=true, data={issueDate=2025-01-01, relievingDate=2025-01-01}), FULL_AND_FINAL=DocumentResponseDTO(generated=true, data={fnfDate=2025-01-10, totalDaysInMonth=31, month=January, issueDate=2025-01-10, resignationDate=2024-12-01, paidDays=25, leavingDate=2025-01-05}), CONFIRMATION_LETTER=DocumentResponseDTO(generated=false, data=null), INCREMENT_LETTER=DocumentResponseDTO(generated=false, data=null), RELIEVING_LETTER=DocumentResponseDTO(generated=false, data=null), SALARY_SLIP=DocumentResponseDTO(generated=true, data={startMonth=January, endMonth=February}), COMPLETION_LETTER=DocumentResponseDTO(generated=false, data=null), OFFER_LETTER=DocumentResponseDTO(generated=true, data={issueDate=2024-01-01, probationPeriod=6})})
2026-06-28 17:32:20 [http-nio-8080-exec-2] INFO  c.e.Docgen_Backend.config.JwtFilter - JWT validated successfully for userId=6a311365ec2c34f3d9e4f06e
2026-06-28 17:32:20 [http-nio-8080-exec-2] INFO  c.e.D.controller.UserController - GET /api/v2/users/11 - Fetch request received
2026-06-28 17:32:20 [http-nio-8080-exec-2] INFO  c.e.D.service.impl.UserServiceImpl - Fetching user profile for edit | userId=11
2026-06-28 17:32:21 [http-nio-8080-exec-2] DEBUG c.e.D.service.impl.UserServiceImpl - User found | userId=11 | employeeId=EMP102
2026-06-28 17:32:21 [http-nio-8080-exec-2] INFO  c.e.D.service.impl.UserServiceImpl - User profile fetched successfully | userId=11 | timeTaken=507ms
2026-06-28 17:32:21 [http-nio-8080-exec-2] INFO  c.e.D.controller.UserController - Profile fetched successfully for userId=11
2026-06-28 17:32:21 [http-nio-8080-exec-2] DEBUG c.e.D.controller.UserController - Fetched profile data: UserProfileResponseDTO(id=11, employeeName=Sagar Suryawanshi, employeeId=EMP102, email=prathamesh69bhavsar@gmail.com, mobileNo=9876543210, designation=Software Developer, department=Engineering, company=SMT, identity=MR, pfType=WITH_PF, accountNo=1234567890, bankName=Canara Bank, address=Pune, Maharashtra, CTC=600000.0, dateOfBirth=1998-05-10, offerDate=2024-01-01, joiningDate=2024-02-01, panNo=ABCDE1234F, documents={APPOINTMENT_LETTER=DocumentResponseDTO(generated=false, data=null), INTERNSHIP_LETTER=DocumentResponseDTO(generated=false, data=null), EXPERIENCE_LETTER=DocumentResponseDTO(generated=true, data={issueDate=2025-01-01, relievingDate=2025-01-01}), FULL_AND_FINAL=DocumentResponseDTO(generated=true, data={fnfDate=2025-01-10, totalDaysInMonth=31, month=January, issueDate=2025-01-10, resignationDate=2024-12-01, paidDays=25, leavingDate=2025-01-05}), CONFIRMATION_LETTER=DocumentResponseDTO(generated=false, data=null), INCREMENT_LETTER=DocumentResponseDTO(generated=false, data=null), RELIEVING_LETTER=DocumentResponseDTO(generated=false, data=null), SALARY_SLIP=DocumentResponseDTO(generated=true, data={startMonth=January, endMonth=February}), COMPLETION_LETTER=DocumentResponseDTO(generated=false, data=null), OFFER_LETTER=DocumentResponseDTO(generated=true, data={issueDate=2024-01-01, probationPeriod=6})})
