2026-07-22 11:57:13 [background-preinit] INFO  o.h.validator.internal.util.Version - HV000001: Hibernate Validator 9.0.1.Final
2026-07-22 11:57:13 [restartedMain] INFO  c.e.D.DocgenBackendApplication - Starting DocgenBackendApplication using Java 21.0.9 with PID 17708 (E:\DocGen New Front V2\Docgen-Backend\target\classes started by prath in E:\DocGen New Front V2\Docgen-Backend)
2026-07-22 11:57:13 [restartedMain] DEBUG c.e.D.DocgenBackendApplication - Running with Spring Boot v4.0.6, Spring v7.0.7
2026-07-22 11:57:13 [restartedMain] INFO  c.e.D.DocgenBackendApplication - No active profile set, falling back to 1 default profile: "default"
2026-07-22 11:57:13 [restartedMain] INFO  o.s.b.d.e.DevToolsPropertyDefaultsPostProcessor - Devtools property defaults active! Set 'spring.devtools.add-properties' to 'false' to disable
2026-07-22 11:57:13 [restartedMain] INFO  o.s.b.d.e.DevToolsPropertyDefaultsPostProcessor - For additional web related logging consider setting the 'logging.level.web' property to 'DEBUG'
2026-07-22 11:57:14 [restartedMain] INFO  o.s.d.r.c.RepositoryConfigurationDelegate - Bootstrapping Spring Data JPA repositories in DEFAULT mode.
2026-07-22 11:57:14 [restartedMain] INFO  o.s.d.r.c.RepositoryConfigurationDelegate - Finished Spring Data repository scanning in 49 ms. Found 3 JPA repository interfaces.
2026-07-22 11:57:15 [restartedMain] INFO  o.s.boot.tomcat.TomcatWebServer - Tomcat initialized with port 8080 (http)
2026-07-22 11:57:15 [restartedMain] INFO  o.a.coyote.http11.Http11NioProtocol - Initializing ProtocolHandler ["http-nio-8080"]
2026-07-22 11:57:15 [restartedMain] INFO  o.a.catalina.core.StandardService - Starting service [Tomcat]
2026-07-22 11:57:15 [restartedMain] INFO  o.a.catalina.core.StandardEngine - Starting Servlet engine: [Apache Tomcat/11.0.21]
2026-07-22 11:57:15 [restartedMain] INFO  o.s.b.w.c.s.WebApplicationContextInitializer - Root WebApplicationContext: initialization completed in 1401 ms
2026-07-22 11:57:15 [restartedMain] DEBUG c.e.Docgen_Backend.config.JwtFilter - Filter 'jwtFilter' configured for use
2026-07-22 11:57:15 [restartedMain] INFO  org.hibernate.orm.jpa - HHH008540: Processing PersistenceUnitInfo [name: default]
2026-07-22 11:57:15 [restartedMain] INFO  org.hibernate.orm.core - HHH000001: Hibernate ORM core version 7.2.12.Final
2026-07-22 11:57:16 [restartedMain] INFO  o.s.o.j.p.SpringPersistenceUnitInfo - No LoadTimeWeaver setup: ignoring JPA class transformer
2026-07-22 11:57:16 [restartedMain] INFO  com.zaxxer.hikari.HikariDataSource - HikariPool-1 - Starting...
2026-07-22 11:57:17 [restartedMain] INFO  com.zaxxer.hikari.pool.HikariPool - HikariPool-1 - Added connection com.mysql.cj.jdbc.ConnectionImpl@79efd0f1
2026-07-22 11:57:17 [restartedMain] INFO  com.zaxxer.hikari.HikariDataSource - HikariPool-1 - Start completed.
2026-07-22 11:57:17 [restartedMain] WARN  org.hibernate.orm.jdbc - HHH100045: Could not obtain connection metadata: java.sql.SQLSyntaxErrorException: Unknown column 'RESERVED' in 'WHERE'
2026-07-22 11:57:17 [restartedMain] WARN  org.hibernate.orm.deprecation - HHH90000025: MySQLDialect does not need to be specified explicitly using 'hibernate.dialect' (remove the property setting and it will be selected by default)
2026-07-22 11:57:17 [restartedMain] INFO  o.hibernate.orm.connections.pooling - HHH10001005: Database info:
	Database JDBC URL [undefined/unknown]
	Database driver: undefined/unknown
	Database dialect: MySQLDialect
	Database version: 8.0
	Default catalog/schema: unknown/unknown
	Autocommit mode: undefined/unknown
	Isolation level: NONE [default NONE]
	JDBC fetch size: undefined/unknown
	Pool: DataSourceConnectionProvider
	Minimum pool size: undefined/unknown
	Maximum pool size: undefined/unknown
2026-07-22 11:57:19 [restartedMain] INFO  org.hibernate.orm.core - HHH000489: No JTA platform available (set 'hibernate.transaction.jta.platform' to enable JTA platform integration)
2026-07-22 11:57:27 [restartedMain] INFO  o.s.o.j.LocalContainerEntityManagerFactoryBean - Initialized JPA EntityManagerFactory for persistence unit 'default'
2026-07-22 11:57:27 [restartedMain] INFO  o.s.d.j.r.q.QueryEnhancerFactories - Hibernate is in classpath; If applicable, HQL parser will be used.
2026-07-22 11:57:27 [restartedMain] INFO  o.s.s.c.a.a.c.InitializeUserDetailsBeanManagerConfigurer$InitializeUserDetailsManagerConfigurer - Global AuthenticationManager configured with UserDetailsService bean with name customUserDetailsService
2026-07-22 11:57:27 [restartedMain] WARN  o.s.b.j.a.JpaBaseConfiguration$JpaWebConfiguration - spring.jpa.open-in-view is enabled by default. Therefore, database queries may be performed during view rendering. Explicitly configure spring.jpa.open-in-view to disable this warning
2026-07-22 11:57:27 [restartedMain] INFO  o.a.coyote.http11.Http11NioProtocol - Starting ProtocolHandler ["http-nio-8080"]
2026-07-22 11:57:28 [restartedMain] INFO  o.s.boot.tomcat.TomcatWebServer - Tomcat started on port 8080 (http) with context path '/'
2026-07-22 11:57:28 [restartedMain] INFO  c.e.D.DocgenBackendApplication - Started DocgenBackendApplication in 14.741 seconds (process running for 15.406)
2026-07-22 11:57:48 [http-nio-8080-exec-1] INFO  o.a.c.c.C.[Tomcat].[localhost].[/] - Initializing Spring DispatcherServlet 'dispatcherServlet'
2026-07-22 11:57:48 [http-nio-8080-exec-1] INFO  o.s.web.servlet.DispatcherServlet - Initializing Servlet 'dispatcherServlet'
2026-07-22 11:57:48 [http-nio-8080-exec-1] INFO  o.s.web.servlet.DispatcherServlet - Completed initialization in 7 ms
2026-07-22 11:57:48 [http-nio-8080-exec-3] WARN  c.e.Docgen_Backend.config.JwtFilter - Invalid JWT token
2026-07-22 11:57:48 [http-nio-8080-exec-4] WARN  c.e.Docgen_Backend.config.JwtFilter - Invalid JWT token
2026-07-22 11:58:39 [http-nio-8080-exec-7] INFO  c.e.Docgen_Backend.config.JwtFilter - JWT validated successfully for userId=6a311365ec2c34f3d9e4f06e
2026-07-22 11:58:39 [http-nio-8080-exec-7] INFO  c.e.D.controller.UserController - GET /api/v2/users - Fetch all users request received | page=0, size=8, sortBy=id, direction=desc
2026-07-22 11:58:39 [http-nio-8080-exec-7] WARN  com.zaxxer.hikari.pool.PoolBase - HikariPool-1 - Failed to validate connection com.mysql.cj.jdbc.ConnectionImpl@79efd0f1 (No operations allowed after connection closed.). Possibly consider using a shorter maxLifetime value.
2026-07-22 11:58:39 [http-nio-8080-exec-7] WARN  com.zaxxer.hikari.pool.PoolBase - HikariPool-1 - Failed to validate connection com.mysql.cj.jdbc.ConnectionImpl@9e873d3 (No operations allowed after connection closed.). Possibly consider using a shorter maxLifetime value.
2026-07-22 11:58:39 [http-nio-8080-exec-7] WARN  com.zaxxer.hikari.pool.PoolBase - HikariPool-1 - Failed to validate connection com.mysql.cj.jdbc.ConnectionImpl@4b5d052e (No operations allowed after connection closed.). Possibly consider using a shorter maxLifetime value.
2026-07-22 11:58:43 [http-nio-8080-exec-7] INFO  c.e.D.controller.UserController - Fetched 8 users on page 0 of 3
2026-07-22 11:58:44 [http-nio-8080-exec-8] INFO  c.e.Docgen_Backend.config.JwtFilter - JWT validated successfully for userId=6a311365ec2c34f3d9e4f06e
2026-07-22 11:58:44 [http-nio-8080-exec-8] INFO  c.e.D.controller.UserController - GET /api/v2/users - Fetch all users request received | page=0, size=8, sortBy=id, direction=desc
2026-07-22 11:58:47 [http-nio-8080-exec-8] INFO  c.e.D.controller.UserController - Fetched 8 users on page 0 of 3
2026-07-22 12:00:32 [HikariPool-1:housekeeper] WARN  com.zaxxer.hikari.pool.PoolBase - HikariPool-1 - Failed to validate connection com.mysql.cj.jdbc.ConnectionImpl@c3b4c4c (No operations allowed after connection closed.). Possibly consider using a shorter maxLifetime value.
2026-07-22 12:00:36 [HikariPool-1:housekeeper] WARN  com.zaxxer.hikari.pool.PoolBase - HikariPool-1 - Failed to validate connection com.mysql.cj.jdbc.ConnectionImpl@3dfd8433 (No operations allowed after connection closed.). Possibly consider using a shorter maxLifetime value.
2026-07-22 12:00:36 [HikariPool-1:housekeeper] WARN  com.zaxxer.hikari.pool.PoolBase - HikariPool-1 - Failed to validate connection com.mysql.cj.jdbc.ConnectionImpl@3a1bc120 (No operations allowed after connection closed.). Possibly consider using a shorter maxLifetime value.
2026-07-22 12:02:15 [HikariPool-1:housekeeper] WARN  com.zaxxer.hikari.pool.PoolBase - HikariPool-1 - Failed to validate connection com.mysql.cj.jdbc.ConnectionImpl@6c14b303 (No operations allowed after connection closed.). Possibly consider using a shorter maxLifetime value.
2026-07-22 12:02:27 [HikariPool-1:housekeeper] WARN  com.zaxxer.hikari.pool.PoolBase - HikariPool-1 - Failed to validate connection com.mysql.cj.jdbc.ConnectionImpl@45e94379 (No operations allowed after connection closed.). Possibly consider using a shorter maxLifetime value.
2026-07-22 12:04:10 [HikariPool-1:housekeeper] WARN  com.zaxxer.hikari.pool.PoolBase - HikariPool-1 - Failed to validate connection com.mysql.cj.jdbc.ConnectionImpl@685aabae (No operations allowed after connection closed.). Possibly consider using a shorter maxLifetime value.
2026-07-22 12:04:13 [HikariPool-1:housekeeper] WARN  com.zaxxer.hikari.pool.PoolBase - HikariPool-1 - Failed to validate connection com.mysql.cj.jdbc.ConnectionImpl@57fdef5c (No operations allowed after connection closed.). Possibly consider using a shorter maxLifetime value.
2026-07-22 12:06:03 [HikariPool-1:housekeeper] WARN  com.zaxxer.hikari.pool.PoolBase - HikariPool-1 - Failed to validate connection com.mysql.cj.jdbc.ConnectionImpl@a7e1b26 (No operations allowed after connection closed.). Possibly consider using a shorter maxLifetime value.
2026-07-22 12:06:04 [HikariPool-1:housekeeper] WARN  com.zaxxer.hikari.pool.PoolBase - HikariPool-1 - Failed to validate connection com.mysql.cj.jdbc.ConnectionImpl@6b755037 (No operations allowed after connection closed.). Possibly consider using a shorter maxLifetime value.
2026-07-22 12:07:41 [HikariPool-1:housekeeper] WARN  com.zaxxer.hikari.pool.PoolBase - HikariPool-1 - Failed to validate connection com.mysql.cj.jdbc.ConnectionImpl@534ad50a (No operations allowed after connection closed.). Possibly consider using a shorter maxLifetime value.
2026-07-22 12:08:02 [HikariPool-1:housekeeper] WARN  com.zaxxer.hikari.pool.PoolBase - HikariPool-1 - Failed to validate connection com.mysql.cj.jdbc.ConnectionImpl@38f29476 (No operations allowed after connection closed.). Possibly consider using a shorter maxLifetime value.
2026-07-22 12:09:18 [http-nio-8080-exec-1] INFO  c.e.Docgen_Backend.config.JwtFilter - JWT validated successfully for userId=6a311365ec2c34f3d9e4f06e
2026-07-22 12:09:19 [http-nio-8080-exec-1] INFO  c.e.D.controller.UserController - POST /api/v2/users/create-profile - Request received for employeeId=null
2026-07-22 12:09:19 [http-nio-8080-exec-1] DEBUG c.e.D.controller.UserController - Full request payload: CreateProfileRequest(employeeName=Tejal Jalindar Gholap, email=tejalgholap0203@gmail.com, mobileNo=9270395641, employeeId=null, joiningDesignation=DevOps Engineer, currentDesignation=DevOps Engineer, department=IT, currentAddress=Sudarshan Nagar, Pimple Gurav, Pune, 411061, permanentAddress=Bhavani Bhau Gholap vasti, Pathre BK, Ahilyanagar 413711, accountNo=1234567890, bankName=AU Small Finance Bank, joiningCTC=800000.0, currentCTC=800000.0, dateOfBirth=2001-03-02, offerDate=2025-01-10, joiningDate=2025-02-03, panNo=DQBPG5753G, company=JDIT, pfType=WITH_PF, identity=MRS, documents=[EXPERIENCE_LETTER, RELIEVING_LETTER], documentData={EXPERIENCE_LETTER={relievingDate=2026-07-20, issueDate=2026-07-20}, RELIEVING_LETTER={relievingDate=2026-07-20, issueDate=2026-07-20}})
2026-07-22 12:09:19 [http-nio-8080-exec-1] WARN  com.zaxxer.hikari.pool.PoolBase - HikariPool-1 - Failed to validate connection com.mysql.cj.jdbc.ConnectionImpl@ffacb35 (No operations allowed after connection closed.). Possibly consider using a shorter maxLifetime value.
2026-07-22 12:09:19 [http-nio-8080-exec-1] WARN  com.zaxxer.hikari.pool.PoolBase - HikariPool-1 - Failed to validate connection com.mysql.cj.jdbc.ConnectionImpl@39012635 (No operations allowed after connection closed.). Possibly consider using a shorter maxLifetime value.
2026-07-22 12:09:19 [http-nio-8080-exec-1] INFO  c.e.D.service.impl.UserServiceImpl - Generated employeeId=JDIT001 for company=JDIT
2026-07-22 12:09:19 [http-nio-8080-exec-1] INFO  c.e.D.service.impl.UserServiceImpl - User profile created successfully for employeeId=JDIT001
2026-07-22 12:09:19 [http-nio-8080-exec-1] INFO  c.e.D.controller.UserController - Profile created successfully for employeeId=JDIT001
2026-07-22 12:10:58 [HikariPool-1:housekeeper] WARN  com.zaxxer.hikari.pool.PoolBase - HikariPool-1 - Failed to validate connection com.mysql.cj.jdbc.ConnectionImpl@7ca0f700 (No operations allowed after connection closed.). Possibly consider using a shorter maxLifetime value.
2026-07-22 12:11:03 [HikariPool-1:housekeeper] WARN  com.zaxxer.hikari.pool.PoolBase - HikariPool-1 - Failed to validate connection com.mysql.cj.jdbc.ConnectionImpl@43c23f7c (No operations allowed after connection closed.). Possibly consider using a shorter maxLifetime value.
2026-07-22 12:11:06 [HikariPool-1:housekeeper] WARN  com.zaxxer.hikari.pool.PoolBase - HikariPool-1 - Failed to validate connection com.mysql.cj.jdbc.ConnectionImpl@7dde45a4 (No operations allowed after connection closed.). Possibly consider using a shorter maxLifetime value.
2026-07-22 12:11:32 [http-nio-8080-exec-6] INFO  c.e.Docgen_Backend.config.JwtFilter - JWT validated successfully for userId=6a311365ec2c34f3d9e4f06e
2026-07-22 12:11:32 [http-nio-8080-exec-6] INFO  c.e.D.controller.UserController - GET /api/v2/users - Fetch all users request received | page=0, size=8, sortBy=id, direction=desc
2026-07-22 12:11:32 [http-nio-8080-exec-6] WARN  com.zaxxer.hikari.pool.PoolBase - HikariPool-1 - Failed to validate connection com.mysql.cj.jdbc.ConnectionImpl@79e6b141 (No operations allowed after connection closed.). Possibly consider using a shorter maxLifetime value.
2026-07-22 12:11:32 [http-nio-8080-exec-6] WARN  com.zaxxer.hikari.pool.PoolBase - HikariPool-1 - Failed to validate connection com.mysql.cj.jdbc.ConnectionImpl@164dc6ae (No operations allowed after connection closed.). Possibly consider using a shorter maxLifetime value.
2026-07-22 12:11:34 [http-nio-8080-exec-6] INFO  c.e.D.controller.UserController - Fetched 8 users on page 0 of 4
2026-07-22 12:11:34 [http-nio-8080-exec-7] INFO  c.e.Docgen_Backend.config.JwtFilter - JWT validated successfully for userId=6a311365ec2c34f3d9e4f06e
2026-07-22 12:11:34 [http-nio-8080-exec-7] INFO  c.e.D.controller.UserController - GET /api/v2/users - Fetch all users request received | page=0, size=8, sortBy=id, direction=desc
2026-07-22 12:11:36 [http-nio-8080-exec-10] INFO  c.e.Docgen_Backend.config.JwtFilter - JWT validated successfully for userId=6a311365ec2c34f3d9e4f06e
2026-07-22 12:11:36 [http-nio-8080-exec-10] INFO  c.e.D.controller.UserController - GET /api/v2/users/34 - Fetch request received
2026-07-22 12:11:36 [http-nio-8080-exec-10] INFO  c.e.D.service.impl.UserServiceImpl - Fetching user profile for edit | userId=34
2026-07-22 12:11:36 [http-nio-8080-exec-10] DEBUG c.e.D.service.impl.UserServiceImpl - User found | userId=34 | employeeId=JDIT0807
2026-07-22 12:11:36 [http-nio-8080-exec-10] INFO  c.e.D.service.impl.UserServiceImpl - User profile fetched successfully | userId=34 | timeTaken=480ms
2026-07-22 12:11:36 [http-nio-8080-exec-10] INFO  c.e.D.controller.UserController - Profile fetched successfully for userId=34
2026-07-22 12:11:36 [http-nio-8080-exec-10] DEBUG c.e.D.controller.UserController - Fetched profile data: UserProfileResponseDTO(id=34, employeeName=Tejal Jalindar Gholap, employeeId=JDIT0807, email=tejalgholap0203@gmail.com, mobileNo=9270395641, joiningDesignation=DevOps Engineer, currentDesignation=DevOps Engineer, department=IT, company=JDIT, identity=MRS, pfType=WITH_PF, accountNo=1234567890, bankName=AU Small Finance Bank, currentAddress=Sudarshan Nagar, Pimple Gurav, Pune, 411061, permanentAddress=Bhavani Bhau Gholap vasti, Pathre BK, Ahilyanagar 413711, joiningCTC=800000.0, currentCTC=800000.0, dateOfBirth=2001-03-02, offerDate=2025-01-10, joiningDate=2025-02-03, panNo=DQBPG5753G, documents={APPOINTMENT_LETTER=DocumentResponseDTO(generated=false, data=null), INTERNSHIP_LETTER=DocumentResponseDTO(generated=false, data=null), EXPERIENCE_LETTER=DocumentResponseDTO(generated=true, data={issueDate=2026-07-20, relievingDate=2026-07-20}), FULL_AND_FINAL=DocumentResponseDTO(generated=false, data=null), CONFIRMATION_LETTER=DocumentResponseDTO(generated=false, data=null), INCREMENT_LETTER=DocumentResponseDTO(generated=false, data=null), RELIEVING_LETTER=DocumentResponseDTO(generated=true, data={issueDate=2026-07-20, relievingDate=2026-07-20}), SALARY_SLIP=DocumentResponseDTO(generated=false, data=null), COMPLETION_LETTER=DocumentResponseDTO(generated=false, data=null), OFFER_LETTER=DocumentResponseDTO(generated=false, data=null)})
2026-07-22 12:11:36 [http-nio-8080-exec-2] INFO  c.e.Docgen_Backend.config.JwtFilter - JWT validated successfully for userId=6a311365ec2c34f3d9e4f06e
2026-07-22 12:11:36 [http-nio-8080-exec-2] INFO  c.e.D.controller.UserController - GET /api/v2/users/34 - Fetch request received
2026-07-22 12:11:36 [http-nio-8080-exec-2] INFO  c.e.D.service.impl.UserServiceImpl - Fetching user profile for edit | userId=34
2026-07-22 12:11:37 [http-nio-8080-exec-7] INFO  c.e.D.controller.UserController - Fetched 8 users on page 0 of 4
2026-07-22 12:11:37 [http-nio-8080-exec-2] DEBUG c.e.D.service.impl.UserServiceImpl - User found | userId=34 | employeeId=JDIT0807
2026-07-22 12:11:37 [http-nio-8080-exec-2] INFO  c.e.D.service.impl.UserServiceImpl - User profile fetched successfully | userId=34 | timeTaken=295ms
2026-07-22 12:11:37 [http-nio-8080-exec-2] INFO  c.e.D.controller.UserController - Profile fetched successfully for userId=34
2026-07-22 12:11:37 [http-nio-8080-exec-2] DEBUG c.e.D.controller.UserController - Fetched profile data: UserProfileResponseDTO(id=34, employeeName=Tejal Jalindar Gholap, employeeId=JDIT0807, email=tejalgholap0203@gmail.com, mobileNo=9270395641, joiningDesignation=DevOps Engineer, currentDesignation=DevOps Engineer, department=IT, company=JDIT, identity=MRS, pfType=WITH_PF, accountNo=1234567890, bankName=AU Small Finance Bank, currentAddress=Sudarshan Nagar, Pimple Gurav, Pune, 411061, permanentAddress=Bhavani Bhau Gholap vasti, Pathre BK, Ahilyanagar 413711, joiningCTC=800000.0, currentCTC=800000.0, dateOfBirth=2001-03-02, offerDate=2025-01-10, joiningDate=2025-02-03, panNo=DQBPG5753G, documents={APPOINTMENT_LETTER=DocumentResponseDTO(generated=false, data=null), INTERNSHIP_LETTER=DocumentResponseDTO(generated=false, data=null), EXPERIENCE_LETTER=DocumentResponseDTO(generated=true, data={issueDate=2026-07-20, relievingDate=2026-07-20}), FULL_AND_FINAL=DocumentResponseDTO(generated=false, data=null), CONFIRMATION_LETTER=DocumentResponseDTO(generated=false, data=null), INCREMENT_LETTER=DocumentResponseDTO(generated=false, data=null), RELIEVING_LETTER=DocumentResponseDTO(generated=true, data={issueDate=2026-07-20, relievingDate=2026-07-20}), SALARY_SLIP=DocumentResponseDTO(generated=false, data=null), COMPLETION_LETTER=DocumentResponseDTO(generated=false, data=null), OFFER_LETTER=DocumentResponseDTO(generated=false, data=null)})
2026-07-22 12:11:48 [http-nio-8080-exec-3] INFO  c.e.Docgen_Backend.config.JwtFilter - JWT validated successfully for userId=6a311365ec2c34f3d9e4f06e
2026-07-22 12:11:48 [http-nio-8080-exec-3] INFO  c.e.D.controller.UserController - PATCH /api/v2/users/34 - Update request received for employeeId=JDIT0807
2026-07-22 12:11:48 [http-nio-8080-exec-3] DEBUG c.e.D.controller.UserController - Update payload: CreateProfileRequest(employeeName=Tejal Jalindar Gholap, email=tejalgholap0203@gmail.com, mobileNo=9270395641, employeeId=JDIT0807, joiningDesignation=DevOps Engineer, currentDesignation=DevOps Engineer, department=IT, currentAddress=Sudarshan Nagar, Pimple Gurav, Pune, 411061, permanentAddress=Bhavani Bhau Gholap vasti, Pathre BK, Ahilyanagar 413711, accountNo=1234567890, bankName=AU Small Finance Bank, joiningCTC=800000.0, currentCTC=800000.0, dateOfBirth=2001-03-02, offerDate=2025-01-10, joiningDate=2025-02-03, panNo=DQBPG5753G, company=JDIT, pfType=WITH_PF, identity=MRS, documents=[EXPERIENCE_LETTER, RELIEVING_LETTER], documentData={EXPERIENCE_LETTER={relievingDate=2026-07-20, issueDate=2026-07-20}, RELIEVING_LETTER={relievingDate=2026-07-20, issueDate=2026-07-20}})
2026-07-22 12:11:48 [http-nio-8080-exec-3] INFO  c.e.D.service.impl.UserServiceImpl - Updating user profile | userId=34 | employeeId=JDIT0807
2026-07-22 12:11:48 [http-nio-8080-exec-3] DEBUG c.e.D.service.impl.UserServiceImpl - Existing user fetched | userId=34 | oldEmployeeId=JDIT0807
2026-07-22 12:11:48 [http-nio-8080-exec-3] DEBUG c.e.D.service.impl.UserServiceImpl - Updating documents | userId=34
2026-07-22 12:11:48 [http-nio-8080-exec-3] INFO  c.e.D.service.impl.UserServiceImpl - User profile updated successfully | userId=34 | timeTaken=383ms
2026-07-22 12:11:48 [http-nio-8080-exec-3] INFO  c.e.D.controller.UserController - Profile updated successfully for userId=34, employeeId=JDIT0807
2026-07-22 12:13:13 [HikariPool-1:housekeeper] WARN  com.zaxxer.hikari.pool.PoolBase - HikariPool-1 - Failed to validate connection com.mysql.cj.jdbc.ConnectionImpl@684a44d9 (No operations allowed after connection closed.). Possibly consider using a shorter maxLifetime value.
2026-07-22 12:13:18 [HikariPool-1:housekeeper] WARN  com.zaxxer.hikari.pool.PoolBase - HikariPool-1 - Failed to validate connection com.mysql.cj.jdbc.ConnectionImpl@51a3db29 (No operations allowed after connection closed.). Possibly consider using a shorter maxLifetime value.
2026-07-22 12:13:29 [HikariPool-1:housekeeper] WARN  com.zaxxer.hikari.pool.PoolBase - HikariPool-1 - Failed to validate connection com.mysql.cj.jdbc.ConnectionImpl@5edf57dc (No operations allowed after connection closed.). Possibly consider using a shorter maxLifetime value.
2026-07-22 12:15:07 [HikariPool-1:housekeeper] WARN  com.zaxxer.hikari.pool.PoolBase - HikariPool-1 - Failed to validate connection com.mysql.cj.jdbc.ConnectionImpl@5364dd87 (No operations allowed after connection closed.). Possibly consider using a shorter maxLifetime value.
2026-07-22 12:15:20 [HikariPool-1:housekeeper] WARN  com.zaxxer.hikari.pool.PoolBase - HikariPool-1 - Failed to validate connection com.mysql.cj.jdbc.ConnectionImpl@3814fba0 (No operations allowed after connection closed.). Possibly consider using a shorter maxLifetime value.
2026-07-22 12:16:53 [HikariPool-1:housekeeper] WARN  com.zaxxer.hikari.pool.PoolBase - HikariPool-1 - Failed to validate connection com.mysql.cj.jdbc.ConnectionImpl@642b4494 (No operations allowed after connection closed.). Possibly consider using a shorter maxLifetime value.
2026-07-22 12:17:03 [HikariPool-1:housekeeper] WARN  com.zaxxer.hikari.pool.PoolBase - HikariPool-1 - Failed to validate connection com.mysql.cj.jdbc.ConnectionImpl@6ecb619e (No operations allowed after connection closed.). Possibly consider using a shorter maxLifetime value.
2026-07-22 12:18:45 [HikariPool-1:housekeeper] WARN  com.zaxxer.hikari.pool.PoolBase - HikariPool-1 - Failed to validate connection com.mysql.cj.jdbc.ConnectionImpl@70d25dec (No operations allowed after connection closed.). Possibly consider using a shorter maxLifetime value.
2026-07-22 12:18:51 [HikariPool-1:housekeeper] WARN  com.zaxxer.hikari.pool.PoolBase - HikariPool-1 - Failed to validate connection com.mysql.cj.jdbc.ConnectionImpl@5e498705 (No operations allowed after connection closed.). Possibly consider using a shorter maxLifetime value.
2026-07-22 12:20:37 [HikariPool-1:housekeeper] WARN  com.zaxxer.hikari.pool.PoolBase - HikariPool-1 - Failed to validate connection com.mysql.cj.jdbc.ConnectionImpl@6f5cabd2 (No operations allowed after connection closed.). Possibly consider using a shorter maxLifetime value.
2026-07-22 12:20:39 [HikariPool-1:housekeeper] WARN  com.zaxxer.hikari.pool.PoolBase - HikariPool-1 - Failed to validate connection com.mysql.cj.jdbc.ConnectionImpl@48528f9c (No operations allowed after connection closed.). Possibly consider using a shorter maxLifetime value.
2026-07-22 12:22:17 [HikariPool-1:housekeeper] WARN  com.zaxxer.hikari.pool.PoolBase - HikariPool-1 - Failed to validate connection com.mysql.cj.jdbc.ConnectionImpl@58946217 (No operations allowed after connection closed.). Possibly consider using a shorter maxLifetime value.
2026-07-22 12:22:26 [HikariPool-1:housekeeper] WARN  com.zaxxer.hikari.pool.PoolBase - HikariPool-1 - Failed to validate connection com.mysql.cj.jdbc.ConnectionImpl@22ef295 (No operations allowed after connection closed.). Possibly consider using a shorter maxLifetime value.
2026-07-22 12:24:03 [HikariPool-1:housekeeper] WARN  com.zaxxer.hikari.pool.PoolBase - HikariPool-1 - Failed to validate connection com.mysql.cj.jdbc.ConnectionImpl@25a3f635 (No operations allowed after connection closed.). Possibly consider using a shorter maxLifetime value.
2026-07-22 12:24:21 [HikariPool-1:housekeeper] WARN  com.zaxxer.hikari.pool.PoolBase - HikariPool-1 - Failed to validate connection com.mysql.cj.jdbc.ConnectionImpl@60c72b33 (No operations allowed after connection closed.). Possibly consider using a shorter maxLifetime value.
2026-07-22 12:25:45 [HikariPool-1:housekeeper] WARN  com.zaxxer.hikari.pool.PoolBase - HikariPool-1 - Failed to validate connection com.mysql.cj.jdbc.ConnectionImpl@61918ebf (No operations allowed after connection closed.). Possibly consider using a shorter maxLifetime value.
2026-07-22 12:26:05 [HikariPool-1:housekeeper] WARN  com.zaxxer.hikari.pool.PoolBase - HikariPool-1 - Failed to validate connection com.mysql.cj.jdbc.ConnectionImpl@6bc74a31 (No operations allowed after connection closed.). Possibly consider using a shorter maxLifetime value.
2026-07-22 12:27:36 [HikariPool-1:housekeeper] WARN  com.zaxxer.hikari.pool.PoolBase - HikariPool-1 - Failed to validate connection com.mysql.cj.jdbc.ConnectionImpl@132f6f36 (No operations allowed after connection closed.). Possibly consider using a shorter maxLifetime value.
2026-07-22 12:27:43 [HikariPool-1:housekeeper] WARN  com.zaxxer.hikari.pool.PoolBase - HikariPool-1 - Failed to validate connection com.mysql.cj.jdbc.ConnectionImpl@73d6db7a (No operations allowed after connection closed.). Possibly consider using a shorter maxLifetime value.
2026-07-22 12:28:03 [http-nio-8080-exec-10] INFO  c.e.Docgen_Backend.config.JwtFilter - JWT validated successfully for userId=6a311365ec2c34f3d9e4f06e
2026-07-22 12:28:03 [http-nio-8080-exec-10] INFO  c.e.D.controller.UserController - GET /api/v2/users - Fetch all users request received | page=0, size=8, sortBy=id, direction=desc
2026-07-22 12:28:03 [http-nio-8080-exec-10] WARN  com.zaxxer.hikari.pool.PoolBase - HikariPool-1 - Failed to validate connection com.mysql.cj.jdbc.ConnectionImpl@6d73ff02 (No operations allowed after connection closed.). Possibly consider using a shorter maxLifetime value.
2026-07-22 12:28:06 [http-nio-8080-exec-10] INFO  c.e.D.controller.UserController - Fetched 8 users on page 0 of 4
2026-07-22 12:28:06 [http-nio-8080-exec-2] INFO  c.e.Docgen_Backend.config.JwtFilter - JWT validated successfully for userId=6a311365ec2c34f3d9e4f06e
2026-07-22 12:28:06 [http-nio-8080-exec-2] INFO  c.e.D.controller.UserController - GET /api/v2/users - Fetch all users request received | page=0, size=8, sortBy=id, direction=desc
2026-07-22 12:28:08 [http-nio-8080-exec-3] INFO  c.e.Docgen_Backend.config.JwtFilter - JWT validated successfully for userId=6a311365ec2c34f3d9e4f06e
2026-07-22 12:28:08 [http-nio-8080-exec-3] INFO  c.e.D.controller.UserController - GET /api/v2/users/34 - Fetch request received
2026-07-22 12:28:08 [http-nio-8080-exec-3] INFO  c.e.D.service.impl.UserServiceImpl - Fetching user profile for edit | userId=34
2026-07-22 12:28:08 [http-nio-8080-exec-3] DEBUG c.e.D.service.impl.UserServiceImpl - User found | userId=34 | employeeId=JDIT0807
2026-07-22 12:28:08 [http-nio-8080-exec-3] INFO  c.e.D.service.impl.UserServiceImpl - User profile fetched successfully | userId=34 | timeTaken=312ms
2026-07-22 12:28:08 [http-nio-8080-exec-3] INFO  c.e.D.controller.UserController - Profile fetched successfully for userId=34
2026-07-22 12:28:08 [http-nio-8080-exec-3] DEBUG c.e.D.controller.UserController - Fetched profile data: UserProfileResponseDTO(id=34, employeeName=Tejal Jalindar Gholap, employeeId=JDIT0807, email=tejalgholap0203@gmail.com, mobileNo=9270395641, joiningDesignation=DevOps Engineer, currentDesignation=DevOps Engineer, department=IT, company=JDIT, identity=MRS, pfType=WITH_PF, accountNo=1234567890, bankName=AU Small Finance Bank, currentAddress=Sudarshan Nagar, Pimple Gurav, Pune, 411061, permanentAddress=Bhavani Bhau Gholap vasti, Pathre BK, Ahilyanagar 413711, joiningCTC=800000.0, currentCTC=800000.0, dateOfBirth=2001-03-02, offerDate=2025-01-10, joiningDate=2025-02-03, panNo=DQBPG5753G, documents={APPOINTMENT_LETTER=DocumentResponseDTO(generated=false, data=null), INTERNSHIP_LETTER=DocumentResponseDTO(generated=false, data=null), EXPERIENCE_LETTER=DocumentResponseDTO(generated=true, data={issueDate=2026-07-20, relievingDate=2026-07-20}), FULL_AND_FINAL=DocumentResponseDTO(generated=false, data=null), CONFIRMATION_LETTER=DocumentResponseDTO(generated=false, data=null), INCREMENT_LETTER=DocumentResponseDTO(generated=false, data=null), RELIEVING_LETTER=DocumentResponseDTO(generated=true, data={issueDate=2026-07-20, relievingDate=2026-07-20}), SALARY_SLIP=DocumentResponseDTO(generated=false, data=null), COMPLETION_LETTER=DocumentResponseDTO(generated=false, data=null), OFFER_LETTER=DocumentResponseDTO(generated=false, data=null)})
2026-07-22 12:28:08 [http-nio-8080-exec-3] INFO  c.e.Docgen_Backend.config.JwtFilter - JWT validated successfully for userId=6a311365ec2c34f3d9e4f06e
2026-07-22 12:28:08 [http-nio-8080-exec-3] INFO  c.e.D.controller.UserController - GET /api/v2/users/34 - Fetch request received
2026-07-22 12:28:08 [http-nio-8080-exec-3] INFO  c.e.D.service.impl.UserServiceImpl - Fetching user profile for edit | userId=34
2026-07-22 12:28:08 [http-nio-8080-exec-3] DEBUG c.e.D.service.impl.UserServiceImpl - User found | userId=34 | employeeId=JDIT0807
2026-07-22 12:28:08 [http-nio-8080-exec-3] INFO  c.e.D.service.impl.UserServiceImpl - User profile fetched successfully | userId=34 | timeTaken=293ms
2026-07-22 12:28:08 [http-nio-8080-exec-3] INFO  c.e.D.controller.UserController - Profile fetched successfully for userId=34
2026-07-22 12:28:08 [http-nio-8080-exec-3] DEBUG c.e.D.controller.UserController - Fetched profile data: UserProfileResponseDTO(id=34, employeeName=Tejal Jalindar Gholap, employeeId=JDIT0807, email=tejalgholap0203@gmail.com, mobileNo=9270395641, joiningDesignation=DevOps Engineer, currentDesignation=DevOps Engineer, department=IT, company=JDIT, identity=MRS, pfType=WITH_PF, accountNo=1234567890, bankName=AU Small Finance Bank, currentAddress=Sudarshan Nagar, Pimple Gurav, Pune, 411061, permanentAddress=Bhavani Bhau Gholap vasti, Pathre BK, Ahilyanagar 413711, joiningCTC=800000.0, currentCTC=800000.0, dateOfBirth=2001-03-02, offerDate=2025-01-10, joiningDate=2025-02-03, panNo=DQBPG5753G, documents={APPOINTMENT_LETTER=DocumentResponseDTO(generated=false, data=null), INTERNSHIP_LETTER=DocumentResponseDTO(generated=false, data=null), EXPERIENCE_LETTER=DocumentResponseDTO(generated=true, data={issueDate=2026-07-20, relievingDate=2026-07-20}), FULL_AND_FINAL=DocumentResponseDTO(generated=false, data=null), CONFIRMATION_LETTER=DocumentResponseDTO(generated=false, data=null), INCREMENT_LETTER=DocumentResponseDTO(generated=false, data=null), RELIEVING_LETTER=DocumentResponseDTO(generated=true, data={issueDate=2026-07-20, relievingDate=2026-07-20}), SALARY_SLIP=DocumentResponseDTO(generated=false, data=null), COMPLETION_LETTER=DocumentResponseDTO(generated=false, data=null), OFFER_LETTER=DocumentResponseDTO(generated=false, data=null)})
2026-07-22 12:28:08 [http-nio-8080-exec-2] INFO  c.e.D.controller.UserController - Fetched 8 users on page 0 of 4
2026-07-22 12:28:21 [http-nio-8080-exec-6] INFO  c.e.Docgen_Backend.config.JwtFilter - JWT validated successfully for userId=6a311365ec2c34f3d9e4f06e
2026-07-22 12:28:21 [http-nio-8080-exec-6] INFO  c.e.D.controller.UserController - PATCH /api/v2/users/34 - Update request received for employeeId=JDIT0807
2026-07-22 12:28:21 [http-nio-8080-exec-6] DEBUG c.e.D.controller.UserController - Update payload: CreateProfileRequest(employeeName=Tejal Jalindar Gholap, email=tejalgholap0203@gmail.com, mobileNo=9270395641, employeeId=JDIT0807, joiningDesignation=DevOps Engineer, currentDesignation=DevOps Engineer, department=IT, currentAddress=Sudarshan Nagar, Pimple Gurav, Pune, 411061, permanentAddress=Bhavani Bhau Gholap vasti, Pathre BK, Ahilyanagar 413711, accountNo=1234567890, bankName=AU Small Finance Bank, joiningCTC=800000.0, currentCTC=800000.0, dateOfBirth=2001-03-02, offerDate=2025-01-10, joiningDate=2025-02-03, panNo=DQBPG5753G, company=JDIT, pfType=WITH_PF, identity=MISS, documents=[EXPERIENCE_LETTER, RELIEVING_LETTER], documentData={EXPERIENCE_LETTER={relievingDate=2026-07-20, issueDate=2026-07-20}, RELIEVING_LETTER={relievingDate=2026-07-20, issueDate=2026-07-20}})
2026-07-22 12:28:21 [http-nio-8080-exec-6] INFO  c.e.D.service.impl.UserServiceImpl - Updating user profile | userId=34 | employeeId=JDIT0807
2026-07-22 12:28:21 [http-nio-8080-exec-6] DEBUG c.e.D.service.impl.UserServiceImpl - Existing user fetched | userId=34 | oldEmployeeId=JDIT0807
2026-07-22 12:28:21 [http-nio-8080-exec-6] DEBUG c.e.D.service.impl.UserServiceImpl - Updating documents | userId=34
2026-07-22 12:28:21 [http-nio-8080-exec-6] INFO  c.e.D.service.impl.UserServiceImpl - User profile updated successfully | userId=34 | timeTaken=431ms
2026-07-22 12:28:21 [http-nio-8080-exec-6] INFO  c.e.D.controller.UserController - Profile updated successfully for userId=34, employeeId=JDIT0807
2026-07-22 12:29:28 [HikariPool-1:housekeeper] WARN  com.zaxxer.hikari.pool.PoolBase - HikariPool-1 - Failed to validate connection com.mysql.cj.jdbc.ConnectionImpl@5216462d (No operations allowed after connection closed.). Possibly consider using a shorter maxLifetime value.
2026-07-22 12:29:47 [HikariPool-1:housekeeper] WARN  com.zaxxer.hikari.pool.PoolBase - HikariPool-1 - Failed to validate connection com.mysql.cj.jdbc.ConnectionImpl@39bf4908 (No operations allowed after connection closed.). Possibly consider using a shorter maxLifetime value.
2026-07-22 12:29:57 [HikariPool-1:housekeeper] WARN  com.zaxxer.hikari.pool.PoolBase - HikariPool-1 - Failed to validate connection com.mysql.cj.jdbc.ConnectionImpl@25e86358 (No operations allowed after connection closed.). Possibly consider using a shorter maxLifetime value.
2026-07-22 12:31:28 [HikariPool-1:housekeeper] WARN  com.zaxxer.hikari.pool.PoolBase - HikariPool-1 - Failed to validate connection com.mysql.cj.jdbc.ConnectionImpl@20ea0d80 (No operations allowed after connection closed.). Possibly consider using a shorter maxLifetime value.
2026-07-22 12:31:50 [HikariPool-1:housekeeper] WARN  com.zaxxer.hikari.pool.PoolBase - HikariPool-1 - Failed to validate connection com.mysql.cj.jdbc.ConnectionImpl@78f8f1d7 (No operations allowed after connection closed.). Possibly consider using a shorter maxLifetime value.
2026-07-22 12:33:09 [HikariPool-1:housekeeper] WARN  com.zaxxer.hikari.pool.PoolBase - HikariPool-1 - Failed to validate connection com.mysql.cj.jdbc.ConnectionImpl@1c3b6699 (No operations allowed after connection closed.). Possibly consider using a shorter maxLifetime value.
2026-07-22 12:33:27 [HikariPool-1:housekeeper] WARN  com.zaxxer.hikari.pool.PoolBase - HikariPool-1 - Failed to validate connection com.mysql.cj.jdbc.ConnectionImpl@58fa8eac (No operations allowed after connection closed.). Possibly consider using a shorter maxLifetime value.
2026-07-22 12:34:45 [HikariPool-1:housekeeper] WARN  com.zaxxer.hikari.pool.PoolBase - HikariPool-1 - Failed to validate connection com.mysql.cj.jdbc.ConnectionImpl@1cf86ee7 (No operations allowed after connection closed.). Possibly consider using a shorter maxLifetime value.
2026-07-22 12:35:11 [HikariPool-1:housekeeper] WARN  com.zaxxer.hikari.pool.PoolBase - HikariPool-1 - Failed to validate connection com.mysql.cj.jdbc.ConnectionImpl@6a5cd0a8 (No operations allowed after connection closed.). Possibly consider using a shorter maxLifetime value.
2026-07-22 12:36:25 [HikariPool-1:housekeeper] WARN  com.zaxxer.hikari.pool.PoolBase - HikariPool-1 - Failed to validate connection com.mysql.cj.jdbc.ConnectionImpl@68447362 (No operations allowed after connection closed.). Possibly consider using a shorter maxLifetime value.
2026-07-22 12:37:02 [HikariPool-1:housekeeper] WARN  com.zaxxer.hikari.pool.PoolBase - HikariPool-1 - Failed to validate connection com.mysql.cj.jdbc.ConnectionImpl@7fbc2aab (No operations allowed after connection closed.). Possibly consider using a shorter maxLifetime value.
2026-07-22 12:38:19 [HikariPool-1:housekeeper] WARN  com.zaxxer.hikari.pool.PoolBase - HikariPool-1 - Failed to validate connection com.mysql.cj.jdbc.ConnectionImpl@264fd563 (No operations allowed after connection closed.). Possibly consider using a shorter maxLifetime value.
2026-07-22 12:38:45 [HikariPool-1:housekeeper] WARN  com.zaxxer.hikari.pool.PoolBase - HikariPool-1 - Failed to validate connection com.mysql.cj.jdbc.ConnectionImpl@8652ce (No operations allowed after connection closed.). Possibly consider using a shorter maxLifetime value.
2026-07-22 12:40:15 [HikariPool-1:housekeeper] WARN  com.zaxxer.hikari.pool.PoolBase - HikariPool-1 - Failed to validate connection com.mysql.cj.jdbc.ConnectionImpl@6e713cdc (No operations allowed after connection closed.). Possibly consider using a shorter maxLifetime value.
2026-07-22 12:40:28 [HikariPool-1:housekeeper] WARN  com.zaxxer.hikari.pool.PoolBase - HikariPool-1 - Failed to validate connection com.mysql.cj.jdbc.ConnectionImpl@4c64b9ed (No operations allowed after connection closed.). Possibly consider using a shorter maxLifetime value.
2026-07-22 12:42:04 [HikariPool-1:housekeeper] WARN  com.zaxxer.hikari.pool.PoolBase - HikariPool-1 - Failed to validate connection com.mysql.cj.jdbc.ConnectionImpl@751ae2cc (No operations allowed after connection closed.). Possibly consider using a shorter maxLifetime value.
2026-07-22 12:42:11 [HikariPool-1:housekeeper] WARN  com.zaxxer.hikari.pool.PoolBase - HikariPool-1 - Failed to validate connection com.mysql.cj.jdbc.ConnectionImpl@56f23d30 (No operations allowed after connection closed.). Possibly consider using a shorter maxLifetime value.
2026-07-22 12:43:45 [HikariPool-1:housekeeper] WARN  com.zaxxer.hikari.pool.PoolBase - HikariPool-1 - Failed to validate connection com.mysql.cj.jdbc.ConnectionImpl@332daea2 (No operations allowed after connection closed.). Possibly consider using a shorter maxLifetime value.
2026-07-22 12:43:52 [HikariPool-1:housekeeper] WARN  com.zaxxer.hikari.pool.PoolBase - HikariPool-1 - Failed to validate connection com.mysql.cj.jdbc.ConnectionImpl@497b38e4 (No operations allowed after connection closed.). Possibly consider using a shorter maxLifetime value.
2026-07-22 12:45:30 [HikariPool-1:housekeeper] WARN  com.zaxxer.hikari.pool.PoolBase - HikariPool-1 - Failed to validate connection com.mysql.cj.jdbc.ConnectionImpl@1f6088f5 (No operations allowed after connection closed.). Possibly consider using a shorter maxLifetime value.
2026-07-22 12:45:35 [HikariPool-1:housekeeper] WARN  com.zaxxer.hikari.pool.PoolBase - HikariPool-1 - Failed to validate connection com.mysql.cj.jdbc.ConnectionImpl@3da4070e (No operations allowed after connection closed.). Possibly consider using a shorter maxLifetime value.
2026-07-22 12:47:19 [HikariPool-1:housekeeper] WARN  com.zaxxer.hikari.pool.PoolBase - HikariPool-1 - Failed to validate connection com.mysql.cj.jdbc.ConnectionImpl@4f061ea1 (No operations allowed after connection closed.). Possibly consider using a shorter maxLifetime value.
2026-07-22 12:47:27 [HikariPool-1:housekeeper] WARN  com.zaxxer.hikari.pool.PoolBase - HikariPool-1 - Failed to validate connection com.mysql.cj.jdbc.ConnectionImpl@3c689eee (No operations allowed after connection closed.). Possibly consider using a shorter maxLifetime value.
2026-07-22 12:49:12 [HikariPool-1:housekeeper] WARN  com.zaxxer.hikari.pool.PoolBase - HikariPool-1 - Failed to validate connection com.mysql.cj.jdbc.ConnectionImpl@5e659390 (No operations allowed after connection closed.). Possibly consider using a shorter maxLifetime value.
2026-07-22 12:49:22 [HikariPool-1:housekeeper] WARN  com.zaxxer.hikari.pool.PoolBase - HikariPool-1 - Failed to validate connection com.mysql.cj.jdbc.ConnectionImpl@22b86c33 (No operations allowed after connection closed.). Possibly consider using a shorter maxLifetime value.
2026-07-22 12:50:52 [HikariPool-1:housekeeper] WARN  com.zaxxer.hikari.pool.PoolBase - HikariPool-1 - Failed to validate connection com.mysql.cj.jdbc.ConnectionImpl@3a20504a (No operations allowed after connection closed.). Possibly consider using a shorter maxLifetime value.
2026-07-22 12:51:00 [HikariPool-1:housekeeper] WARN  com.zaxxer.hikari.pool.PoolBase - HikariPool-1 - Failed to validate connection com.mysql.cj.jdbc.ConnectionImpl@7956536a (No operations allowed after connection closed.). Possibly consider using a shorter maxLifetime value.
2026-07-22 12:52:46 [HikariPool-1:housekeeper] WARN  com.zaxxer.hikari.pool.PoolBase - HikariPool-1 - Failed to validate connection com.mysql.cj.jdbc.ConnectionImpl@54ec950b (No operations allowed after connection closed.). Possibly consider using a shorter maxLifetime value.
2026-07-22 12:52:54 [HikariPool-1:housekeeper] WARN  com.zaxxer.hikari.pool.PoolBase - HikariPool-1 - Failed to validate connection com.mysql.cj.jdbc.ConnectionImpl@740228d2 (No operations allowed after connection closed.). Possibly consider using a shorter maxLifetime value.
2026-07-22 12:54:24 [HikariPool-1:housekeeper] WARN  com.zaxxer.hikari.pool.PoolBase - HikariPool-1 - Failed to validate connection com.mysql.cj.jdbc.ConnectionImpl@190b5836 (No operations allowed after connection closed.). Possibly consider using a shorter maxLifetime value.
2026-07-22 12:54:30 [HikariPool-1:housekeeper] WARN  com.zaxxer.hikari.pool.PoolBase - HikariPool-1 - Failed to validate connection com.mysql.cj.jdbc.ConnectionImpl@643c102c (No operations allowed after connection closed.). Possibly consider using a shorter maxLifetime value.
2026-07-22 12:56:12 [HikariPool-1:housekeeper] WARN  com.zaxxer.hikari.pool.PoolBase - HikariPool-1 - Failed to validate connection com.mysql.cj.jdbc.ConnectionImpl@703b5df0 (No operations allowed after connection closed.). Possibly consider using a shorter maxLifetime value.
2026-07-22 12:56:15 [HikariPool-1:housekeeper] WARN  com.zaxxer.hikari.pool.PoolBase - HikariPool-1 - Failed to validate connection com.mysql.cj.jdbc.ConnectionImpl@1a9237df (No operations allowed after connection closed.). Possibly consider using a shorter maxLifetime value.
2026-07-22 12:56:24 [SpringApplicationShutdownHook] INFO  o.s.boot.tomcat.GracefulShutdown - Commencing graceful shutdown. Waiting for active requests to complete
2026-07-22 12:56:24 [tomcat-shutdown] INFO  o.s.boot.tomcat.GracefulShutdown - Graceful shutdown complete
2026-07-22 12:56:24 [SpringApplicationShutdownHook] INFO  o.s.o.j.LocalContainerEntityManagerFactoryBean - Closing JPA EntityManagerFactory for persistence unit 'default'
2026-07-22 12:56:24 [SpringApplicationShutdownHook] INFO  com.zaxxer.hikari.HikariDataSource - HikariPool-1 - Shutdown initiated...
2026-07-22 12:56:24 [SpringApplicationShutdownHook] INFO  com.zaxxer.hikari.HikariDataSource - HikariPool-1 - Shutdown completed.
2026-07-22 14:49:49 [background-preinit] INFO  o.h.validator.internal.util.Version - HV000001: Hibernate Validator 9.0.1.Final
2026-07-22 14:49:49 [restartedMain] INFO  c.e.D.DocgenBackendApplication - Starting DocgenBackendApplication using Java 21.0.9 with PID 25536 (E:\DocGen New Front V2\Docgen-Backend\target\classes started by prath in E:\DocGen New Front V2\Docgen-Backend)
2026-07-22 14:49:49 [restartedMain] DEBUG c.e.D.DocgenBackendApplication - Running with Spring Boot v4.0.6, Spring v7.0.7
2026-07-22 14:49:49 [restartedMain] INFO  c.e.D.DocgenBackendApplication - No active profile set, falling back to 1 default profile: "default"
2026-07-22 14:49:49 [restartedMain] INFO  o.s.b.d.e.DevToolsPropertyDefaultsPostProcessor - Devtools property defaults active! Set 'spring.devtools.add-properties' to 'false' to disable
2026-07-22 14:49:49 [restartedMain] INFO  o.s.b.d.e.DevToolsPropertyDefaultsPostProcessor - For additional web related logging consider setting the 'logging.level.web' property to 'DEBUG'
2026-07-22 14:49:49 [restartedMain] INFO  o.s.d.r.c.RepositoryConfigurationDelegate - Bootstrapping Spring Data JPA repositories in DEFAULT mode.
2026-07-22 14:49:50 [restartedMain] INFO  o.s.d.r.c.RepositoryConfigurationDelegate - Finished Spring Data repository scanning in 49 ms. Found 3 JPA repository interfaces.
2026-07-22 14:49:50 [restartedMain] INFO  o.s.boot.tomcat.TomcatWebServer - Tomcat initialized with port 8080 (http)
2026-07-22 14:49:50 [restartedMain] INFO  o.a.coyote.http11.Http11NioProtocol - Initializing ProtocolHandler ["http-nio-8080"]
2026-07-22 14:49:50 [restartedMain] INFO  o.a.catalina.core.StandardService - Starting service [Tomcat]
2026-07-22 14:49:50 [restartedMain] INFO  o.a.catalina.core.StandardEngine - Starting Servlet engine: [Apache Tomcat/11.0.21]
2026-07-22 14:49:50 [restartedMain] INFO  o.s.b.w.c.s.WebApplicationContextInitializer - Root WebApplicationContext: initialization completed in 1300 ms
2026-07-22 14:49:50 [restartedMain] DEBUG c.e.Docgen_Backend.config.JwtFilter - Filter 'jwtFilter' configured for use
2026-07-22 14:49:50 [restartedMain] INFO  org.hibernate.orm.jpa - HHH008540: Processing PersistenceUnitInfo [name: default]
2026-07-22 14:49:50 [restartedMain] INFO  org.hibernate.orm.core - HHH000001: Hibernate ORM core version 7.2.12.Final
2026-07-22 14:49:51 [restartedMain] INFO  o.s.o.j.p.SpringPersistenceUnitInfo - No LoadTimeWeaver setup: ignoring JPA class transformer
2026-07-22 14:49:51 [restartedMain] INFO  com.zaxxer.hikari.HikariDataSource - HikariPool-1 - Starting...
2026-07-22 14:49:52 [restartedMain] INFO  com.zaxxer.hikari.pool.HikariPool - HikariPool-1 - Added connection com.mysql.cj.jdbc.ConnectionImpl@6bc2a36e
2026-07-22 14:49:52 [restartedMain] INFO  com.zaxxer.hikari.HikariDataSource - HikariPool-1 - Start completed.
2026-07-22 14:49:52 [restartedMain] WARN  org.hibernate.orm.jdbc - HHH100045: Could not obtain connection metadata: java.sql.SQLSyntaxErrorException: Unknown column 'RESERVED' in 'WHERE'
2026-07-22 14:49:52 [restartedMain] WARN  org.hibernate.orm.deprecation - HHH90000025: MySQLDialect does not need to be specified explicitly using 'hibernate.dialect' (remove the property setting and it will be selected by default)
2026-07-22 14:49:52 [restartedMain] INFO  o.hibernate.orm.connections.pooling - HHH10001005: Database info:
	Database JDBC URL [undefined/unknown]
	Database driver: undefined/unknown
	Database dialect: MySQLDialect
	Database version: 8.0
	Default catalog/schema: unknown/unknown
	Autocommit mode: undefined/unknown
	Isolation level: NONE [default NONE]
	JDBC fetch size: undefined/unknown
	Pool: DataSourceConnectionProvider
	Minimum pool size: undefined/unknown
	Maximum pool size: undefined/unknown
2026-07-22 14:49:53 [restartedMain] INFO  org.hibernate.orm.core - HHH000489: No JTA platform available (set 'hibernate.transaction.jta.platform' to enable JTA platform integration)
2026-07-22 14:50:05 [restartedMain] INFO  o.s.o.j.LocalContainerEntityManagerFactoryBean - Initialized JPA EntityManagerFactory for persistence unit 'default'
2026-07-22 14:50:05 [restartedMain] INFO  o.s.d.j.r.q.QueryEnhancerFactories - Hibernate is in classpath; If applicable, HQL parser will be used.
2026-07-22 14:50:06 [restartedMain] INFO  o.s.s.c.a.a.c.InitializeUserDetailsBeanManagerConfigurer$InitializeUserDetailsManagerConfigurer - Global AuthenticationManager configured with UserDetailsService bean with name customUserDetailsService
2026-07-22 14:50:06 [restartedMain] WARN  o.s.b.j.a.JpaBaseConfiguration$JpaWebConfiguration - spring.jpa.open-in-view is enabled by default. Therefore, database queries may be performed during view rendering. Explicitly configure spring.jpa.open-in-view to disable this warning
2026-07-22 14:50:07 [restartedMain] INFO  o.a.coyote.http11.Http11NioProtocol - Starting ProtocolHandler ["http-nio-8080"]
2026-07-22 14:50:07 [restartedMain] INFO  o.s.boot.tomcat.TomcatWebServer - Tomcat started on port 8080 (http) with context path '/'
2026-07-22 14:50:07 [restartedMain] INFO  c.e.D.DocgenBackendApplication - Started DocgenBackendApplication in 18.57 seconds (process running for 19.231)
2026-07-22 14:50:12 [http-nio-8080-exec-4] INFO  o.a.c.c.C.[Tomcat].[localhost].[/] - Initializing Spring DispatcherServlet 'dispatcherServlet'
2026-07-22 14:50:12 [http-nio-8080-exec-4] INFO  o.s.web.servlet.DispatcherServlet - Initializing Servlet 'dispatcherServlet'
2026-07-22 14:50:12 [http-nio-8080-exec-4] INFO  o.s.web.servlet.DispatcherServlet - Completed initialization in 2 ms
2026-07-22 14:50:12 [http-nio-8080-exec-3] INFO  c.e.Docgen_Backend.config.JwtFilter - JWT validated successfully for userId=6a311365ec2c34f3d9e4f06e
2026-07-22 14:50:12 [http-nio-8080-exec-3] INFO  c.e.D.controller.UserController - GET /api/v2/users - Fetch all users request received | page=0, size=8, sortBy=id, direction=desc
2026-07-22 14:50:15 [http-nio-8080-exec-3] INFO  c.e.D.controller.UserController - Fetched 8 users on page 0 of 4
2026-07-22 14:50:15 [http-nio-8080-exec-2] INFO  c.e.Docgen_Backend.config.JwtFilter - JWT validated successfully for userId=6a311365ec2c34f3d9e4f06e
2026-07-22 14:50:15 [http-nio-8080-exec-2] INFO  c.e.D.controller.UserController - GET /api/v2/users - Fetch all users request received | page=0, size=8, sortBy=id, direction=desc
2026-07-22 14:50:18 [http-nio-8080-exec-5] INFO  c.e.Docgen_Backend.config.JwtFilter - JWT validated successfully for userId=6a311365ec2c34f3d9e4f06e
2026-07-22 14:50:18 [http-nio-8080-exec-5] INFO  c.e.D.controller.UserController - GET /api/v2/users/32 - Fetch request received
2026-07-22 14:50:18 [http-nio-8080-exec-5] INFO  c.e.D.service.impl.UserServiceImpl - Fetching user profile for edit | userId=32
2026-07-22 14:50:18 [http-nio-8080-exec-5] WARN  com.zaxxer.hikari.pool.PoolBase - HikariPool-1 - Failed to validate connection com.mysql.cj.jdbc.ConnectionImpl@521f6ef4 (No operations allowed after connection closed.). Possibly consider using a shorter maxLifetime value.
2026-07-22 14:50:18 [http-nio-8080-exec-5] WARN  com.zaxxer.hikari.pool.PoolBase - HikariPool-1 - Failed to validate connection com.mysql.cj.jdbc.ConnectionImpl@6c2085d9 (No operations allowed after connection closed.). Possibly consider using a shorter maxLifetime value.
2026-07-22 14:50:19 [http-nio-8080-exec-2] INFO  c.e.D.controller.UserController - Fetched 8 users on page 0 of 4
2026-07-22 14:50:20 [http-nio-8080-exec-5] DEBUG c.e.D.service.impl.UserServiceImpl - User found | userId=32 | employeeId=PSCS836
2026-07-22 14:50:20 [http-nio-8080-exec-5] INFO  c.e.D.service.impl.UserServiceImpl - User profile fetched successfully | userId=32 | timeTaken=1598ms
2026-07-22 14:50:20 [http-nio-8080-exec-5] INFO  c.e.D.controller.UserController - Profile fetched successfully for userId=32
2026-07-22 14:50:20 [http-nio-8080-exec-5] DEBUG c.e.D.controller.UserController - Fetched profile data: UserProfileResponseDTO(id=32, employeeName=Prashant Kiran Yadav, employeeId=PSCS836, email=yprashantkiran@gmail.com, mobileNo=8446861516, joiningDesignation=Jr. Software Test Engineer, currentDesignation=Software Test Engineer, department=IT, company=PSCS, identity=MR, pfType=WITHOUT_PF, accountNo=369201504327, bankName=ICICI Bank, currentAddress=Dhumal mala, near theur phata, Kunjirwadi, Pune -412201, permanentAddress=Dhumal mala, near theur phata, Kunjirwadi, Pune -412201, joiningCTC=366000.0, currentCTC=547176.0, dateOfBirth=1988-06-10, offerDate=2022-08-03, joiningDate=2022-09-06, panNo=AFLPY4911L, documents={APPOINTMENT_LETTER=DocumentResponseDTO(generated=false, data=null), INTERNSHIP_LETTER=DocumentResponseDTO(generated=false, data=null), EXPERIENCE_LETTER=DocumentResponseDTO(generated=false, data=null), FULL_AND_FINAL=DocumentResponseDTO(generated=false, data=null), CONFIRMATION_LETTER=DocumentResponseDTO(generated=false, data=null), INCREMENT_LETTER=DocumentResponseDTO(generated=true, data={issueDate=2025-04-01}), RELIEVING_LETTER=DocumentResponseDTO(generated=false, data=null), SALARY_SLIP=DocumentResponseDTO(generated=true, data={startMonth=2026-04, endMonth=2026-06}), COMPLETION_LETTER=DocumentResponseDTO(generated=false, data=null), OFFER_LETTER=DocumentResponseDTO(generated=true, data={issueDate=2022-08-03, probationPeriod=3})})
2026-07-22 14:50:20 [http-nio-8080-exec-8] INFO  c.e.Docgen_Backend.config.JwtFilter - JWT validated successfully for userId=6a311365ec2c34f3d9e4f06e
2026-07-22 14:50:20 [http-nio-8080-exec-8] INFO  c.e.D.controller.UserController - GET /api/v2/users/32 - Fetch request received
2026-07-22 14:50:20 [http-nio-8080-exec-8] INFO  c.e.D.service.impl.UserServiceImpl - Fetching user profile for edit | userId=32
2026-07-22 14:50:20 [http-nio-8080-exec-8] DEBUG c.e.D.service.impl.UserServiceImpl - User found | userId=32 | employeeId=PSCS836
2026-07-22 14:50:20 [http-nio-8080-exec-8] INFO  c.e.D.service.impl.UserServiceImpl - User profile fetched successfully | userId=32 | timeTaken=386ms
2026-07-22 14:50:20 [http-nio-8080-exec-8] INFO  c.e.D.controller.UserController - Profile fetched successfully for userId=32
2026-07-22 14:50:20 [http-nio-8080-exec-8] DEBUG c.e.D.controller.UserController - Fetched profile data: UserProfileResponseDTO(id=32, employeeName=Prashant Kiran Yadav, employeeId=PSCS836, email=yprashantkiran@gmail.com, mobileNo=8446861516, joiningDesignation=Jr. Software Test Engineer, currentDesignation=Software Test Engineer, department=IT, company=PSCS, identity=MR, pfType=WITHOUT_PF, accountNo=369201504327, bankName=ICICI Bank, currentAddress=Dhumal mala, near theur phata, Kunjirwadi, Pune -412201, permanentAddress=Dhumal mala, near theur phata, Kunjirwadi, Pune -412201, joiningCTC=366000.0, currentCTC=547176.0, dateOfBirth=1988-06-10, offerDate=2022-08-03, joiningDate=2022-09-06, panNo=AFLPY4911L, documents={APPOINTMENT_LETTER=DocumentResponseDTO(generated=false, data=null), INTERNSHIP_LETTER=DocumentResponseDTO(generated=false, data=null), EXPERIENCE_LETTER=DocumentResponseDTO(generated=false, data=null), FULL_AND_FINAL=DocumentResponseDTO(generated=false, data=null), CONFIRMATION_LETTER=DocumentResponseDTO(generated=false, data=null), INCREMENT_LETTER=DocumentResponseDTO(generated=true, data={issueDate=2025-04-01}), RELIEVING_LETTER=DocumentResponseDTO(generated=false, data=null), SALARY_SLIP=DocumentResponseDTO(generated=true, data={startMonth=2026-04, endMonth=2026-06}), COMPLETION_LETTER=DocumentResponseDTO(generated=false, data=null), OFFER_LETTER=DocumentResponseDTO(generated=true, data={issueDate=2022-08-03, probationPeriod=3})})
2026-07-22 14:50:28 [http-nio-8080-exec-10] INFO  c.e.Docgen_Backend.config.JwtFilter - JWT validated successfully for userId=6a311365ec2c34f3d9e4f06e
2026-07-22 14:50:28 [http-nio-8080-exec-10] INFO  c.e.D.controller.UserController - PATCH /api/v2/users/32 - Update request received for employeeId=PSCS836
2026-07-22 14:50:28 [http-nio-8080-exec-10] DEBUG c.e.D.controller.UserController - Update payload: CreateProfileRequest(employeeName=Prashant Kiran Yadav, email=yprashantkiran@gmail.com, mobileNo=8446861516, employeeId=PSCS836, joiningDesignation=Jr. Software Test Engineer, currentDesignation=Software Test Engineer, department=IT, currentAddress=Dhumal mala, near theur phata, Kunjirwadi, Pune -412201, permanentAddress=Dhumal mala, near theur phata, Kunjirwadi, Pune -412201, accountNo=369201504327, bankName=ICICI Bank, joiningCTC=366000.0, currentCTC=547176.0, dateOfBirth=1988-06-10, offerDate=2022-08-03, joiningDate=2022-09-06, panNo=AFLPY4911L, company=PSCS, pfType=WITHOUT_PF, identity=MR, documents=[INCREMENT_LETTER, SALARY_SLIP, OFFER_LETTER], documentData={OFFER_LETTER={issueDate=2022-08-03, probationPeriod=3}, INCREMENT_LETTER={issueDate=2025-04-01}, SALARY_SLIP={startMonth=2026-04, endMonth=2026-06, salaryWorkdays={2026-04=30, 2026-05=31, 2026-06=30}}})
2026-07-22 14:50:28 [http-nio-8080-exec-10] INFO  c.e.D.service.impl.UserServiceImpl - Updating user profile | userId=32 | employeeId=PSCS836
2026-07-22 14:50:28 [http-nio-8080-exec-10] DEBUG c.e.D.service.impl.UserServiceImpl - Existing user fetched | userId=32 | oldEmployeeId=PSCS836
2026-07-22 14:50:28 [http-nio-8080-exec-10] DEBUG c.e.D.service.impl.UserServiceImpl - Updating documents | userId=32
2026-07-22 14:50:28 [http-nio-8080-exec-10] INFO  c.e.D.service.impl.UserServiceImpl - User profile updated successfully | userId=32 | timeTaken=665ms
2026-07-22 14:50:28 [http-nio-8080-exec-10] INFO  c.e.D.controller.UserController - Profile updated successfully for userId=32, employeeId=PSCS836
2026-07-22 14:51:01 [http-nio-8080-exec-3] INFO  c.e.Docgen_Backend.config.JwtFilter - JWT validated successfully for userId=6a311365ec2c34f3d9e4f06e
2026-07-22 14:51:01 [http-nio-8080-exec-3] INFO  c.e.D.controller.UserController - GET /api/v2/users - Fetch all users request received | page=0, size=8, sortBy=id, direction=desc
2026-07-22 14:51:01 [http-nio-8080-exec-3] WARN  com.zaxxer.hikari.pool.PoolBase - HikariPool-1 - Failed to validate connection com.mysql.cj.jdbc.ConnectionImpl@6bc2a36e (No operations allowed after connection closed.). Possibly consider using a shorter maxLifetime value.
2026-07-22 14:51:01 [http-nio-8080-exec-3] WARN  com.zaxxer.hikari.pool.PoolBase - HikariPool-1 - Failed to validate connection com.mysql.cj.jdbc.ConnectionImpl@501e8713 (No operations allowed after connection closed.). Possibly consider using a shorter maxLifetime value.
2026-07-22 14:51:01 [http-nio-8080-exec-3] WARN  com.zaxxer.hikari.pool.PoolBase - HikariPool-1 - Failed to validate connection com.mysql.cj.jdbc.ConnectionImpl@47da6e18 (No operations allowed after connection closed.). Possibly consider using a shorter maxLifetime value.
2026-07-22 14:51:05 [http-nio-8080-exec-3] INFO  c.e.D.controller.UserController - Fetched 8 users on page 0 of 4
2026-07-22 14:51:06 [http-nio-8080-exec-6] INFO  c.e.Docgen_Backend.config.JwtFilter - JWT validated successfully for userId=6a311365ec2c34f3d9e4f06e
2026-07-22 14:51:06 [http-nio-8080-exec-6] INFO  c.e.D.controller.UserController - GET /api/v2/users - Fetch all users request received | page=0, size=8, sortBy=id, direction=desc
2026-07-22 14:51:11 [http-nio-8080-exec-6] INFO  c.e.D.controller.UserController - Fetched 8 users on page 0 of 4
2026-07-22 14:51:13 [http-nio-8080-exec-2] INFO  c.e.Docgen_Backend.config.JwtFilter - JWT validated successfully for userId=6a311365ec2c34f3d9e4f06e
2026-07-22 14:51:13 [http-nio-8080-exec-2] INFO  c.e.D.controller.UserController - GET /api/v2/users - Fetch all users request received | page=1, size=8, sortBy=id, direction=desc
2026-07-22 14:51:16 [http-nio-8080-exec-2] INFO  c.e.D.controller.UserController - Fetched 8 users on page 1 of 4
2026-07-22 14:51:25 [http-nio-8080-exec-9] INFO  c.e.Docgen_Backend.config.JwtFilter - JWT validated successfully for userId=6a311365ec2c34f3d9e4f06e
2026-07-22 14:51:25 [http-nio-8080-exec-9] INFO  c.e.D.controller.UserController - GET /api/v2/users - Fetch all users request received | page=0, size=8, sortBy=id, direction=desc
2026-07-22 14:51:28 [http-nio-8080-exec-9] INFO  c.e.D.controller.UserController - Fetched 8 users on page 0 of 4
2026-07-22 14:51:32 [http-nio-8080-exec-4] INFO  c.e.Docgen_Backend.config.JwtFilter - JWT validated successfully for userId=6a311365ec2c34f3d9e4f06e
2026-07-22 14:51:32 [http-nio-8080-exec-4] INFO  c.e.D.controller.UserController - GET /api/v2/users/32 - Fetch request received
2026-07-22 14:51:32 [http-nio-8080-exec-4] INFO  c.e.D.service.impl.UserServiceImpl - Fetching user profile for edit | userId=32
2026-07-22 14:51:32 [http-nio-8080-exec-4] DEBUG c.e.D.service.impl.UserServiceImpl - User found | userId=32 | employeeId=PSCS836
2026-07-22 14:51:32 [http-nio-8080-exec-4] INFO  c.e.D.service.impl.UserServiceImpl - User profile fetched successfully | userId=32 | timeTaken=590ms
2026-07-22 14:51:32 [http-nio-8080-exec-4] INFO  c.e.D.controller.UserController - Profile fetched successfully for userId=32
2026-07-22 14:51:32 [http-nio-8080-exec-4] DEBUG c.e.D.controller.UserController - Fetched profile data: UserProfileResponseDTO(id=32, employeeName=Prashant Kiran Yadav, employeeId=PSCS836, email=yprashantkiran@gmail.com, mobileNo=8446861516, joiningDesignation=Jr. Software Test Engineer, currentDesignation=Software Test Engineer, department=IT, company=PSCS, identity=MR, pfType=WITHOUT_PF, accountNo=369201504327, bankName=ICICI Bank, currentAddress=Dhumal mala, near theur phata, Kunjirwadi, Pune -412201, permanentAddress=Dhumal mala, near theur phata, Kunjirwadi, Pune -412201, joiningCTC=366000.0, currentCTC=547176.0, dateOfBirth=1988-06-10, offerDate=2022-08-03, joiningDate=2022-09-06, panNo=AFLPY4911L, documents={APPOINTMENT_LETTER=DocumentResponseDTO(generated=false, data=null), INTERNSHIP_LETTER=DocumentResponseDTO(generated=false, data=null), EXPERIENCE_LETTER=DocumentResponseDTO(generated=false, data=null), FULL_AND_FINAL=DocumentResponseDTO(generated=false, data=null), CONFIRMATION_LETTER=DocumentResponseDTO(generated=false, data=null), INCREMENT_LETTER=DocumentResponseDTO(generated=true, data={issueDate=2025-04-01}), RELIEVING_LETTER=DocumentResponseDTO(generated=false, data=null), SALARY_SLIP=DocumentResponseDTO(generated=true, data={startMonth=2026-04, endMonth=2026-06}), COMPLETION_LETTER=DocumentResponseDTO(generated=false, data=null), OFFER_LETTER=DocumentResponseDTO(generated=true, data={issueDate=2022-08-03, probationPeriod=3})})
2026-07-22 14:51:32 [http-nio-8080-exec-3] INFO  c.e.Docgen_Backend.config.JwtFilter - JWT validated successfully for userId=6a311365ec2c34f3d9e4f06e
2026-07-22 14:51:32 [http-nio-8080-exec-3] INFO  c.e.D.controller.UserController - GET /api/v2/users/32 - Fetch request received
2026-07-22 14:51:32 [http-nio-8080-exec-3] INFO  c.e.D.service.impl.UserServiceImpl - Fetching user profile for edit | userId=32
2026-07-22 14:51:33 [http-nio-8080-exec-3] DEBUG c.e.D.service.impl.UserServiceImpl - User found | userId=32 | employeeId=PSCS836
2026-07-22 14:51:33 [http-nio-8080-exec-3] INFO  c.e.D.service.impl.UserServiceImpl - User profile fetched successfully | userId=32 | timeTaken=498ms
2026-07-22 14:51:33 [http-nio-8080-exec-3] INFO  c.e.D.controller.UserController - Profile fetched successfully for userId=32
2026-07-22 14:51:33 [http-nio-8080-exec-3] DEBUG c.e.D.controller.UserController - Fetched profile data: UserProfileResponseDTO(id=32, employeeName=Prashant Kiran Yadav, employeeId=PSCS836, email=yprashantkiran@gmail.com, mobileNo=8446861516, joiningDesignation=Jr. Software Test Engineer, currentDesignation=Software Test Engineer, department=IT, company=PSCS, identity=MR, pfType=WITHOUT_PF, accountNo=369201504327, bankName=ICICI Bank, currentAddress=Dhumal mala, near theur phata, Kunjirwadi, Pune -412201, permanentAddress=Dhumal mala, near theur phata, Kunjirwadi, Pune -412201, joiningCTC=366000.0, currentCTC=547176.0, dateOfBirth=1988-06-10, offerDate=2022-08-03, joiningDate=2022-09-06, panNo=AFLPY4911L, documents={APPOINTMENT_LETTER=DocumentResponseDTO(generated=false, data=null), INTERNSHIP_LETTER=DocumentResponseDTO(generated=false, data=null), EXPERIENCE_LETTER=DocumentResponseDTO(generated=false, data=null), FULL_AND_FINAL=DocumentResponseDTO(generated=false, data=null), CONFIRMATION_LETTER=DocumentResponseDTO(generated=false, data=null), INCREMENT_LETTER=DocumentResponseDTO(generated=true, data={issueDate=2025-04-01}), RELIEVING_LETTER=DocumentResponseDTO(generated=false, data=null), SALARY_SLIP=DocumentResponseDTO(generated=true, data={startMonth=2026-04, endMonth=2026-06}), COMPLETION_LETTER=DocumentResponseDTO(generated=false, data=null), OFFER_LETTER=DocumentResponseDTO(generated=true, data={issueDate=2022-08-03, probationPeriod=3})})
2026-07-22 14:52:11 [http-nio-8080-exec-7] INFO  c.e.Docgen_Backend.config.JwtFilter - JWT validated successfully for userId=6a311365ec2c34f3d9e4f06e
2026-07-22 14:52:11 [http-nio-8080-exec-7] INFO  c.e.D.controller.UserController - PATCH /api/v2/users/32 - Update request received for employeeId=PSCS836
2026-07-22 14:52:11 [http-nio-8080-exec-7] DEBUG c.e.D.controller.UserController - Update payload: CreateProfileRequest(employeeName=Prashant Kiran Yadav, email=yprashantkiran@gmail.com, mobileNo=8446861516, employeeId=PSCS836, joiningDesignation=Jr. Software Test Engineer, currentDesignation=Software Test Engineer, department=IT, currentAddress=Dhumal mala, near theur phata, Kunjirwadi, Pune -412201, permanentAddress=Dhumal mala, near theur phata, Kunjirwadi, Pune -412201, accountNo=369201504327, bankName=ICICI Bank, joiningCTC=366000.0, currentCTC=547176.0, dateOfBirth=1988-06-10, offerDate=2022-08-03, joiningDate=2022-09-06, panNo=AFLPY4911L, company=PSCS, pfType=WITHOUT_PF, identity=MR, documents=[INCREMENT_LETTER, SALARY_SLIP, OFFER_LETTER], documentData={OFFER_LETTER={issueDate=2022-08-03, probationPeriod=3}, INCREMENT_LETTER={issueDate=2025-04-01}, SALARY_SLIP={startMonth=2026-04, endMonth=2026-06, salaryWorkdays={2026-04=30, 2026-05=31, 2026-06=30}}})
2026-07-22 14:52:11 [http-nio-8080-exec-7] INFO  c.e.D.service.impl.UserServiceImpl - Updating user profile | userId=32 | employeeId=PSCS836
2026-07-22 14:52:11 [http-nio-8080-exec-7] WARN  com.zaxxer.hikari.pool.PoolBase - HikariPool-1 - Failed to validate connection com.mysql.cj.jdbc.ConnectionImpl@2144e615 (No operations allowed after connection closed.). Possibly consider using a shorter maxLifetime value.
2026-07-22 14:52:11 [http-nio-8080-exec-7] WARN  com.zaxxer.hikari.pool.PoolBase - HikariPool-1 - Failed to validate connection com.mysql.cj.jdbc.ConnectionImpl@2bd6b933 (No operations allowed after connection closed.). Possibly consider using a shorter maxLifetime value.
2026-07-22 14:52:11 [http-nio-8080-exec-7] WARN  com.zaxxer.hikari.pool.PoolBase - HikariPool-1 - Failed to validate connection com.mysql.cj.jdbc.ConnectionImpl@486c2eee (No operations allowed after connection closed.). Possibly consider using a shorter maxLifetime value.
2026-07-22 14:52:13 [http-nio-8080-exec-7] DEBUG c.e.D.service.impl.UserServiceImpl - Existing user fetched | userId=32 | oldEmployeeId=PSCS836
2026-07-22 14:52:13 [http-nio-8080-exec-7] DEBUG c.e.D.service.impl.UserServiceImpl - Updating documents | userId=32
2026-07-22 14:52:13 [http-nio-8080-exec-7] INFO  c.e.D.service.impl.UserServiceImpl - User profile updated successfully | userId=32 | timeTaken=1995ms
2026-07-22 14:52:13 [http-nio-8080-exec-7] INFO  c.e.D.controller.UserController - Profile updated successfully for userId=32, employeeId=PSCS836
2026-07-22 14:52:51 [http-nio-8080-exec-8] INFO  c.e.Docgen_Backend.config.JwtFilter - JWT validated successfully for userId=6a311365ec2c34f3d9e4f06e
2026-07-22 14:52:51 [http-nio-8080-exec-8] INFO  c.e.D.controller.UserController - PATCH /api/v2/users/32 - Update request received for employeeId=PSCS836
2026-07-22 14:52:51 [http-nio-8080-exec-8] DEBUG c.e.D.controller.UserController - Update payload: CreateProfileRequest(employeeName=Prashant Kiran Yadav, email=yprashantkiran@gmail.com, mobileNo=8446861516, employeeId=PSCS836, joiningDesignation=Jr. Software Test Engineer, currentDesignation=Software Test Engineer, department=IT, currentAddress=Dhumal mala, near theur phata, Kunjirwadi, Pune -412201, permanentAddress=Dhumal mala, near theur phata, Kunjirwadi, Pune -412201, accountNo=369201504327, bankName=ICICI Bank, joiningCTC=366000.0, currentCTC=547176.0, dateOfBirth=1988-06-10, offerDate=2022-08-03, joiningDate=2022-09-06, panNo=AFLPY4911L, company=PSCS, pfType=WITHOUT_PF, identity=MR, documents=[INCREMENT_LETTER, SALARY_SLIP, OFFER_LETTER], documentData={OFFER_LETTER={issueDate=2022-08-03, probationPeriod=3}, INCREMENT_LETTER={issueDate=2025-04-01}, SALARY_SLIP={startMonth=2026-04, endMonth=2026-06, salaryWorkdays={2026-04=30, 2026-05=31, 2026-06=30}}})
2026-07-22 14:52:51 [http-nio-8080-exec-8] INFO  c.e.D.service.impl.UserServiceImpl - Updating user profile | userId=32 | employeeId=PSCS836
2026-07-22 14:52:51 [http-nio-8080-exec-8] WARN  com.zaxxer.hikari.pool.PoolBase - HikariPool-1 - Failed to validate connection com.mysql.cj.jdbc.ConnectionImpl@600b82a4 (No operations allowed after connection closed.). Possibly consider using a shorter maxLifetime value.
2026-07-22 14:52:51 [http-nio-8080-exec-8] WARN  com.zaxxer.hikari.pool.PoolBase - HikariPool-1 - Failed to validate connection com.mysql.cj.jdbc.ConnectionImpl@5936f97f (No operations allowed after connection closed.). Possibly consider using a shorter maxLifetime value.
2026-07-22 14:52:51 [http-nio-8080-exec-8] WARN  com.zaxxer.hikari.pool.PoolBase - HikariPool-1 - Failed to validate connection com.mysql.cj.jdbc.ConnectionImpl@6d8f9664 (No operations allowed after connection closed.). Possibly consider using a shorter maxLifetime value.
2026-07-22 14:52:52 [http-nio-8080-exec-8] DEBUG c.e.D.service.impl.UserServiceImpl - Existing user fetched | userId=32 | oldEmployeeId=PSCS836
2026-07-22 14:52:52 [http-nio-8080-exec-8] DEBUG c.e.D.service.impl.UserServiceImpl - Updating documents | userId=32
2026-07-22 14:52:52 [http-nio-8080-exec-8] INFO  c.e.D.service.impl.UserServiceImpl - User profile updated successfully | userId=32 | timeTaken=1388ms
2026-07-22 14:52:52 [http-nio-8080-exec-8] INFO  c.e.D.controller.UserController - Profile updated successfully for userId=32, employeeId=PSCS836
2026-07-22 14:54:36 [HikariPool-1:housekeeper] WARN  com.zaxxer.hikari.pool.PoolBase - HikariPool-1 - Failed to validate connection com.mysql.cj.jdbc.ConnectionImpl@4e9a6fb7 (No operations allowed after connection closed.). Possibly consider using a shorter maxLifetime value.
2026-07-22 14:54:38 [HikariPool-1:housekeeper] WARN  com.zaxxer.hikari.pool.PoolBase - HikariPool-1 - Failed to validate connection com.mysql.cj.jdbc.ConnectionImpl@7f1e4442 (No operations allowed after connection closed.). Possibly consider using a shorter maxLifetime value.
2026-07-22 14:54:42 [HikariPool-1:housekeeper] WARN  com.zaxxer.hikari.pool.PoolBase - HikariPool-1 - Failed to validate connection com.mysql.cj.jdbc.ConnectionImpl@334fa6f1 (No operations allowed after connection closed.). Possibly consider using a shorter maxLifetime value.
2026-07-22 14:56:26 [http-nio-8080-exec-10] INFO  c.e.Docgen_Backend.config.JwtFilter - JWT validated successfully for userId=6a311365ec2c34f3d9e4f06e
2026-07-22 14:56:26 [http-nio-8080-exec-10] INFO  c.e.D.controller.UserController - PATCH /api/v2/users/32 - Update request received for employeeId=PSCS836
2026-07-22 14:56:26 [http-nio-8080-exec-10] DEBUG c.e.D.controller.UserController - Update payload: CreateProfileRequest(employeeName=Prashant Kiran Yadav, email=yprashantkiran@gmail.com, mobileNo=8446861516, employeeId=PSCS836, joiningDesignation=Jr. Software Test Engineer, currentDesignation=Software Test Engineer, department=IT, currentAddress=Dhumal mala, near theur phata, Kunjirwadi, Pune -412201, permanentAddress=Dhumal mala, near theur phata, Kunjirwadi, Pune -412201, accountNo=369201504327, bankName=ICICI Bank, joiningCTC=366000.0, currentCTC=547176.0, dateOfBirth=1988-06-10, offerDate=2022-08-03, joiningDate=2022-09-06, panNo=AFLPY4911L, company=PSCS, pfType=WITHOUT_PF, identity=MR, documents=[INCREMENT_LETTER, SALARY_SLIP, OFFER_LETTER], documentData={OFFER_LETTER={issueDate=2022-08-03, probationPeriod=3}, INCREMENT_LETTER={issueDate=2025-04-01}, SALARY_SLIP={startMonth=2026-04, endMonth=2026-06, salaryWorkdays={2026-04=30, 2026-05=31, 2026-06=30}}})
2026-07-22 14:56:26 [http-nio-8080-exec-10] INFO  c.e.D.service.impl.UserServiceImpl - Updating user profile | userId=32 | employeeId=PSCS836
2026-07-22 14:56:26 [http-nio-8080-exec-10] WARN  com.zaxxer.hikari.pool.PoolBase - HikariPool-1 - Failed to validate connection com.mysql.cj.jdbc.ConnectionImpl@101e3b56 (No operations allowed after connection closed.). Possibly consider using a shorter maxLifetime value.
2026-07-22 14:56:26 [http-nio-8080-exec-10] WARN  com.zaxxer.hikari.pool.PoolBase - HikariPool-1 - Failed to validate connection com.mysql.cj.jdbc.ConnectionImpl@33db7249 (No operations allowed after connection closed.). Possibly consider using a shorter maxLifetime value.
2026-07-22 14:56:27 [http-nio-8080-exec-10] DEBUG c.e.D.service.impl.UserServiceImpl - Existing user fetched | userId=32 | oldEmployeeId=PSCS836
2026-07-22 14:56:27 [http-nio-8080-exec-10] DEBUG c.e.D.service.impl.UserServiceImpl - Updating documents | userId=32
2026-07-22 14:56:27 [http-nio-8080-exec-10] INFO  c.e.D.service.impl.UserServiceImpl - User profile updated successfully | userId=32 | timeTaken=554ms
2026-07-22 14:56:27 [http-nio-8080-exec-10] INFO  c.e.D.controller.UserController - Profile updated successfully for userId=32, employeeId=PSCS836
2026-07-22 14:58:04 [HikariPool-1:housekeeper] WARN  com.zaxxer.hikari.pool.PoolBase - HikariPool-1 - Failed to validate connection com.mysql.cj.jdbc.ConnectionImpl@2eb590f8 (No operations allowed after connection closed.). Possibly consider using a shorter maxLifetime value.
2026-07-22 14:58:09 [HikariPool-1:housekeeper] WARN  com.zaxxer.hikari.pool.PoolBase - HikariPool-1 - Failed to validate connection com.mysql.cj.jdbc.ConnectionImpl@667df745 (No operations allowed after connection closed.). Possibly consider using a shorter maxLifetime value.
2026-07-22 14:58:23 [HikariPool-1:housekeeper] WARN  com.zaxxer.hikari.pool.PoolBase - HikariPool-1 - Failed to validate connection com.mysql.cj.jdbc.ConnectionImpl@284bad55 (No operations allowed after connection closed.). Possibly consider using a shorter maxLifetime value.
2026-07-22 14:59:05 [SpringApplicationShutdownHook] INFO  o.s.boot.tomcat.GracefulShutdown - Commencing graceful shutdown. Waiting for active requests to complete
2026-07-22 14:59:05 [tomcat-shutdown] INFO  o.s.boot.tomcat.GracefulShutdown - Graceful shutdown complete
2026-07-22 14:59:05 [SpringApplicationShutdownHook] INFO  o.s.o.j.LocalContainerEntityManagerFactoryBean - Closing JPA EntityManagerFactory for persistence unit 'default'
2026-07-22 14:59:05 [SpringApplicationShutdownHook] INFO  com.zaxxer.hikari.HikariDataSource - HikariPool-1 - Shutdown initiated...
2026-07-22 14:59:05 [SpringApplicationShutdownHook] INFO  com.zaxxer.hikari.HikariDataSource - HikariPool-1 - Shutdown completed.
2026-07-22 14:59:08 [background-preinit] INFO  o.h.validator.internal.util.Version - HV000001: Hibernate Validator 9.0.1.Final
2026-07-22 14:59:08 [restartedMain] INFO  c.e.D.DocgenBackendApplication - Starting DocgenBackendApplication using Java 21.0.9 with PID 4840 (E:\DocGen New Front V2\Docgen-Backend\target\classes started by prath in E:\DocGen New Front V2\Docgen-Backend)
2026-07-22 14:59:08 [restartedMain] DEBUG c.e.D.DocgenBackendApplication - Running with Spring Boot v4.0.6, Spring v7.0.7
2026-07-22 14:59:08 [restartedMain] INFO  c.e.D.DocgenBackendApplication - No active profile set, falling back to 1 default profile: "default"
2026-07-22 14:59:08 [restartedMain] INFO  o.s.b.d.e.DevToolsPropertyDefaultsPostProcessor - Devtools property defaults active! Set 'spring.devtools.add-properties' to 'false' to disable
2026-07-22 14:59:08 [restartedMain] INFO  o.s.b.d.e.DevToolsPropertyDefaultsPostProcessor - For additional web related logging consider setting the 'logging.level.web' property to 'DEBUG'
2026-07-22 14:59:09 [restartedMain] INFO  o.s.d.r.c.RepositoryConfigurationDelegate - Bootstrapping Spring Data JPA repositories in DEFAULT mode.
2026-07-22 14:59:09 [restartedMain] INFO  o.s.d.r.c.RepositoryConfigurationDelegate - Finished Spring Data repository scanning in 48 ms. Found 3 JPA repository interfaces.
2026-07-22 14:59:09 [restartedMain] INFO  o.s.boot.tomcat.TomcatWebServer - Tomcat initialized with port 8080 (http)
2026-07-22 14:59:09 [restartedMain] INFO  o.a.coyote.http11.Http11NioProtocol - Initializing ProtocolHandler ["http-nio-8080"]
2026-07-22 14:59:09 [restartedMain] INFO  o.a.catalina.core.StandardService - Starting service [Tomcat]
2026-07-22 14:59:09 [restartedMain] INFO  o.a.catalina.core.StandardEngine - Starting Servlet engine: [Apache Tomcat/11.0.21]
2026-07-22 14:59:09 [restartedMain] INFO  o.s.b.w.c.s.WebApplicationContextInitializer - Root WebApplicationContext: initialization completed in 1519 ms
2026-07-22 14:59:09 [restartedMain] DEBUG c.e.Docgen_Backend.config.JwtFilter - Filter 'jwtFilter' configured for use
2026-07-22 14:59:10 [restartedMain] INFO  org.hibernate.orm.jpa - HHH008540: Processing PersistenceUnitInfo [name: default]
2026-07-22 14:59:10 [restartedMain] INFO  org.hibernate.orm.core - HHH000001: Hibernate ORM core version 7.2.12.Final
2026-07-22 14:59:10 [restartedMain] INFO  o.s.o.j.p.SpringPersistenceUnitInfo - No LoadTimeWeaver setup: ignoring JPA class transformer
2026-07-22 14:59:10 [restartedMain] INFO  com.zaxxer.hikari.HikariDataSource - HikariPool-1 - Starting...
2026-07-22 14:59:11 [restartedMain] INFO  com.zaxxer.hikari.pool.HikariPool - HikariPool-1 - Added connection com.mysql.cj.jdbc.ConnectionImpl@eea6c27
2026-07-22 14:59:11 [restartedMain] INFO  com.zaxxer.hikari.HikariDataSource - HikariPool-1 - Start completed.
2026-07-22 14:59:11 [restartedMain] WARN  org.hibernate.orm.jdbc - HHH100045: Could not obtain connection metadata: java.sql.SQLSyntaxErrorException: Unknown column 'RESERVED' in 'WHERE'
2026-07-22 14:59:11 [restartedMain] WARN  org.hibernate.orm.deprecation - HHH90000025: MySQLDialect does not need to be specified explicitly using 'hibernate.dialect' (remove the property setting and it will be selected by default)
2026-07-22 14:59:11 [restartedMain] INFO  o.hibernate.orm.connections.pooling - HHH10001005: Database info:
	Database JDBC URL [undefined/unknown]
	Database driver: undefined/unknown
	Database dialect: MySQLDialect
	Database version: 8.0
	Default catalog/schema: unknown/unknown
	Autocommit mode: undefined/unknown
	Isolation level: NONE [default NONE]
	JDBC fetch size: undefined/unknown
	Pool: DataSourceConnectionProvider
	Minimum pool size: undefined/unknown
	Maximum pool size: undefined/unknown
2026-07-22 14:59:12 [restartedMain] INFO  org.hibernate.orm.core - HHH000489: No JTA platform available (set 'hibernate.transaction.jta.platform' to enable JTA platform integration)
2026-07-22 14:59:25 [restartedMain] INFO  o.s.o.j.LocalContainerEntityManagerFactoryBean - Initialized JPA EntityManagerFactory for persistence unit 'default'
2026-07-22 14:59:25 [restartedMain] INFO  o.s.d.j.r.q.QueryEnhancerFactories - Hibernate is in classpath; If applicable, HQL parser will be used.
2026-07-22 14:59:25 [restartedMain] INFO  o.s.s.c.a.a.c.InitializeUserDetailsBeanManagerConfigurer$InitializeUserDetailsManagerConfigurer - Global AuthenticationManager configured with UserDetailsService bean with name customUserDetailsService
2026-07-22 14:59:25 [restartedMain] WARN  o.s.b.j.a.JpaBaseConfiguration$JpaWebConfiguration - spring.jpa.open-in-view is enabled by default. Therefore, database queries may be performed during view rendering. Explicitly configure spring.jpa.open-in-view to disable this warning
2026-07-22 14:59:25 [restartedMain] INFO  o.s.boot.tomcat.TomcatWebServer - Tomcat started on port 8080 (http) with context path '/'
2026-07-22 14:59:25 [restartedMain] INFO  c.e.D.DocgenBackendApplication - Started DocgenBackendApplication in 18.003 seconds (process running for 18.629)
2026-07-22 14:59:25 [SpringApplicationShutdownHook] INFO  o.s.boot.tomcat.GracefulShutdown - Commencing graceful shutdown. Waiting for active requests to complete
2026-07-22 14:59:25 [tomcat-shutdown] INFO  o.s.boot.tomcat.GracefulShutdown - Graceful shutdown complete
2026-07-22 14:59:25 [SpringApplicationShutdownHook] INFO  o.s.o.j.LocalContainerEntityManagerFactoryBean - Closing JPA EntityManagerFactory for persistence unit 'default'
2026-07-22 14:59:25 [SpringApplicationShutdownHook] INFO  com.zaxxer.hikari.HikariDataSource - HikariPool-1 - Shutdown initiated...
2026-07-22 14:59:25 [SpringApplicationShutdownHook] INFO  com.zaxxer.hikari.HikariDataSource - HikariPool-1 - Shutdown completed.
2026-09-15 11:50:56 [background-preinit] INFO  o.h.validator.internal.util.Version - HV000001: Hibernate Validator 9.0.1.Final
2026-09-15 11:50:56 [restartedMain] INFO  c.e.D.DocgenBackendApplication - Starting DocgenBackendApplication using Java 21.0.9 with PID 21672 (E:\DocGen New Front\Docgen-Backend\target\classes started by prath in E:\DocGen New Front\Docgen-Backend)
2026-09-15 11:50:56 [restartedMain] DEBUG c.e.D.DocgenBackendApplication - Running with Spring Boot v4.0.6, Spring v7.0.7
2026-09-15 11:50:56 [restartedMain] INFO  c.e.D.DocgenBackendApplication - No active profile set, falling back to 1 default profile: "default"
2026-09-15 11:50:56 [restartedMain] INFO  o.s.b.d.e.DevToolsPropertyDefaultsPostProcessor - Devtools property defaults active! Set 'spring.devtools.add-properties' to 'false' to disable
2026-09-15 11:50:56 [restartedMain] INFO  o.s.b.d.e.DevToolsPropertyDefaultsPostProcessor - For additional web related logging consider setting the 'logging.level.web' property to 'DEBUG'
2026-09-15 11:50:56 [restartedMain] INFO  o.s.d.r.c.RepositoryConfigurationDelegate - Bootstrapping Spring Data JPA repositories in DEFAULT mode.
2026-09-15 11:50:57 [restartedMain] INFO  o.s.d.r.c.RepositoryConfigurationDelegate - Finished Spring Data repository scanning in 49 ms. Found 3 JPA repository interfaces.
2026-09-15 11:50:57 [restartedMain] INFO  o.s.boot.tomcat.TomcatWebServer - Tomcat initialized with port 8080 (http)
2026-09-15 11:50:57 [restartedMain] INFO  o.a.coyote.http11.Http11NioProtocol - Initializing ProtocolHandler ["http-nio-8080"]
2026-09-15 11:50:57 [restartedMain] INFO  o.a.catalina.core.StandardService - Starting service [Tomcat]
2026-09-15 11:50:57 [restartedMain] INFO  o.a.catalina.core.StandardEngine - Starting Servlet engine: [Apache Tomcat/11.0.21]
2026-09-15 11:50:57 [restartedMain] INFO  o.s.b.w.c.s.WebApplicationContextInitializer - Root WebApplicationContext: initialization completed in 1311 ms
2026-09-15 11:50:57 [restartedMain] DEBUG c.e.Docgen_Backend.config.JwtFilter - Filter 'jwtFilter' configured for use
2026-09-15 11:50:57 [restartedMain] INFO  org.hibernate.orm.jpa - HHH008540: Processing PersistenceUnitInfo [name: default]
2026-09-15 11:50:57 [restartedMain] INFO  org.hibernate.orm.core - HHH000001: Hibernate ORM core version 7.2.12.Final
2026-09-15 11:50:58 [restartedMain] INFO  o.s.o.j.p.SpringPersistenceUnitInfo - No LoadTimeWeaver setup: ignoring JPA class transformer
2026-09-15 11:50:58 [restartedMain] INFO  com.zaxxer.hikari.HikariDataSource - HikariPool-1 - Starting...
2026-09-15 11:50:59 [restartedMain] INFO  com.zaxxer.hikari.pool.HikariPool - HikariPool-1 - Added connection com.mysql.cj.jdbc.ConnectionImpl@4d26c2dc
2026-09-15 11:50:59 [restartedMain] INFO  com.zaxxer.hikari.HikariDataSource - HikariPool-1 - Start completed.
2026-09-15 11:51:00 [restartedMain] WARN  org.hibernate.orm.jdbc - HHH100045: Could not obtain connection metadata: java.sql.SQLSyntaxErrorException: Unknown column 'RESERVED' in 'WHERE'
2026-09-15 11:51:00 [restartedMain] WARN  org.hibernate.orm.deprecation - HHH90000025: MySQLDialect does not need to be specified explicitly using 'hibernate.dialect' (remove the property setting and it will be selected by default)
2026-09-15 11:51:00 [restartedMain] INFO  o.hibernate.orm.connections.pooling - HHH10001005: Database info:
	Database JDBC URL [undefined/unknown]
	Database driver: undefined/unknown
	Database dialect: MySQLDialect
	Database version: 8.0
	Default catalog/schema: unknown/unknown
	Autocommit mode: undefined/unknown
	Isolation level: NONE [default NONE]
	JDBC fetch size: undefined/unknown
	Pool: DataSourceConnectionProvider
	Minimum pool size: undefined/unknown
	Maximum pool size: undefined/unknown
2026-09-15 11:51:01 [restartedMain] INFO  org.hibernate.orm.core - HHH000489: No JTA platform available (set 'hibernate.transaction.jta.platform' to enable JTA platform integration)
2026-09-15 11:51:11 [restartedMain] INFO  o.s.o.j.LocalContainerEntityManagerFactoryBean - Initialized JPA EntityManagerFactory for persistence unit 'default'
2026-09-15 11:51:11 [restartedMain] INFO  o.s.d.j.r.q.QueryEnhancerFactories - Hibernate is in classpath; If applicable, HQL parser will be used.
2026-09-15 11:51:11 [restartedMain] INFO  o.s.s.c.a.a.c.InitializeUserDetailsBeanManagerConfigurer$InitializeUserDetailsManagerConfigurer - Global AuthenticationManager configured with UserDetailsService bean with name customUserDetailsService
2026-09-15 11:51:12 [restartedMain] INFO  o.a.coyote.http11.Http11NioProtocol - Starting ProtocolHandler ["http-nio-8080"]
2026-09-15 11:51:12 [restartedMain] INFO  o.s.boot.tomcat.TomcatWebServer - Tomcat started on port 8080 (http) with context path '/'
2026-09-15 11:51:12 [restartedMain] INFO  c.e.D.DocgenBackendApplication - Started DocgenBackendApplication in 16.213 seconds (process running for 16.865)
2026-09-15 11:52:55 [HikariPool-1:housekeeper] WARN  com.zaxxer.hikari.pool.PoolBase - HikariPool-1 - Failed to validate connection com.mysql.cj.jdbc.ConnectionImpl@5fc0006a (No operations allowed after connection closed.). Possibly consider using a shorter maxLifetime value.
2026-09-15 11:52:57 [HikariPool-1:housekeeper] WARN  com.zaxxer.hikari.pool.PoolBase - HikariPool-1 - Failed to validate connection com.mysql.cj.jdbc.ConnectionImpl@4d26c2dc (No operations allowed after connection closed.). Possibly consider using a shorter maxLifetime value.
2026-09-15 11:52:59 [HikariPool-1:housekeeper] WARN  com.zaxxer.hikari.pool.PoolBase - HikariPool-1 - Failed to validate connection com.mysql.cj.jdbc.ConnectionImpl@2c4d5182 (No operations allowed after connection closed.). Possibly consider using a shorter maxLifetime value.
2026-09-15 11:54:42 [http-nio-8080-exec-2] INFO  o.a.c.c.C.[Tomcat].[localhost].[/] - Initializing Spring DispatcherServlet 'dispatcherServlet'
2026-09-15 11:54:42 [http-nio-8080-exec-2] INFO  o.s.web.servlet.DispatcherServlet - Initializing Servlet 'dispatcherServlet'
2026-09-15 11:54:42 [http-nio-8080-exec-2] INFO  o.s.web.servlet.DispatcherServlet - Completed initialization in 51 ms
2026-09-15 11:54:42 [HikariPool-1:housekeeper] WARN  com.zaxxer.hikari.pool.PoolBase - HikariPool-1 - Failed to validate connection com.mysql.cj.jdbc.ConnectionImpl@73d1d731 (No operations allowed after connection closed.). Possibly consider using a shorter maxLifetime value.
2026-09-15 11:54:42 [http-nio-8080-exec-4] INFO  c.e.Docgen_Backend.config.JwtFilter - JWT validated successfully for userId=6a82a98a13421d60d7e0e553
2026-09-15 11:54:43 [http-nio-8080-exec-4] WARN  com.zaxxer.hikari.pool.PoolBase - HikariPool-1 - Failed to validate connection com.mysql.cj.jdbc.ConnectionImpl@7c0d2722 (No operations allowed after connection closed.). Possibly consider using a shorter maxLifetime value.
2026-09-15 11:54:45 [http-nio-8080-exec-3] INFO  c.e.Docgen_Backend.config.JwtFilter - JWT validated successfully for userId=6a82a98a13421d60d7e0e553
2026-09-15 11:55:01 [http-nio-8080-exec-7] INFO  c.e.Docgen_Backend.config.JwtFilter - JWT validated successfully for userId=6a82a98a13421d60d7e0e553
2026-09-15 11:55:01 [http-nio-8080-exec-7] INFO  c.e.D.controller.UserController - GET /api/v2/users/217 - Fetch request received
2026-09-15 11:55:01 [http-nio-8080-exec-7] INFO  c.e.D.service.impl.UserServiceImpl - Fetching user profile for edit | userId=217 | requestedBy=6a82a98a13421d60d7e0e553
2026-09-15 11:55:01 [http-nio-8080-exec-7] DEBUG c.e.D.service.impl.UserServiceImpl - User found | userId=217 | employeeId=TEST0336
2026-09-15 11:55:01 [http-nio-8080-exec-7] INFO  c.e.D.service.impl.UserServiceImpl - User profile fetched successfully | userId=217 | timeTaken=421ms
2026-09-15 11:55:01 [http-nio-8080-exec-7] INFO  c.e.D.controller.UserController - Profile fetched successfully for userId=217
2026-09-15 11:55:01 [http-nio-8080-exec-7] DEBUG c.e.D.controller.UserController - Fetched profile data: UserProfileResponseDTO(id=217, employeeName=Test User Three, employeeId=TEST0336, email=prathamesh69bhavsar@gmail.com, mobileNo=8007454299, joiningDesignation=Java developer, currentDesignation=Full Stack Developer, department=IT, company=QMS, identity=MR, pfType=WITH_PF, accountNo=2568108019550, bankName=AU Small Finance Bank, currentAddress=N-42,VD-1/3/1,Sawta Nager,Cidco,Trimurti Chowk, permanentAddress=Pune, Maharashtra, joiningCTC=500000.0, currentCTC=970000.0, dateOfBirth=1212-12-12, offerDate=2026-11-12, joiningDate=2026-11-22, panNo=GFZPS5853Q, createdAt=null, documents={APPOINTMENT_LETTER=DocumentResponseDTO(generated=false, data=null), INTERNSHIP_LETTER=DocumentResponseDTO(generated=false, data=null), EXPERIENCE_LETTER=DocumentResponseDTO(generated=false, data=null), FULL_AND_FINAL=DocumentResponseDTO(generated=true, data={fnfDate=2000-11-12, totalDaysInMonth=31, month=2026-12, issueDate=2000-11-12, resignationDate=2001-11-12, paidDays=16, leavingDate=2020-11-12}), CONFIRMATION_LETTER=DocumentResponseDTO(generated=false, data=null), INCREMENT_LETTER=DocumentResponseDTO(generated=false, data=null), RELIEVING_LETTER=DocumentResponseDTO(generated=false, data=null), SALARY_SLIP=DocumentResponseDTO(generated=true, data={startMonth=2026-08, endMonth=2026-08}), COMPLETION_LETTER=DocumentResponseDTO(generated=false, data=null), OFFER_LETTER=DocumentResponseDTO(generated=false, data=null)})
2026-09-15 11:55:01 [http-nio-8080-exec-8] INFO  c.e.Docgen_Backend.config.JwtFilter - JWT validated successfully for userId=6a82a98a13421d60d7e0e553
2026-09-15 11:55:01 [http-nio-8080-exec-8] INFO  c.e.D.controller.UserController - GET /api/v2/users/217 - Fetch request received
2026-09-15 11:55:01 [http-nio-8080-exec-8] INFO  c.e.D.service.impl.UserServiceImpl - Fetching user profile for edit | userId=217 | requestedBy=6a82a98a13421d60d7e0e553
2026-09-15 11:55:02 [http-nio-8080-exec-8] DEBUG c.e.D.service.impl.UserServiceImpl - User found | userId=217 | employeeId=TEST0336
2026-09-15 11:55:02 [http-nio-8080-exec-8] INFO  c.e.D.service.impl.UserServiceImpl - User profile fetched successfully | userId=217 | timeTaken=452ms
2026-09-15 11:55:02 [http-nio-8080-exec-8] INFO  c.e.D.controller.UserController - Profile fetched successfully for userId=217
2026-09-15 11:55:02 [http-nio-8080-exec-8] DEBUG c.e.D.controller.UserController - Fetched profile data: UserProfileResponseDTO(id=217, employeeName=Test User Three, employeeId=TEST0336, email=prathamesh69bhavsar@gmail.com, mobileNo=8007454299, joiningDesignation=Java developer, currentDesignation=Full Stack Developer, department=IT, company=QMS, identity=MR, pfType=WITH_PF, accountNo=2568108019550, bankName=AU Small Finance Bank, currentAddress=N-42,VD-1/3/1,Sawta Nager,Cidco,Trimurti Chowk, permanentAddress=Pune, Maharashtra, joiningCTC=500000.0, currentCTC=970000.0, dateOfBirth=1212-12-12, offerDate=2026-11-12, joiningDate=2026-11-22, panNo=GFZPS5853Q, createdAt=null, documents={APPOINTMENT_LETTER=DocumentResponseDTO(generated=false, data=null), INTERNSHIP_LETTER=DocumentResponseDTO(generated=false, data=null), EXPERIENCE_LETTER=DocumentResponseDTO(generated=false, data=null), FULL_AND_FINAL=DocumentResponseDTO(generated=true, data={fnfDate=2000-11-12, totalDaysInMonth=31, month=2026-12, issueDate=2000-11-12, resignationDate=2001-11-12, paidDays=16, leavingDate=2020-11-12}), CONFIRMATION_LETTER=DocumentResponseDTO(generated=false, data=null), INCREMENT_LETTER=DocumentResponseDTO(generated=false, data=null), RELIEVING_LETTER=DocumentResponseDTO(generated=false, data=null), SALARY_SLIP=DocumentResponseDTO(generated=true, data={startMonth=2026-08, endMonth=2026-08}), COMPLETION_LETTER=DocumentResponseDTO(generated=false, data=null), OFFER_LETTER=DocumentResponseDTO(generated=false, data=null)})
2026-09-15 11:56:23 [HikariPool-1:housekeeper] WARN  com.zaxxer.hikari.pool.PoolBase - HikariPool-1 - Failed to validate connection com.mysql.cj.jdbc.ConnectionImpl@1056a73a (No operations allowed after connection closed.). Possibly consider using a shorter maxLifetime value.
2026-09-15 11:56:28 [HikariPool-1:housekeeper] WARN  com.zaxxer.hikari.pool.PoolBase - HikariPool-1 - Failed to validate connection com.mysql.cj.jdbc.ConnectionImpl@2b440857 (No operations allowed after connection closed.). Possibly consider using a shorter maxLifetime value.
2026-09-15 11:56:41 [HikariPool-1:housekeeper] WARN  com.zaxxer.hikari.pool.PoolBase - HikariPool-1 - Failed to validate connection com.mysql.cj.jdbc.ConnectionImpl@596a9dd6 (No operations allowed after connection closed.). Possibly consider using a shorter maxLifetime value.
2026-09-15 11:56:53 [http-nio-8080-exec-1] INFO  c.e.Docgen_Backend.config.JwtFilter - JWT validated successfully for userId=6a82a98a13421d60d7e0e553
2026-09-15 11:56:54 [http-nio-8080-exec-1] INFO  c.e.D.controller.UserController - PATCH /api/v2/users/217 - Update request received for employeeId=TEST0336
2026-09-15 11:56:54 [http-nio-8080-exec-1] DEBUG c.e.D.controller.UserController - Update payload: CreateProfileRequest(employeeName=Test User Three, email=prathamesh69bhavsar@gmail.com, mobileNo=8007454299, employeeId=TEST0336, joiningDesignation=Java developer, currentDesignation=Full Stack Developer, department=IT, currentAddress=N-42,VD-1/3/1,Sawta Nager,Cidco,Trimurti Chowk, permanentAddress=Pune, Maharashtra, accountNo=2568108019550, bankName=AU Small Finance Bank, joiningCTC=500000.0, currentCTC=970000.0, dateOfBirth=1212-12-12, offerDate=2026-11-12, joiningDate=2026-11-22, panNo=GFZPS5853Q, company=QMS, pfType=WITH_PF, identity=MR, documents=[FULL_AND_FINAL, SALARY_SLIP], documentData={FULL_AND_FINAL={fnfDate=2000-11-12, issueDate=2000-11-12, month=2026-12, resignationDate=2001-11-12, leavingDate=2020-11-12, paidDays=16, totalDaysInMonth=31}, SALARY_SLIP={startMonth=2026-08, endMonth=2026-08, salaryWorkdays={2026-08=31}}})
2026-09-15 11:56:54 [http-nio-8080-exec-1] WARN  com.zaxxer.hikari.pool.PoolBase - HikariPool-1 - Failed to validate connection com.mysql.cj.jdbc.ConnectionImpl@5b85a386 (No operations allowed after connection closed.). Possibly consider using a shorter maxLifetime value.
2026-09-15 11:56:54 [http-nio-8080-exec-1] INFO  c.e.D.service.impl.UserServiceImpl - Updating user profile | userId=217 | employeeId=TEST0336
2026-09-15 11:56:54 [http-nio-8080-exec-1] DEBUG c.e.D.service.impl.UserServiceImpl - Existing user fetched | userId=217 | oldEmployeeId=TEST0336
2026-09-15 11:56:54 [http-nio-8080-exec-1] DEBUG c.e.D.service.impl.UserServiceImpl - Updating documents | userId=217
2026-09-15 11:56:54 [http-nio-8080-exec-1] INFO  c.e.D.service.impl.UserServiceImpl - User profile updated successfully | userId=217 | timeTaken=528ms
2026-09-15 11:56:55 [http-nio-8080-exec-1] INFO  c.e.D.controller.UserController - Profile updated successfully for userId=217, employeeId=TEST0336
2026-09-15 11:58:26 [HikariPool-1:housekeeper] WARN  com.zaxxer.hikari.pool.PoolBase - HikariPool-1 - Failed to validate connection com.mysql.cj.jdbc.ConnectionImpl@d46638b (No operations allowed after connection closed.). Possibly consider using a shorter maxLifetime value.
2026-09-15 11:58:30 [HikariPool-1:housekeeper] WARN  com.zaxxer.hikari.pool.PoolBase - HikariPool-1 - Failed to validate connection com.mysql.cj.jdbc.ConnectionImpl@78c7c71c (No operations allowed after connection closed.). Possibly consider using a shorter maxLifetime value.
2026-09-15 11:58:31 [HikariPool-1:housekeeper] WARN  com.zaxxer.hikari.pool.PoolBase - HikariPool-1 - Failed to validate connection com.mysql.cj.jdbc.ConnectionImpl@2079534c (No operations allowed after connection closed.). Possibly consider using a shorter maxLifetime value.
2026-09-15 12:00:12 [HikariPool-1:housekeeper] WARN  com.zaxxer.hikari.pool.PoolBase - HikariPool-1 - Failed to validate connection com.mysql.cj.jdbc.ConnectionImpl@1e9d36f3 (No operations allowed after connection closed.). Possibly consider using a shorter maxLifetime value.
2026-09-15 12:00:32 [HikariPool-1:housekeeper] WARN  com.zaxxer.hikari.pool.PoolBase - HikariPool-1 - Failed to validate connection com.mysql.cj.jdbc.ConnectionImpl@5eee324f (No operations allowed after connection closed.). Possibly consider using a shorter maxLifetime value.
2026-09-15 12:01:52 [HikariPool-1:housekeeper] WARN  com.zaxxer.hikari.pool.PoolBase - HikariPool-1 - Failed to validate connection com.mysql.cj.jdbc.ConnectionImpl@43ba7b2c (No operations allowed after connection closed.). Possibly consider using a shorter maxLifetime value.
2026-09-15 12:02:11 [HikariPool-1:housekeeper] WARN  com.zaxxer.hikari.pool.PoolBase - HikariPool-1 - Failed to validate connection com.mysql.cj.jdbc.ConnectionImpl@4b525c39 (No operations allowed after connection closed.). Possibly consider using a shorter maxLifetime value.
2026-09-15 12:03:39 [HikariPool-1:housekeeper] WARN  com.zaxxer.hikari.pool.PoolBase - HikariPool-1 - Failed to validate connection com.mysql.cj.jdbc.ConnectionImpl@50829c16 (No operations allowed after connection closed.). Possibly consider using a shorter maxLifetime value.
2026-09-15 12:04:05 [HikariPool-1:housekeeper] WARN  com.zaxxer.hikari.pool.PoolBase - HikariPool-1 - Failed to validate connection com.mysql.cj.jdbc.ConnectionImpl@663384fa (No operations allowed after connection closed.). Possibly consider using a shorter maxLifetime value.
2026-09-15 12:05:33 [HikariPool-1:housekeeper] WARN  com.zaxxer.hikari.pool.PoolBase - HikariPool-1 - Failed to validate connection com.mysql.cj.jdbc.ConnectionImpl@6d4a5780 (No operations allowed after connection closed.). Possibly consider using a shorter maxLifetime value.
2026-09-15 12:05:45 [HikariPool-1:housekeeper] WARN  com.zaxxer.hikari.pool.PoolBase - HikariPool-1 - Failed to validate connection com.mysql.cj.jdbc.ConnectionImpl@65aa3187 (No operations allowed after connection closed.). Possibly consider using a shorter maxLifetime value.
2026-09-15 12:07:25 [HikariPool-1:housekeeper] WARN  com.zaxxer.hikari.pool.PoolBase - HikariPool-1 - Failed to validate connection com.mysql.cj.jdbc.ConnectionImpl@13a2b5db (No operations allowed after connection closed.). Possibly consider using a shorter maxLifetime value.
2026-09-15 12:07:42 [HikariPool-1:housekeeper] WARN  com.zaxxer.hikari.pool.PoolBase - HikariPool-1 - Failed to validate connection com.mysql.cj.jdbc.ConnectionImpl@1bde35f3 (No operations allowed after connection closed.). Possibly consider using a shorter maxLifetime value.
2026-09-15 12:09:04 [HikariPool-1:housekeeper] WARN  com.zaxxer.hikari.pool.PoolBase - HikariPool-1 - Failed to validate connection com.mysql.cj.jdbc.ConnectionImpl@6947a4cf (No operations allowed after connection closed.). Possibly consider using a shorter maxLifetime value.
2026-09-15 12:09:30 [HikariPool-1:housekeeper] WARN  com.zaxxer.hikari.pool.PoolBase - HikariPool-1 - Failed to validate connection com.mysql.cj.jdbc.ConnectionImpl@4c23fed5 (No operations allowed after connection closed.). Possibly consider using a shorter maxLifetime value.
2026-09-15 12:10:59 [HikariPool-1:housekeeper] WARN  com.zaxxer.hikari.pool.PoolBase - HikariPool-1 - Failed to validate connection com.mysql.cj.jdbc.ConnectionImpl@199e82af (No operations allowed after connection closed.). Possibly consider using a shorter maxLifetime value.
2026-09-15 12:11:08 [HikariPool-1:housekeeper] WARN  com.zaxxer.hikari.pool.PoolBase - HikariPool-1 - Failed to validate connection com.mysql.cj.jdbc.ConnectionImpl@2d75d1cb (No operations allowed after connection closed.). Possibly consider using a shorter maxLifetime value.
2026-09-15 12:12:52 [HikariPool-1:housekeeper] WARN  com.zaxxer.hikari.pool.PoolBase - HikariPool-1 - Failed to validate connection com.mysql.cj.jdbc.ConnectionImpl@541cc768 (No operations allowed after connection closed.). Possibly consider using a shorter maxLifetime value.
2026-09-15 12:13:04 [HikariPool-1:housekeeper] WARN  com.zaxxer.hikari.pool.PoolBase - HikariPool-1 - Failed to validate connection com.mysql.cj.jdbc.ConnectionImpl@339f5b4e (No operations allowed after connection closed.). Possibly consider using a shorter maxLifetime value.
2026-09-15 12:14:33 [HikariPool-1:housekeeper] WARN  com.zaxxer.hikari.pool.PoolBase - HikariPool-1 - Failed to validate connection com.mysql.cj.jdbc.ConnectionImpl@6d14b501 (No operations allowed after connection closed.). Possibly consider using a shorter maxLifetime value.
2026-09-15 12:14:59 [HikariPool-1:housekeeper] WARN  com.zaxxer.hikari.pool.PoolBase - HikariPool-1 - Failed to validate connection com.mysql.cj.jdbc.ConnectionImpl@2d0e6a79 (No operations allowed after connection closed.). Possibly consider using a shorter maxLifetime value.
2026-09-15 12:15:03 [http-nio-8080-exec-5] INFO  c.e.Docgen_Backend.config.JwtFilter - JWT validated successfully for userId=6a82a98a13421d60d7e0e553
2026-09-15 12:15:03 [http-nio-8080-exec-5] INFO  c.e.D.controller.UserController - PATCH /api/v2/users/217 - Update request received for employeeId=TEST0336
2026-09-15 12:15:03 [http-nio-8080-exec-5] DEBUG c.e.D.controller.UserController - Update payload: CreateProfileRequest(employeeName=Test User Three, email=prathamesh69bhavsar@gmail.com, mobileNo=8007454299, employeeId=TEST0336, joiningDesignation=Java developer, currentDesignation=Full Stack Developer, department=IT, currentAddress=N-42,VD-1/3/1,Sawta Nager,Cidco,Trimurti Chowk, permanentAddress=Pune, Maharashtra, accountNo=2568108019550, bankName=AU Small Finance Bank, joiningCTC=500000.0, currentCTC=970000.0, dateOfBirth=1212-12-12, offerDate=2026-11-12, joiningDate=2026-11-22, panNo=GFZPS5853Q, company=SSS, pfType=WITH_PF, identity=MR, documents=[FULL_AND_FINAL, SALARY_SLIP], documentData={FULL_AND_FINAL={fnfDate=2000-11-12, issueDate=2000-11-12, month=2026-12, resignationDate=2001-11-12, leavingDate=2020-11-12, paidDays=16, totalDaysInMonth=31}, SALARY_SLIP={startMonth=2026-08, endMonth=2026-08, salaryWorkdays={2026-08=31}}})
2026-09-15 12:15:03 [http-nio-8080-exec-5] WARN  com.zaxxer.hikari.pool.PoolBase - HikariPool-1 - Failed to validate connection com.mysql.cj.jdbc.ConnectionImpl@3e48c546 (No operations allowed after connection closed.). Possibly consider using a shorter maxLifetime value.
2026-09-15 12:15:03 [http-nio-8080-exec-5] INFO  c.e.D.service.impl.UserServiceImpl - Updating user profile | userId=217 | employeeId=TEST0336
2026-09-15 12:15:03 [http-nio-8080-exec-5] DEBUG c.e.D.service.impl.UserServiceImpl - Existing user fetched | userId=217 | oldEmployeeId=TEST0336
2026-09-15 12:15:03 [http-nio-8080-exec-5] DEBUG c.e.D.service.impl.UserServiceImpl - Updating documents | userId=217
2026-09-15 12:15:03 [http-nio-8080-exec-5] INFO  c.e.D.service.impl.UserServiceImpl - User profile updated successfully | userId=217 | timeTaken=408ms
2026-09-15 12:15:03 [http-nio-8080-exec-5] INFO  c.e.D.controller.UserController - Profile updated successfully for userId=217, employeeId=TEST0336
2026-09-15 12:16:43 [HikariPool-1:housekeeper] WARN  com.zaxxer.hikari.pool.PoolBase - HikariPool-1 - Failed to validate connection com.mysql.cj.jdbc.ConnectionImpl@325c7ec1 (No operations allowed after connection closed.). Possibly consider using a shorter maxLifetime value.
2026-09-15 12:16:56 [HikariPool-1:housekeeper] WARN  com.zaxxer.hikari.pool.PoolBase - HikariPool-1 - Failed to validate connection com.mysql.cj.jdbc.ConnectionImpl@18eda1f8 (No operations allowed after connection closed.). Possibly consider using a shorter maxLifetime value.
2026-09-15 12:18:19 [HikariPool-1:housekeeper] WARN  com.zaxxer.hikari.pool.PoolBase - HikariPool-1 - Failed to validate connection com.mysql.cj.jdbc.ConnectionImpl@708663f5 (No operations allowed after connection closed.). Possibly consider using a shorter maxLifetime value.
2026-09-15 12:18:50 [HikariPool-1:housekeeper] WARN  com.zaxxer.hikari.pool.PoolBase - HikariPool-1 - Failed to validate connection com.mysql.cj.jdbc.ConnectionImpl@317c1939 (No operations allowed after connection closed.). Possibly consider using a shorter maxLifetime value.
2026-09-15 12:20:04 [HikariPool-1:housekeeper] WARN  com.zaxxer.hikari.pool.PoolBase - HikariPool-1 - Failed to validate connection com.mysql.cj.jdbc.ConnectionImpl@3e4ca724 (No operations allowed after connection closed.). Possibly consider using a shorter maxLifetime value.
2026-09-15 12:20:42 [HikariPool-1:housekeeper] WARN  com.zaxxer.hikari.pool.PoolBase - HikariPool-1 - Failed to validate connection com.mysql.cj.jdbc.ConnectionImpl@77ca4017 (No operations allowed after connection closed.). Possibly consider using a shorter maxLifetime value.
2026-09-15 12:21:53 [HikariPool-1:housekeeper] WARN  com.zaxxer.hikari.pool.PoolBase - HikariPool-1 - Failed to validate connection com.mysql.cj.jdbc.ConnectionImpl@666d5277 (No operations allowed after connection closed.). Possibly consider using a shorter maxLifetime value.
2026-09-15 12:22:28 [HikariPool-1:housekeeper] WARN  com.zaxxer.hikari.pool.PoolBase - HikariPool-1 - Failed to validate connection com.mysql.cj.jdbc.ConnectionImpl@14fab53d (No operations allowed after connection closed.). Possibly consider using a shorter maxLifetime value.
2026-09-15 12:23:42 [HikariPool-1:housekeeper] WARN  com.zaxxer.hikari.pool.PoolBase - HikariPool-1 - Failed to validate connection com.mysql.cj.jdbc.ConnectionImpl@38509a10 (No operations allowed after connection closed.). Possibly consider using a shorter maxLifetime value.
2026-09-15 12:24:05 [HikariPool-1:housekeeper] WARN  com.zaxxer.hikari.pool.PoolBase - HikariPool-1 - Failed to validate connection com.mysql.cj.jdbc.ConnectionImpl@64c51ca1 (No operations allowed after connection closed.). Possibly consider using a shorter maxLifetime value.
2026-09-15 12:25:36 [HikariPool-1:housekeeper] WARN  com.zaxxer.hikari.pool.PoolBase - HikariPool-1 - Failed to validate connection com.mysql.cj.jdbc.ConnectionImpl@783b206a (No operations allowed after connection closed.). Possibly consider using a shorter maxLifetime value.
2026-09-15 12:25:46 [HikariPool-1:housekeeper] WARN  com.zaxxer.hikari.pool.PoolBase - HikariPool-1 - Failed to validate connection com.mysql.cj.jdbc.ConnectionImpl@292e2d45 (No operations allowed after connection closed.). Possibly consider using a shorter maxLifetime value.
2026-09-15 12:27:24 [HikariPool-1:housekeeper] WARN  com.zaxxer.hikari.pool.PoolBase - HikariPool-1 - Failed to validate connection com.mysql.cj.jdbc.ConnectionImpl@71de48b0 (No operations allowed after connection closed.). Possibly consider using a shorter maxLifetime value.
2026-09-15 12:27:27 [HikariPool-1:housekeeper] WARN  com.zaxxer.hikari.pool.PoolBase - HikariPool-1 - Failed to validate connection com.mysql.cj.jdbc.ConnectionImpl@5c5f3ace (No operations allowed after connection closed.). Possibly consider using a shorter maxLifetime value.
2026-09-15 12:29:16 [HikariPool-1:housekeeper] WARN  com.zaxxer.hikari.pool.PoolBase - HikariPool-1 - Failed to validate connection com.mysql.cj.jdbc.ConnectionImpl@342529fd (No operations allowed after connection closed.). Possibly consider using a shorter maxLifetime value.
2026-09-15 12:29:17 [HikariPool-1:housekeeper] WARN  com.zaxxer.hikari.pool.PoolBase - HikariPool-1 - Failed to validate connection com.mysql.cj.jdbc.ConnectionImpl@28393aab (No operations allowed after connection closed.). Possibly consider using a shorter maxLifetime value.
2026-09-15 12:30:54 [HikariPool-1:housekeeper] WARN  com.zaxxer.hikari.pool.PoolBase - HikariPool-1 - Failed to validate connection com.mysql.cj.jdbc.ConnectionImpl@d95fc28 (No operations allowed after connection closed.). Possibly consider using a shorter maxLifetime value.
2026-09-15 12:31:03 [HikariPool-1:housekeeper] WARN  com.zaxxer.hikari.pool.PoolBase - HikariPool-1 - Failed to validate connection com.mysql.cj.jdbc.ConnectionImpl@4ce3fdcf (No operations allowed after connection closed.). Possibly consider using a shorter maxLifetime value.
2026-09-15 12:32:41 [HikariPool-1:housekeeper] WARN  com.zaxxer.hikari.pool.PoolBase - HikariPool-1 - Failed to validate connection com.mysql.cj.jdbc.ConnectionImpl@d6d0794 (No operations allowed after connection closed.). Possibly consider using a shorter maxLifetime value.
2026-09-15 12:32:53 [HikariPool-1:housekeeper] WARN  com.zaxxer.hikari.pool.PoolBase - HikariPool-1 - Failed to validate connection com.mysql.cj.jdbc.ConnectionImpl@579585 (No operations allowed after connection closed.). Possibly consider using a shorter maxLifetime value.
2026-09-15 12:34:20 [HikariPool-1:housekeeper] WARN  com.zaxxer.hikari.pool.PoolBase - HikariPool-1 - Failed to validate connection com.mysql.cj.jdbc.ConnectionImpl@2f2c5073 (No operations allowed after connection closed.). Possibly consider using a shorter maxLifetime value.
2026-09-15 12:34:37 [HikariPool-1:housekeeper] WARN  com.zaxxer.hikari.pool.PoolBase - HikariPool-1 - Failed to validate connection com.mysql.cj.jdbc.ConnectionImpl@5169c87e (No operations allowed after connection closed.). Possibly consider using a shorter maxLifetime value.
2026-09-15 12:36:13 [HikariPool-1:housekeeper] WARN  com.zaxxer.hikari.pool.PoolBase - HikariPool-1 - Failed to validate connection com.mysql.cj.jdbc.ConnectionImpl@13e4e99c (No operations allowed after connection closed.). Possibly consider using a shorter maxLifetime value.
2026-09-15 12:36:16 [HikariPool-1:housekeeper] WARN  com.zaxxer.hikari.pool.PoolBase - HikariPool-1 - Failed to validate connection com.mysql.cj.jdbc.ConnectionImpl@15f9d217 (No operations allowed after connection closed.). Possibly consider using a shorter maxLifetime value.
2026-09-15 12:37:54 [HikariPool-1:housekeeper] WARN  com.zaxxer.hikari.pool.PoolBase - HikariPool-1 - Failed to validate connection com.mysql.cj.jdbc.ConnectionImpl@7f3ad472 (No operations allowed after connection closed.). Possibly consider using a shorter maxLifetime value.
2026-09-15 12:37:57 [HikariPool-1:housekeeper] WARN  com.zaxxer.hikari.pool.PoolBase - HikariPool-1 - Failed to validate connection com.mysql.cj.jdbc.ConnectionImpl@278ea67d (No operations allowed after connection closed.). Possibly consider using a shorter maxLifetime value.
2026-09-15 12:39:37 [HikariPool-1:housekeeper] WARN  com.zaxxer.hikari.pool.PoolBase - HikariPool-1 - Failed to validate connection com.mysql.cj.jdbc.ConnectionImpl@7c3ca1f1 (No operations allowed after connection closed.). Possibly consider using a shorter maxLifetime value.
2026-09-15 12:39:48 [HikariPool-1:housekeeper] WARN  com.zaxxer.hikari.pool.PoolBase - HikariPool-1 - Failed to validate connection com.mysql.cj.jdbc.ConnectionImpl@2d82e59b (No operations allowed after connection closed.). Possibly consider using a shorter maxLifetime value.
2026-09-15 12:41:25 [HikariPool-1:housekeeper] WARN  com.zaxxer.hikari.pool.PoolBase - HikariPool-1 - Failed to validate connection com.mysql.cj.jdbc.ConnectionImpl@6647062d (No operations allowed after connection closed.). Possibly consider using a shorter maxLifetime value.
2026-09-15 12:41:29 [HikariPool-1:housekeeper] WARN  com.zaxxer.hikari.pool.PoolBase - HikariPool-1 - Failed to validate connection com.mysql.cj.jdbc.ConnectionImpl@6af3766c (No operations allowed after connection closed.). Possibly consider using a shorter maxLifetime value.
2026-09-15 12:43:23 [HikariPool-1:housekeeper] WARN  com.zaxxer.hikari.pool.PoolBase - HikariPool-1 - Failed to validate connection com.mysql.cj.jdbc.ConnectionImpl@7d114df9 (No operations allowed after connection closed.). Possibly consider using a shorter maxLifetime value.
2026-09-15 12:43:29 [HikariPool-1:housekeeper] WARN  com.zaxxer.hikari.pool.PoolBase - HikariPool-1 - Failed to validate connection com.mysql.cj.jdbc.ConnectionImpl@4c4f0876 (No operations allowed after connection closed.). Possibly consider using a shorter maxLifetime value.
2026-09-15 12:45:09 [HikariPool-1:housekeeper] WARN  com.zaxxer.hikari.pool.PoolBase - HikariPool-1 - Failed to validate connection com.mysql.cj.jdbc.ConnectionImpl@4a77ab56 (No operations allowed after connection closed.). Possibly consider using a shorter maxLifetime value.
2026-09-15 12:45:20 [HikariPool-1:housekeeper] WARN  com.zaxxer.hikari.pool.PoolBase - HikariPool-1 - Failed to validate connection com.mysql.cj.jdbc.ConnectionImpl@174ff12a (No operations allowed after connection closed.). Possibly consider using a shorter maxLifetime value.
2026-09-15 12:46:46 [HikariPool-1:housekeeper] WARN  com.zaxxer.hikari.pool.PoolBase - HikariPool-1 - Failed to validate connection com.mysql.cj.jdbc.ConnectionImpl@2f98637c (No operations allowed after connection closed.). Possibly consider using a shorter maxLifetime value.
2026-09-15 12:47:06 [HikariPool-1:housekeeper] WARN  com.zaxxer.hikari.pool.PoolBase - HikariPool-1 - Failed to validate connection com.mysql.cj.jdbc.ConnectionImpl@5ed47d50 (No operations allowed after connection closed.). Possibly consider using a shorter maxLifetime value.
2026-09-15 12:47:37 [SpringApplicationShutdownHook] INFO  o.s.boot.tomcat.GracefulShutdown - Commencing graceful shutdown. Waiting for active requests to complete
2026-09-15 12:47:37 [tomcat-shutdown] INFO  o.s.boot.tomcat.GracefulShutdown - Graceful shutdown complete
2026-09-15 12:47:38 [SpringApplicationShutdownHook] INFO  o.s.o.j.LocalContainerEntityManagerFactoryBean - Closing JPA EntityManagerFactory for persistence unit 'default'
2026-09-15 12:47:38 [SpringApplicationShutdownHook] INFO  com.zaxxer.hikari.HikariDataSource - HikariPool-1 - Shutdown initiated...
2026-09-15 12:47:38 [SpringApplicationShutdownHook] INFO  com.zaxxer.hikari.HikariDataSource - HikariPool-1 - Shutdown completed.
2026-09-15 12:47:43 [background-preinit] INFO  o.h.validator.internal.util.Version - HV000001: Hibernate Validator 9.0.1.Final
2026-09-15 12:47:43 [restartedMain] INFO  c.e.D.DocgenBackendApplication - Starting DocgenBackendApplication using Java 21.0.9 with PID 10220 (E:\DocGen New Front\Docgen-Backend\target\classes started by prath in E:\DocGen New Front\Docgen-Backend)
2026-09-15 12:47:43 [restartedMain] DEBUG c.e.D.DocgenBackendApplication - Running with Spring Boot v4.0.6, Spring v7.0.7
2026-09-15 12:47:43 [restartedMain] INFO  c.e.D.DocgenBackendApplication - No active profile set, falling back to 1 default profile: "default"
2026-09-15 12:47:43 [restartedMain] INFO  o.s.b.d.e.DevToolsPropertyDefaultsPostProcessor - Devtools property defaults active! Set 'spring.devtools.add-properties' to 'false' to disable
2026-09-15 12:47:43 [restartedMain] INFO  o.s.b.d.e.DevToolsPropertyDefaultsPostProcessor - For additional web related logging consider setting the 'logging.level.web' property to 'DEBUG'
2026-09-15 12:47:44 [restartedMain] INFO  o.s.d.r.c.RepositoryConfigurationDelegate - Bootstrapping Spring Data JPA repositories in DEFAULT mode.
2026-09-15 12:47:44 [restartedMain] INFO  o.s.d.r.c.RepositoryConfigurationDelegate - Finished Spring Data repository scanning in 49 ms. Found 3 JPA repository interfaces.
2026-09-15 12:47:44 [restartedMain] INFO  o.s.boot.tomcat.TomcatWebServer - Tomcat initialized with port 8080 (http)
2026-09-15 12:47:44 [restartedMain] INFO  o.a.coyote.http11.Http11NioProtocol - Initializing ProtocolHandler ["http-nio-8080"]
2026-09-15 12:47:44 [restartedMain] INFO  o.a.catalina.core.StandardService - Starting service [Tomcat]
2026-09-15 12:47:44 [restartedMain] INFO  o.a.catalina.core.StandardEngine - Starting Servlet engine: [Apache Tomcat/11.0.21]
2026-09-15 12:47:44 [restartedMain] INFO  o.s.b.w.c.s.WebApplicationContextInitializer - Root WebApplicationContext: initialization completed in 1351 ms
2026-09-15 12:47:44 [restartedMain] DEBUG c.e.Docgen_Backend.config.JwtFilter - Filter 'jwtFilter' configured for use
2026-09-15 12:47:44 [restartedMain] INFO  org.hibernate.orm.jpa - HHH008540: Processing PersistenceUnitInfo [name: default]
2026-09-15 12:47:45 [restartedMain] INFO  org.hibernate.orm.core - HHH000001: Hibernate ORM core version 7.2.12.Final
2026-09-15 12:47:45 [restartedMain] INFO  o.s.o.j.p.SpringPersistenceUnitInfo - No LoadTimeWeaver setup: ignoring JPA class transformer
2026-09-15 12:47:45 [restartedMain] INFO  com.zaxxer.hikari.HikariDataSource - HikariPool-1 - Starting...
2026-09-15 12:47:45 [restartedMain] INFO  com.zaxxer.hikari.pool.HikariPool - HikariPool-1 - Added connection com.mysql.cj.jdbc.ConnectionImpl@2451f9d2
2026-09-15 12:47:45 [restartedMain] INFO  com.zaxxer.hikari.HikariDataSource - HikariPool-1 - Start completed.
2026-09-15 12:47:46 [restartedMain] WARN  org.hibernate.orm.jdbc - HHH100045: Could not obtain connection metadata: java.sql.SQLSyntaxErrorException: Unknown column 'RESERVED' in 'WHERE'
2026-09-15 12:47:46 [restartedMain] WARN  org.hibernate.orm.deprecation - HHH90000025: MySQLDialect does not need to be specified explicitly using 'hibernate.dialect' (remove the property setting and it will be selected by default)
2026-09-15 12:47:46 [restartedMain] INFO  o.hibernate.orm.connections.pooling - HHH10001005: Database info:
	Database JDBC URL [undefined/unknown]
	Database driver: undefined/unknown
	Database dialect: MySQLDialect
	Database version: 8.0
	Default catalog/schema: unknown/unknown
	Autocommit mode: undefined/unknown
	Isolation level: NONE [default NONE]
	JDBC fetch size: undefined/unknown
	Pool: DataSourceConnectionProvider
	Minimum pool size: undefined/unknown
	Maximum pool size: undefined/unknown
2026-09-15 12:47:47 [restartedMain] INFO  org.hibernate.orm.core - HHH000489: No JTA platform available (set 'hibernate.transaction.jta.platform' to enable JTA platform integration)
2026-09-15 12:47:53 [restartedMain] INFO  o.s.o.j.LocalContainerEntityManagerFactoryBean - Initialized JPA EntityManagerFactory for persistence unit 'default'
2026-09-15 12:47:53 [restartedMain] INFO  o.s.d.j.r.q.QueryEnhancerFactories - Hibernate is in classpath; If applicable, HQL parser will be used.
2026-09-15 12:47:53 [restartedMain] INFO  o.s.s.c.a.a.c.InitializeUserDetailsBeanManagerConfigurer$InitializeUserDetailsManagerConfigurer - Global AuthenticationManager configured with UserDetailsService bean with name customUserDetailsService
2026-09-15 12:47:53 [restartedMain] INFO  o.a.coyote.http11.Http11NioProtocol - Starting ProtocolHandler ["http-nio-8080"]
2026-09-15 12:47:53 [restartedMain] INFO  o.s.boot.tomcat.TomcatWebServer - Tomcat started on port 8080 (http) with context path '/'
2026-09-15 12:47:53 [restartedMain] INFO  c.e.D.DocgenBackendApplication - Started DocgenBackendApplication in 10.976 seconds (process running for 11.519)
2026-09-15 12:48:07 [http-nio-8080-exec-2] INFO  o.a.c.c.C.[Tomcat].[localhost].[/] - Initializing Spring DispatcherServlet 'dispatcherServlet'
2026-09-15 12:48:07 [http-nio-8080-exec-2] INFO  o.s.web.servlet.DispatcherServlet - Initializing Servlet 'dispatcherServlet'
2026-09-15 12:48:07 [http-nio-8080-exec-2] INFO  o.s.web.servlet.DispatcherServlet - Completed initialization in 2 ms
2026-09-15 12:48:07 [http-nio-8080-exec-3] INFO  c.e.Docgen_Backend.config.JwtFilter - JWT validated successfully for userId=6a82a98a13421d60d7e0e553
2026-09-15 12:48:11 [http-nio-8080-exec-4] INFO  c.e.Docgen_Backend.config.JwtFilter - JWT validated successfully for userId=6a82a98a13421d60d7e0e553
2026-09-15 12:48:13 [http-nio-8080-exec-7] INFO  c.e.Docgen_Backend.config.JwtFilter - JWT validated successfully for userId=6a82a98a13421d60d7e0e553
2026-09-15 12:48:13 [http-nio-8080-exec-7] INFO  c.e.D.controller.UserController - GET /api/v2/users/217 - Fetch request received
2026-09-15 12:48:13 [http-nio-8080-exec-7] WARN  com.zaxxer.hikari.pool.PoolBase - HikariPool-1 - Failed to validate connection com.mysql.cj.jdbc.ConnectionImpl@65ae0605 (No operations allowed after connection closed.). Possibly consider using a shorter maxLifetime value.
2026-09-15 12:48:13 [http-nio-8080-exec-7] WARN  com.zaxxer.hikari.pool.PoolBase - HikariPool-1 - Failed to validate connection com.mysql.cj.jdbc.ConnectionImpl@3e48c546 (No operations allowed after connection closed.). Possibly consider using a shorter maxLifetime value.
2026-09-15 12:48:14 [http-nio-8080-exec-7] INFO  c.e.D.service.impl.UserServiceImpl - Fetching user profile for edit | userId=217 | requestedBy=6a82a98a13421d60d7e0e553
2026-09-15 12:48:14 [http-nio-8080-exec-7] DEBUG c.e.D.service.impl.UserServiceImpl - User found | userId=217 | employeeId=TEST0336
2026-09-15 12:48:14 [http-nio-8080-exec-7] INFO  c.e.D.service.impl.UserServiceImpl - User profile fetched successfully | userId=217 | timeTaken=472ms
2026-09-15 12:48:14 [http-nio-8080-exec-7] INFO  c.e.D.controller.UserController - Profile fetched successfully for userId=217
2026-09-15 12:48:14 [http-nio-8080-exec-7] DEBUG c.e.D.controller.UserController - Fetched profile data: UserProfileResponseDTO(id=217, employeeName=Test User Three, employeeId=TEST0336, email=prathamesh69bhavsar@gmail.com, mobileNo=8007454299, joiningDesignation=Java developer, currentDesignation=Full Stack Developer, department=IT, company=SSS, identity=MR, pfType=WITH_PF, accountNo=2568108019550, bankName=AU Small Finance Bank, currentAddress=N-42,VD-1/3/1,Sawta Nager,Cidco,Trimurti Chowk, permanentAddress=Pune, Maharashtra, joiningCTC=500000.0, currentCTC=970000.0, dateOfBirth=1212-12-12, offerDate=2026-11-12, joiningDate=2026-11-22, panNo=GFZPS5853Q, createdAt=null, documents={APPOINTMENT_LETTER=DocumentResponseDTO(generated=false, data=null), INTERNSHIP_LETTER=DocumentResponseDTO(generated=false, data=null), EXPERIENCE_LETTER=DocumentResponseDTO(generated=false, data=null), FULL_AND_FINAL=DocumentResponseDTO(generated=true, data={fnfDate=2000-11-12, totalDaysInMonth=31, month=2026-12, issueDate=2000-11-12, resignationDate=2001-11-12, paidDays=16, leavingDate=2020-11-12}), CONFIRMATION_LETTER=DocumentResponseDTO(generated=false, data=null), INCREMENT_LETTER=DocumentResponseDTO(generated=false, data=null), RELIEVING_LETTER=DocumentResponseDTO(generated=false, data=null), SALARY_SLIP=DocumentResponseDTO(generated=true, data={startMonth=2026-08, endMonth=2026-08}), COMPLETION_LETTER=DocumentResponseDTO(generated=false, data=null), OFFER_LETTER=DocumentResponseDTO(generated=false, data=null)})
2026-09-15 12:48:14 [http-nio-8080-exec-8] INFO  c.e.Docgen_Backend.config.JwtFilter - JWT validated successfully for userId=6a82a98a13421d60d7e0e553
2026-09-15 12:48:14 [http-nio-8080-exec-8] INFO  c.e.D.controller.UserController - GET /api/v2/users/217 - Fetch request received
2026-09-15 12:48:14 [http-nio-8080-exec-8] INFO  c.e.D.service.impl.UserServiceImpl - Fetching user profile for edit | userId=217 | requestedBy=6a82a98a13421d60d7e0e553
2026-09-15 12:48:14 [http-nio-8080-exec-8] DEBUG c.e.D.service.impl.UserServiceImpl - User found | userId=217 | employeeId=TEST0336
2026-09-15 12:48:15 [http-nio-8080-exec-8] INFO  c.e.D.service.impl.UserServiceImpl - User profile fetched successfully | userId=217 | timeTaken=395ms
2026-09-15 12:48:15 [http-nio-8080-exec-8] INFO  c.e.D.controller.UserController - Profile fetched successfully for userId=217
2026-09-15 12:48:15 [http-nio-8080-exec-8] DEBUG c.e.D.controller.UserController - Fetched profile data: UserProfileResponseDTO(id=217, employeeName=Test User Three, employeeId=TEST0336, email=prathamesh69bhavsar@gmail.com, mobileNo=8007454299, joiningDesignation=Java developer, currentDesignation=Full Stack Developer, department=IT, company=SSS, identity=MR, pfType=WITH_PF, accountNo=2568108019550, bankName=AU Small Finance Bank, currentAddress=N-42,VD-1/3/1,Sawta Nager,Cidco,Trimurti Chowk, permanentAddress=Pune, Maharashtra, joiningCTC=500000.0, currentCTC=970000.0, dateOfBirth=1212-12-12, offerDate=2026-11-12, joiningDate=2026-11-22, panNo=GFZPS5853Q, createdAt=null, documents={APPOINTMENT_LETTER=DocumentResponseDTO(generated=false, data=null), INTERNSHIP_LETTER=DocumentResponseDTO(generated=false, data=null), EXPERIENCE_LETTER=DocumentResponseDTO(generated=false, data=null), FULL_AND_FINAL=DocumentResponseDTO(generated=true, data={fnfDate=2000-11-12, totalDaysInMonth=31, month=2026-12, issueDate=2000-11-12, resignationDate=2001-11-12, paidDays=16, leavingDate=2020-11-12}), CONFIRMATION_LETTER=DocumentResponseDTO(generated=false, data=null), INCREMENT_LETTER=DocumentResponseDTO(generated=false, data=null), RELIEVING_LETTER=DocumentResponseDTO(generated=false, data=null), SALARY_SLIP=DocumentResponseDTO(generated=true, data={startMonth=2026-08, endMonth=2026-08}), COMPLETION_LETTER=DocumentResponseDTO(generated=false, data=null), OFFER_LETTER=DocumentResponseDTO(generated=false, data=null)})
2026-09-15 12:49:35 [HikariPool-1:housekeeper] WARN  com.zaxxer.hikari.pool.PoolBase - HikariPool-1 - Failed to validate connection com.mysql.cj.jdbc.ConnectionImpl@2451f9d2 (No operations allowed after connection closed.). Possibly consider using a shorter maxLifetime value.
2026-09-15 12:49:50 [HikariPool-1:housekeeper] WARN  com.zaxxer.hikari.pool.PoolBase - HikariPool-1 - Failed to validate connection com.mysql.cj.jdbc.ConnectionImpl@1a8360fc (No operations allowed after connection closed.). Possibly consider using a shorter maxLifetime value.
2026-09-15 12:49:58 [HikariPool-1:housekeeper] WARN  com.zaxxer.hikari.pool.PoolBase - HikariPool-1 - Failed to validate connection com.mysql.cj.jdbc.ConnectionImpl@6287bd4e (No operations allowed after connection closed.). Possibly consider using a shorter maxLifetime value.
2026-09-15 12:50:03 [HikariPool-1:housekeeper] WARN  com.zaxxer.hikari.pool.PoolBase - HikariPool-1 - Failed to validate connection com.mysql.cj.jdbc.ConnectionImpl@45eab27c (No operations allowed after connection closed.). Possibly consider using a shorter maxLifetime value.
2026-09-15 12:51:48 [HikariPool-1:housekeeper] WARN  com.zaxxer.hikari.pool.PoolBase - HikariPool-1 - Failed to validate connection com.mysql.cj.jdbc.ConnectionImpl@26317065 (No operations allowed after connection closed.). Possibly consider using a shorter maxLifetime value.
2026-09-15 12:52:01 [HikariPool-1:housekeeper] WARN  com.zaxxer.hikari.pool.PoolBase - HikariPool-1 - Failed to validate connection com.mysql.cj.jdbc.ConnectionImpl@4021864b (No operations allowed after connection closed.). Possibly consider using a shorter maxLifetime value.
2026-09-15 12:53:42 [HikariPool-1:housekeeper] WARN  com.zaxxer.hikari.pool.PoolBase - HikariPool-1 - Failed to validate connection com.mysql.cj.jdbc.ConnectionImpl@7d574555 (No operations allowed after connection closed.). Possibly consider using a shorter maxLifetime value.
2026-09-15 12:53:57 [HikariPool-1:housekeeper] WARN  com.zaxxer.hikari.pool.PoolBase - HikariPool-1 - Failed to validate connection com.mysql.cj.jdbc.ConnectionImpl@564d62cc (No operations allowed after connection closed.). Possibly consider using a shorter maxLifetime value.
2026-09-15 12:55:18 [HikariPool-1:housekeeper] WARN  com.zaxxer.hikari.pool.PoolBase - HikariPool-1 - Failed to validate connection com.mysql.cj.jdbc.ConnectionImpl@481be06 (No operations allowed after connection closed.). Possibly consider using a shorter maxLifetime value.
2026-09-15 12:55:46 [HikariPool-1:housekeeper] WARN  com.zaxxer.hikari.pool.PoolBase - HikariPool-1 - Failed to validate connection com.mysql.cj.jdbc.ConnectionImpl@369a70c8 (No operations allowed after connection closed.). Possibly consider using a shorter maxLifetime value.
2026-09-15 12:57:11 [HikariPool-1:housekeeper] WARN  com.zaxxer.hikari.pool.PoolBase - HikariPool-1 - Failed to validate connection com.mysql.cj.jdbc.ConnectionImpl@2575ff35 (No operations allowed after connection closed.). Possibly consider using a shorter maxLifetime value.
2026-09-15 12:57:45 [HikariPool-1:housekeeper] WARN  com.zaxxer.hikari.pool.PoolBase - HikariPool-1 - Failed to validate connection com.mysql.cj.jdbc.ConnectionImpl@2ad9911e (No operations allowed after connection closed.). Possibly consider using a shorter maxLifetime value.
2026-09-15 12:59:06 [HikariPool-1:housekeeper] WARN  com.zaxxer.hikari.pool.PoolBase - HikariPool-1 - Failed to validate connection com.mysql.cj.jdbc.ConnectionImpl@64bf8329 (No operations allowed after connection closed.). Possibly consider using a shorter maxLifetime value.
2026-09-15 12:59:29 [HikariPool-1:housekeeper] WARN  com.zaxxer.hikari.pool.PoolBase - HikariPool-1 - Failed to validate connection com.mysql.cj.jdbc.ConnectionImpl@48c21eb9 (No operations allowed after connection closed.). Possibly consider using a shorter maxLifetime value.
2026-09-15 13:01:02 [HikariPool-1:housekeeper] WARN  com.zaxxer.hikari.pool.PoolBase - HikariPool-1 - Failed to validate connection com.mysql.cj.jdbc.ConnectionImpl@74cdc7e4 (No operations allowed after connection closed.). Possibly consider using a shorter maxLifetime value.
2026-09-15 13:01:14 [SpringApplicationShutdownHook] INFO  o.s.boot.tomcat.GracefulShutdown - Commencing graceful shutdown. Waiting for active requests to complete
2026-09-15 13:01:14 [tomcat-shutdown] INFO  o.s.boot.tomcat.GracefulShutdown - Graceful shutdown complete
2026-09-15 13:01:14 [SpringApplicationShutdownHook] INFO  o.s.o.j.LocalContainerEntityManagerFactoryBean - Closing JPA EntityManagerFactory for persistence unit 'default'
2026-09-15 13:01:15 [SpringApplicationShutdownHook] INFO  com.zaxxer.hikari.HikariDataSource - HikariPool-1 - Shutdown initiated...
2026-09-15 13:01:15 [SpringApplicationShutdownHook] INFO  com.zaxxer.hikari.HikariDataSource - HikariPool-1 - Shutdown completed.
2026-09-15 14:18:12 [background-preinit] INFO  o.h.validator.internal.util.Version - HV000001: Hibernate Validator 9.0.1.Final
2026-09-15 14:18:12 [restartedMain] INFO  c.e.D.DocgenBackendApplication - Starting DocgenBackendApplication using Java 21.0.9 with PID 29580 (E:\DocGen New Front\Docgen-Backend\target\classes started by prath in E:\DocGen New Front\Docgen-Backend)
2026-09-15 14:18:12 [restartedMain] DEBUG c.e.D.DocgenBackendApplication - Running with Spring Boot v4.0.6, Spring v7.0.7
2026-09-15 14:18:12 [restartedMain] INFO  c.e.D.DocgenBackendApplication - No active profile set, falling back to 1 default profile: "default"
2026-09-15 14:18:12 [restartedMain] INFO  o.s.b.d.e.DevToolsPropertyDefaultsPostProcessor - Devtools property defaults active! Set 'spring.devtools.add-properties' to 'false' to disable
2026-09-15 14:18:12 [restartedMain] INFO  o.s.b.d.e.DevToolsPropertyDefaultsPostProcessor - For additional web related logging consider setting the 'logging.level.web' property to 'DEBUG'
2026-09-15 14:18:13 [restartedMain] INFO  o.s.d.r.c.RepositoryConfigurationDelegate - Bootstrapping Spring Data JPA repositories in DEFAULT mode.
2026-09-15 14:18:13 [restartedMain] INFO  o.s.d.r.c.RepositoryConfigurationDelegate - Finished Spring Data repository scanning in 76 ms. Found 3 JPA repository interfaces.
2026-09-15 14:18:14 [restartedMain] INFO  o.s.boot.tomcat.TomcatWebServer - Tomcat initialized with port 8080 (http)
2026-09-15 14:18:14 [restartedMain] INFO  o.a.coyote.http11.Http11NioProtocol - Initializing ProtocolHandler ["http-nio-8080"]
2026-09-15 14:18:14 [restartedMain] INFO  o.a.catalina.core.StandardService - Starting service [Tomcat]
2026-09-15 14:18:14 [restartedMain] INFO  o.a.catalina.core.StandardEngine - Starting Servlet engine: [Apache Tomcat/11.0.21]
2026-09-15 14:18:14 [restartedMain] INFO  o.s.b.w.c.s.WebApplicationContextInitializer - Root WebApplicationContext: initialization completed in 2094 ms
2026-09-15 14:18:14 [restartedMain] DEBUG c.e.Docgen_Backend.config.JwtFilter - Filter 'jwtFilter' configured for use
2026-09-15 14:18:14 [restartedMain] INFO  org.hibernate.orm.jpa - HHH008540: Processing PersistenceUnitInfo [name: default]
2026-09-15 14:18:14 [restartedMain] INFO  org.hibernate.orm.core - HHH000001: Hibernate ORM core version 7.2.12.Final
2026-09-15 14:18:15 [restartedMain] INFO  o.s.o.j.p.SpringPersistenceUnitInfo - No LoadTimeWeaver setup: ignoring JPA class transformer
2026-09-15 14:18:15 [restartedMain] INFO  com.zaxxer.hikari.HikariDataSource - HikariPool-1 - Starting...
2026-09-15 14:18:17 [restartedMain] INFO  com.zaxxer.hikari.pool.HikariPool - HikariPool-1 - Added connection com.mysql.cj.jdbc.ConnectionImpl@67e02c15
2026-09-15 14:18:17 [restartedMain] INFO  com.zaxxer.hikari.HikariDataSource - HikariPool-1 - Start completed.
2026-09-15 14:18:18 [restartedMain] WARN  org.hibernate.orm.jdbc - HHH100045: Could not obtain connection metadata: java.sql.SQLSyntaxErrorException: Unknown column 'RESERVED' in 'WHERE'
2026-09-15 14:18:18 [restartedMain] WARN  org.hibernate.orm.deprecation - HHH90000025: MySQLDialect does not need to be specified explicitly using 'hibernate.dialect' (remove the property setting and it will be selected by default)
2026-09-15 14:18:18 [restartedMain] INFO  o.hibernate.orm.connections.pooling - HHH10001005: Database info:
	Database JDBC URL [undefined/unknown]
	Database driver: undefined/unknown
	Database dialect: MySQLDialect
	Database version: 8.0
	Default catalog/schema: unknown/unknown
	Autocommit mode: undefined/unknown
	Isolation level: NONE [default NONE]
	JDBC fetch size: undefined/unknown
	Pool: DataSourceConnectionProvider
	Minimum pool size: undefined/unknown
	Maximum pool size: undefined/unknown
2026-09-15 14:18:19 [restartedMain] INFO  org.hibernate.orm.core - HHH000489: No JTA platform available (set 'hibernate.transaction.jta.platform' to enable JTA platform integration)
2026-09-15 14:18:26 [restartedMain] INFO  o.s.o.j.LocalContainerEntityManagerFactoryBean - Initialized JPA EntityManagerFactory for persistence unit 'default'
2026-09-15 14:18:26 [restartedMain] INFO  o.s.d.j.r.q.QueryEnhancerFactories - Hibernate is in classpath; If applicable, HQL parser will be used.
2026-09-15 14:18:26 [restartedMain] INFO  o.s.s.c.a.a.c.InitializeUserDetailsBeanManagerConfigurer$InitializeUserDetailsManagerConfigurer - Global AuthenticationManager configured with UserDetailsService bean with name customUserDetailsService
2026-09-15 14:18:27 [restartedMain] INFO  o.a.coyote.http11.Http11NioProtocol - Starting ProtocolHandler ["http-nio-8080"]
2026-09-15 14:18:27 [restartedMain] INFO  o.s.boot.tomcat.TomcatWebServer - Tomcat started on port 8080 (http) with context path '/'
2026-09-15 14:18:27 [restartedMain] INFO  c.e.D.DocgenBackendApplication - Started DocgenBackendApplication in 16.51 seconds (process running for 17.501)
2026-09-15 14:19:56 [HikariPool-1:housekeeper] WARN  com.zaxxer.hikari.pool.PoolBase - HikariPool-1 - Failed to validate connection com.mysql.cj.jdbc.ConnectionImpl@6661ead1 (No operations allowed after connection closed.). Possibly consider using a shorter maxLifetime value.
2026-09-15 14:19:59 [HikariPool-1:housekeeper] WARN  com.zaxxer.hikari.pool.PoolBase - HikariPool-1 - Failed to validate connection com.mysql.cj.jdbc.ConnectionImpl@67e02c15 (No operations allowed after connection closed.). Possibly consider using a shorter maxLifetime value.
2026-09-15 14:20:14 [HikariPool-1:housekeeper] WARN  com.zaxxer.hikari.pool.PoolBase - HikariPool-1 - Failed to validate connection com.mysql.cj.jdbc.ConnectionImpl@3f027b61 (No operations allowed after connection closed.). Possibly consider using a shorter maxLifetime value.
2026-09-15 14:21:41 [HikariPool-1:housekeeper] WARN  com.zaxxer.hikari.pool.PoolBase - HikariPool-1 - Failed to validate connection com.mysql.cj.jdbc.ConnectionImpl@58397434 (No operations allowed after connection closed.). Possibly consider using a shorter maxLifetime value.
2026-09-15 14:21:59 [HikariPool-1:housekeeper] WARN  com.zaxxer.hikari.pool.PoolBase - HikariPool-1 - Failed to validate connection com.mysql.cj.jdbc.ConnectionImpl@15432c79 (No operations allowed after connection closed.). Possibly consider using a shorter maxLifetime value.
2026-09-15 14:23:28 [HikariPool-1:housekeeper] WARN  com.zaxxer.hikari.pool.PoolBase - HikariPool-1 - Failed to validate connection com.mysql.cj.jdbc.ConnectionImpl@31ea5af6 (No operations allowed after connection closed.). Possibly consider using a shorter maxLifetime value.
2026-09-15 14:23:38 [http-nio-8080-exec-1] INFO  o.a.c.c.C.[Tomcat].[localhost].[/] - Initializing Spring DispatcherServlet 'dispatcherServlet'
2026-09-15 14:23:38 [http-nio-8080-exec-1] INFO  o.s.web.servlet.DispatcherServlet - Initializing Servlet 'dispatcherServlet'
2026-09-15 14:23:38 [http-nio-8080-exec-1] INFO  o.s.web.servlet.DispatcherServlet - Completed initialization in 103 ms
2026-09-15 14:23:39 [http-nio-8080-exec-3] INFO  c.e.Docgen_Backend.config.JwtFilter - JWT validated successfully for userId=6a82a98a13421d60d7e0e553
2026-09-15 14:23:40 [http-nio-8080-exec-3] WARN  com.zaxxer.hikari.pool.PoolBase - HikariPool-1 - Failed to validate connection com.mysql.cj.jdbc.ConnectionImpl@4ceae17 (No operations allowed after connection closed.). Possibly consider using a shorter maxLifetime value.
2026-09-15 14:23:45 [http-nio-8080-exec-4] INFO  c.e.Docgen_Backend.config.JwtFilter - JWT validated successfully for userId=6a82a98a13421d60d7e0e553
2026-09-15 14:23:52 [http-nio-8080-exec-7] INFO  c.e.Docgen_Backend.config.JwtFilter - JWT validated successfully for userId=6a82a98a13421d60d7e0e553
2026-09-15 14:23:52 [http-nio-8080-exec-7] INFO  c.e.D.controller.UserController - GET /api/v2/users/217 - Fetch request received
2026-09-15 14:23:52 [http-nio-8080-exec-7] INFO  c.e.D.service.impl.UserServiceImpl - Fetching user profile for edit | userId=217 | requestedBy=6a82a98a13421d60d7e0e553
2026-09-15 14:23:53 [http-nio-8080-exec-7] DEBUG c.e.D.service.impl.UserServiceImpl - User found | userId=217 | employeeId=TEST0336
2026-09-15 14:23:53 [http-nio-8080-exec-7] INFO  c.e.D.service.impl.UserServiceImpl - User profile fetched successfully | userId=217 | timeTaken=735ms
2026-09-15 14:23:53 [http-nio-8080-exec-7] INFO  c.e.D.controller.UserController - Profile fetched successfully for userId=217
2026-09-15 14:23:53 [http-nio-8080-exec-7] DEBUG c.e.D.controller.UserController - Fetched profile data: UserProfileResponseDTO(id=217, employeeName=Test User Three, employeeId=TEST0336, email=prathamesh69bhavsar@gmail.com, mobileNo=8007454299, joiningDesignation=Java developer, currentDesignation=Full Stack Developer, department=IT, company=SSS, identity=MR, pfType=WITH_PF, accountNo=2568108019550, bankName=AU Small Finance Bank, currentAddress=N-42,VD-1/3/1,Sawta Nager,Cidco,Trimurti Chowk, permanentAddress=Pune, Maharashtra, joiningCTC=500000.0, currentCTC=970000.0, dateOfBirth=1212-12-12, offerDate=2026-11-12, joiningDate=2026-11-22, panNo=GFZPS5853Q, createdAt=null, documents={APPOINTMENT_LETTER=DocumentResponseDTO(generated=false, data=null), INTERNSHIP_LETTER=DocumentResponseDTO(generated=false, data=null), EXPERIENCE_LETTER=DocumentResponseDTO(generated=false, data=null), FULL_AND_FINAL=DocumentResponseDTO(generated=true, data={fnfDate=2000-11-12, totalDaysInMonth=31, month=2026-12, issueDate=2000-11-12, resignationDate=2001-11-12, paidDays=16, leavingDate=2020-11-12}), CONFIRMATION_LETTER=DocumentResponseDTO(generated=false, data=null), INCREMENT_LETTER=DocumentResponseDTO(generated=false, data=null), RELIEVING_LETTER=DocumentResponseDTO(generated=false, data=null), SALARY_SLIP=DocumentResponseDTO(generated=true, data={startMonth=2026-08, endMonth=2026-08}), COMPLETION_LETTER=DocumentResponseDTO(generated=false, data=null), OFFER_LETTER=DocumentResponseDTO(generated=false, data=null)})
2026-09-15 14:23:53 [http-nio-8080-exec-9] INFO  c.e.Docgen_Backend.config.JwtFilter - JWT validated successfully for userId=6a82a98a13421d60d7e0e553
2026-09-15 14:23:53 [http-nio-8080-exec-9] INFO  c.e.D.controller.UserController - GET /api/v2/users/217 - Fetch request received
2026-09-15 14:23:53 [http-nio-8080-exec-9] INFO  c.e.D.service.impl.UserServiceImpl - Fetching user profile for edit | userId=217 | requestedBy=6a82a98a13421d60d7e0e553
2026-09-15 14:23:54 [http-nio-8080-exec-9] DEBUG c.e.D.service.impl.UserServiceImpl - User found | userId=217 | employeeId=TEST0336
2026-09-15 14:23:54 [http-nio-8080-exec-9] INFO  c.e.D.service.impl.UserServiceImpl - User profile fetched successfully | userId=217 | timeTaken=297ms
2026-09-15 14:23:54 [http-nio-8080-exec-9] INFO  c.e.D.controller.UserController - Profile fetched successfully for userId=217
2026-09-15 14:23:54 [http-nio-8080-exec-9] DEBUG c.e.D.controller.UserController - Fetched profile data: UserProfileResponseDTO(id=217, employeeName=Test User Three, employeeId=TEST0336, email=prathamesh69bhavsar@gmail.com, mobileNo=8007454299, joiningDesignation=Java developer, currentDesignation=Full Stack Developer, department=IT, company=SSS, identity=MR, pfType=WITH_PF, accountNo=2568108019550, bankName=AU Small Finance Bank, currentAddress=N-42,VD-1/3/1,Sawta Nager,Cidco,Trimurti Chowk, permanentAddress=Pune, Maharashtra, joiningCTC=500000.0, currentCTC=970000.0, dateOfBirth=1212-12-12, offerDate=2026-11-12, joiningDate=2026-11-22, panNo=GFZPS5853Q, createdAt=null, documents={APPOINTMENT_LETTER=DocumentResponseDTO(generated=false, data=null), INTERNSHIP_LETTER=DocumentResponseDTO(generated=false, data=null), EXPERIENCE_LETTER=DocumentResponseDTO(generated=false, data=null), FULL_AND_FINAL=DocumentResponseDTO(generated=true, data={fnfDate=2000-11-12, totalDaysInMonth=31, month=2026-12, issueDate=2000-11-12, resignationDate=2001-11-12, paidDays=16, leavingDate=2020-11-12}), CONFIRMATION_LETTER=DocumentResponseDTO(generated=false, data=null), INCREMENT_LETTER=DocumentResponseDTO(generated=false, data=null), RELIEVING_LETTER=DocumentResponseDTO(generated=false, data=null), SALARY_SLIP=DocumentResponseDTO(generated=true, data={startMonth=2026-08, endMonth=2026-08}), COMPLETION_LETTER=DocumentResponseDTO(generated=false, data=null), OFFER_LETTER=DocumentResponseDTO(generated=false, data=null)})
2026-09-15 14:24:08 [http-nio-8080-exec-10] INFO  c.e.Docgen_Backend.config.JwtFilter - JWT validated successfully for userId=6a82a98a13421d60d7e0e553
2026-09-15 14:24:08 [http-nio-8080-exec-10] INFO  c.e.D.controller.UserController - PATCH /api/v2/users/217 - Update request received for employeeId=TEST0336
2026-09-15 14:24:08 [http-nio-8080-exec-10] DEBUG c.e.D.controller.UserController - Update payload: CreateProfileRequest(employeeName=Test User Three, email=prathamesh69bhavsar@gmail.com, mobileNo=8007454299, employeeId=TEST0336, joiningDesignation=Java developer, currentDesignation=Full Stack Developer, department=IT, currentAddress=N-42,VD-1/3/1,Sawta Nager,Cidco,Trimurti Chowk, permanentAddress=Pune, Maharashtra, accountNo=2568108019550, bankName=AU Small Finance Bank, joiningCTC=500000.0, currentCTC=970000.0, dateOfBirth=1212-12-12, offerDate=2026-11-12, joiningDate=2026-11-22, panNo=GFZPS5853Q, company=CTS, pfType=WITHOUT_PF, identity=MR, documents=[SALARY_SLIP], documentData={SALARY_SLIP={startMonth=2026-08, endMonth=2026-08, salaryWorkdays={2026-08=31}}})
2026-09-15 14:24:08 [http-nio-8080-exec-10] INFO  c.e.D.service.impl.UserServiceImpl - Updating user profile | userId=217 | employeeId=TEST0336
2026-09-15 14:24:08 [http-nio-8080-exec-10] DEBUG c.e.D.service.impl.UserServiceImpl - Existing user fetched | userId=217 | oldEmployeeId=TEST0336
2026-09-15 14:24:08 [http-nio-8080-exec-10] DEBUG c.e.D.service.impl.UserServiceImpl - Updating documents | userId=217
2026-09-15 14:24:08 [http-nio-8080-exec-10] INFO  c.e.D.service.impl.UserServiceImpl - User profile updated successfully | userId=217 | timeTaken=484ms
2026-09-15 14:24:08 [http-nio-8080-exec-10] INFO  c.e.D.controller.UserController - Profile updated successfully for userId=217, employeeId=TEST0336
2026-09-15 14:25:19 [HikariPool-1:housekeeper] WARN  com.zaxxer.hikari.pool.PoolBase - HikariPool-1 - Failed to validate connection com.mysql.cj.jdbc.ConnectionImpl@3077da69 (No operations allowed after connection closed.). Possibly consider using a shorter maxLifetime value.
2026-09-15 14:25:19 [HikariPool-1:housekeeper] WARN  com.zaxxer.hikari.pool.PoolBase - HikariPool-1 - Failed to validate connection com.mysql.cj.jdbc.ConnectionImpl@79f03936 (No operations allowed after connection closed.). Possibly consider using a shorter maxLifetime value.
2026-09-15 14:25:22 [HikariPool-1:housekeeper] WARN  com.zaxxer.hikari.pool.PoolBase - HikariPool-1 - Failed to validate connection com.mysql.cj.jdbc.ConnectionImpl@1d84d786 (No operations allowed after connection closed.). Possibly consider using a shorter maxLifetime value.
2026-09-15 14:27:11 [HikariPool-1:housekeeper] WARN  com.zaxxer.hikari.pool.PoolBase - HikariPool-1 - Failed to validate connection com.mysql.cj.jdbc.ConnectionImpl@132ee2cd (No operations allowed after connection closed.). Possibly consider using a shorter maxLifetime value.
2026-09-15 14:27:20 [HikariPool-1:housekeeper] WARN  com.zaxxer.hikari.pool.PoolBase - HikariPool-1 - Failed to validate connection com.mysql.cj.jdbc.ConnectionImpl@6c70f3d (No operations allowed after connection closed.). Possibly consider using a shorter maxLifetime value.
2026-09-15 14:27:41 [http-nio-8080-exec-4] INFO  c.e.Docgen_Backend.config.JwtFilter - JWT validated successfully for userId=6a82a98a13421d60d7e0e553
2026-09-15 14:27:41 [http-nio-8080-exec-4] INFO  c.e.D.controller.UserController - PATCH /api/v2/users/217 - Update request received for employeeId=TEST0336
2026-09-15 14:27:41 [http-nio-8080-exec-4] DEBUG c.e.D.controller.UserController - Update payload: CreateProfileRequest(employeeName=Test User Three, email=prathamesh69bhavsar@gmail.com, mobileNo=8007454299, employeeId=TEST0336, joiningDesignation=Java developer, currentDesignation=Full Stack Developer, department=IT, currentAddress=N-42,VD-1/3/1,Sawta Nager,Cidco,Trimurti Chowk, permanentAddress=Pune, Maharashtra, accountNo=2568108019550, bankName=AU Small Finance Bank, joiningCTC=500000.0, currentCTC=970000.0, dateOfBirth=1212-12-12, offerDate=2026-11-12, joiningDate=2026-11-22, panNo=GFZPS5853Q, company=CTS, pfType=WITHOUT_PF, identity=MR, documents=[SALARY_SLIP, FULL_AND_FINAL, INCREMENT_LETTER], documentData={INCREMENT_LETTER={issueDate=2023-04-01}, FULL_AND_FINAL={fnfDate=2000-11-12, issueDate=2000-11-12, month=2026-12, resignationDate=2001-11-12, leavingDate=2020-11-12, paidDays=16, totalDaysInMonth=31}, SALARY_SLIP={startMonth=2026-08, endMonth=2026-08, salaryWorkdays={2026-08=31}}})
2026-09-15 14:27:41 [http-nio-8080-exec-4] WARN  com.zaxxer.hikari.pool.PoolBase - HikariPool-1 - Failed to validate connection com.mysql.cj.jdbc.ConnectionImpl@2f247cb1 (No operations allowed after connection closed.). Possibly consider using a shorter maxLifetime value.
2026-09-15 14:27:41 [http-nio-8080-exec-4] WARN  com.zaxxer.hikari.pool.PoolBase - HikariPool-1 - Failed to validate connection com.mysql.cj.jdbc.ConnectionImpl@72dd1c7d (No operations allowed after connection closed.). Possibly consider using a shorter maxLifetime value.
2026-09-15 14:27:42 [http-nio-8080-exec-4] INFO  c.e.D.service.impl.UserServiceImpl - Updating user profile | userId=217 | employeeId=TEST0336
2026-09-15 14:27:42 [http-nio-8080-exec-4] DEBUG c.e.D.service.impl.UserServiceImpl - Existing user fetched | userId=217 | oldEmployeeId=TEST0336
2026-09-15 14:27:42 [http-nio-8080-exec-4] DEBUG c.e.D.service.impl.UserServiceImpl - Updating documents | userId=217
2026-09-15 14:27:42 [http-nio-8080-exec-4] INFO  c.e.D.service.impl.UserServiceImpl - User profile updated successfully | userId=217 | timeTaken=476ms
2026-09-15 14:27:42 [http-nio-8080-exec-4] INFO  c.e.D.controller.UserController - Profile updated successfully for userId=217, employeeId=TEST0336
2026-09-15 14:29:25 [HikariPool-1:housekeeper] WARN  com.zaxxer.hikari.pool.PoolBase - HikariPool-1 - Failed to validate connection com.mysql.cj.jdbc.ConnectionImpl@5998657b (No operations allowed after connection closed.). Possibly consider using a shorter maxLifetime value.
2026-09-15 14:29:31 [HikariPool-1:housekeeper] WARN  com.zaxxer.hikari.pool.PoolBase - HikariPool-1 - Failed to validate connection com.mysql.cj.jdbc.ConnectionImpl@2cd7912a (No operations allowed after connection closed.). Possibly consider using a shorter maxLifetime value.
2026-09-15 14:29:31 [HikariPool-1:housekeeper] WARN  com.zaxxer.hikari.pool.PoolBase - HikariPool-1 - Failed to validate connection com.mysql.cj.jdbc.ConnectionImpl@2da52cf3 (No operations allowed after connection closed.). Possibly consider using a shorter maxLifetime value.
2026-09-15 14:31:22 [HikariPool-1:housekeeper] WARN  com.zaxxer.hikari.pool.PoolBase - HikariPool-1 - Failed to validate connection com.mysql.cj.jdbc.ConnectionImpl@10ba1f7 (No operations allowed after connection closed.). Possibly consider using a shorter maxLifetime value.
2026-09-15 14:31:23 [HikariPool-1:housekeeper] WARN  com.zaxxer.hikari.pool.PoolBase - HikariPool-1 - Failed to validate connection com.mysql.cj.jdbc.ConnectionImpl@47b902c5 (No operations allowed after connection closed.). Possibly consider using a shorter maxLifetime value.
2026-09-15 14:33:09 [HikariPool-1:housekeeper] WARN  com.zaxxer.hikari.pool.PoolBase - HikariPool-1 - Failed to validate connection com.mysql.cj.jdbc.ConnectionImpl@437f6c75 (No operations allowed after connection closed.). Possibly consider using a shorter maxLifetime value.
2026-09-15 14:33:17 [HikariPool-1:housekeeper] WARN  com.zaxxer.hikari.pool.PoolBase - HikariPool-1 - Failed to validate connection com.mysql.cj.jdbc.ConnectionImpl@27ab18fb (No operations allowed after connection closed.). Possibly consider using a shorter maxLifetime value.
2026-09-15 14:35:00 [HikariPool-1:housekeeper] WARN  com.zaxxer.hikari.pool.PoolBase - HikariPool-1 - Failed to validate connection com.mysql.cj.jdbc.ConnectionImpl@102f4451 (No operations allowed after connection closed.). Possibly consider using a shorter maxLifetime value.
2026-09-15 14:35:12 [HikariPool-1:housekeeper] WARN  com.zaxxer.hikari.pool.PoolBase - HikariPool-1 - Failed to validate connection com.mysql.cj.jdbc.ConnectionImpl@4b705dce (No operations allowed after connection closed.). Possibly consider using a shorter maxLifetime value.
2026-09-15 14:36:51 [HikariPool-1:housekeeper] WARN  com.zaxxer.hikari.pool.PoolBase - HikariPool-1 - Failed to validate connection com.mysql.cj.jdbc.ConnectionImpl@552747a5 (No operations allowed after connection closed.). Possibly consider using a shorter maxLifetime value.
2026-09-15 14:36:52 [HikariPool-1:housekeeper] WARN  com.zaxxer.hikari.pool.PoolBase - HikariPool-1 - Failed to validate connection com.mysql.cj.jdbc.ConnectionImpl@378316fe (No operations allowed after connection closed.). Possibly consider using a shorter maxLifetime value.
2026-09-15 14:38:33 [http-nio-8080-exec-7] INFO  c.e.Docgen_Backend.config.JwtFilter - JWT validated successfully for userId=6a82a98a13421d60d7e0e553
2026-09-15 14:38:33 [http-nio-8080-exec-7] INFO  c.e.D.controller.UserController - PATCH /api/v2/users/217 - Update request received for employeeId=TEST0336
2026-09-15 14:38:33 [http-nio-8080-exec-7] DEBUG c.e.D.controller.UserController - Update payload: CreateProfileRequest(employeeName=Test User Three, email=prathamesh69bhavsar@gmail.com, mobileNo=8007454299, employeeId=TEST0336, joiningDesignation=Java developer, currentDesignation=Full Stack Developer, department=IT, currentAddress=N-42,VD-1/3/1,Sawta Nager,Cidco,Trimurti Chowk, permanentAddress=Pune, Maharashtra, accountNo=2568108019550, bankName=AU Small Finance Bank, joiningCTC=500000.0, currentCTC=970000.0, dateOfBirth=1212-12-12, offerDate=2026-11-12, joiningDate=2026-11-22, panNo=GFZPS5853Q, company=CTS, pfType=WITH_PF, identity=MR, documents=[SALARY_SLIP, FULL_AND_FINAL, INCREMENT_LETTER], documentData={INCREMENT_LETTER={issueDate=2023-04-01}, FULL_AND_FINAL={fnfDate=2000-11-12, issueDate=2000-11-12, month=2026-12, resignationDate=2001-11-12, leavingDate=2020-11-12, paidDays=16, totalDaysInMonth=31}, SALARY_SLIP={startMonth=2026-08, endMonth=2026-08, salaryWorkdays={2026-08=31}}})
2026-09-15 14:38:33 [http-nio-8080-exec-7] WARN  com.zaxxer.hikari.pool.PoolBase - HikariPool-1 - Failed to validate connection com.mysql.cj.jdbc.ConnectionImpl@3e85e97f (No operations allowed after connection closed.). Possibly consider using a shorter maxLifetime value.
2026-09-15 14:38:33 [http-nio-8080-exec-7] WARN  com.zaxxer.hikari.pool.PoolBase - HikariPool-1 - Failed to validate connection com.mysql.cj.jdbc.ConnectionImpl@5490e77e (No operations allowed after connection closed.). Possibly consider using a shorter maxLifetime value.
2026-09-15 14:38:33 [http-nio-8080-exec-7] INFO  c.e.D.service.impl.UserServiceImpl - Updating user profile | userId=217 | employeeId=TEST0336
2026-09-15 14:38:33 [http-nio-8080-exec-7] DEBUG c.e.D.service.impl.UserServiceImpl - Existing user fetched | userId=217 | oldEmployeeId=TEST0336
2026-09-15 14:38:33 [http-nio-8080-exec-7] DEBUG c.e.D.service.impl.UserServiceImpl - Updating documents | userId=217
2026-09-15 14:38:33 [http-nio-8080-exec-7] INFO  c.e.D.service.impl.UserServiceImpl - User profile updated successfully | userId=217 | timeTaken=411ms
2026-09-15 14:38:33 [http-nio-8080-exec-7] INFO  c.e.D.controller.UserController - Profile updated successfully for userId=217, employeeId=TEST0336
2026-09-15 14:39:45 [http-nio-8080-exec-10] INFO  c.e.Docgen_Backend.config.JwtFilter - JWT validated successfully for userId=6a82a98a13421d60d7e0e553
2026-09-15 14:39:45 [http-nio-8080-exec-10] INFO  c.e.D.controller.UserController - PATCH /api/v2/users/217 - Update request received for employeeId=TEST0336
2026-09-15 14:39:45 [http-nio-8080-exec-10] DEBUG c.e.D.controller.UserController - Update payload: CreateProfileRequest(employeeName=Test User Three, email=prathamesh69bhavsar@gmail.com, mobileNo=8007454299, employeeId=TEST0336, joiningDesignation=Java developer, currentDesignation=Full Stack Developer, department=IT, currentAddress=N-42,VD-1/3/1,Sawta Nager,Cidco,Trimurti Chowk, permanentAddress=Pune, Maharashtra, accountNo=2568108019550, bankName=AU Small Finance Bank, joiningCTC=500000.0, currentCTC=970000.0, dateOfBirth=1212-12-12, offerDate=2026-11-12, joiningDate=2026-11-22, panNo=GFZPS5853Q, company=CTS, pfType=WITH_PF, identity=MR, documents=[SALARY_SLIP, FULL_AND_FINAL, INCREMENT_LETTER], documentData={INCREMENT_LETTER={issueDate=2023-04-01}, FULL_AND_FINAL={fnfDate=2000-11-12, issueDate=2000-11-12, month=2026-12, resignationDate=2001-11-12, leavingDate=2020-11-12, paidDays=16, totalDaysInMonth=31}, SALARY_SLIP={startMonth=2026-08, endMonth=2026-08, salaryWorkdays={2026-08=31}}})
2026-09-15 14:39:45 [http-nio-8080-exec-10] WARN  com.zaxxer.hikari.pool.PoolBase - HikariPool-1 - Failed to validate connection com.mysql.cj.jdbc.ConnectionImpl@36f02536 (No operations allowed after connection closed.). Possibly consider using a shorter maxLifetime value.
2026-09-15 14:39:45 [http-nio-8080-exec-10] WARN  com.zaxxer.hikari.pool.PoolBase - HikariPool-1 - Failed to validate connection com.mysql.cj.jdbc.ConnectionImpl@491b471d (No operations allowed after connection closed.). Possibly consider using a shorter maxLifetime value.
2026-09-15 14:39:45 [http-nio-8080-exec-10] WARN  com.zaxxer.hikari.pool.PoolBase - HikariPool-1 - Failed to validate connection com.mysql.cj.jdbc.ConnectionImpl@43074b8c (No operations allowed after connection closed.). Possibly consider using a shorter maxLifetime value.
2026-09-15 14:39:46 [http-nio-8080-exec-10] INFO  c.e.D.service.impl.UserServiceImpl - Updating user profile | userId=217 | employeeId=TEST0336
2026-09-15 14:39:46 [http-nio-8080-exec-10] DEBUG c.e.D.service.impl.UserServiceImpl - Existing user fetched | userId=217 | oldEmployeeId=TEST0336
2026-09-15 14:39:46 [http-nio-8080-exec-10] DEBUG c.e.D.service.impl.UserServiceImpl - Updating documents | userId=217
2026-09-15 14:39:46 [http-nio-8080-exec-10] INFO  c.e.D.service.impl.UserServiceImpl - User profile updated successfully | userId=217 | timeTaken=474ms
2026-09-15 14:39:46 [http-nio-8080-exec-10] INFO  c.e.D.controller.UserController - Profile updated successfully for userId=217, employeeId=TEST0336
2026-09-15 14:41:10 [SpringApplicationShutdownHook] INFO  o.s.boot.tomcat.GracefulShutdown - Commencing graceful shutdown. Waiting for active requests to complete
2026-09-15 14:41:10 [tomcat-shutdown] INFO  o.s.boot.tomcat.GracefulShutdown - Graceful shutdown complete
2026-09-15 14:41:10 [SpringApplicationShutdownHook] INFO  o.s.o.j.LocalContainerEntityManagerFactoryBean - Closing JPA EntityManagerFactory for persistence unit 'default'
2026-09-15 14:41:10 [SpringApplicationShutdownHook] INFO  com.zaxxer.hikari.HikariDataSource - HikariPool-1 - Shutdown initiated...
2026-09-15 14:41:10 [SpringApplicationShutdownHook] INFO  com.zaxxer.hikari.HikariDataSource - HikariPool-1 - Shutdown completed.
2026-09-15 17:04:54 [background-preinit] INFO  o.h.validator.internal.util.Version - HV000001: Hibernate Validator 9.0.1.Final
2026-09-15 17:04:54 [restartedMain] INFO  c.e.D.DocgenBackendApplication - Starting DocgenBackendApplication using Java 21.0.9 with PID 23916 (E:\DocGen New Front\Docgen-Backend\target\classes started by prath in E:\DocGen New Front\Docgen-Backend)
2026-09-15 17:04:54 [restartedMain] DEBUG c.e.D.DocgenBackendApplication - Running with Spring Boot v4.0.6, Spring v7.0.7
2026-09-15 17:04:54 [restartedMain] INFO  c.e.D.DocgenBackendApplication - No active profile set, falling back to 1 default profile: "default"
2026-09-15 17:04:54 [restartedMain] INFO  o.s.b.d.e.DevToolsPropertyDefaultsPostProcessor - Devtools property defaults active! Set 'spring.devtools.add-properties' to 'false' to disable
2026-09-15 17:04:54 [restartedMain] INFO  o.s.b.d.e.DevToolsPropertyDefaultsPostProcessor - For additional web related logging consider setting the 'logging.level.web' property to 'DEBUG'
2026-09-15 17:04:55 [restartedMain] INFO  o.s.d.r.c.RepositoryConfigurationDelegate - Bootstrapping Spring Data JPA repositories in DEFAULT mode.
2026-09-15 17:04:55 [restartedMain] INFO  o.s.d.r.c.RepositoryConfigurationDelegate - Finished Spring Data repository scanning in 67 ms. Found 3 JPA repository interfaces.
2026-09-15 17:04:56 [restartedMain] INFO  o.s.boot.tomcat.TomcatWebServer - Tomcat initialized with port 8080 (http)
2026-09-15 17:04:56 [restartedMain] INFO  o.a.coyote.http11.Http11NioProtocol - Initializing ProtocolHandler ["http-nio-8080"]
2026-09-15 17:04:56 [restartedMain] INFO  o.a.catalina.core.StandardService - Starting service [Tomcat]
2026-09-15 17:04:56 [restartedMain] INFO  o.a.catalina.core.StandardEngine - Starting Servlet engine: [Apache Tomcat/11.0.21]
2026-09-15 17:04:56 [restartedMain] INFO  o.s.b.w.c.s.WebApplicationContextInitializer - Root WebApplicationContext: initialization completed in 2049 ms
2026-09-15 17:04:56 [restartedMain] DEBUG c.e.Docgen_Backend.config.JwtFilter - Filter 'jwtFilter' configured for use
2026-09-15 17:04:56 [restartedMain] INFO  org.hibernate.orm.jpa - HHH008540: Processing PersistenceUnitInfo [name: default]
2026-09-15 17:04:57 [restartedMain] INFO  org.hibernate.orm.core - HHH000001: Hibernate ORM core version 7.2.12.Final
2026-09-15 17:04:57 [restartedMain] INFO  o.s.o.j.p.SpringPersistenceUnitInfo - No LoadTimeWeaver setup: ignoring JPA class transformer
2026-09-15 17:04:57 [restartedMain] INFO  com.zaxxer.hikari.HikariDataSource - HikariPool-1 - Starting...
2026-09-15 17:04:58 [restartedMain] INFO  com.zaxxer.hikari.pool.HikariPool - HikariPool-1 - Added connection com.mysql.cj.jdbc.ConnectionImpl@6d717117
2026-09-15 17:04:58 [restartedMain] INFO  com.zaxxer.hikari.HikariDataSource - HikariPool-1 - Start completed.
2026-09-15 17:04:59 [restartedMain] WARN  org.hibernate.orm.jdbc - HHH100045: Could not obtain connection metadata: java.sql.SQLSyntaxErrorException: Unknown column 'RESERVED' in 'WHERE'
2026-09-15 17:04:59 [restartedMain] WARN  org.hibernate.orm.deprecation - HHH90000025: MySQLDialect does not need to be specified explicitly using 'hibernate.dialect' (remove the property setting and it will be selected by default)
2026-09-15 17:04:59 [restartedMain] INFO  o.hibernate.orm.connections.pooling - HHH10001005: Database info:
	Database JDBC URL [undefined/unknown]
	Database driver: undefined/unknown
	Database dialect: MySQLDialect
	Database version: 8.0
	Default catalog/schema: unknown/unknown
	Autocommit mode: undefined/unknown
	Isolation level: NONE [default NONE]
	JDBC fetch size: undefined/unknown
	Pool: DataSourceConnectionProvider
	Minimum pool size: undefined/unknown
	Maximum pool size: undefined/unknown
2026-09-15 17:05:01 [restartedMain] INFO  org.hibernate.orm.core - HHH000489: No JTA platform available (set 'hibernate.transaction.jta.platform' to enable JTA platform integration)
2026-09-15 17:05:07 [restartedMain] INFO  o.s.o.j.LocalContainerEntityManagerFactoryBean - Initialized JPA EntityManagerFactory for persistence unit 'default'
2026-09-15 17:05:07 [restartedMain] INFO  o.s.d.j.r.q.QueryEnhancerFactories - Hibernate is in classpath; If applicable, HQL parser will be used.
2026-09-15 17:05:07 [restartedMain] INFO  o.s.s.c.a.a.c.InitializeUserDetailsBeanManagerConfigurer$InitializeUserDetailsManagerConfigurer - Global AuthenticationManager configured with UserDetailsService bean with name customUserDetailsService
2026-09-15 17:05:08 [restartedMain] INFO  o.a.coyote.http11.Http11NioProtocol - Starting ProtocolHandler ["http-nio-8080"]
2026-09-15 17:05:08 [restartedMain] INFO  o.s.boot.tomcat.TomcatWebServer - Tomcat started on port 8080 (http) with context path '/'
2026-09-15 17:05:08 [restartedMain] INFO  c.e.D.DocgenBackendApplication - Started DocgenBackendApplication in 14.55 seconds (process running for 15.307)
2026-09-15 17:06:19 [http-nio-8080-exec-3] INFO  o.a.c.c.C.[Tomcat].[localhost].[/] - Initializing Spring DispatcherServlet 'dispatcherServlet'
2026-09-15 17:06:19 [http-nio-8080-exec-3] INFO  o.s.web.servlet.DispatcherServlet - Initializing Servlet 'dispatcherServlet'
2026-09-15 17:06:19 [http-nio-8080-exec-3] INFO  o.s.web.servlet.DispatcherServlet - Completed initialization in 1 ms
2026-09-15 17:06:19 [http-nio-8080-exec-2] INFO  c.e.Docgen_Backend.config.JwtFilter - JWT validated successfully for userId=6a82a98a13421d60d7e0e553
2026-09-15 17:06:20 [http-nio-8080-exec-2] WARN  com.zaxxer.hikari.pool.PoolBase - HikariPool-1 - Failed to validate connection com.mysql.cj.jdbc.ConnectionImpl@6d717117 (No operations allowed after connection closed.). Possibly consider using a shorter maxLifetime value.
2026-09-15 17:06:20 [http-nio-8080-exec-2] WARN  com.zaxxer.hikari.pool.PoolBase - HikariPool-1 - Failed to validate connection com.mysql.cj.jdbc.ConnectionImpl@5661d636 (No operations allowed after connection closed.). Possibly consider using a shorter maxLifetime value.
2026-09-15 17:06:20 [http-nio-8080-exec-2] WARN  com.zaxxer.hikari.pool.PoolBase - HikariPool-1 - Failed to validate connection com.mysql.cj.jdbc.ConnectionImpl@1fab62e0 (No operations allowed after connection closed.). Possibly consider using a shorter maxLifetime value.
2026-09-15 17:06:22 [http-nio-8080-exec-4] INFO  c.e.Docgen_Backend.config.JwtFilter - JWT validated successfully for userId=6a82a98a13421d60d7e0e553
2026-09-15 17:06:23 [http-nio-8080-exec-7] INFO  c.e.Docgen_Backend.config.JwtFilter - JWT validated successfully for userId=6a82a98a13421d60d7e0e553
2026-09-15 17:06:23 [http-nio-8080-exec-7] INFO  c.e.D.controller.UserController - GET /api/v2/users/217 - Fetch request received
2026-09-15 17:06:23 [http-nio-8080-exec-7] INFO  c.e.D.service.impl.UserServiceImpl - Fetching user profile for edit | userId=217 | requestedBy=6a82a98a13421d60d7e0e553
2026-09-15 17:06:24 [http-nio-8080-exec-7] DEBUG c.e.D.service.impl.UserServiceImpl - User found | userId=217 | employeeId=TEST0336
2026-09-15 17:06:24 [http-nio-8080-exec-7] INFO  c.e.D.service.impl.UserServiceImpl - User profile fetched successfully | userId=217 | timeTaken=278ms
2026-09-15 17:06:24 [http-nio-8080-exec-7] INFO  c.e.D.controller.UserController - Profile fetched successfully for userId=217
2026-09-15 17:06:24 [http-nio-8080-exec-7] DEBUG c.e.D.controller.UserController - Fetched profile data: UserProfileResponseDTO(id=217, employeeName=Test User Three, employeeId=TEST0336, email=prathamesh69bhavsar@gmail.com, mobileNo=8007454299, joiningDesignation=Java developer, currentDesignation=Full Stack Developer, department=IT, company=CTS, identity=MR, pfType=WITH_PF, accountNo=2568108019550, bankName=AU Small Finance Bank, currentAddress=N-42,VD-1/3/1,Sawta Nager,Cidco,Trimurti Chowk, permanentAddress=Pune, Maharashtra, joiningCTC=500000.0, currentCTC=970000.0, dateOfBirth=1212-12-12, offerDate=2026-11-12, joiningDate=2026-11-22, panNo=GFZPS5853Q, createdAt=null, documents={APPOINTMENT_LETTER=DocumentResponseDTO(generated=false, data=null), INTERNSHIP_LETTER=DocumentResponseDTO(generated=false, data=null), EXPERIENCE_LETTER=DocumentResponseDTO(generated=false, data=null), FULL_AND_FINAL=DocumentResponseDTO(generated=true, data={fnfDate=2000-11-12, totalDaysInMonth=31, month=2026-12, issueDate=2000-11-12, resignationDate=2001-11-12, paidDays=16, leavingDate=2020-11-12}), CONFIRMATION_LETTER=DocumentResponseDTO(generated=false, data=null), INCREMENT_LETTER=DocumentResponseDTO(generated=true, data={issueDate=2023-04-01}), RELIEVING_LETTER=DocumentResponseDTO(generated=false, data=null), SALARY_SLIP=DocumentResponseDTO(generated=true, data={startMonth=2026-08, endMonth=2026-08}), COMPLETION_LETTER=DocumentResponseDTO(generated=false, data=null), OFFER_LETTER=DocumentResponseDTO(generated=false, data=null)})
2026-09-15 17:06:24 [http-nio-8080-exec-8] INFO  c.e.Docgen_Backend.config.JwtFilter - JWT validated successfully for userId=6a82a98a13421d60d7e0e553
2026-09-15 17:06:24 [http-nio-8080-exec-8] INFO  c.e.D.controller.UserController - GET /api/v2/users/217 - Fetch request received
2026-09-15 17:06:24 [http-nio-8080-exec-8] INFO  c.e.D.service.impl.UserServiceImpl - Fetching user profile for edit | userId=217 | requestedBy=6a82a98a13421d60d7e0e553
2026-09-15 17:06:24 [http-nio-8080-exec-8] DEBUG c.e.D.service.impl.UserServiceImpl - User found | userId=217 | employeeId=TEST0336
2026-09-15 17:06:24 [http-nio-8080-exec-8] INFO  c.e.D.service.impl.UserServiceImpl - User profile fetched successfully | userId=217 | timeTaken=448ms
2026-09-15 17:06:24 [http-nio-8080-exec-8] INFO  c.e.D.controller.UserController - Profile fetched successfully for userId=217
2026-09-15 17:06:24 [http-nio-8080-exec-8] DEBUG c.e.D.controller.UserController - Fetched profile data: UserProfileResponseDTO(id=217, employeeName=Test User Three, employeeId=TEST0336, email=prathamesh69bhavsar@gmail.com, mobileNo=8007454299, joiningDesignation=Java developer, currentDesignation=Full Stack Developer, department=IT, company=CTS, identity=MR, pfType=WITH_PF, accountNo=2568108019550, bankName=AU Small Finance Bank, currentAddress=N-42,VD-1/3/1,Sawta Nager,Cidco,Trimurti Chowk, permanentAddress=Pune, Maharashtra, joiningCTC=500000.0, currentCTC=970000.0, dateOfBirth=1212-12-12, offerDate=2026-11-12, joiningDate=2026-11-22, panNo=GFZPS5853Q, createdAt=null, documents={APPOINTMENT_LETTER=DocumentResponseDTO(generated=false, data=null), INTERNSHIP_LETTER=DocumentResponseDTO(generated=false, data=null), EXPERIENCE_LETTER=DocumentResponseDTO(generated=false, data=null), FULL_AND_FINAL=DocumentResponseDTO(generated=true, data={fnfDate=2000-11-12, totalDaysInMonth=31, month=2026-12, issueDate=2000-11-12, resignationDate=2001-11-12, paidDays=16, leavingDate=2020-11-12}), CONFIRMATION_LETTER=DocumentResponseDTO(generated=false, data=null), INCREMENT_LETTER=DocumentResponseDTO(generated=true, data={issueDate=2023-04-01}), RELIEVING_LETTER=DocumentResponseDTO(generated=false, data=null), SALARY_SLIP=DocumentResponseDTO(generated=true, data={startMonth=2026-08, endMonth=2026-08}), COMPLETION_LETTER=DocumentResponseDTO(generated=false, data=null), OFFER_LETTER=DocumentResponseDTO(generated=false, data=null)})
2026-09-15 17:07:57 [HikariPool-1:housekeeper] WARN  com.zaxxer.hikari.pool.PoolBase - HikariPool-1 - Failed to validate connection com.mysql.cj.jdbc.ConnectionImpl@310531b1 (No operations allowed after connection closed.). Possibly consider using a shorter maxLifetime value.
2026-09-15 17:08:06 [HikariPool-1:housekeeper] WARN  com.zaxxer.hikari.pool.PoolBase - HikariPool-1 - Failed to validate connection com.mysql.cj.jdbc.ConnectionImpl@fee292 (No operations allowed after connection closed.). Possibly consider using a shorter maxLifetime value.
2026-09-15 17:08:20 [HikariPool-1:housekeeper] WARN  com.zaxxer.hikari.pool.PoolBase - HikariPool-1 - Failed to validate connection com.mysql.cj.jdbc.ConnectionImpl@512acefe (No operations allowed after connection closed.). Possibly consider using a shorter maxLifetime value.
2026-09-15 17:08:33 [http-nio-8080-exec-2] INFO  c.e.Docgen_Backend.config.JwtFilter - JWT validated successfully for userId=6a82a98a13421d60d7e0e553
2026-09-15 17:08:33 [http-nio-8080-exec-2] INFO  c.e.D.controller.UserController - PATCH /api/v2/users/217 - Update request received for employeeId=TEST0336
2026-09-15 17:08:33 [http-nio-8080-exec-2] DEBUG c.e.D.controller.UserController - Update payload: CreateProfileRequest(employeeName=Test User Three, email=prathamesh69bhavsar@gmail.com, mobileNo=8007454299, employeeId=TEST0336, joiningDesignation=Java developer, currentDesignation=Full Stack Developer, department=IT, currentAddress=N-42,VD-1/3/1,Sawta Nager,Cidco,Trimurti Chowk, permanentAddress=Pune, Maharashtra, accountNo=2568108019550, bankName=AU Small Finance Bank, joiningCTC=500000.0, currentCTC=970000.0, dateOfBirth=1212-12-12, offerDate=2026-11-12, joiningDate=2026-11-22, panNo=GFZPS5853Q, company=NCSS, pfType=WITH_PF, identity=MR, documents=[APPOINTMENT_LETTER], documentData={APPOINTMENT_LETTER={issueDate=2000-11-12, probationPeriod=3}})
2026-09-15 17:08:33 [http-nio-8080-exec-2] WARN  com.zaxxer.hikari.pool.PoolBase - HikariPool-1 - Failed to validate connection com.mysql.cj.jdbc.ConnectionImpl@5797fd00 (No operations allowed after connection closed.). Possibly consider using a shorter maxLifetime value.
2026-09-15 17:08:33 [http-nio-8080-exec-2] INFO  c.e.D.service.impl.UserServiceImpl - Updating user profile | userId=217 | employeeId=TEST0336
2026-09-15 17:08:34 [http-nio-8080-exec-2] DEBUG c.e.D.service.impl.UserServiceImpl - Existing user fetched | userId=217 | oldEmployeeId=TEST0336
2026-09-15 17:08:34 [http-nio-8080-exec-2] DEBUG c.e.D.service.impl.UserServiceImpl - Updating documents | userId=217
2026-09-15 17:08:34 [http-nio-8080-exec-2] INFO  c.e.D.service.impl.UserServiceImpl - User profile updated successfully | userId=217 | timeTaken=357ms
2026-09-15 17:08:34 [http-nio-8080-exec-2] INFO  c.e.D.controller.UserController - Profile updated successfully for userId=217, employeeId=TEST0336
2026-09-15 17:10:04 [HikariPool-1:housekeeper] WARN  com.zaxxer.hikari.pool.PoolBase - HikariPool-1 - Failed to validate connection com.mysql.cj.jdbc.ConnectionImpl@4c2cf1d0 (No operations allowed after connection closed.). Possibly consider using a shorter maxLifetime value.
2026-09-15 17:10:15 [HikariPool-1:housekeeper] WARN  com.zaxxer.hikari.pool.PoolBase - HikariPool-1 - Failed to validate connection com.mysql.cj.jdbc.ConnectionImpl@5564f36d (No operations allowed after connection closed.). Possibly consider using a shorter maxLifetime value.
2026-09-15 17:10:31 [HikariPool-1:housekeeper] WARN  com.zaxxer.hikari.pool.PoolBase - HikariPool-1 - Failed to validate connection com.mysql.cj.jdbc.ConnectionImpl@4e9eab5a (No operations allowed after connection closed.). Possibly consider using a shorter maxLifetime value.
2026-09-15 17:11:09 [http-nio-8080-exec-4] INFO  c.e.Docgen_Backend.config.JwtFilter - JWT validated successfully for userId=6a82a98a13421d60d7e0e553
2026-09-15 17:11:09 [http-nio-8080-exec-4] INFO  c.e.D.controller.UserController - PATCH /api/v2/users/217 - Update request received for employeeId=TEST0336
2026-09-15 17:11:09 [http-nio-8080-exec-4] DEBUG c.e.D.controller.UserController - Update payload: CreateProfileRequest(employeeName=Test User Three, email=prathamesh69bhavsar@gmail.com, mobileNo=8007454299, employeeId=TEST0336, joiningDesignation=Java developer, currentDesignation=Full Stack Developer, department=IT, currentAddress=N-42,VD-1/3/1,Sawta Nager,Cidco,Trimurti Chowk, permanentAddress=Pune, Maharashtra, accountNo=2568108019550, bankName=AU Small Finance Bank, joiningCTC=500000.0, currentCTC=970000.0, dateOfBirth=1212-12-12, offerDate=2026-11-12, joiningDate=2026-11-22, panNo=GFZPS5853Q, company=NCSS, pfType=WITH_PF, identity=MR, documents=[APPOINTMENT_LETTER], documentData={APPOINTMENT_LETTER={issueDate=2000-11-12, probationPeriod=3}})
2026-09-15 17:11:09 [http-nio-8080-exec-4] WARN  com.zaxxer.hikari.pool.PoolBase - HikariPool-1 - Failed to validate connection com.mysql.cj.jdbc.ConnectionImpl@4ead20ab (No operations allowed after connection closed.). Possibly consider using a shorter maxLifetime value.
2026-09-15 17:11:09 [http-nio-8080-exec-4] WARN  com.zaxxer.hikari.pool.PoolBase - HikariPool-1 - Failed to validate connection com.mysql.cj.jdbc.ConnectionImpl@372b224b (No operations allowed after connection closed.). Possibly consider using a shorter maxLifetime value.
2026-09-15 17:11:09 [http-nio-8080-exec-4] INFO  c.e.D.service.impl.UserServiceImpl - Updating user profile | userId=217 | employeeId=TEST0336
2026-09-15 17:11:09 [http-nio-8080-exec-4] DEBUG c.e.D.service.impl.UserServiceImpl - Existing user fetched | userId=217 | oldEmployeeId=TEST0336
2026-09-15 17:11:09 [http-nio-8080-exec-4] DEBUG c.e.D.service.impl.UserServiceImpl - Updating documents | userId=217
2026-09-15 17:11:09 [http-nio-8080-exec-4] INFO  c.e.D.service.impl.UserServiceImpl - User profile updated successfully | userId=217 | timeTaken=205ms
2026-09-15 17:11:09 [http-nio-8080-exec-4] INFO  c.e.D.controller.UserController - Profile updated successfully for userId=217, employeeId=TEST0336
2026-09-15 17:12:48 [HikariPool-1:housekeeper] WARN  com.zaxxer.hikari.pool.PoolBase - HikariPool-1 - Failed to validate connection com.mysql.cj.jdbc.ConnectionImpl@1adc7855 (No operations allowed after connection closed.). Possibly consider using a shorter maxLifetime value.
2026-09-15 17:12:52 [HikariPool-1:housekeeper] WARN  com.zaxxer.hikari.pool.PoolBase - HikariPool-1 - Failed to validate connection com.mysql.cj.jdbc.ConnectionImpl@7fc8d5dc (No operations allowed after connection closed.). Possibly consider using a shorter maxLifetime value.
2026-09-15 17:13:07 [HikariPool-1:housekeeper] WARN  com.zaxxer.hikari.pool.PoolBase - HikariPool-1 - Failed to validate connection com.mysql.cj.jdbc.ConnectionImpl@1f74df55 (No operations allowed after connection closed.). Possibly consider using a shorter maxLifetime value.
2026-09-15 17:14:41 [HikariPool-1:housekeeper] WARN  com.zaxxer.hikari.pool.PoolBase - HikariPool-1 - Failed to validate connection com.mysql.cj.jdbc.ConnectionImpl@1948003d (No operations allowed after connection closed.). Possibly consider using a shorter maxLifetime value.
2026-09-15 17:15:03 [HikariPool-1:housekeeper] WARN  com.zaxxer.hikari.pool.PoolBase - HikariPool-1 - Failed to validate connection com.mysql.cj.jdbc.ConnectionImpl@1920bdcd (No operations allowed after connection closed.). Possibly consider using a shorter maxLifetime value.
2026-09-15 17:16:16 [http-nio-8080-exec-10] INFO  c.e.Docgen_Backend.config.JwtFilter - JWT validated successfully for userId=6a82a98a13421d60d7e0e553
2026-09-15 17:16:16 [http-nio-8080-exec-10] INFO  c.e.D.controller.UserController - PATCH /api/v2/users/217 - Update request received for employeeId=TEST0336
2026-09-15 17:16:16 [http-nio-8080-exec-10] DEBUG c.e.D.controller.UserController - Update payload: CreateProfileRequest(employeeName=Test User Three, email=prathamesh69bhavsar@gmail.com, mobileNo=8007454299, employeeId=TEST0336, joiningDesignation=Java developer, currentDesignation=Full Stack Developer, department=IT, currentAddress=N-42,VD-1/3/1,Sawta Nager,Cidco,Trimurti Chowk, permanentAddress=Pune, Maharashtra, accountNo=2568108019550, bankName=AU Small Finance Bank, joiningCTC=500000.0, currentCTC=970000.0, dateOfBirth=1212-12-12, offerDate=2026-11-12, joiningDate=2026-11-22, panNo=GFZPS5853Q, company=NCSS, pfType=WITHOUT_PF, identity=MR, documents=[APPOINTMENT_LETTER, SALARY_SLIP], documentData={APPOINTMENT_LETTER={issueDate=2000-11-12, probationPeriod=3}, SALARY_SLIP={startMonth=2026-09, endMonth=2026-09, salaryWorkdays={2026-09=30}}})
2026-09-15 17:16:16 [http-nio-8080-exec-10] WARN  com.zaxxer.hikari.pool.PoolBase - HikariPool-1 - Failed to validate connection com.mysql.cj.jdbc.ConnectionImpl@695f7baf (No operations allowed after connection closed.). Possibly consider using a shorter maxLifetime value.
2026-09-15 17:16:16 [http-nio-8080-exec-10] WARN  com.zaxxer.hikari.pool.PoolBase - HikariPool-1 - Failed to validate connection com.mysql.cj.jdbc.ConnectionImpl@2c86ddbf (No operations allowed after connection closed.). Possibly consider using a shorter maxLifetime value.
2026-09-15 17:16:17 [http-nio-8080-exec-10] INFO  c.e.D.service.impl.UserServiceImpl - Updating user profile | userId=217 | employeeId=TEST0336
2026-09-15 17:16:18 [http-nio-8080-exec-10] DEBUG c.e.D.service.impl.UserServiceImpl - Existing user fetched | userId=217 | oldEmployeeId=TEST0336
2026-09-15 17:16:18 [http-nio-8080-exec-10] DEBUG c.e.D.service.impl.UserServiceImpl - Updating documents | userId=217
2026-09-15 17:16:18 [http-nio-8080-exec-10] INFO  c.e.D.service.impl.UserServiceImpl - User profile updated successfully | userId=217 | timeTaken=1112ms
2026-09-15 17:16:18 [http-nio-8080-exec-10] INFO  c.e.D.controller.UserController - Profile updated successfully for userId=217, employeeId=TEST0336
2026-09-15 17:16:58 [http-nio-8080-exec-9] INFO  c.e.Docgen_Backend.config.JwtFilter - JWT validated successfully for userId=6a82a98a13421d60d7e0e553
2026-09-15 17:16:58 [http-nio-8080-exec-9] INFO  c.e.D.controller.UserController - PATCH /api/v2/users/217 - Update request received for employeeId=TEST0336
2026-09-15 17:16:58 [http-nio-8080-exec-9] DEBUG c.e.D.controller.UserController - Update payload: CreateProfileRequest(employeeName=Test User Three, email=prathamesh69bhavsar@gmail.com, mobileNo=8007454299, employeeId=TEST0336, joiningDesignation=Java developer, currentDesignation=Full Stack Developer, department=IT, currentAddress=N-42,VD-1/3/1,Sawta Nager,Cidco,Trimurti Chowk, permanentAddress=Pune, Maharashtra, accountNo=2568108019550, bankName=AU Small Finance Bank, joiningCTC=500000.0, currentCTC=970000.0, dateOfBirth=1212-12-12, offerDate=2026-11-12, joiningDate=2026-11-22, panNo=GFZPS5853Q, company=NCSS, pfType=WITH_PF, identity=MR, documents=[APPOINTMENT_LETTER, SALARY_SLIP, COMPLETION_LETTER], documentData={APPOINTMENT_LETTER={issueDate=2000-11-12, probationPeriod=3}, COMPLETION_LETTER={startDate=2026-09-15, completionDate=2026-09-15, issueDate=2026-09-15}, SALARY_SLIP={startMonth=2026-09, endMonth=2026-09, salaryWorkdays={2026-09=30}}})
2026-09-15 17:16:58 [http-nio-8080-exec-9] WARN  com.zaxxer.hikari.pool.PoolBase - HikariPool-1 - Failed to validate connection com.mysql.cj.jdbc.ConnectionImpl@c4885b5 (No operations allowed after connection closed.). Possibly consider using a shorter maxLifetime value.
2026-09-15 17:16:58 [http-nio-8080-exec-9] WARN  com.zaxxer.hikari.pool.PoolBase - HikariPool-1 - Failed to validate connection com.mysql.cj.jdbc.ConnectionImpl@5937a5e (No operations allowed after connection closed.). Possibly consider using a shorter maxLifetime value.
2026-09-15 17:16:58 [http-nio-8080-exec-9] WARN  com.zaxxer.hikari.pool.PoolBase - HikariPool-1 - Failed to validate connection com.mysql.cj.jdbc.ConnectionImpl@472d0d6d (No operations allowed after connection closed.). Possibly consider using a shorter maxLifetime value.
2026-09-15 17:16:58 [http-nio-8080-exec-9] INFO  c.e.D.service.impl.UserServiceImpl - Updating user profile | userId=217 | employeeId=TEST0336
2026-09-15 17:16:58 [http-nio-8080-exec-9] DEBUG c.e.D.service.impl.UserServiceImpl - Existing user fetched | userId=217 | oldEmployeeId=TEST0336
2026-09-15 17:16:58 [http-nio-8080-exec-9] DEBUG c.e.D.service.impl.UserServiceImpl - Updating documents | userId=217
2026-09-15 17:16:58 [http-nio-8080-exec-9] INFO  c.e.D.service.impl.UserServiceImpl - User profile updated successfully | userId=217 | timeTaken=495ms
2026-09-15 17:16:58 [http-nio-8080-exec-9] INFO  c.e.D.controller.UserController - Profile updated successfully for userId=217, employeeId=TEST0336
2026-09-15 17:18:35 [HikariPool-1:housekeeper] WARN  com.zaxxer.hikari.pool.PoolBase - HikariPool-1 - Failed to validate connection com.mysql.cj.jdbc.ConnectionImpl@3e4c731b (No operations allowed after connection closed.). Possibly consider using a shorter maxLifetime value.
2026-09-15 17:18:41 [HikariPool-1:housekeeper] WARN  com.zaxxer.hikari.pool.PoolBase - HikariPool-1 - Failed to validate connection com.mysql.cj.jdbc.ConnectionImpl@3814c307 (No operations allowed after connection closed.). Possibly consider using a shorter maxLifetime value.
2026-09-15 17:18:48 [HikariPool-1:housekeeper] WARN  com.zaxxer.hikari.pool.PoolBase - HikariPool-1 - Failed to validate connection com.mysql.cj.jdbc.ConnectionImpl@64b1f741 (No operations allowed after connection closed.). Possibly consider using a shorter maxLifetime value.
2026-09-15 17:20:32 [HikariPool-1:housekeeper] WARN  com.zaxxer.hikari.pool.PoolBase - HikariPool-1 - Failed to validate connection com.mysql.cj.jdbc.ConnectionImpl@6813c418 (No operations allowed after connection closed.). Possibly consider using a shorter maxLifetime value.
2026-09-15 17:20:44 [HikariPool-1:housekeeper] WARN  com.zaxxer.hikari.pool.PoolBase - HikariPool-1 - Failed to validate connection com.mysql.cj.jdbc.ConnectionImpl@7e4856f8 (No operations allowed after connection closed.). Possibly consider using a shorter maxLifetime value.
2026-09-15 17:22:09 [HikariPool-1:housekeeper] WARN  com.zaxxer.hikari.pool.PoolBase - HikariPool-1 - Failed to validate connection com.mysql.cj.jdbc.ConnectionImpl@771a9b2f (No operations allowed after connection closed.). Possibly consider using a shorter maxLifetime value.
2026-09-15 17:22:25 [HikariPool-1:housekeeper] WARN  com.zaxxer.hikari.pool.PoolBase - HikariPool-1 - Failed to validate connection com.mysql.cj.jdbc.ConnectionImpl@1b26ef85 (No operations allowed after connection closed.). Possibly consider using a shorter maxLifetime value.
2026-09-15 17:23:47 [HikariPool-1:housekeeper] WARN  com.zaxxer.hikari.pool.PoolBase - HikariPool-1 - Failed to validate connection com.mysql.cj.jdbc.ConnectionImpl@44858325 (No operations allowed after connection closed.). Possibly consider using a shorter maxLifetime value.
2026-09-15 17:24:19 [HikariPool-1:housekeeper] WARN  com.zaxxer.hikari.pool.PoolBase - HikariPool-1 - Failed to validate connection com.mysql.cj.jdbc.ConnectionImpl@630dd035 (No operations allowed after connection closed.). Possibly consider using a shorter maxLifetime value.
2026-09-15 17:25:36 [HikariPool-1:housekeeper] WARN  com.zaxxer.hikari.pool.PoolBase - HikariPool-1 - Failed to validate connection com.mysql.cj.jdbc.ConnectionImpl@412ef463 (No operations allowed after connection closed.). Possibly consider using a shorter maxLifetime value.
2026-09-15 17:25:57 [HikariPool-1:housekeeper] WARN  com.zaxxer.hikari.pool.PoolBase - HikariPool-1 - Failed to validate connection com.mysql.cj.jdbc.ConnectionImpl@59e5499b (No operations allowed after connection closed.). Possibly consider using a shorter maxLifetime value.
2026-09-15 17:27:24 [HikariPool-1:housekeeper] WARN  com.zaxxer.hikari.pool.PoolBase - HikariPool-1 - Failed to validate connection com.mysql.cj.jdbc.ConnectionImpl@104dadd6 (No operations allowed after connection closed.). Possibly consider using a shorter maxLifetime value.
2026-09-15 17:27:45 [HikariPool-1:housekeeper] WARN  com.zaxxer.hikari.pool.PoolBase - HikariPool-1 - Failed to validate connection com.mysql.cj.jdbc.ConnectionImpl@12b8a244 (No operations allowed after connection closed.). Possibly consider using a shorter maxLifetime value.
2026-09-15 17:29:03 [HikariPool-1:housekeeper] WARN  com.zaxxer.hikari.pool.PoolBase - HikariPool-1 - Failed to validate connection com.mysql.cj.jdbc.ConnectionImpl@7f444c6c (No operations allowed after connection closed.). Possibly consider using a shorter maxLifetime value.
2026-09-15 17:29:33 [HikariPool-1:housekeeper] WARN  com.zaxxer.hikari.pool.PoolBase - HikariPool-1 - Failed to validate connection com.mysql.cj.jdbc.ConnectionImpl@5d1dbdea (No operations allowed after connection closed.). Possibly consider using a shorter maxLifetime value.
2026-09-15 17:30:51 [HikariPool-1:housekeeper] WARN  com.zaxxer.hikari.pool.PoolBase - HikariPool-1 - Failed to validate connection com.mysql.cj.jdbc.ConnectionImpl@51bbf327 (No operations allowed after connection closed.). Possibly consider using a shorter maxLifetime value.
2026-09-15 17:31:25 [HikariPool-1:housekeeper] WARN  com.zaxxer.hikari.pool.PoolBase - HikariPool-1 - Failed to validate connection com.mysql.cj.jdbc.ConnectionImpl@6fb4ba8d (No operations allowed after connection closed.). Possibly consider using a shorter maxLifetime value.
2026-09-15 17:32:16 [SpringApplicationShutdownHook] INFO  o.s.boot.tomcat.GracefulShutdown - Commencing graceful shutdown. Waiting for active requests to complete
2026-09-15 17:32:16 [tomcat-shutdown] INFO  o.s.boot.tomcat.GracefulShutdown - Graceful shutdown complete
2026-09-15 17:32:16 [SpringApplicationShutdownHook] INFO  o.s.o.j.LocalContainerEntityManagerFactoryBean - Closing JPA EntityManagerFactory for persistence unit 'default'
2026-09-15 17:32:17 [SpringApplicationShutdownHook] INFO  com.zaxxer.hikari.HikariDataSource - HikariPool-1 - Shutdown initiated...
2026-09-15 17:32:17 [SpringApplicationShutdownHook] INFO  com.zaxxer.hikari.HikariDataSource - HikariPool-1 - Shutdown completed.
2026-09-15 17:40:54 [background-preinit] INFO  o.h.validator.internal.util.Version - HV000001: Hibernate Validator 9.0.1.Final
2026-09-15 17:40:54 [restartedMain] INFO  c.e.D.DocgenBackendApplication - Starting DocgenBackendApplication using Java 21.0.9 with PID 23808 (E:\DocGen New Front\Docgen-Backend\target\classes started by prath in E:\DocGen New Front\Docgen-Backend)
2026-09-15 17:40:54 [restartedMain] DEBUG c.e.D.DocgenBackendApplication - Running with Spring Boot v4.0.6, Spring v7.0.7
2026-09-15 17:40:54 [restartedMain] INFO  c.e.D.DocgenBackendApplication - No active profile set, falling back to 1 default profile: "default"
2026-09-15 17:40:54 [restartedMain] INFO  o.s.b.d.e.DevToolsPropertyDefaultsPostProcessor - Devtools property defaults active! Set 'spring.devtools.add-properties' to 'false' to disable
2026-09-15 17:40:54 [restartedMain] INFO  o.s.b.d.e.DevToolsPropertyDefaultsPostProcessor - For additional web related logging consider setting the 'logging.level.web' property to 'DEBUG'
2026-09-15 17:40:55 [restartedMain] INFO  o.s.d.r.c.RepositoryConfigurationDelegate - Bootstrapping Spring Data JPA repositories in DEFAULT mode.
2026-09-15 17:40:55 [restartedMain] INFO  o.s.d.r.c.RepositoryConfigurationDelegate - Finished Spring Data repository scanning in 79 ms. Found 3 JPA repository interfaces.
2026-09-15 17:40:56 [restartedMain] INFO  o.s.boot.tomcat.TomcatWebServer - Tomcat initialized with port 8080 (http)
2026-09-15 17:40:56 [restartedMain] INFO  o.a.coyote.http11.Http11NioProtocol - Initializing ProtocolHandler ["http-nio-8080"]
2026-09-15 17:40:56 [restartedMain] INFO  o.a.catalina.core.StandardService - Starting service [Tomcat]
2026-09-15 17:40:56 [restartedMain] INFO  o.a.catalina.core.StandardEngine - Starting Servlet engine: [Apache Tomcat/11.0.21]
2026-09-15 17:40:56 [restartedMain] INFO  o.s.b.w.c.s.WebApplicationContextInitializer - Root WebApplicationContext: initialization completed in 1805 ms
2026-09-15 17:40:56 [restartedMain] DEBUG c.e.Docgen_Backend.config.JwtFilter - Filter 'jwtFilter' configured for use
2026-09-15 17:40:56 [restartedMain] INFO  org.hibernate.orm.jpa - HHH008540: Processing PersistenceUnitInfo [name: default]
2026-09-15 17:40:57 [restartedMain] INFO  org.hibernate.orm.core - HHH000001: Hibernate ORM core version 7.2.12.Final
2026-09-15 17:40:57 [restartedMain] INFO  o.s.o.j.p.SpringPersistenceUnitInfo - No LoadTimeWeaver setup: ignoring JPA class transformer
2026-09-15 17:40:57 [restartedMain] INFO  com.zaxxer.hikari.HikariDataSource - HikariPool-1 - Starting...
2026-09-15 17:40:59 [restartedMain] INFO  com.zaxxer.hikari.pool.HikariPool - HikariPool-1 - Added connection com.mysql.cj.jdbc.ConnectionImpl@6753e8b
2026-09-15 17:40:59 [restartedMain] INFO  com.zaxxer.hikari.HikariDataSource - HikariPool-1 - Start completed.
2026-09-15 17:41:00 [restartedMain] WARN  org.hibernate.orm.jdbc - HHH100045: Could not obtain connection metadata: java.sql.SQLSyntaxErrorException: Unknown column 'RESERVED' in 'WHERE'
2026-09-15 17:41:00 [restartedMain] WARN  org.hibernate.orm.deprecation - HHH90000025: MySQLDialect does not need to be specified explicitly using 'hibernate.dialect' (remove the property setting and it will be selected by default)
2026-09-15 17:41:00 [restartedMain] INFO  o.hibernate.orm.connections.pooling - HHH10001005: Database info:
	Database JDBC URL [undefined/unknown]
	Database driver: undefined/unknown
	Database dialect: MySQLDialect
	Database version: 8.0
	Default catalog/schema: unknown/unknown
	Autocommit mode: undefined/unknown
	Isolation level: NONE [default NONE]
	JDBC fetch size: undefined/unknown
	Pool: DataSourceConnectionProvider
	Minimum pool size: undefined/unknown
	Maximum pool size: undefined/unknown
2026-09-15 17:41:02 [restartedMain] INFO  org.hibernate.orm.core - HHH000489: No JTA platform available (set 'hibernate.transaction.jta.platform' to enable JTA platform integration)
2026-09-15 17:41:08 [restartedMain] INFO  o.s.o.j.LocalContainerEntityManagerFactoryBean - Initialized JPA EntityManagerFactory for persistence unit 'default'
2026-09-15 17:41:08 [restartedMain] INFO  o.s.d.j.r.q.QueryEnhancerFactories - Hibernate is in classpath; If applicable, HQL parser will be used.
2026-09-15 17:41:08 [restartedMain] INFO  o.s.s.c.a.a.c.InitializeUserDetailsBeanManagerConfigurer$InitializeUserDetailsManagerConfigurer - Global AuthenticationManager configured with UserDetailsService bean with name customUserDetailsService
2026-09-15 17:41:09 [restartedMain] INFO  o.a.coyote.http11.Http11NioProtocol - Starting ProtocolHandler ["http-nio-8080"]
2026-09-15 17:41:09 [restartedMain] INFO  o.s.boot.tomcat.TomcatWebServer - Tomcat started on port 8080 (http) with context path '/'
2026-09-15 17:41:09 [restartedMain] INFO  c.e.D.DocgenBackendApplication - Started DocgenBackendApplication in 15.79 seconds (process running for 16.601)
2026-09-15 17:41:52 [http-nio-8080-exec-2] INFO  o.a.c.c.C.[Tomcat].[localhost].[/] - Initializing Spring DispatcherServlet 'dispatcherServlet'
2026-09-15 17:41:52 [http-nio-8080-exec-2] INFO  o.s.web.servlet.DispatcherServlet - Initializing Servlet 'dispatcherServlet'
2026-09-15 17:41:52 [http-nio-8080-exec-2] INFO  o.s.web.servlet.DispatcherServlet - Completed initialization in 2 ms
2026-09-15 17:41:52 [http-nio-8080-exec-3] INFO  c.e.Docgen_Backend.config.JwtFilter - JWT validated successfully for userId=6a82a98a13421d60d7e0e553
2026-09-15 17:41:53 [http-nio-8080-exec-3] WARN  com.zaxxer.hikari.pool.PoolBase - HikariPool-1 - Failed to validate connection com.mysql.cj.jdbc.ConnectionImpl@6753e8b (No operations allowed after connection closed.). Possibly consider using a shorter maxLifetime value.
2026-09-15 17:41:53 [http-nio-8080-exec-3] WARN  com.zaxxer.hikari.pool.PoolBase - HikariPool-1 - Failed to validate connection com.mysql.cj.jdbc.ConnectionImpl@969c25f (No operations allowed after connection closed.). Possibly consider using a shorter maxLifetime value.
2026-09-15 17:41:53 [http-nio-8080-exec-3] WARN  com.zaxxer.hikari.pool.PoolBase - HikariPool-1 - Failed to validate connection com.mysql.cj.jdbc.ConnectionImpl@b913d (No operations allowed after connection closed.). Possibly consider using a shorter maxLifetime value.
2026-09-15 17:41:55 [http-nio-8080-exec-4] INFO  c.e.Docgen_Backend.config.JwtFilter - JWT validated successfully for userId=6a82a98a13421d60d7e0e553
2026-09-15 17:42:00 [http-nio-8080-exec-7] INFO  c.e.Docgen_Backend.config.JwtFilter - JWT validated successfully for userId=6a82a98a13421d60d7e0e553
2026-09-15 17:42:00 [http-nio-8080-exec-7] INFO  c.e.D.controller.UserController - GET /api/v2/users/217 - Fetch request received
2026-09-15 17:42:00 [http-nio-8080-exec-7] INFO  c.e.D.service.impl.UserServiceImpl - Fetching user profile for edit | userId=217 | requestedBy=6a82a98a13421d60d7e0e553
2026-09-15 17:42:00 [http-nio-8080-exec-7] DEBUG c.e.D.service.impl.UserServiceImpl - User found | userId=217 | employeeId=TEST0336
2026-09-15 17:42:00 [http-nio-8080-exec-7] INFO  c.e.D.service.impl.UserServiceImpl - User profile fetched successfully | userId=217 | timeTaken=338ms
2026-09-15 17:42:00 [http-nio-8080-exec-7] INFO  c.e.D.controller.UserController - Profile fetched successfully for userId=217
2026-09-15 17:42:00 [http-nio-8080-exec-7] DEBUG c.e.D.controller.UserController - Fetched profile data: UserProfileResponseDTO(id=217, employeeName=Test User Three, employeeId=TEST0336, email=prathamesh69bhavsar@gmail.com, mobileNo=8007454299, joiningDesignation=Java developer, currentDesignation=Full Stack Developer, department=IT, company=NCSS, identity=MR, pfType=WITH_PF, accountNo=2568108019550, bankName=AU Small Finance Bank, currentAddress=N-42,VD-1/3/1,Sawta Nager,Cidco,Trimurti Chowk, permanentAddress=Pune, Maharashtra, joiningCTC=500000.0, currentCTC=970000.0, dateOfBirth=1212-12-12, offerDate=2026-11-12, joiningDate=2026-11-22, panNo=GFZPS5853Q, createdAt=null, documents={APPOINTMENT_LETTER=DocumentResponseDTO(generated=true, data={issueDate=2000-11-12, probationPeriod=3}), INTERNSHIP_LETTER=DocumentResponseDTO(generated=false, data=null), EXPERIENCE_LETTER=DocumentResponseDTO(generated=false, data=null), FULL_AND_FINAL=DocumentResponseDTO(generated=false, data=null), CONFIRMATION_LETTER=DocumentResponseDTO(generated=false, data=null), INCREMENT_LETTER=DocumentResponseDTO(generated=false, data=null), RELIEVING_LETTER=DocumentResponseDTO(generated=false, data=null), SALARY_SLIP=DocumentResponseDTO(generated=true, data={startMonth=2026-09, endMonth=2026-09}), COMPLETION_LETTER=DocumentResponseDTO(generated=true, data={completionDate=2026-09-15, issueDate=2026-09-15, startDate=2026-09-15}), OFFER_LETTER=DocumentResponseDTO(generated=false, data=null)})
2026-09-15 17:42:00 [http-nio-8080-exec-8] INFO  c.e.Docgen_Backend.config.JwtFilter - JWT validated successfully for userId=6a82a98a13421d60d7e0e553
2026-09-15 17:42:00 [http-nio-8080-exec-8] INFO  c.e.D.controller.UserController - GET /api/v2/users/217 - Fetch request received
2026-09-15 17:42:00 [http-nio-8080-exec-8] INFO  c.e.D.service.impl.UserServiceImpl - Fetching user profile for edit | userId=217 | requestedBy=6a82a98a13421d60d7e0e553
2026-09-15 17:42:01 [http-nio-8080-exec-8] DEBUG c.e.D.service.impl.UserServiceImpl - User found | userId=217 | employeeId=TEST0336
2026-09-15 17:42:01 [http-nio-8080-exec-8] INFO  c.e.D.service.impl.UserServiceImpl - User profile fetched successfully | userId=217 | timeTaken=556ms
2026-09-15 17:42:01 [http-nio-8080-exec-8] INFO  c.e.D.controller.UserController - Profile fetched successfully for userId=217
2026-09-15 17:42:01 [http-nio-8080-exec-8] DEBUG c.e.D.controller.UserController - Fetched profile data: UserProfileResponseDTO(id=217, employeeName=Test User Three, employeeId=TEST0336, email=prathamesh69bhavsar@gmail.com, mobileNo=8007454299, joiningDesignation=Java developer, currentDesignation=Full Stack Developer, department=IT, company=NCSS, identity=MR, pfType=WITH_PF, accountNo=2568108019550, bankName=AU Small Finance Bank, currentAddress=N-42,VD-1/3/1,Sawta Nager,Cidco,Trimurti Chowk, permanentAddress=Pune, Maharashtra, joiningCTC=500000.0, currentCTC=970000.0, dateOfBirth=1212-12-12, offerDate=2026-11-12, joiningDate=2026-11-22, panNo=GFZPS5853Q, createdAt=null, documents={APPOINTMENT_LETTER=DocumentResponseDTO(generated=true, data={issueDate=2000-11-12, probationPeriod=3}), INTERNSHIP_LETTER=DocumentResponseDTO(generated=false, data=null), EXPERIENCE_LETTER=DocumentResponseDTO(generated=false, data=null), FULL_AND_FINAL=DocumentResponseDTO(generated=false, data=null), CONFIRMATION_LETTER=DocumentResponseDTO(generated=false, data=null), INCREMENT_LETTER=DocumentResponseDTO(generated=false, data=null), RELIEVING_LETTER=DocumentResponseDTO(generated=false, data=null), SALARY_SLIP=DocumentResponseDTO(generated=true, data={startMonth=2026-09, endMonth=2026-09}), COMPLETION_LETTER=DocumentResponseDTO(generated=true, data={completionDate=2026-09-15, issueDate=2026-09-15, startDate=2026-09-15}), OFFER_LETTER=DocumentResponseDTO(generated=false, data=null)})
2026-09-15 17:43:32 [HikariPool-1:housekeeper] WARN  com.zaxxer.hikari.pool.PoolBase - HikariPool-1 - Failed to validate connection com.mysql.cj.jdbc.ConnectionImpl@1c7d3939 (No operations allowed after connection closed.). Possibly consider using a shorter maxLifetime value.
2026-09-15 17:43:45 [HikariPool-1:housekeeper] WARN  com.zaxxer.hikari.pool.PoolBase - HikariPool-1 - Failed to validate connection com.mysql.cj.jdbc.ConnectionImpl@2d2b2767 (No operations allowed after connection closed.). Possibly consider using a shorter maxLifetime value.
2026-09-15 17:43:48 [HikariPool-1:housekeeper] WARN  com.zaxxer.hikari.pool.PoolBase - HikariPool-1 - Failed to validate connection com.mysql.cj.jdbc.ConnectionImpl@7c52c676 (No operations allowed after connection closed.). Possibly consider using a shorter maxLifetime value.
2026-09-15 17:44:30 [http-nio-8080-exec-2] INFO  c.e.Docgen_Backend.config.JwtFilter - JWT validated successfully for userId=6a82a98a13421d60d7e0e553
2026-09-15 17:44:30 [http-nio-8080-exec-2] INFO  c.e.D.controller.UserController - PATCH /api/v2/users/217 - Update request received for employeeId=TEST0336
2026-09-15 17:44:30 [http-nio-8080-exec-2] DEBUG c.e.D.controller.UserController - Update payload: CreateProfileRequest(employeeName=Test User Three, email=prathamesh69bhavsar@gmail.com, mobileNo=8007454299, employeeId=TEST0336, joiningDesignation=Java developer, currentDesignation=Full Stack Developer, department=IT, currentAddress=N-42,VD-1/3/1,Sawta Nager,Cidco,Trimurti Chowk, permanentAddress=Pune, Maharashtra, accountNo=2568108019550, bankName=AU Small Finance Bank, joiningCTC=500000.0, currentCTC=970000.0, dateOfBirth=1212-12-12, offerDate=2026-11-12, joiningDate=2026-11-22, panNo=GFZPS5853Q, company=NCSS, pfType=WITH_PF, identity=MR, documents=[APPOINTMENT_LETTER, SALARY_SLIP, COMPLETION_LETTER], documentData={APPOINTMENT_LETTER={issueDate=2000-11-12, probationPeriod=3}, COMPLETION_LETTER={startDate=2026-09-15, completionDate=2026-09-15, issueDate=2026-09-15}, SALARY_SLIP={startMonth=2026-09, endMonth=2026-09, salaryWorkdays={2026-09=30}}})
2026-09-15 17:44:30 [http-nio-8080-exec-2] WARN  com.zaxxer.hikari.pool.PoolBase - HikariPool-1 - Failed to validate connection com.mysql.cj.jdbc.ConnectionImpl@7eaa5a29 (No operations allowed after connection closed.). Possibly consider using a shorter maxLifetime value.
2026-09-15 17:44:30 [http-nio-8080-exec-2] WARN  com.zaxxer.hikari.pool.PoolBase - HikariPool-1 - Failed to validate connection com.mysql.cj.jdbc.ConnectionImpl@750383f9 (No operations allowed after connection closed.). Possibly consider using a shorter maxLifetime value.
2026-09-15 17:44:30 [http-nio-8080-exec-2] INFO  c.e.D.service.impl.UserServiceImpl - Updating user profile | userId=217 | employeeId=TEST0336
2026-09-15 17:44:31 [http-nio-8080-exec-2] DEBUG c.e.D.service.impl.UserServiceImpl - Existing user fetched | userId=217 | oldEmployeeId=TEST0336
2026-09-15 17:44:31 [http-nio-8080-exec-2] DEBUG c.e.D.service.impl.UserServiceImpl - Updating documents | userId=217
2026-09-15 17:44:31 [http-nio-8080-exec-2] INFO  c.e.D.service.impl.UserServiceImpl - User profile updated successfully | userId=217 | timeTaken=859ms
2026-09-15 17:44:31 [http-nio-8080-exec-2] INFO  c.e.D.controller.UserController - Profile updated successfully for userId=217, employeeId=TEST0336
2026-09-15 17:45:09 [http-nio-8080-exec-4] INFO  c.e.Docgen_Backend.config.JwtFilter - JWT validated successfully for userId=6a82a98a13421d60d7e0e553
2026-09-15 17:45:09 [http-nio-8080-exec-4] INFO  c.e.D.controller.UserController - PATCH /api/v2/users/217 - Update request received for employeeId=TEST0336
2026-09-15 17:45:09 [http-nio-8080-exec-4] DEBUG c.e.D.controller.UserController - Update payload: CreateProfileRequest(employeeName=Test User Three, email=prathamesh69bhavsar@gmail.com, mobileNo=8007454299, employeeId=TEST0336, joiningDesignation=Java developer, currentDesignation=Full Stack Developer, department=IT, currentAddress=N-42,VD-1/3/1,Sawta Nager,Cidco,Trimurti Chowk, permanentAddress=Pune, Maharashtra, accountNo=2568108019550, bankName=AU Small Finance Bank, joiningCTC=500000.0, currentCTC=970000.0, dateOfBirth=1212-12-12, offerDate=2026-11-12, joiningDate=2026-11-22, panNo=GFZPS5853Q, company=NCSS, pfType=WITHOUT_PF, identity=MR, documents=[APPOINTMENT_LETTER, SALARY_SLIP, COMPLETION_LETTER], documentData={APPOINTMENT_LETTER={issueDate=2000-11-12, probationPeriod=3}, COMPLETION_LETTER={startDate=2026-09-15, completionDate=2026-09-15, issueDate=2026-09-15}, SALARY_SLIP={startMonth=2026-09, endMonth=2026-09, salaryWorkdays={2026-09=30}}})
2026-09-15 17:45:09 [http-nio-8080-exec-4] WARN  com.zaxxer.hikari.pool.PoolBase - HikariPool-1 - Failed to validate connection com.mysql.cj.jdbc.ConnectionImpl@770d7254 (No operations allowed after connection closed.). Possibly consider using a shorter maxLifetime value.
2026-09-15 17:45:09 [http-nio-8080-exec-4] WARN  com.zaxxer.hikari.pool.PoolBase - HikariPool-1 - Failed to validate connection com.mysql.cj.jdbc.ConnectionImpl@43b5323 (No operations allowed after connection closed.). Possibly consider using a shorter maxLifetime value.
2026-09-15 17:45:09 [http-nio-8080-exec-4] WARN  com.zaxxer.hikari.pool.PoolBase - HikariPool-1 - Failed to validate connection com.mysql.cj.jdbc.ConnectionImpl@76a4923e (No operations allowed after connection closed.). Possibly consider using a shorter maxLifetime value.
2026-09-15 17:45:09 [http-nio-8080-exec-4] INFO  c.e.D.service.impl.UserServiceImpl - Updating user profile | userId=217 | employeeId=TEST0336
2026-09-15 17:45:10 [http-nio-8080-exec-4] DEBUG c.e.D.service.impl.UserServiceImpl - Existing user fetched | userId=217 | oldEmployeeId=TEST0336
2026-09-15 17:45:10 [http-nio-8080-exec-4] DEBUG c.e.D.service.impl.UserServiceImpl - Updating documents | userId=217
2026-09-15 17:45:10 [http-nio-8080-exec-4] INFO  c.e.D.service.impl.UserServiceImpl - User profile updated successfully | userId=217 | timeTaken=526ms
2026-09-15 17:45:10 [http-nio-8080-exec-4] INFO  c.e.D.controller.UserController - Profile updated successfully for userId=217, employeeId=TEST0336
2026-09-15 17:46:46 [HikariPool-1:housekeeper] WARN  com.zaxxer.hikari.pool.PoolBase - HikariPool-1 - Failed to validate connection com.mysql.cj.jdbc.ConnectionImpl@73613fd5 (No operations allowed after connection closed.). Possibly consider using a shorter maxLifetime value.
2026-09-15 17:46:47 [HikariPool-1:housekeeper] WARN  com.zaxxer.hikari.pool.PoolBase - HikariPool-1 - Failed to validate connection com.mysql.cj.jdbc.ConnectionImpl@12174bcf (No operations allowed after connection closed.). Possibly consider using a shorter maxLifetime value.
2026-09-15 17:47:01 [HikariPool-1:housekeeper] WARN  com.zaxxer.hikari.pool.PoolBase - HikariPool-1 - Failed to validate connection com.mysql.cj.jdbc.ConnectionImpl@781c5e8d (No operations allowed after connection closed.). Possibly consider using a shorter maxLifetime value.
2026-09-15 17:47:43 [http-nio-8080-exec-7] INFO  c.e.Docgen_Backend.config.JwtFilter - JWT validated successfully for userId=6a82a98a13421d60d7e0e553
2026-09-15 17:47:43 [http-nio-8080-exec-7] INFO  c.e.D.controller.UserController - PATCH /api/v2/users/217 - Update request received for employeeId=TEST0336
2026-09-15 17:47:43 [http-nio-8080-exec-7] DEBUG c.e.D.controller.UserController - Update payload: CreateProfileRequest(employeeName=Test User Three, email=prathamesh69bhavsar@gmail.com, mobileNo=8007454299, employeeId=TEST0336, joiningDesignation=Java developer, currentDesignation=Full Stack Developer, department=IT, currentAddress=N-42,VD-1/3/1,Sawta Nager,Cidco,Trimurti Chowk, permanentAddress=Pune, Maharashtra, accountNo=2568108019550, bankName=AU Small Finance Bank, joiningCTC=500000.0, currentCTC=970000.0, dateOfBirth=1212-12-12, offerDate=2026-11-12, joiningDate=2026-11-22, panNo=GFZPS5853Q, company=NCSS, pfType=WITHOUT_PF, identity=MR, documents=[APPOINTMENT_LETTER, SALARY_SLIP, COMPLETION_LETTER], documentData={APPOINTMENT_LETTER={issueDate=2000-11-12, probationPeriod=3}, COMPLETION_LETTER={startDate=2026-09-15, completionDate=2026-09-15, issueDate=2026-09-15}, SALARY_SLIP={startMonth=2026-09, endMonth=2026-09, salaryWorkdays={2026-09=30}}})
2026-09-15 17:47:43 [http-nio-8080-exec-7] WARN  com.zaxxer.hikari.pool.PoolBase - HikariPool-1 - Failed to validate connection com.mysql.cj.jdbc.ConnectionImpl@473ca756 (No operations allowed after connection closed.). Possibly consider using a shorter maxLifetime value.
2026-09-15 17:47:43 [http-nio-8080-exec-7] WARN  com.zaxxer.hikari.pool.PoolBase - HikariPool-1 - Failed to validate connection com.mysql.cj.jdbc.ConnectionImpl@6f688025 (No operations allowed after connection closed.). Possibly consider using a shorter maxLifetime value.
2026-09-15 17:47:43 [http-nio-8080-exec-7] INFO  c.e.D.service.impl.UserServiceImpl - Updating user profile | userId=217 | employeeId=TEST0336
2026-09-15 17:47:44 [http-nio-8080-exec-7] DEBUG c.e.D.service.impl.UserServiceImpl - Existing user fetched | userId=217 | oldEmployeeId=TEST0336
2026-09-15 17:47:44 [http-nio-8080-exec-7] DEBUG c.e.D.service.impl.UserServiceImpl - Updating documents | userId=217
2026-09-15 17:47:44 [http-nio-8080-exec-7] INFO  c.e.D.service.impl.UserServiceImpl - User profile updated successfully | userId=217 | timeTaken=254ms
2026-09-15 17:47:44 [http-nio-8080-exec-7] INFO  c.e.D.controller.UserController - Profile updated successfully for userId=217, employeeId=TEST0336
2026-09-15 17:49:20 [HikariPool-1:housekeeper] WARN  com.zaxxer.hikari.pool.PoolBase - HikariPool-1 - Failed to validate connection com.mysql.cj.jdbc.ConnectionImpl@2c241c64 (No operations allowed after connection closed.). Possibly consider using a shorter maxLifetime value.
2026-09-15 17:49:34 [HikariPool-1:housekeeper] WARN  com.zaxxer.hikari.pool.PoolBase - HikariPool-1 - Failed to validate connection com.mysql.cj.jdbc.ConnectionImpl@1eb7ad3f (No operations allowed after connection closed.). Possibly consider using a shorter maxLifetime value.
2026-09-15 17:49:40 [HikariPool-1:housekeeper] WARN  com.zaxxer.hikari.pool.PoolBase - HikariPool-1 - Failed to validate connection com.mysql.cj.jdbc.ConnectionImpl@5a03418d (No operations allowed after connection closed.). Possibly consider using a shorter maxLifetime value.
2026-09-15 17:51:13 [HikariPool-1:housekeeper] WARN  com.zaxxer.hikari.pool.PoolBase - HikariPool-1 - Failed to validate connection com.mysql.cj.jdbc.ConnectionImpl@568c0186 (No operations allowed after connection closed.). Possibly consider using a shorter maxLifetime value.
2026-09-15 17:51:33 [HikariPool-1:housekeeper] WARN  com.zaxxer.hikari.pool.PoolBase - HikariPool-1 - Failed to validate connection com.mysql.cj.jdbc.ConnectionImpl@598bd15 (No operations allowed after connection closed.). Possibly consider using a shorter maxLifetime value.
2026-09-15 17:53:03 [HikariPool-1:housekeeper] WARN  com.zaxxer.hikari.pool.PoolBase - HikariPool-1 - Failed to validate connection com.mysql.cj.jdbc.ConnectionImpl@4a045451 (No operations allowed after connection closed.). Possibly consider using a shorter maxLifetime value.
2026-09-15 17:53:15 [HikariPool-1:housekeeper] WARN  com.zaxxer.hikari.pool.PoolBase - HikariPool-1 - Failed to validate connection com.mysql.cj.jdbc.ConnectionImpl@73822a37 (No operations allowed after connection closed.). Possibly consider using a shorter maxLifetime value.
2026-09-15 17:54:43 [HikariPool-1:housekeeper] WARN  com.zaxxer.hikari.pool.PoolBase - HikariPool-1 - Failed to validate connection com.mysql.cj.jdbc.ConnectionImpl@7046c641 (No operations allowed after connection closed.). Possibly consider using a shorter maxLifetime value.
2026-09-15 17:54:58 [HikariPool-1:housekeeper] WARN  com.zaxxer.hikari.pool.PoolBase - HikariPool-1 - Failed to validate connection com.mysql.cj.jdbc.ConnectionImpl@332eaa5f (No operations allowed after connection closed.). Possibly consider using a shorter maxLifetime value.
2026-09-15 17:56:43 [HikariPool-1:housekeeper] WARN  com.zaxxer.hikari.pool.PoolBase - HikariPool-1 - Failed to validate connection com.mysql.cj.jdbc.ConnectionImpl@28b7ba6f (No operations allowed after connection closed.). Possibly consider using a shorter maxLifetime value.
2026-09-15 17:56:53 [HikariPool-1:housekeeper] WARN  com.zaxxer.hikari.pool.PoolBase - HikariPool-1 - Failed to validate connection com.mysql.cj.jdbc.ConnectionImpl@40b2b9c5 (No operations allowed after connection closed.). Possibly consider using a shorter maxLifetime value.
2026-09-15 17:58:41 [HikariPool-1:housekeeper] WARN  com.zaxxer.hikari.pool.PoolBase - HikariPool-1 - Failed to validate connection com.mysql.cj.jdbc.ConnectionImpl@1369f610 (No operations allowed after connection closed.). Possibly consider using a shorter maxLifetime value.
2026-09-15 17:58:49 [HikariPool-1:housekeeper] WARN  com.zaxxer.hikari.pool.PoolBase - HikariPool-1 - Failed to validate connection com.mysql.cj.jdbc.ConnectionImpl@4b27c4c (No operations allowed after connection closed.). Possibly consider using a shorter maxLifetime value.
2026-09-15 18:00:04 [http-nio-8080-exec-10] INFO  c.e.Docgen_Backend.config.JwtFilter - JWT validated successfully for userId=6a82a98a13421d60d7e0e553
2026-09-15 18:00:04 [http-nio-8080-exec-10] INFO  c.e.D.controller.UserController - PATCH /api/v2/users/217 - Update request received for employeeId=TEST0336
2026-09-15 18:00:04 [http-nio-8080-exec-10] DEBUG c.e.D.controller.UserController - Update payload: CreateProfileRequest(employeeName=Test User Three, email=prathamesh69bhavsar@gmail.com, mobileNo=8007454299, employeeId=TEST0336, joiningDesignation=Java developer, currentDesignation=Full Stack Developer, department=IT, currentAddress=N-42,VD-1/3/1,Sawta Nager,Cidco,Trimurti Chowk, permanentAddress=Pune, Maharashtra, accountNo=2568108019550, bankName=AU Small Finance Bank, joiningCTC=500000.0, currentCTC=500000.0, dateOfBirth=1212-12-12, offerDate=2026-11-12, joiningDate=2026-11-22, panNo=GFZPS5853Q, company=NCSS, pfType=WITHOUT_PF, identity=MR, documents=[APPOINTMENT_LETTER, SALARY_SLIP, COMPLETION_LETTER], documentData={APPOINTMENT_LETTER={issueDate=2000-11-12, probationPeriod=3}, COMPLETION_LETTER={startDate=2026-09-15, completionDate=2026-09-15, issueDate=2026-09-15}, SALARY_SLIP={startMonth=2026-09, endMonth=2026-09, salaryWorkdays={2026-09=30}}})
2026-09-15 18:00:04 [http-nio-8080-exec-10] WARN  com.zaxxer.hikari.pool.PoolBase - HikariPool-1 - Failed to validate connection com.mysql.cj.jdbc.ConnectionImpl@46670146 (No operations allowed after connection closed.). Possibly consider using a shorter maxLifetime value.
2026-09-15 18:00:04 [http-nio-8080-exec-10] WARN  com.zaxxer.hikari.pool.PoolBase - HikariPool-1 - Failed to validate connection com.mysql.cj.jdbc.ConnectionImpl@4ae63d6 (No operations allowed after connection closed.). Possibly consider using a shorter maxLifetime value.
2026-09-15 18:00:04 [http-nio-8080-exec-10] INFO  c.e.D.service.impl.UserServiceImpl - Updating user profile | userId=217 | employeeId=TEST0336
2026-09-15 18:00:05 [http-nio-8080-exec-10] DEBUG c.e.D.service.impl.UserServiceImpl - Existing user fetched | userId=217 | oldEmployeeId=TEST0336
2026-09-15 18:00:05 [http-nio-8080-exec-10] DEBUG c.e.D.service.impl.UserServiceImpl - Updating documents | userId=217
2026-09-15 18:00:05 [http-nio-8080-exec-10] INFO  c.e.D.service.impl.UserServiceImpl - User profile updated successfully | userId=217 | timeTaken=789ms
2026-09-15 18:00:05 [http-nio-8080-exec-10] INFO  c.e.D.controller.UserController - Profile updated successfully for userId=217, employeeId=TEST0336
2026-09-15 18:00:27 [http-nio-8080-exec-2] INFO  c.e.Docgen_Backend.config.JwtFilter - JWT validated successfully for userId=6a82a98a13421d60d7e0e553
2026-09-15 18:00:27 [http-nio-8080-exec-2] INFO  c.e.D.controller.UserController - PATCH /api/v2/users/217 - Update request received for employeeId=TEST0336
2026-09-15 18:00:27 [http-nio-8080-exec-2] DEBUG c.e.D.controller.UserController - Update payload: CreateProfileRequest(employeeName=Test User Three, email=prathamesh69bhavsar@gmail.com, mobileNo=8007454299, employeeId=TEST0336, joiningDesignation=Java developer, currentDesignation=Full Stack Developer, department=IT, currentAddress=N-42,VD-1/3/1,Sawta Nager,Cidco,Trimurti Chowk, permanentAddress=Pune, Maharashtra, accountNo=2568108019550, bankName=AU Small Finance Bank, joiningCTC=500000.0, currentCTC=970000.0, dateOfBirth=1212-12-12, offerDate=2026-11-12, joiningDate=2026-11-22, panNo=GFZPS5853Q, company=NCSS, pfType=WITHOUT_PF, identity=MR, documents=[APPOINTMENT_LETTER, SALARY_SLIP, COMPLETION_LETTER], documentData={APPOINTMENT_LETTER={issueDate=2000-11-12, probationPeriod=3}, COMPLETION_LETTER={startDate=2026-09-15, completionDate=2026-09-15, issueDate=2026-09-15}, SALARY_SLIP={startMonth=2026-09, endMonth=2026-09, salaryWorkdays={2026-09=30}}})
2026-09-15 18:00:27 [http-nio-8080-exec-2] WARN  com.zaxxer.hikari.pool.PoolBase - HikariPool-1 - Failed to validate connection com.mysql.cj.jdbc.ConnectionImpl@5763b02d (No operations allowed after connection closed.). Possibly consider using a shorter maxLifetime value.
2026-09-15 18:00:27 [http-nio-8080-exec-2] WARN  com.zaxxer.hikari.pool.PoolBase - HikariPool-1 - Failed to validate connection com.mysql.cj.jdbc.ConnectionImpl@4cfe4de5 (No operations allowed after connection closed.). Possibly consider using a shorter maxLifetime value.
2026-09-15 18:00:27 [http-nio-8080-exec-2] WARN  com.zaxxer.hikari.pool.PoolBase - HikariPool-1 - Failed to validate connection com.mysql.cj.jdbc.ConnectionImpl@3e7ad950 (No operations allowed after connection closed.). Possibly consider using a shorter maxLifetime value.
2026-09-15 18:00:27 [http-nio-8080-exec-2] INFO  c.e.D.service.impl.UserServiceImpl - Updating user profile | userId=217 | employeeId=TEST0336
2026-09-15 18:00:28 [http-nio-8080-exec-2] DEBUG c.e.D.service.impl.UserServiceImpl - Existing user fetched | userId=217 | oldEmployeeId=TEST0336
2026-09-15 18:00:28 [http-nio-8080-exec-2] DEBUG c.e.D.service.impl.UserServiceImpl - Updating documents | userId=217
2026-09-15 18:00:28 [http-nio-8080-exec-2] INFO  c.e.D.service.impl.UserServiceImpl - User profile updated successfully | userId=217 | timeTaken=534ms
2026-09-15 18:00:28 [http-nio-8080-exec-2] INFO  c.e.D.controller.UserController - Profile updated successfully for userId=217, employeeId=TEST0336
2026-09-15 18:01:16 [http-nio-8080-exec-4] INFO  c.e.Docgen_Backend.config.JwtFilter - JWT validated successfully for userId=6a82a98a13421d60d7e0e553
2026-09-15 18:01:16 [http-nio-8080-exec-4] INFO  c.e.D.controller.UserController - PATCH /api/v2/users/217 - Update request received for employeeId=TEST0336
2026-09-15 18:01:16 [http-nio-8080-exec-4] DEBUG c.e.D.controller.UserController - Update payload: CreateProfileRequest(employeeName=Test User Three, email=prathamesh69bhavsar@gmail.com, mobileNo=8007454299, employeeId=TEST0336, joiningDesignation=Java developer, currentDesignation=Full Stack Developer, department=IT, currentAddress=N-42,VD-1/3/1,Sawta Nager,Cidco,Trimurti Chowk, permanentAddress=Pune, Maharashtra, accountNo=2568108019550, bankName=AU Small Finance Bank, joiningCTC=500000.0, currentCTC=970000.0, dateOfBirth=1212-12-12, offerDate=2026-11-12, joiningDate=2026-11-22, panNo=GFZPS5853Q, company=NCSS, pfType=WITHOUT_PF, identity=MR, documents=[APPOINTMENT_LETTER, SALARY_SLIP, COMPLETION_LETTER], documentData={APPOINTMENT_LETTER={issueDate=2000-11-12, probationPeriod=3}, COMPLETION_LETTER={startDate=2026-09-15, completionDate=2026-09-15, issueDate=2026-09-15}, SALARY_SLIP={startMonth=2026-09, endMonth=2026-09, salaryWorkdays={2026-09=30}}})
2026-09-15 18:01:16 [http-nio-8080-exec-4] WARN  com.zaxxer.hikari.pool.PoolBase - HikariPool-1 - Failed to validate connection com.mysql.cj.jdbc.ConnectionImpl@7b595f37 (No operations allowed after connection closed.). Possibly consider using a shorter maxLifetime value.
2026-09-15 18:01:16 [http-nio-8080-exec-4] WARN  com.zaxxer.hikari.pool.PoolBase - HikariPool-1 - Failed to validate connection com.mysql.cj.jdbc.ConnectionImpl@73697190 (No operations allowed after connection closed.). Possibly consider using a shorter maxLifetime value.
2026-09-15 18:01:16 [http-nio-8080-exec-4] INFO  c.e.D.service.impl.UserServiceImpl - Updating user profile | userId=217 | employeeId=TEST0336
2026-09-15 18:01:16 [http-nio-8080-exec-4] DEBUG c.e.D.service.impl.UserServiceImpl - Existing user fetched | userId=217 | oldEmployeeId=TEST0336
2026-09-15 18:01:16 [http-nio-8080-exec-4] DEBUG c.e.D.service.impl.UserServiceImpl - Updating documents | userId=217
2026-09-15 18:01:16 [http-nio-8080-exec-4] INFO  c.e.D.service.impl.UserServiceImpl - User profile updated successfully | userId=217 | timeTaken=478ms
2026-09-15 18:01:16 [http-nio-8080-exec-4] INFO  c.e.D.controller.UserController - Profile updated successfully for userId=217, employeeId=TEST0336
2026-09-15 18:02:55 [HikariPool-1:housekeeper] WARN  com.zaxxer.hikari.pool.PoolBase - HikariPool-1 - Failed to validate connection com.mysql.cj.jdbc.ConnectionImpl@1ce8706f (No operations allowed after connection closed.). Possibly consider using a shorter maxLifetime value.
2026-09-15 18:03:05 [http-nio-8080-exec-7] INFO  c.e.Docgen_Backend.config.JwtFilter - JWT validated successfully for userId=6a82a98a13421d60d7e0e553
2026-09-15 18:03:05 [http-nio-8080-exec-7] INFO  c.e.D.controller.UserController - PATCH /api/v2/users/217 - Update request received for employeeId=TEST0336
2026-09-15 18:03:05 [http-nio-8080-exec-7] DEBUG c.e.D.controller.UserController - Update payload: CreateProfileRequest(employeeName=Test User Three, email=prathamesh69bhavsar@gmail.com, mobileNo=8007454299, employeeId=TEST0336, joiningDesignation=Java developer, currentDesignation=Full Stack Developer, department=IT, currentAddress=N-42,VD-1/3/1,Sawta Nager,Cidco,Trimurti Chowk, permanentAddress=Pune, Maharashtra, accountNo=2568108019550, bankName=AU Small Finance Bank, joiningCTC=500000.0, currentCTC=970000.0, dateOfBirth=1212-12-12, offerDate=2026-11-12, joiningDate=2026-11-22, panNo=GFZPS5853Q, company=NCSS, pfType=WITHOUT_PF, identity=MR, documents=[FULL_AND_FINAL, CONFIRMATION_LETTER], documentData={CONFIRMATION_LETTER={effectiveDate=2026-04-01, issueDate=2026-04-01}, FULL_AND_FINAL={fnfDate=2026-09-15, issueDate=2026-09-15, month=2026-09, resignationDate=2026-09-15, leavingDate=2026-09-15, paidDays=16, totalDaysInMonth=30}})
2026-09-15 18:03:05 [http-nio-8080-exec-7] WARN  com.zaxxer.hikari.pool.PoolBase - HikariPool-1 - Failed to validate connection com.mysql.cj.jdbc.ConnectionImpl@26b4a230 (No operations allowed after connection closed.). Possibly consider using a shorter maxLifetime value.
2026-09-15 18:03:05 [http-nio-8080-exec-7] WARN  com.zaxxer.hikari.pool.PoolBase - HikariPool-1 - Failed to validate connection com.mysql.cj.jdbc.ConnectionImpl@1d41b46f (No operations allowed after connection closed.). Possibly consider using a shorter maxLifetime value.
2026-09-15 18:03:05 [http-nio-8080-exec-7] INFO  c.e.D.service.impl.UserServiceImpl - Updating user profile | userId=217 | employeeId=TEST0336
2026-09-15 18:03:06 [http-nio-8080-exec-7] DEBUG c.e.D.service.impl.UserServiceImpl - Existing user fetched | userId=217 | oldEmployeeId=TEST0336
2026-09-15 18:03:06 [http-nio-8080-exec-7] DEBUG c.e.D.service.impl.UserServiceImpl - Updating documents | userId=217
2026-09-15 18:03:06 [http-nio-8080-exec-7] INFO  c.e.D.service.impl.UserServiceImpl - User profile updated successfully | userId=217 | timeTaken=1304ms
2026-09-15 18:03:08 [http-nio-8080-exec-7] INFO  c.e.D.controller.UserController - Profile updated successfully for userId=217, employeeId=TEST0336
2026-09-15 18:04:44 [HikariPool-1:housekeeper] WARN  com.zaxxer.hikari.pool.PoolBase - HikariPool-1 - Failed to validate connection com.mysql.cj.jdbc.ConnectionImpl@6602cfe (No operations allowed after connection closed.). Possibly consider using a shorter maxLifetime value.
2026-09-15 18:04:48 [HikariPool-1:housekeeper] WARN  com.zaxxer.hikari.pool.PoolBase - HikariPool-1 - Failed to validate connection com.mysql.cj.jdbc.ConnectionImpl@77af6835 (No operations allowed after connection closed.). Possibly consider using a shorter maxLifetime value.
2026-09-15 18:04:50 [HikariPool-1:housekeeper] WARN  com.zaxxer.hikari.pool.PoolBase - HikariPool-1 - Failed to validate connection com.mysql.cj.jdbc.ConnectionImpl@5d36e7f8 (No operations allowed after connection closed.). Possibly consider using a shorter maxLifetime value.
2026-09-15 18:06:35 [HikariPool-1:housekeeper] WARN  com.zaxxer.hikari.pool.PoolBase - HikariPool-1 - Failed to validate connection com.mysql.cj.jdbc.ConnectionImpl@5a36377c (No operations allowed after connection closed.). Possibly consider using a shorter maxLifetime value.
2026-09-15 18:06:43 [HikariPool-1:housekeeper] WARN  com.zaxxer.hikari.pool.PoolBase - HikariPool-1 - Failed to validate connection com.mysql.cj.jdbc.ConnectionImpl@26cde84d (No operations allowed after connection closed.). Possibly consider using a shorter maxLifetime value.
2026-09-15 18:08:27 [HikariPool-1:housekeeper] WARN  com.zaxxer.hikari.pool.PoolBase - HikariPool-1 - Failed to validate connection com.mysql.cj.jdbc.ConnectionImpl@27488165 (No operations allowed after connection closed.). Possibly consider using a shorter maxLifetime value.
2026-09-15 18:08:28 [HikariPool-1:housekeeper] WARN  com.zaxxer.hikari.pool.PoolBase - HikariPool-1 - Failed to validate connection com.mysql.cj.jdbc.ConnectionImpl@3a6a1f62 (No operations allowed after connection closed.). Possibly consider using a shorter maxLifetime value.
2026-09-15 18:09:18 [http-nio-8080-exec-10] INFO  c.e.Docgen_Backend.config.JwtFilter - JWT validated successfully for userId=6a82a98a13421d60d7e0e553
2026-09-15 18:09:18 [http-nio-8080-exec-10] INFO  c.e.D.controller.UserController - PATCH /api/v2/users/217 - Update request received for employeeId=TEST0336
2026-09-15 18:09:18 [http-nio-8080-exec-10] DEBUG c.e.D.controller.UserController - Update payload: CreateProfileRequest(employeeName=Test User Three, email=prathamesh69bhavsar@gmail.com, mobileNo=8007454299, employeeId=TEST0336, joiningDesignation=Java developer, currentDesignation=Full Stack Developer, department=IT, currentAddress=N-42,VD-1/3/1,Sawta Nager,Cidco,Trimurti Chowk, permanentAddress=Pune, Maharashtra, accountNo=2568108019550, bankName=AU Small Finance Bank, joiningCTC=500000.0, currentCTC=970000.0, dateOfBirth=1212-12-12, offerDate=2026-11-12, joiningDate=2026-11-22, panNo=GFZPS5853Q, company=NCSS, pfType=WITHOUT_PF, identity=MR, documents=[FULL_AND_FINAL, CONFIRMATION_LETTER], documentData={CONFIRMATION_LETTER={effectiveDate=2026-04-01, issueDate=2026-04-01}, FULL_AND_FINAL={fnfDate=2026-09-15, issueDate=2026-09-15, month=2026-09, resignationDate=2026-09-15, leavingDate=2026-09-15, paidDays=16, totalDaysInMonth=30}})
2026-09-15 18:09:18 [http-nio-8080-exec-10] WARN  com.zaxxer.hikari.pool.PoolBase - HikariPool-1 - Failed to validate connection com.mysql.cj.jdbc.ConnectionImpl@60cbf4b1 (No operations allowed after connection closed.). Possibly consider using a shorter maxLifetime value.
2026-09-15 18:09:18 [http-nio-8080-exec-10] WARN  com.zaxxer.hikari.pool.PoolBase - HikariPool-1 - Failed to validate connection com.mysql.cj.jdbc.ConnectionImpl@57557d02 (No operations allowed after connection closed.). Possibly consider using a shorter maxLifetime value.
2026-09-15 18:09:18 [http-nio-8080-exec-10] INFO  c.e.D.service.impl.UserServiceImpl - Updating user profile | userId=217 | employeeId=TEST0336
2026-09-15 18:09:19 [http-nio-8080-exec-10] DEBUG c.e.D.service.impl.UserServiceImpl - Existing user fetched | userId=217 | oldEmployeeId=TEST0336
2026-09-15 18:09:19 [http-nio-8080-exec-10] DEBUG c.e.D.service.impl.UserServiceImpl - Updating documents | userId=217
2026-09-15 18:09:19 [http-nio-8080-exec-10] INFO  c.e.D.service.impl.UserServiceImpl - User profile updated successfully | userId=217 | timeTaken=502ms
2026-09-15 18:09:19 [http-nio-8080-exec-10] INFO  c.e.D.controller.UserController - Profile updated successfully for userId=217, employeeId=TEST0336
2026-09-15 18:10:58 [HikariPool-1:housekeeper] WARN  com.zaxxer.hikari.pool.PoolBase - HikariPool-1 - Failed to validate connection com.mysql.cj.jdbc.ConnectionImpl@ecaefe (No operations allowed after connection closed.). Possibly consider using a shorter maxLifetime value.
2026-09-15 18:11:02 [HikariPool-1:housekeeper] WARN  com.zaxxer.hikari.pool.PoolBase - HikariPool-1 - Failed to validate connection com.mysql.cj.jdbc.ConnectionImpl@70854c52 (No operations allowed after connection closed.). Possibly consider using a shorter maxLifetime value.
2026-09-15 18:11:09 [HikariPool-1:housekeeper] WARN  com.zaxxer.hikari.pool.PoolBase - HikariPool-1 - Failed to validate connection com.mysql.cj.jdbc.ConnectionImpl@7f000ad0 (No operations allowed after connection closed.). Possibly consider using a shorter maxLifetime value.
2026-09-15 18:12:12 [http-nio-8080-exec-3] INFO  c.e.Docgen_Backend.config.JwtFilter - JWT validated successfully for userId=6a82a98a13421d60d7e0e553
2026-09-15 18:12:12 [http-nio-8080-exec-3] INFO  c.e.D.controller.UserController - PATCH /api/v2/users/217 - Update request received for employeeId=TEST0336
2026-09-15 18:12:12 [http-nio-8080-exec-3] DEBUG c.e.D.controller.UserController - Update payload: CreateProfileRequest(employeeName=Test User Three, email=prathamesh69bhavsar@gmail.com, mobileNo=8007454299, employeeId=TEST0336, joiningDesignation=Java developer, currentDesignation=Full Stack Developer, department=IT, currentAddress=N-42,VD-1/3/1,Sawta Nager,Cidco,Trimurti Chowk, permanentAddress=Pune, Maharashtra, accountNo=2568108019550, bankName=AU Small Finance Bank, joiningCTC=500000.0, currentCTC=970000.0, dateOfBirth=1212-12-12, offerDate=2026-11-12, joiningDate=2026-11-22, panNo=GFZPS5853Q, company=SMDS, pfType=WITHOUT_PF, identity=MR, documents=[APPOINTMENT_LETTER], documentData={APPOINTMENT_LETTER={issueDate=2000-11-12, probationPeriod=3}})
2026-09-15 18:12:12 [http-nio-8080-exec-3] WARN  com.zaxxer.hikari.pool.PoolBase - HikariPool-1 - Failed to validate connection com.mysql.cj.jdbc.ConnectionImpl@2d7c7c19 (No operations allowed after connection closed.). Possibly consider using a shorter maxLifetime value.
2026-09-15 18:12:12 [http-nio-8080-exec-3] WARN  com.zaxxer.hikari.pool.PoolBase - HikariPool-1 - Failed to validate connection com.mysql.cj.jdbc.ConnectionImpl@5e63f6ad (No operations allowed after connection closed.). Possibly consider using a shorter maxLifetime value.
2026-09-15 18:12:12 [http-nio-8080-exec-3] INFO  c.e.D.service.impl.UserServiceImpl - Updating user profile | userId=217 | employeeId=TEST0336
2026-09-15 18:12:12 [http-nio-8080-exec-3] DEBUG c.e.D.service.impl.UserServiceImpl - Existing user fetched | userId=217 | oldEmployeeId=TEST0336
2026-09-15 18:12:12 [http-nio-8080-exec-3] DEBUG c.e.D.service.impl.UserServiceImpl - Updating documents | userId=217
2026-09-15 18:12:12 [http-nio-8080-exec-3] INFO  c.e.D.service.impl.UserServiceImpl - User profile updated successfully | userId=217 | timeTaken=512ms
2026-09-15 18:12:13 [http-nio-8080-exec-3] INFO  c.e.D.controller.UserController - Profile updated successfully for userId=217, employeeId=TEST0336
2026-09-15 18:14:00 [HikariPool-1:housekeeper] WARN  com.zaxxer.hikari.pool.PoolBase - HikariPool-1 - Failed to validate connection com.mysql.cj.jdbc.ConnectionImpl@24d1e070 (No operations allowed after connection closed.). Possibly consider using a shorter maxLifetime value.
2026-09-15 18:14:08 [HikariPool-1:housekeeper] WARN  com.zaxxer.hikari.pool.PoolBase - HikariPool-1 - Failed to validate connection com.mysql.cj.jdbc.ConnectionImpl@378b0a3f (No operations allowed after connection closed.). Possibly consider using a shorter maxLifetime value.
2026-09-15 18:14:09 [HikariPool-1:housekeeper] WARN  com.zaxxer.hikari.pool.PoolBase - HikariPool-1 - Failed to validate connection com.mysql.cj.jdbc.ConnectionImpl@4273aca (No operations allowed after connection closed.). Possibly consider using a shorter maxLifetime value.
2026-09-15 18:14:12 [http-nio-8080-exec-5] INFO  c.e.Docgen_Backend.config.JwtFilter - JWT validated successfully for userId=6a82a98a13421d60d7e0e553
2026-09-15 18:14:12 [http-nio-8080-exec-5] INFO  c.e.D.controller.UserController - PATCH /api/v2/users/217 - Update request received for employeeId=TEST0336
2026-09-15 18:14:12 [http-nio-8080-exec-5] DEBUG c.e.D.controller.UserController - Update payload: CreateProfileRequest(employeeName=Test User Three, email=prathamesh69bhavsar@gmail.com, mobileNo=8007454299, employeeId=TEST0336, joiningDesignation=Java developer, currentDesignation=Full Stack Developer, department=IT, currentAddress=N-42,VD-1/3/1,Sawta Nager,Cidco,Trimurti Chowk, permanentAddress=Pune, Maharashtra, accountNo=2568108019550, bankName=AU Small Finance Bank, joiningCTC=500000.0, currentCTC=970000.0, dateOfBirth=1212-12-12, offerDate=2026-11-12, joiningDate=2026-11-22, panNo=GFZPS5853Q, company=SMDS, pfType=WITH_PF, identity=MR, documents=[APPOINTMENT_LETTER], documentData={APPOINTMENT_LETTER={issueDate=2000-11-12, probationPeriod=3}})
2026-09-15 18:14:12 [http-nio-8080-exec-5] INFO  c.e.D.service.impl.UserServiceImpl - Updating user profile | userId=217 | employeeId=TEST0336
2026-09-15 18:14:12 [http-nio-8080-exec-5] DEBUG c.e.D.service.impl.UserServiceImpl - Existing user fetched | userId=217 | oldEmployeeId=TEST0336
2026-09-15 18:14:12 [http-nio-8080-exec-5] DEBUG c.e.D.service.impl.UserServiceImpl - Updating documents | userId=217
2026-09-15 18:14:12 [http-nio-8080-exec-5] INFO  c.e.D.service.impl.UserServiceImpl - User profile updated successfully | userId=217 | timeTaken=372ms
2026-09-15 18:14:12 [http-nio-8080-exec-5] INFO  c.e.D.controller.UserController - Profile updated successfully for userId=217, employeeId=TEST0336
2026-09-15 18:16:05 [HikariPool-1:housekeeper] WARN  com.zaxxer.hikari.pool.PoolBase - HikariPool-1 - Failed to validate connection com.mysql.cj.jdbc.ConnectionImpl@5a203468 (No operations allowed after connection closed.). Possibly consider using a shorter maxLifetime value.
2026-09-15 18:16:09 [HikariPool-1:housekeeper] WARN  com.zaxxer.hikari.pool.PoolBase - HikariPool-1 - Failed to validate connection com.mysql.cj.jdbc.ConnectionImpl@6ef923f7 (No operations allowed after connection closed.). Possibly consider using a shorter maxLifetime value.
2026-09-15 18:17:45 [HikariPool-1:housekeeper] WARN  com.zaxxer.hikari.pool.PoolBase - HikariPool-1 - Failed to validate connection com.mysql.cj.jdbc.ConnectionImpl@5335a588 (No operations allowed after connection closed.). Possibly consider using a shorter maxLifetime value.
2026-09-15 18:17:48 [HikariPool-1:housekeeper] WARN  com.zaxxer.hikari.pool.PoolBase - HikariPool-1 - Failed to validate connection com.mysql.cj.jdbc.ConnectionImpl@155a6c11 (No operations allowed after connection closed.). Possibly consider using a shorter maxLifetime value.
2026-09-15 18:19:21 [HikariPool-1:housekeeper] WARN  com.zaxxer.hikari.pool.PoolBase - HikariPool-1 - Failed to validate connection com.mysql.cj.jdbc.ConnectionImpl@329b13d6 (No operations allowed after connection closed.). Possibly consider using a shorter maxLifetime value.
2026-09-15 18:19:44 [HikariPool-1:housekeeper] WARN  com.zaxxer.hikari.pool.PoolBase - HikariPool-1 - Failed to validate connection com.mysql.cj.jdbc.ConnectionImpl@2eb4925d (No operations allowed after connection closed.). Possibly consider using a shorter maxLifetime value.
2026-09-15 18:21:18 [HikariPool-1:housekeeper] WARN  com.zaxxer.hikari.pool.PoolBase - HikariPool-1 - Failed to validate connection com.mysql.cj.jdbc.ConnectionImpl@2a7f202 (No operations allowed after connection closed.). Possibly consider using a shorter maxLifetime value.
2026-09-15 18:21:29 [HikariPool-1:housekeeper] WARN  com.zaxxer.hikari.pool.PoolBase - HikariPool-1 - Failed to validate connection com.mysql.cj.jdbc.ConnectionImpl@2393a107 (No operations allowed after connection closed.). Possibly consider using a shorter maxLifetime value.
2026-09-15 18:22:55 [HikariPool-1:housekeeper] WARN  com.zaxxer.hikari.pool.PoolBase - HikariPool-1 - Failed to validate connection com.mysql.cj.jdbc.ConnectionImpl@34b05b65 (No operations allowed after connection closed.). Possibly consider using a shorter maxLifetime value.
2026-09-15 18:23:25 [HikariPool-1:housekeeper] WARN  com.zaxxer.hikari.pool.PoolBase - HikariPool-1 - Failed to validate connection com.mysql.cj.jdbc.ConnectionImpl@5c3c7c79 (No operations allowed after connection closed.). Possibly consider using a shorter maxLifetime value.
2026-09-15 18:24:46 [HikariPool-1:housekeeper] WARN  com.zaxxer.hikari.pool.PoolBase - HikariPool-1 - Failed to validate connection com.mysql.cj.jdbc.ConnectionImpl@37fba7e1 (No operations allowed after connection closed.). Possibly consider using a shorter maxLifetime value.
2026-09-15 18:25:25 [HikariPool-1:housekeeper] WARN  com.zaxxer.hikari.pool.PoolBase - HikariPool-1 - Failed to validate connection com.mysql.cj.jdbc.ConnectionImpl@213e07fe (No operations allowed after connection closed.). Possibly consider using a shorter maxLifetime value.
2026-09-15 18:26:24 [HikariPool-1:housekeeper] WARN  com.zaxxer.hikari.pool.PoolBase - HikariPool-1 - Failed to validate connection com.mysql.cj.jdbc.ConnectionImpl@7f7c9559 (No operations allowed after connection closed.). Possibly consider using a shorter maxLifetime value.
2026-09-15 18:27:21 [HikariPool-1:housekeeper] WARN  com.zaxxer.hikari.pool.PoolBase - HikariPool-1 - Failed to validate connection com.mysql.cj.jdbc.ConnectionImpl@4360702e (No operations allowed after connection closed.). Possibly consider using a shorter maxLifetime value.
2026-09-15 18:28:03 [HikariPool-1:housekeeper] WARN  com.zaxxer.hikari.pool.PoolBase - HikariPool-1 - Failed to validate connection com.mysql.cj.jdbc.ConnectionImpl@5a18c8d5 (No operations allowed after connection closed.). Possibly consider using a shorter maxLifetime value.
2026-09-15 18:29:15 [HikariPool-1:housekeeper] WARN  com.zaxxer.hikari.pool.PoolBase - HikariPool-1 - Failed to validate connection com.mysql.cj.jdbc.ConnectionImpl@c3ca4c6 (No operations allowed after connection closed.). Possibly consider using a shorter maxLifetime value.
2026-09-15 18:29:52 [HikariPool-1:housekeeper] WARN  com.zaxxer.hikari.pool.PoolBase - HikariPool-1 - Failed to validate connection com.mysql.cj.jdbc.ConnectionImpl@7b9f1e67 (No operations allowed after connection closed.). Possibly consider using a shorter maxLifetime value.
2026-09-15 18:31:08 [HikariPool-1:housekeeper] WARN  com.zaxxer.hikari.pool.PoolBase - HikariPool-1 - Failed to validate connection com.mysql.cj.jdbc.ConnectionImpl@3434ee11 (No operations allowed after connection closed.). Possibly consider using a shorter maxLifetime value.
2026-09-15 18:31:49 [HikariPool-1:housekeeper] WARN  com.zaxxer.hikari.pool.PoolBase - HikariPool-1 - Failed to validate connection com.mysql.cj.jdbc.ConnectionImpl@3969edcb (No operations allowed after connection closed.). Possibly consider using a shorter maxLifetime value.
2026-09-15 18:33:03 [HikariPool-1:housekeeper] WARN  com.zaxxer.hikari.pool.PoolBase - HikariPool-1 - Failed to validate connection com.mysql.cj.jdbc.ConnectionImpl@4cc0e82b (No operations allowed after connection closed.). Possibly consider using a shorter maxLifetime value.
2026-09-15 18:33:28 [HikariPool-1:housekeeper] WARN  com.zaxxer.hikari.pool.PoolBase - HikariPool-1 - Failed to validate connection com.mysql.cj.jdbc.ConnectionImpl@353e2b9e (No operations allowed after connection closed.). Possibly consider using a shorter maxLifetime value.
2026-09-15 18:34:58 [HikariPool-1:housekeeper] WARN  com.zaxxer.hikari.pool.PoolBase - HikariPool-1 - Failed to validate connection com.mysql.cj.jdbc.ConnectionImpl@1f0fad25 (No operations allowed after connection closed.). Possibly consider using a shorter maxLifetime value.
2026-09-15 18:35:02 [SpringApplicationShutdownHook] INFO  o.s.boot.tomcat.GracefulShutdown - Commencing graceful shutdown. Waiting for active requests to complete
2026-09-15 18:35:02 [tomcat-shutdown] INFO  o.s.boot.tomcat.GracefulShutdown - Graceful shutdown complete
2026-09-15 18:35:02 [SpringApplicationShutdownHook] INFO  o.s.o.j.LocalContainerEntityManagerFactoryBean - Closing JPA EntityManagerFactory for persistence unit 'default'
2026-09-15 18:35:02 [SpringApplicationShutdownHook] INFO  com.zaxxer.hikari.HikariDataSource - HikariPool-1 - Shutdown initiated...
2026-09-15 18:35:02 [SpringApplicationShutdownHook] INFO  com.zaxxer.hikari.HikariDataSource - HikariPool-1 - Shutdown completed.
2026-09-15 19:04:48 [background-preinit] INFO  o.h.validator.internal.util.Version - HV000001: Hibernate Validator 9.0.1.Final
2026-09-15 19:04:48 [restartedMain] INFO  c.e.D.DocgenBackendApplication - Starting DocgenBackendApplication using Java 21.0.9 with PID 10588 (E:\DocGen New Front\Docgen-Backend\target\classes started by prath in E:\DocGen New Front\Docgen-Backend)
2026-09-15 19:04:48 [restartedMain] DEBUG c.e.D.DocgenBackendApplication - Running with Spring Boot v4.0.6, Spring v7.0.7
2026-09-15 19:04:48 [restartedMain] INFO  c.e.D.DocgenBackendApplication - No active profile set, falling back to 1 default profile: "default"
2026-09-15 19:04:49 [restartedMain] INFO  o.s.b.d.e.DevToolsPropertyDefaultsPostProcessor - Devtools property defaults active! Set 'spring.devtools.add-properties' to 'false' to disable
2026-09-15 19:04:49 [restartedMain] INFO  o.s.b.d.e.DevToolsPropertyDefaultsPostProcessor - For additional web related logging consider setting the 'logging.level.web' property to 'DEBUG'
2026-09-15 19:04:49 [restartedMain] INFO  o.s.d.r.c.RepositoryConfigurationDelegate - Bootstrapping Spring Data JPA repositories in DEFAULT mode.
2026-09-15 19:04:50 [restartedMain] INFO  o.s.d.r.c.RepositoryConfigurationDelegate - Finished Spring Data repository scanning in 69 ms. Found 3 JPA repository interfaces.
2026-09-15 19:04:51 [restartedMain] INFO  o.s.boot.tomcat.TomcatWebServer - Tomcat initialized with port 8080 (http)
2026-09-15 19:04:51 [restartedMain] INFO  o.a.coyote.http11.Http11NioProtocol - Initializing ProtocolHandler ["http-nio-8080"]
2026-09-15 19:04:51 [restartedMain] INFO  o.a.catalina.core.StandardService - Starting service [Tomcat]
2026-09-15 19:04:51 [restartedMain] INFO  o.a.catalina.core.StandardEngine - Starting Servlet engine: [Apache Tomcat/11.0.21]
2026-09-15 19:04:51 [restartedMain] INFO  o.s.b.w.c.s.WebApplicationContextInitializer - Root WebApplicationContext: initialization completed in 2079 ms
2026-09-15 19:04:51 [restartedMain] DEBUG c.e.Docgen_Backend.config.JwtFilter - Filter 'jwtFilter' configured for use
2026-09-15 19:04:51 [restartedMain] INFO  org.hibernate.orm.jpa - HHH008540: Processing PersistenceUnitInfo [name: default]
2026-09-15 19:04:51 [restartedMain] INFO  org.hibernate.orm.core - HHH000001: Hibernate ORM core version 7.2.12.Final
2026-09-15 19:04:52 [restartedMain] INFO  o.s.o.j.p.SpringPersistenceUnitInfo - No LoadTimeWeaver setup: ignoring JPA class transformer
2026-09-15 19:04:52 [restartedMain] INFO  com.zaxxer.hikari.HikariDataSource - HikariPool-1 - Starting...
2026-09-15 19:04:52 [restartedMain] INFO  com.zaxxer.hikari.pool.HikariPool - HikariPool-1 - Added connection com.mysql.cj.jdbc.ConnectionImpl@7af0938c
2026-09-15 19:04:52 [restartedMain] INFO  com.zaxxer.hikari.HikariDataSource - HikariPool-1 - Start completed.
2026-09-15 19:04:53 [restartedMain] WARN  org.hibernate.orm.jdbc - HHH100045: Could not obtain connection metadata: java.sql.SQLSyntaxErrorException: Unknown column 'RESERVED' in 'WHERE'
2026-09-15 19:04:53 [restartedMain] WARN  org.hibernate.orm.deprecation - HHH90000025: MySQLDialect does not need to be specified explicitly using 'hibernate.dialect' (remove the property setting and it will be selected by default)
2026-09-15 19:04:53 [restartedMain] INFO  o.hibernate.orm.connections.pooling - HHH10001005: Database info:
	Database JDBC URL [undefined/unknown]
	Database driver: undefined/unknown
	Database dialect: MySQLDialect
	Database version: 8.0
	Default catalog/schema: unknown/unknown
	Autocommit mode: undefined/unknown
	Isolation level: NONE [default NONE]
	JDBC fetch size: undefined/unknown
	Pool: DataSourceConnectionProvider
	Minimum pool size: undefined/unknown
	Maximum pool size: undefined/unknown
2026-09-15 19:04:55 [restartedMain] INFO  org.hibernate.orm.core - HHH000489: No JTA platform available (set 'hibernate.transaction.jta.platform' to enable JTA platform integration)
2026-09-15 19:05:00 [restartedMain] INFO  o.s.o.j.LocalContainerEntityManagerFactoryBean - Initialized JPA EntityManagerFactory for persistence unit 'default'
2026-09-15 19:05:01 [restartedMain] INFO  o.s.d.j.r.q.QueryEnhancerFactories - Hibernate is in classpath; If applicable, HQL parser will be used.
2026-09-15 19:05:01 [restartedMain] INFO  o.s.s.c.a.a.c.InitializeUserDetailsBeanManagerConfigurer$InitializeUserDetailsManagerConfigurer - Global AuthenticationManager configured with UserDetailsService bean with name customUserDetailsService
2026-09-15 19:05:02 [restartedMain] INFO  o.a.coyote.http11.Http11NioProtocol - Starting ProtocolHandler ["http-nio-8080"]
2026-09-15 19:05:02 [restartedMain] INFO  o.s.boot.tomcat.TomcatWebServer - Tomcat started on port 8080 (http) with context path '/'
2026-09-15 19:05:02 [restartedMain] INFO  c.e.D.DocgenBackendApplication - Started DocgenBackendApplication in 14.269 seconds (process running for 15.324)
2026-09-15 19:05:51 [http-nio-8080-exec-2] INFO  o.a.c.c.C.[Tomcat].[localhost].[/] - Initializing Spring DispatcherServlet 'dispatcherServlet'
2026-09-15 19:05:51 [http-nio-8080-exec-2] INFO  o.s.web.servlet.DispatcherServlet - Initializing Servlet 'dispatcherServlet'
2026-09-15 19:05:51 [http-nio-8080-exec-2] INFO  o.s.web.servlet.DispatcherServlet - Completed initialization in 2 ms
2026-09-15 19:05:51 [http-nio-8080-exec-3] INFO  c.e.Docgen_Backend.config.JwtFilter - JWT validated successfully for userId=6a82a98a13421d60d7e0e553
2026-09-15 19:05:52 [http-nio-8080-exec-3] WARN  com.zaxxer.hikari.pool.PoolBase - HikariPool-1 - Failed to validate connection com.mysql.cj.jdbc.ConnectionImpl@7af0938c (No operations allowed after connection closed.). Possibly consider using a shorter maxLifetime value.
2026-09-15 19:05:52 [http-nio-8080-exec-3] WARN  com.zaxxer.hikari.pool.PoolBase - HikariPool-1 - Failed to validate connection com.mysql.cj.jdbc.ConnectionImpl@4dedc8ee (No operations allowed after connection closed.). Possibly consider using a shorter maxLifetime value.
2026-09-15 19:05:52 [http-nio-8080-exec-3] WARN  com.zaxxer.hikari.pool.PoolBase - HikariPool-1 - Failed to validate connection com.mysql.cj.jdbc.ConnectionImpl@3527d77c (No operations allowed after connection closed.). Possibly consider using a shorter maxLifetime value.
2026-09-15 19:05:53 [http-nio-8080-exec-4] INFO  c.e.Docgen_Backend.config.JwtFilter - JWT validated successfully for userId=6a82a98a13421d60d7e0e553
2026-09-15 19:07:08 [http-nio-8080-exec-9] INFO  c.e.Docgen_Backend.config.JwtFilter - JWT validated successfully for userId=6a82a98a13421d60d7e0e553
2026-09-15 19:07:08 [http-nio-8080-exec-9] INFO  c.e.D.controller.UserController - GET /api/v2/users/215 - Fetch request received
2026-09-15 19:07:08 [http-nio-8080-exec-9] WARN  com.zaxxer.hikari.pool.PoolBase - HikariPool-1 - Failed to validate connection com.mysql.cj.jdbc.ConnectionImpl@1cc32cde (No operations allowed after connection closed.). Possibly consider using a shorter maxLifetime value.
2026-09-15 19:07:08 [http-nio-8080-exec-9] WARN  com.zaxxer.hikari.pool.PoolBase - HikariPool-1 - Failed to validate connection com.mysql.cj.jdbc.ConnectionImpl@4442df2c (No operations allowed after connection closed.). Possibly consider using a shorter maxLifetime value.
2026-09-15 19:07:08 [http-nio-8080-exec-9] WARN  com.zaxxer.hikari.pool.PoolBase - HikariPool-1 - Failed to validate connection com.mysql.cj.jdbc.ConnectionImpl@6f521789 (No operations allowed after connection closed.). Possibly consider using a shorter maxLifetime value.
2026-09-15 19:07:09 [http-nio-8080-exec-9] INFO  c.e.D.service.impl.UserServiceImpl - Fetching user profile for edit | userId=215 | requestedBy=6a82a98a13421d60d7e0e553
2026-09-15 19:07:09 [http-nio-8080-exec-9] DEBUG c.e.D.service.impl.UserServiceImpl - User found | userId=215 | employeeId=SMDS057
2026-09-15 19:07:09 [http-nio-8080-exec-9] INFO  c.e.D.service.impl.UserServiceImpl - User profile fetched successfully | userId=215 | timeTaken=234ms
2026-09-15 19:07:09 [http-nio-8080-exec-9] INFO  c.e.D.controller.UserController - Profile fetched successfully for userId=215
2026-09-15 19:07:09 [http-nio-8080-exec-9] DEBUG c.e.D.controller.UserController - Fetched profile data: UserProfileResponseDTO(id=215, employeeName=Test User , employeeId=SMDS057, email=testuser@gmail.com, mobileNo=8007454299, joiningDesignation=Java developer, currentDesignation=Full Stack Developer, department=IT, company=SMDS, identity=MR, pfType=WITH_PF, accountNo=2568108019550, bankName=AU Small Finance Bank, currentAddress=N-42,VD-1/3/1,Sawta Nager,Cidco,Trimurti Chowk, permanentAddress=Pune, Maharashtra, joiningCTC=500000.0, currentCTC=800000.0, dateOfBirth=2000-11-12, offerDate=2025-10-15, joiningDate=2025-10-25, panNo=GFZPS5853Q, createdAt=null, documents={APPOINTMENT_LETTER=DocumentResponseDTO(generated=false, data=null), INTERNSHIP_LETTER=DocumentResponseDTO(generated=false, data=null), EXPERIENCE_LETTER=DocumentResponseDTO(generated=false, data=null), FULL_AND_FINAL=DocumentResponseDTO(generated=false, data=null), CONFIRMATION_LETTER=DocumentResponseDTO(generated=false, data=null), INCREMENT_LETTER=DocumentResponseDTO(generated=false, data=null), RELIEVING_LETTER=DocumentResponseDTO(generated=false, data=null), SALARY_SLIP=DocumentResponseDTO(generated=true, data={startMonth=2026-09, endMonth=2026-09}), COMPLETION_LETTER=DocumentResponseDTO(generated=false, data=null), OFFER_LETTER=DocumentResponseDTO(generated=false, data=null)})
2026-09-15 19:07:09 [http-nio-8080-exec-10] INFO  c.e.Docgen_Backend.config.JwtFilter - JWT validated successfully for userId=6a82a98a13421d60d7e0e553
2026-09-15 19:07:09 [http-nio-8080-exec-10] INFO  c.e.D.controller.UserController - GET /api/v2/users/215 - Fetch request received
2026-09-15 19:07:09 [http-nio-8080-exec-10] INFO  c.e.D.service.impl.UserServiceImpl - Fetching user profile for edit | userId=215 | requestedBy=6a82a98a13421d60d7e0e553
2026-09-15 19:07:09 [http-nio-8080-exec-10] DEBUG c.e.D.service.impl.UserServiceImpl - User found | userId=215 | employeeId=SMDS057
2026-09-15 19:07:09 [http-nio-8080-exec-10] INFO  c.e.D.service.impl.UserServiceImpl - User profile fetched successfully | userId=215 | timeTaken=119ms
2026-09-15 19:07:09 [http-nio-8080-exec-10] INFO  c.e.D.controller.UserController - Profile fetched successfully for userId=215
2026-09-15 19:07:09 [http-nio-8080-exec-10] DEBUG c.e.D.controller.UserController - Fetched profile data: UserProfileResponseDTO(id=215, employeeName=Test User , employeeId=SMDS057, email=testuser@gmail.com, mobileNo=8007454299, joiningDesignation=Java developer, currentDesignation=Full Stack Developer, department=IT, company=SMDS, identity=MR, pfType=WITH_PF, accountNo=2568108019550, bankName=AU Small Finance Bank, currentAddress=N-42,VD-1/3/1,Sawta Nager,Cidco,Trimurti Chowk, permanentAddress=Pune, Maharashtra, joiningCTC=500000.0, currentCTC=800000.0, dateOfBirth=2000-11-12, offerDate=2025-10-15, joiningDate=2025-10-25, panNo=GFZPS5853Q, createdAt=null, documents={APPOINTMENT_LETTER=DocumentResponseDTO(generated=false, data=null), INTERNSHIP_LETTER=DocumentResponseDTO(generated=false, data=null), EXPERIENCE_LETTER=DocumentResponseDTO(generated=false, data=null), FULL_AND_FINAL=DocumentResponseDTO(generated=false, data=null), CONFIRMATION_LETTER=DocumentResponseDTO(generated=false, data=null), INCREMENT_LETTER=DocumentResponseDTO(generated=false, data=null), RELIEVING_LETTER=DocumentResponseDTO(generated=false, data=null), SALARY_SLIP=DocumentResponseDTO(generated=true, data={startMonth=2026-09, endMonth=2026-09}), COMPLETION_LETTER=DocumentResponseDTO(generated=false, data=null), OFFER_LETTER=DocumentResponseDTO(generated=false, data=null)})
2026-09-15 19:08:50 [HikariPool-1:housekeeper] WARN  com.zaxxer.hikari.pool.PoolBase - HikariPool-1 - Failed to validate connection com.mysql.cj.jdbc.ConnectionImpl@343497db (No operations allowed after connection closed.). Possibly consider using a shorter maxLifetime value.
2026-09-15 19:08:53 [HikariPool-1:housekeeper] WARN  com.zaxxer.hikari.pool.PoolBase - HikariPool-1 - Failed to validate connection com.mysql.cj.jdbc.ConnectionImpl@5ca607f (No operations allowed after connection closed.). Possibly consider using a shorter maxLifetime value.
2026-09-15 19:08:56 [HikariPool-1:housekeeper] WARN  com.zaxxer.hikari.pool.PoolBase - HikariPool-1 - Failed to validate connection com.mysql.cj.jdbc.ConnectionImpl@4481a590 (No operations allowed after connection closed.). Possibly consider using a shorter maxLifetime value.
2026-09-15 19:09:35 [http-nio-8080-exec-4] INFO  c.e.Docgen_Backend.config.JwtFilter - JWT validated successfully for userId=6a82a98a13421d60d7e0e553
2026-09-15 19:09:36 [http-nio-8080-exec-4] INFO  c.e.D.controller.UserController - PATCH /api/v2/users/215 - Update request received for employeeId=DSS0291
2026-09-15 19:09:36 [http-nio-8080-exec-4] DEBUG c.e.D.controller.UserController - Update payload: CreateProfileRequest(employeeName=Sahil Wadatkar, email=testuser@gmail.com, mobileNo=8007454299, employeeId=DSS0291, joiningDesignation=Business Analyst, currentDesignation=Business Analyst, department=IT, currentAddress=N-42,VD-1/3/1,Sawta Nager,Cidco,Trimurti Chowk, permanentAddress=Pune, Maharashtra, accountNo=null, bankName=null, joiningCTC=500000.0, currentCTC=480600.0, dateOfBirth=2002-12-14, offerDate=2025-10-15, joiningDate=2025-01-06, panNo=AILPW4890R, company=DSS, pfType=WITH_PF, identity=MR, documents=[SALARY_SLIP], documentData={SALARY_SLIP={startMonth=2026-09, endMonth=2026-09, salaryWorkdays={2026-09=30}}})
2026-09-15 19:09:36 [http-nio-8080-exec-4] WARN  com.zaxxer.hikari.pool.PoolBase - HikariPool-1 - Failed to validate connection com.mysql.cj.jdbc.ConnectionImpl@776ea4ef (No operations allowed after connection closed.). Possibly consider using a shorter maxLifetime value.
2026-09-15 19:09:36 [http-nio-8080-exec-4] WARN  com.zaxxer.hikari.pool.PoolBase - HikariPool-1 - Failed to validate connection com.mysql.cj.jdbc.ConnectionImpl@7b942bef (No operations allowed after connection closed.). Possibly consider using a shorter maxLifetime value.
2026-09-15 19:09:36 [http-nio-8080-exec-4] INFO  c.e.D.service.impl.UserServiceImpl - Updating user profile | userId=215 | employeeId=DSS0291
2026-09-15 19:09:36 [http-nio-8080-exec-4] DEBUG c.e.D.service.impl.UserServiceImpl - Existing user fetched | userId=215 | oldEmployeeId=SMDS057
2026-09-15 19:09:36 [http-nio-8080-exec-4] DEBUG c.e.D.service.impl.UserServiceImpl - Updating documents | userId=215
2026-09-15 19:09:36 [http-nio-8080-exec-4] INFO  c.e.D.service.impl.UserServiceImpl - User profile updated successfully | userId=215 | timeTaken=138ms
2026-09-15 19:09:36 [http-nio-8080-exec-4] INFO  c.e.D.controller.UserController - Profile updated successfully for userId=215, employeeId=DSS0291
2026-09-15 19:09:46 [http-nio-8080-exec-6] INFO  c.e.Docgen_Backend.config.JwtFilter - JWT validated successfully for userId=6a82a98a13421d60d7e0e553
2026-09-15 19:09:46 [http-nio-8080-exec-6] INFO  c.e.D.controller.UserController - PATCH /api/v2/users/215 - Update request received for employeeId=DSS0291
2026-09-15 19:09:46 [http-nio-8080-exec-6] DEBUG c.e.D.controller.UserController - Update payload: CreateProfileRequest(employeeName=Sahil Wadatkar, email=testuser@gmail.com, mobileNo=8007454299, employeeId=DSS0291, joiningDesignation=Business Analyst, currentDesignation=Business Analyst, department=IT, currentAddress=N-42,VD-1/3/1,Sawta Nager,Cidco,Trimurti Chowk, permanentAddress=Pune, Maharashtra, accountNo=null, bankName=null, joiningCTC=500000.0, currentCTC=480600.0, dateOfBirth=2002-12-14, offerDate=2025-10-15, joiningDate=2025-01-06, panNo=AILPW4890R, company=DSS, pfType=WITHOUT_PF, identity=MR, documents=[SALARY_SLIP], documentData={SALARY_SLIP={startMonth=2026-09, endMonth=2026-09, salaryWorkdays={2026-09=30}}})
2026-09-15 19:09:46 [http-nio-8080-exec-6] INFO  c.e.D.service.impl.UserServiceImpl - Updating user profile | userId=215 | employeeId=DSS0291
2026-09-15 19:09:46 [http-nio-8080-exec-6] DEBUG c.e.D.service.impl.UserServiceImpl - Existing user fetched | userId=215 | oldEmployeeId=DSS0291
2026-09-15 19:09:46 [http-nio-8080-exec-6] DEBUG c.e.D.service.impl.UserServiceImpl - Updating documents | userId=215
2026-09-15 19:09:46 [http-nio-8080-exec-6] INFO  c.e.D.service.impl.UserServiceImpl - User profile updated successfully | userId=215 | timeTaken=101ms
2026-09-15 19:09:46 [http-nio-8080-exec-6] INFO  c.e.D.controller.UserController - Profile updated successfully for userId=215, employeeId=DSS0291
2026-09-15 19:10:25 [http-nio-8080-exec-8] INFO  c.e.Docgen_Backend.config.JwtFilter - JWT validated successfully for userId=6a82a98a13421d60d7e0e553
2026-09-15 19:10:25 [http-nio-8080-exec-8] INFO  c.e.D.controller.UserController - PATCH /api/v2/users/215 - Update request received for employeeId=DSS0291
2026-09-15 19:10:25 [http-nio-8080-exec-8] DEBUG c.e.D.controller.UserController - Update payload: CreateProfileRequest(employeeName=Sahil Wadatkar, email=testuser@gmail.com, mobileNo=8007454299, employeeId=DSS0291, joiningDesignation=Business Analyst, currentDesignation=Business Analyst, department=IT, currentAddress=N-42,VD-1/3/1,Sawta Nager,Cidco,Trimurti Chowk, permanentAddress=Pune, Maharashtra, accountNo=null, bankName=null, joiningCTC=500000.0, currentCTC=450000.0, dateOfBirth=2002-12-14, offerDate=2025-10-15, joiningDate=2025-01-06, panNo=AILPW4890R, company=DSS, pfType=WITHOUT_PF, identity=MR, documents=[SALARY_SLIP], documentData={SALARY_SLIP={startMonth=2026-09, endMonth=2026-09, salaryWorkdays={2026-09=30}}})
2026-09-15 19:10:25 [http-nio-8080-exec-8] WARN  com.zaxxer.hikari.pool.PoolBase - HikariPool-1 - Failed to validate connection com.mysql.cj.jdbc.ConnectionImpl@5cdd9e8e (No operations allowed after connection closed.). Possibly consider using a shorter maxLifetime value.
2026-09-15 19:10:25 [http-nio-8080-exec-8] WARN  com.zaxxer.hikari.pool.PoolBase - HikariPool-1 - Failed to validate connection com.mysql.cj.jdbc.ConnectionImpl@b2e5ec3 (No operations allowed after connection closed.). Possibly consider using a shorter maxLifetime value.
2026-09-15 19:10:25 [http-nio-8080-exec-8] WARN  com.zaxxer.hikari.pool.PoolBase - HikariPool-1 - Failed to validate connection com.mysql.cj.jdbc.ConnectionImpl@29da1bd2 (No operations allowed after connection closed.). Possibly consider using a shorter maxLifetime value.
2026-09-15 19:10:25 [http-nio-8080-exec-8] INFO  c.e.D.service.impl.UserServiceImpl - Updating user profile | userId=215 | employeeId=DSS0291
2026-09-15 19:10:25 [http-nio-8080-exec-8] DEBUG c.e.D.service.impl.UserServiceImpl - Existing user fetched | userId=215 | oldEmployeeId=DSS0291
2026-09-15 19:10:25 [http-nio-8080-exec-8] DEBUG c.e.D.service.impl.UserServiceImpl - Updating documents | userId=215
2026-09-15 19:10:25 [http-nio-8080-exec-8] INFO  c.e.D.service.impl.UserServiceImpl - User profile updated successfully | userId=215 | timeTaken=105ms
2026-09-15 19:10:25 [http-nio-8080-exec-8] INFO  c.e.D.controller.UserController - Profile updated successfully for userId=215, employeeId=DSS0291
2026-09-15 19:11:04 [http-nio-8080-exec-10] INFO  c.e.Docgen_Backend.config.JwtFilter - JWT validated successfully for userId=6a82a98a13421d60d7e0e553
2026-09-15 19:11:04 [http-nio-8080-exec-10] INFO  c.e.D.controller.UserController - PATCH /api/v2/users/215 - Update request received for employeeId=DSS0291
2026-09-15 19:11:04 [http-nio-8080-exec-10] DEBUG c.e.D.controller.UserController - Update payload: CreateProfileRequest(employeeName=Sahil Wadatkar, email=testuser@gmail.com, mobileNo=8007454299, employeeId=DSS0291, joiningDesignation=Business Analyst, currentDesignation=Business Analyst, department=IT, currentAddress=N-42,VD-1/3/1,Sawta Nager,Cidco,Trimurti Chowk, permanentAddress=Pune, Maharashtra, accountNo=null, bankName=null, joiningCTC=500000.0, currentCTC=450000.0, dateOfBirth=2002-12-14, offerDate=2025-10-15, joiningDate=2025-01-06, panNo=AILPW4890R, company=DSS, pfType=WITH_PF, identity=MR, documents=[SALARY_SLIP], documentData={SALARY_SLIP={startMonth=2026-09, endMonth=2026-09, salaryWorkdays={2026-09=30}}})
2026-09-15 19:11:04 [http-nio-8080-exec-10] WARN  com.zaxxer.hikari.pool.PoolBase - HikariPool-1 - Failed to validate connection com.mysql.cj.jdbc.ConnectionImpl@53d97983 (No operations allowed after connection closed.). Possibly consider using a shorter maxLifetime value.
2026-09-15 19:11:04 [http-nio-8080-exec-10] WARN  com.zaxxer.hikari.pool.PoolBase - HikariPool-1 - Failed to validate connection com.mysql.cj.jdbc.ConnectionImpl@6f3af55d (No operations allowed after connection closed.). Possibly consider using a shorter maxLifetime value.
2026-09-15 19:11:04 [http-nio-8080-exec-10] INFO  c.e.D.service.impl.UserServiceImpl - Updating user profile | userId=215 | employeeId=DSS0291
2026-09-15 19:11:05 [http-nio-8080-exec-10] DEBUG c.e.D.service.impl.UserServiceImpl - Existing user fetched | userId=215 | oldEmployeeId=DSS0291
2026-09-15 19:11:05 [http-nio-8080-exec-10] DEBUG c.e.D.service.impl.UserServiceImpl - Updating documents | userId=215
2026-09-15 19:11:05 [http-nio-8080-exec-10] INFO  c.e.D.service.impl.UserServiceImpl - User profile updated successfully | userId=215 | timeTaken=425ms
2026-09-15 19:11:05 [http-nio-8080-exec-10] INFO  c.e.D.controller.UserController - Profile updated successfully for userId=215, employeeId=DSS0291
2026-09-15 19:12:49 [HikariPool-1:housekeeper] WARN  com.zaxxer.hikari.pool.PoolBase - HikariPool-1 - Failed to validate connection com.mysql.cj.jdbc.ConnectionImpl@541b6894 (No operations allowed after connection closed.). Possibly consider using a shorter maxLifetime value.
2026-09-15 19:12:51 [HikariPool-1:housekeeper] WARN  com.zaxxer.hikari.pool.PoolBase - HikariPool-1 - Failed to validate connection com.mysql.cj.jdbc.ConnectionImpl@166146f3 (No operations allowed after connection closed.). Possibly consider using a shorter maxLifetime value.
2026-09-15 19:12:55 [HikariPool-1:housekeeper] WARN  com.zaxxer.hikari.pool.PoolBase - HikariPool-1 - Failed to validate connection com.mysql.cj.jdbc.ConnectionImpl@5f85cc8a (No operations allowed after connection closed.). Possibly consider using a shorter maxLifetime value.
2026-09-15 19:14:39 [HikariPool-1:housekeeper] WARN  com.zaxxer.hikari.pool.PoolBase - HikariPool-1 - Failed to validate connection com.mysql.cj.jdbc.ConnectionImpl@50555026 (No operations allowed after connection closed.). Possibly consider using a shorter maxLifetime value.
2026-09-15 19:14:47 [HikariPool-1:housekeeper] WARN  com.zaxxer.hikari.pool.PoolBase - HikariPool-1 - Failed to validate connection com.mysql.cj.jdbc.ConnectionImpl@7ca98f51 (No operations allowed after connection closed.). Possibly consider using a shorter maxLifetime value.
2026-09-15 19:14:51 [http-nio-8080-exec-3] INFO  c.e.Docgen_Backend.config.JwtFilter - JWT validated successfully for userId=6a82a98a13421d60d7e0e553
2026-09-15 19:14:51 [http-nio-8080-exec-3] INFO  c.e.D.controller.UserController - PATCH /api/v2/users/215 - Update request received for employeeId=DSS0291
2026-09-15 19:14:51 [http-nio-8080-exec-3] DEBUG c.e.D.controller.UserController - Update payload: CreateProfileRequest(employeeName=Sahil Wadatkar, email=testuser@gmail.com, mobileNo=8007454299, employeeId=DSS0291, joiningDesignation=Business Analyst, currentDesignation=Business Analyst, department=IT, currentAddress=N-42,VD-1/3/1,Sawta Nager,Cidco,Trimurti Chowk, permanentAddress=Pune, Maharashtra, accountNo=null, bankName=null, joiningCTC=500000.0, currentCTC=552000.0, dateOfBirth=2002-12-14, offerDate=2025-10-15, joiningDate=2025-01-06, panNo=AILPW4890R, company=DSS, pfType=WITH_PF, identity=MR, documents=[SALARY_SLIP], documentData={SALARY_SLIP={startMonth=2026-09, endMonth=2026-09, salaryWorkdays={2026-09=30}}})
2026-09-15 19:14:51 [http-nio-8080-exec-3] INFO  c.e.D.service.impl.UserServiceImpl - Updating user profile | userId=215 | employeeId=DSS0291
2026-09-15 19:14:51 [http-nio-8080-exec-3] DEBUG c.e.D.service.impl.UserServiceImpl - Existing user fetched | userId=215 | oldEmployeeId=DSS0291
2026-09-15 19:14:51 [http-nio-8080-exec-3] DEBUG c.e.D.service.impl.UserServiceImpl - Updating documents | userId=215
2026-09-15 19:14:51 [http-nio-8080-exec-3] INFO  c.e.D.service.impl.UserServiceImpl - User profile updated successfully | userId=215 | timeTaken=105ms
2026-09-15 19:14:51 [http-nio-8080-exec-3] INFO  c.e.D.controller.UserController - Profile updated successfully for userId=215, employeeId=DSS0291
2026-09-15 19:15:27 [http-nio-8080-exec-5] INFO  c.e.Docgen_Backend.config.JwtFilter - JWT validated successfully for userId=6a82a98a13421d60d7e0e553
2026-09-15 19:15:27 [http-nio-8080-exec-5] INFO  c.e.D.controller.UserController - PATCH /api/v2/users/215 - Update request received for employeeId=DSS0291
2026-09-15 19:15:27 [http-nio-8080-exec-5] DEBUG c.e.D.controller.UserController - Update payload: CreateProfileRequest(employeeName=Sahil Wadatkar, email=testuser@gmail.com, mobileNo=8007454299, employeeId=DSS0291, joiningDesignation=Business Analyst, currentDesignation=Business Analyst, department=IT, currentAddress=N-42,VD-1/3/1,Sawta Nager,Cidco,Trimurti Chowk, permanentAddress=Pune, Maharashtra, accountNo=null, bankName=null, joiningCTC=500000.0, currentCTC=701796.0, dateOfBirth=2002-12-14, offerDate=2025-10-15, joiningDate=2025-01-06, panNo=AILPW4890R, company=DSS, pfType=WITH_PF, identity=MR, documents=[SALARY_SLIP], documentData={SALARY_SLIP={startMonth=2026-09, endMonth=2026-09, salaryWorkdays={2026-09=30}}})
2026-09-15 19:15:27 [http-nio-8080-exec-5] WARN  com.zaxxer.hikari.pool.PoolBase - HikariPool-1 - Failed to validate connection com.mysql.cj.jdbc.ConnectionImpl@7ea6c435 (No operations allowed after connection closed.). Possibly consider using a shorter maxLifetime value.
2026-09-15 19:15:27 [http-nio-8080-exec-5] WARN  com.zaxxer.hikari.pool.PoolBase - HikariPool-1 - Failed to validate connection com.mysql.cj.jdbc.ConnectionImpl@42e6851a (No operations allowed after connection closed.). Possibly consider using a shorter maxLifetime value.
2026-09-15 19:15:27 [http-nio-8080-exec-5] INFO  c.e.D.service.impl.UserServiceImpl - Updating user profile | userId=215 | employeeId=DSS0291
2026-09-15 19:15:27 [http-nio-8080-exec-5] DEBUG c.e.D.service.impl.UserServiceImpl - Existing user fetched | userId=215 | oldEmployeeId=DSS0291
2026-09-15 19:15:27 [http-nio-8080-exec-5] DEBUG c.e.D.service.impl.UserServiceImpl - Updating documents | userId=215
2026-09-15 19:15:27 [http-nio-8080-exec-5] INFO  c.e.D.service.impl.UserServiceImpl - User profile updated successfully | userId=215 | timeTaken=109ms
2026-09-15 19:15:27 [http-nio-8080-exec-5] INFO  c.e.D.controller.UserController - Profile updated successfully for userId=215, employeeId=DSS0291
2026-09-15 19:17:11 [HikariPool-1:housekeeper] WARN  com.zaxxer.hikari.pool.PoolBase - HikariPool-1 - Failed to validate connection com.mysql.cj.jdbc.ConnectionImpl@77974833 (No operations allowed after connection closed.). Possibly consider using a shorter maxLifetime value.
2026-09-15 19:17:12 [HikariPool-1:housekeeper] WARN  com.zaxxer.hikari.pool.PoolBase - HikariPool-1 - Failed to validate connection com.mysql.cj.jdbc.ConnectionImpl@3fb42016 (No operations allowed after connection closed.). Possibly consider using a shorter maxLifetime value.
2026-09-15 19:17:21 [HikariPool-1:housekeeper] WARN  com.zaxxer.hikari.pool.PoolBase - HikariPool-1 - Failed to validate connection com.mysql.cj.jdbc.ConnectionImpl@7da19d5f (No operations allowed after connection closed.). Possibly consider using a shorter maxLifetime value.
2026-09-15 19:17:25 [http-nio-8080-exec-8] INFO  c.e.Docgen_Backend.config.JwtFilter - JWT validated successfully for userId=6a82a98a13421d60d7e0e553
2026-09-15 19:17:25 [http-nio-8080-exec-8] INFO  c.e.D.controller.UserController - PATCH /api/v2/users/215 - Update request received for employeeId=DSS0291
2026-09-15 19:17:25 [http-nio-8080-exec-8] DEBUG c.e.D.controller.UserController - Update payload: CreateProfileRequest(employeeName=Sahil Wadatkar, email=testuser@gmail.com, mobileNo=8007454299, employeeId=DSS0291, joiningDesignation=Business Analyst, currentDesignation=Business Analyst, department=IT, currentAddress=N-42,VD-1/3/1,Sawta Nager,Cidco,Trimurti Chowk, permanentAddress=Pune, Maharashtra, accountNo=null, bankName=null, joiningCTC=500000.0, currentCTC=552000.0, dateOfBirth=2002-12-14, offerDate=2025-10-15, joiningDate=2025-01-06, panNo=AILPW4890R, company=DSS, pfType=WITH_PF, identity=MR, documents=[SALARY_SLIP], documentData={SALARY_SLIP={startMonth=2026-06, endMonth=2026-06, salaryWorkdays={2026-06=30}}})
2026-09-15 19:17:25 [http-nio-8080-exec-8] INFO  c.e.D.service.impl.UserServiceImpl - Updating user profile | userId=215 | employeeId=DSS0291
2026-09-15 19:17:25 [http-nio-8080-exec-8] DEBUG c.e.D.service.impl.UserServiceImpl - Existing user fetched | userId=215 | oldEmployeeId=DSS0291
2026-09-15 19:17:25 [http-nio-8080-exec-8] DEBUG c.e.D.service.impl.UserServiceImpl - Updating documents | userId=215
2026-09-15 19:17:25 [http-nio-8080-exec-8] INFO  c.e.D.service.impl.UserServiceImpl - User profile updated successfully | userId=215 | timeTaken=103ms
2026-09-15 19:17:25 [http-nio-8080-exec-8] INFO  c.e.D.controller.UserController - Profile updated successfully for userId=215, employeeId=DSS0291
2026-09-15 19:18:49 [HikariPool-1:housekeeper] WARN  com.zaxxer.hikari.pool.PoolBase - HikariPool-1 - Failed to validate connection com.mysql.cj.jdbc.ConnectionImpl@f0dd10 (No operations allowed after connection closed.). Possibly consider using a shorter maxLifetime value.
2026-09-15 19:19:10 [HikariPool-1:housekeeper] WARN  com.zaxxer.hikari.pool.PoolBase - HikariPool-1 - Failed to validate connection com.mysql.cj.jdbc.ConnectionImpl@6f60c469 (No operations allowed after connection closed.). Possibly consider using a shorter maxLifetime value.
2026-09-15 19:19:25 [http-nio-8080-exec-2] INFO  c.e.Docgen_Backend.config.JwtFilter - JWT validated successfully for userId=6a82a98a13421d60d7e0e553
2026-09-15 19:19:25 [http-nio-8080-exec-2] INFO  c.e.D.controller.UserController - PATCH /api/v2/users/215 - Update request received for employeeId=DSS0291
2026-09-15 19:19:25 [http-nio-8080-exec-2] DEBUG c.e.D.controller.UserController - Update payload: CreateProfileRequest(employeeName=Sahil Wadatkar, email=testuser@gmail.com, mobileNo=8007454299, employeeId=DSS0291, joiningDesignation=Business Analyst, currentDesignation=Business Analyst, department=IT, currentAddress=N-42,VD-1/3/1,Sawta Nager,Cidco,Trimurti Chowk, permanentAddress=Pune, Maharashtra, accountNo=2049885716, bankName=Kotak Mahindra Bank, joiningCTC=500000.0, currentCTC=552000.0, dateOfBirth=2002-12-14, offerDate=2025-10-15, joiningDate=2025-01-06, panNo=AILPW4890R, company=DSS, pfType=WITH_PF, identity=MR, documents=[SALARY_SLIP], documentData={SALARY_SLIP={startMonth=2026-06, endMonth=2026-06, salaryWorkdays={2026-06=30}}})
2026-09-15 19:19:25 [http-nio-8080-exec-2] WARN  com.zaxxer.hikari.pool.PoolBase - HikariPool-1 - Failed to validate connection com.mysql.cj.jdbc.ConnectionImpl@5877d5bc (No operations allowed after connection closed.). Possibly consider using a shorter maxLifetime value.
2026-09-15 19:19:25 [http-nio-8080-exec-2] INFO  c.e.D.service.impl.UserServiceImpl - Updating user profile | userId=215 | employeeId=DSS0291
2026-09-15 19:19:25 [http-nio-8080-exec-2] DEBUG c.e.D.service.impl.UserServiceImpl - Existing user fetched | userId=215 | oldEmployeeId=DSS0291
2026-09-15 19:19:25 [http-nio-8080-exec-2] DEBUG c.e.D.service.impl.UserServiceImpl - Updating documents | userId=215
2026-09-15 19:19:25 [http-nio-8080-exec-2] INFO  c.e.D.service.impl.UserServiceImpl - User profile updated successfully | userId=215 | timeTaken=106ms
2026-09-15 19:19:25 [http-nio-8080-exec-2] INFO  c.e.D.controller.UserController - Profile updated successfully for userId=215, employeeId=DSS0291
2026-09-15 19:20:26 [http-nio-8080-exec-3] INFO  c.e.Docgen_Backend.config.JwtFilter - JWT validated successfully for userId=6a82a98a13421d60d7e0e553
2026-09-15 19:20:26 [http-nio-8080-exec-3] INFO  c.e.D.controller.UserController - PATCH /api/v2/users/215 - Update request received for employeeId=DSS0291
2026-09-15 19:20:26 [http-nio-8080-exec-3] DEBUG c.e.D.controller.UserController - Update payload: CreateProfileRequest(employeeName=Sahil Wadatkar, email=testuser@gmail.com, mobileNo=8007454299, employeeId=DSS0291, joiningDesignation=Business Analyst, currentDesignation=Business Analyst, department=IT, currentAddress=N-42,VD-1/3/1,Sawta Nager,Cidco,Trimurti Chowk, permanentAddress=Pune, Maharashtra, accountNo=2049885716, bankName=Kotak Mahindra Bank, joiningCTC=500000.0, currentCTC=701796.0, dateOfBirth=2002-12-14, offerDate=2025-10-15, joiningDate=2025-01-06, panNo=AILPW4890R, company=DSS, pfType=WITH_PF, identity=MR, documents=[SALARY_SLIP], documentData={SALARY_SLIP={startMonth=2026-07, endMonth=2026-08, salaryWorkdays={2026-07=31, 2026-08=31}}})
2026-09-15 19:20:26 [http-nio-8080-exec-3] WARN  com.zaxxer.hikari.pool.PoolBase - HikariPool-1 - Failed to validate connection com.mysql.cj.jdbc.ConnectionImpl@428be778 (No operations allowed after connection closed.). Possibly consider using a shorter maxLifetime value.
2026-09-15 19:20:26 [http-nio-8080-exec-3] WARN  com.zaxxer.hikari.pool.PoolBase - HikariPool-1 - Failed to validate connection com.mysql.cj.jdbc.ConnectionImpl@4b378d23 (No operations allowed after connection closed.). Possibly consider using a shorter maxLifetime value.
2026-09-15 19:20:26 [http-nio-8080-exec-3] WARN  com.zaxxer.hikari.pool.PoolBase - HikariPool-1 - Failed to validate connection com.mysql.cj.jdbc.ConnectionImpl@61800704 (No operations allowed after connection closed.). Possibly consider using a shorter maxLifetime value.
2026-09-15 19:20:26 [http-nio-8080-exec-3] INFO  c.e.D.service.impl.UserServiceImpl - Updating user profile | userId=215 | employeeId=DSS0291
2026-09-15 19:20:26 [http-nio-8080-exec-3] DEBUG c.e.D.service.impl.UserServiceImpl - Existing user fetched | userId=215 | oldEmployeeId=DSS0291
2026-09-15 19:20:26 [http-nio-8080-exec-3] DEBUG c.e.D.service.impl.UserServiceImpl - Updating documents | userId=215
2026-09-15 19:20:26 [http-nio-8080-exec-3] INFO  c.e.D.service.impl.UserServiceImpl - User profile updated successfully | userId=215 | timeTaken=101ms
2026-09-15 19:20:26 [http-nio-8080-exec-3] INFO  c.e.D.controller.UserController - Profile updated successfully for userId=215, employeeId=DSS0291
2026-09-15 19:22:03 [HikariPool-1:housekeeper] WARN  com.zaxxer.hikari.pool.PoolBase - HikariPool-1 - Failed to validate connection com.mysql.cj.jdbc.ConnectionImpl@d00c367 (No operations allowed after connection closed.). Possibly consider using a shorter maxLifetime value.
2026-09-15 19:22:08 [HikariPool-1:housekeeper] WARN  com.zaxxer.hikari.pool.PoolBase - HikariPool-1 - Failed to validate connection com.mysql.cj.jdbc.ConnectionImpl@2df52a88 (No operations allowed after connection closed.). Possibly consider using a shorter maxLifetime value.
2026-09-15 19:23:53 [HikariPool-1:housekeeper] WARN  com.zaxxer.hikari.pool.PoolBase - HikariPool-1 - Failed to validate connection com.mysql.cj.jdbc.ConnectionImpl@522ec4b0 (No operations allowed after connection closed.). Possibly consider using a shorter maxLifetime value.
2026-09-15 19:24:03 [HikariPool-1:housekeeper] WARN  com.zaxxer.hikari.pool.PoolBase - HikariPool-1 - Failed to validate connection com.mysql.cj.jdbc.ConnectionImpl@62b55865 (No operations allowed after connection closed.). Possibly consider using a shorter maxLifetime value.
2026-09-15 19:24:44 [http-nio-8080-exec-5] INFO  c.e.Docgen_Backend.config.JwtFilter - JWT validated successfully for userId=6a82aa9213421d60d7e0e5a0
2026-09-15 19:24:44 [http-nio-8080-exec-5] WARN  com.zaxxer.hikari.pool.PoolBase - HikariPool-1 - Failed to validate connection com.mysql.cj.jdbc.ConnectionImpl@52111883 (No operations allowed after connection closed.). Possibly consider using a shorter maxLifetime value.
2026-09-15 19:24:44 [http-nio-8080-exec-5] WARN  com.zaxxer.hikari.pool.PoolBase - HikariPool-1 - Failed to validate connection com.mysql.cj.jdbc.ConnectionImpl@699c9f0a (No operations allowed after connection closed.). Possibly consider using a shorter maxLifetime value.
2026-09-15 19:24:47 [http-nio-8080-exec-8] INFO  c.e.Docgen_Backend.config.JwtFilter - JWT validated successfully for userId=6a82aa9213421d60d7e0e5a0
2026-09-15 19:24:51 [http-nio-8080-exec-10] INFO  c.e.Docgen_Backend.config.JwtFilter - JWT validated successfully for userId=6a82aa9213421d60d7e0e5a0
2026-09-15 19:24:57 [http-nio-8080-exec-1] INFO  c.e.Docgen_Backend.config.JwtFilter - JWT validated successfully for userId=6a82aa9213421d60d7e0e5a0
2026-09-15 19:25:02 [http-nio-8080-exec-4] INFO  c.e.Docgen_Backend.config.JwtFilter - JWT validated successfully for userId=6a82aa9213421d60d7e0e5a0
2026-09-15 19:25:06 [http-nio-8080-exec-7] INFO  c.e.Docgen_Backend.config.JwtFilter - JWT validated successfully for userId=6a82aa9213421d60d7e0e5a0
2026-09-15 19:25:24 [http-nio-8080-exec-9] INFO  c.e.Docgen_Backend.config.JwtFilter - JWT validated successfully for userId=6a311365ec2c34f3d9e4f06e
2026-09-15 19:25:26 [http-nio-8080-exec-10] INFO  c.e.Docgen_Backend.config.JwtFilter - JWT validated successfully for userId=6a311365ec2c34f3d9e4f06e
2026-09-15 19:25:29 [http-nio-8080-exec-1] INFO  c.e.Docgen_Backend.config.JwtFilter - JWT validated successfully for userId=6a311365ec2c34f3d9e4f06e
2026-09-15 19:25:37 [http-nio-8080-exec-4] INFO  c.e.Docgen_Backend.config.JwtFilter - JWT validated successfully for userId=6a311365ec2c34f3d9e4f06e
2026-09-15 19:25:43 [http-nio-8080-exec-7] INFO  c.e.Docgen_Backend.config.JwtFilter - JWT validated successfully for userId=6a311365ec2c34f3d9e4f06e
2026-09-15 19:25:48 [http-nio-8080-exec-8] INFO  c.e.Docgen_Backend.config.JwtFilter - JWT validated successfully for userId=6a311365ec2c34f3d9e4f06e
2026-09-15 19:26:08 [http-nio-8080-exec-10] INFO  c.e.Docgen_Backend.config.JwtFilter - JWT validated successfully for userId=6a311365ec2c34f3d9e4f06e
2026-09-15 19:26:13 [http-nio-8080-exec-1] INFO  c.e.Docgen_Backend.config.JwtFilter - JWT validated successfully for userId=6a311365ec2c34f3d9e4f06e
2026-09-15 19:26:18 [http-nio-8080-exec-4] INFO  c.e.Docgen_Backend.config.JwtFilter - JWT validated successfully for userId=6a311365ec2c34f3d9e4f06e
2026-09-15 19:26:26 [HikariPool-1:housekeeper] WARN  com.zaxxer.hikari.pool.PoolBase - HikariPool-1 - Failed to validate connection com.mysql.cj.jdbc.ConnectionImpl@6ada6faf (No operations allowed after connection closed.). Possibly consider using a shorter maxLifetime value.
2026-09-15 19:26:27 [HikariPool-1:housekeeper] WARN  com.zaxxer.hikari.pool.PoolBase - HikariPool-1 - Failed to validate connection com.mysql.cj.jdbc.ConnectionImpl@40e8896b (No operations allowed after connection closed.). Possibly consider using a shorter maxLifetime value.
2026-09-15 19:26:41 [http-nio-8080-exec-8] INFO  c.e.Docgen_Backend.config.JwtFilter - JWT validated successfully for userId=6a82a98a13421d60d7e0e553
2026-09-15 19:26:42 [http-nio-8080-exec-9] INFO  c.e.Docgen_Backend.config.JwtFilter - JWT validated successfully for userId=6a82a98a13421d60d7e0e553
2026-09-15 19:28:03 [HikariPool-1:housekeeper] WARN  com.zaxxer.hikari.pool.PoolBase - HikariPool-1 - Failed to validate connection com.mysql.cj.jdbc.ConnectionImpl@7c8cadf5 (No operations allowed after connection closed.). Possibly consider using a shorter maxLifetime value.
2026-09-15 19:28:11 [HikariPool-1:housekeeper] WARN  com.zaxxer.hikari.pool.PoolBase - HikariPool-1 - Failed to validate connection com.mysql.cj.jdbc.ConnectionImpl@44d025e3 (No operations allowed after connection closed.). Possibly consider using a shorter maxLifetime value.
2026-09-15 19:29:40 [HikariPool-1:housekeeper] WARN  com.zaxxer.hikari.pool.PoolBase - HikariPool-1 - Failed to validate connection com.mysql.cj.jdbc.ConnectionImpl@598db13d (No operations allowed after connection closed.). Possibly consider using a shorter maxLifetime value.
2026-09-15 19:29:41 [http-nio-8080-exec-4] INFO  c.e.Docgen_Backend.config.JwtFilter - JWT validated successfully for userId=6a82a98a13421d60d7e0e553
2026-09-15 19:29:41 [http-nio-8080-exec-4] WARN  com.zaxxer.hikari.pool.PoolBase - HikariPool-1 - Failed to validate connection com.mysql.cj.jdbc.ConnectionImpl@41a29e14 (No operations allowed after connection closed.). Possibly consider using a shorter maxLifetime value.
2026-09-15 19:29:42 [http-nio-8080-exec-6] INFO  c.e.Docgen_Backend.config.JwtFilter - JWT validated successfully for userId=6a82a98a13421d60d7e0e553
2026-09-15 19:29:46 [http-nio-8080-exec-8] INFO  c.e.Docgen_Backend.config.JwtFilter - JWT validated successfully for userId=6a82a98a13421d60d7e0e553
2026-09-15 19:29:47 [http-nio-8080-exec-9] INFO  c.e.Docgen_Backend.config.JwtFilter - JWT validated successfully for userId=6a82a98a13421d60d7e0e553
2026-09-15 19:31:22 [HikariPool-1:housekeeper] WARN  com.zaxxer.hikari.pool.PoolBase - HikariPool-1 - Failed to validate connection com.mysql.cj.jdbc.ConnectionImpl@49661f67 (No operations allowed after connection closed.). Possibly consider using a shorter maxLifetime value.
2026-09-15 19:31:30 [HikariPool-1:housekeeper] WARN  com.zaxxer.hikari.pool.PoolBase - HikariPool-1 - Failed to validate connection com.mysql.cj.jdbc.ConnectionImpl@7a513d9 (No operations allowed after connection closed.). Possibly consider using a shorter maxLifetime value.
2026-09-15 19:31:38 [HikariPool-1:housekeeper] WARN  com.zaxxer.hikari.pool.PoolBase - HikariPool-1 - Failed to validate connection com.mysql.cj.jdbc.ConnectionImpl@1496452d (No operations allowed after connection closed.). Possibly consider using a shorter maxLifetime value.
2026-09-15 19:33:14 [HikariPool-1:housekeeper] WARN  com.zaxxer.hikari.pool.PoolBase - HikariPool-1 - Failed to validate connection com.mysql.cj.jdbc.ConnectionImpl@22c85579 (No operations allowed after connection closed.). Possibly consider using a shorter maxLifetime value.
2026-09-15 19:33:38 [HikariPool-1:housekeeper] WARN  com.zaxxer.hikari.pool.PoolBase - HikariPool-1 - Failed to validate connection com.mysql.cj.jdbc.ConnectionImpl@7ecfd613 (No operations allowed after connection closed.). Possibly consider using a shorter maxLifetime value.
2026-09-15 19:34:57 [HikariPool-1:housekeeper] WARN  com.zaxxer.hikari.pool.PoolBase - HikariPool-1 - Failed to validate connection com.mysql.cj.jdbc.ConnectionImpl@76de7b01 (No operations allowed after connection closed.). Possibly consider using a shorter maxLifetime value.
2026-09-15 19:35:25 [HikariPool-1:housekeeper] WARN  com.zaxxer.hikari.pool.PoolBase - HikariPool-1 - Failed to validate connection com.mysql.cj.jdbc.ConnectionImpl@1ce57e0a (No operations allowed after connection closed.). Possibly consider using a shorter maxLifetime value.
2026-09-15 19:36:45 [http-nio-8080-exec-3] INFO  c.e.Docgen_Backend.config.JwtFilter - JWT validated successfully for userId=6a82a98a13421d60d7e0e553
2026-09-15 19:36:45 [http-nio-8080-exec-3] INFO  c.e.D.controller.UserController - POST /api/v2/users/create-profile - Request received for employeeId=SMDS0360
2026-09-15 19:36:45 [http-nio-8080-exec-3] DEBUG c.e.D.controller.UserController - Full request payload: CreateProfileRequest(employeeName=Deepesh Tayde, email=prathamesh69bhavsar@gmail.com, mobileNo=8007454299, employeeId=SMDS0360, joiningDesignation=Application Support Engineer, currentDesignation=Big Data Developer, department=IT, currentAddress=N-42,VD-1/3/1,Sawta Nager,Cidco,Trimurti Chowk, permanentAddress=Ameerpet, accountNo=2501235091840572, bankName=AU Small Finance Bank, joiningCTC=450000.0, currentCTC=1000008.0, dateOfBirth=1995-03-05, offerDate=2020-11-02, joiningDate=2020-11-16, panNo=CAGPT6932E, company=SMDS, pfType=WITH_PF, identity=MR, documents=[FULL_AND_FINAL_LETTER], documentData={FULL_AND_FINAL_LETTER={fnfDate=2026-12-14, issueDate=2026-12-14, month=2026-07, resignationDate=2026-06-03, leavingDate=2026-07-03, paidDays=3, totalDaysInMonth=31}})
2026-09-15 19:36:45 [http-nio-8080-exec-3] WARN  com.zaxxer.hikari.pool.PoolBase - HikariPool-1 - Failed to validate connection com.mysql.cj.jdbc.ConnectionImpl@232c9a3e (No operations allowed after connection closed.). Possibly consider using a shorter maxLifetime value.
2026-09-15 19:36:45 [http-nio-8080-exec-3] WARN  com.zaxxer.hikari.pool.PoolBase - HikariPool-1 - Failed to validate connection com.mysql.cj.jdbc.ConnectionImpl@4992b00b (No operations allowed after connection closed.). Possibly consider using a shorter maxLifetime value.
2026-09-15 19:36:46 [http-nio-8080-exec-3] INFO  c.e.D.service.impl.UserServiceImpl - User profile created successfully for employeeId=SMDS0360 | createdBy=6a82a98a13421d60d7e0e553
2026-09-15 19:36:46 [http-nio-8080-exec-3] INFO  c.e.D.controller.UserController - Profile created successfully for employeeId=SMDS0360
2026-09-15 19:37:25 [http-nio-8080-exec-6] INFO  c.e.Docgen_Backend.config.JwtFilter - JWT validated successfully for userId=6a82a98a13421d60d7e0e553
2026-09-15 19:37:25 [http-nio-8080-exec-6] ERROR c.e.D.e.GlobalExceptionHandler - Unexpected error occurred
org.springframework.web.method.annotation.MethodArgumentTypeMismatchException: Method parameter 'id': Failed to convert value of type 'java.lang.String' to required type 'java.lang.Long'; For input string: "undefined"
	at org.springframework.web.method.annotation.AbstractNamedValueMethodArgumentResolver.convertIfNecessary(AbstractNamedValueMethodArgumentResolver.java:295)
	at org.springframework.web.method.annotation.AbstractNamedValueMethodArgumentResolver.resolveArgument(AbstractNamedValueMethodArgumentResolver.java:134)
	at org.springframework.web.method.support.HandlerMethodArgumentResolverComposite.resolveArgument(HandlerMethodArgumentResolverComposite.java:122)
	at org.springframework.web.method.support.InvocableHandlerMethod.getMethodArgumentValues(InvocableHandlerMethod.java:224)
	at org.springframework.web.method.support.InvocableHandlerMethod.invokeForRequest(InvocableHandlerMethod.java:174)
	at org.springframework.web.servlet.mvc.method.annotation.ServletInvocableHandlerMethod.invokeAndHandle(ServletInvocableHandlerMethod.java:117)
	at org.springframework.web.servlet.mvc.method.annotation.RequestMappingHandlerAdapter.invokeHandlerMethod(RequestMappingHandlerAdapter.java:934)
	at org.springframework.web.servlet.mvc.method.annotation.RequestMappingHandlerAdapter.handleInternal(RequestMappingHandlerAdapter.java:853)
	at org.springframework.web.servlet.mvc.method.AbstractHandlerMethodAdapter.handle(AbstractHandlerMethodAdapter.java:86)
	at org.springframework.web.servlet.DispatcherServlet.doDispatch(DispatcherServlet.java:963)
	at org.springframework.web.servlet.DispatcherServlet.doService(DispatcherServlet.java:866)
	at org.springframework.web.servlet.FrameworkServlet.processRequest(FrameworkServlet.java:1000)
	at org.springframework.web.servlet.FrameworkServlet.service(FrameworkServlet.java:877)
	at jakarta.servlet.http.HttpServlet.service(HttpServlet.java:710)
	at org.apache.catalina.core.ApplicationFilterChain.doFilter(ApplicationFilterChain.java:128)
	at org.apache.tomcat.websocket.server.WsFilter.doFilter(WsFilter.java:53)
	at org.apache.catalina.core.ApplicationFilterChain.doFilter(ApplicationFilterChain.java:107)
	at org.springframework.web.filter.OncePerRequestFilter.doFilter(OncePerRequestFilter.java:110)
	at org.apache.catalina.core.ApplicationFilterChain.doFilter(ApplicationFilterChain.java:107)
	at org.springframework.web.filter.CompositeFilter$VirtualFilterChain.doFilter(CompositeFilter.java:108)
	at org.springframework.security.web.FilterChainProxy.lambda$doFilterInternal$3(FilterChainProxy.java:235)
	at org.springframework.security.web.FilterChainProxy$VirtualFilterChain.doFilter(FilterChainProxy.java:376)
	at org.springframework.security.web.access.intercept.AuthorizationFilter.doFilter(AuthorizationFilter.java:101)
	at org.springframework.security.web.FilterChainProxy$VirtualFilterChain.doFilter(FilterChainProxy.java:385)
	at org.springframework.security.web.access.ExceptionTranslationFilter.doFilter(ExceptionTranslationFilter.java:126)
	at org.springframework.security.web.access.ExceptionTranslationFilter.doFilter(ExceptionTranslationFilter.java:120)
	at org.springframework.security.web.FilterChainProxy$VirtualFilterChain.doFilter(FilterChainProxy.java:385)
	at org.springframework.security.web.session.SessionManagementFilter.doFilter(SessionManagementFilter.java:132)
	at org.springframework.security.web.session.SessionManagementFilter.doFilter(SessionManagementFilter.java:86)
	at org.springframework.security.web.FilterChainProxy$VirtualFilterChain.doFilter(FilterChainProxy.java:385)
	at org.springframework.security.web.authentication.AnonymousAuthenticationFilter.doFilter(AnonymousAuthenticationFilter.java:100)
	at org.springframework.security.web.FilterChainProxy$VirtualFilterChain.doFilter(FilterChainProxy.java:385)
	at org.springframework.security.web.servletapi.SecurityContextHolderAwareRequestFilter.doFilter(SecurityContextHolderAwareRequestFilter.java:181)
	at org.springframework.security.web.FilterChainProxy$VirtualFilterChain.doFilter(FilterChainProxy.java:385)
	at org.springframework.security.web.savedrequest.RequestCacheAwareFilter.doFilter(RequestCacheAwareFilter.java:63)
	at org.springframework.security.web.FilterChainProxy$VirtualFilterChain.doFilter(FilterChainProxy.java:385)
	at com.example.Docgen_Backend.config.JwtFilter.doFilterInternal(JwtFilter.java:118)
	at org.springframework.web.filter.OncePerRequestFilter.doFilter(OncePerRequestFilter.java:116)
	at org.springframework.security.web.FilterChainProxy$VirtualFilterChain.doFilter(FilterChainProxy.java:385)
	at org.springframework.security.web.authentication.logout.LogoutFilter.doFilter(LogoutFilter.java:110)
	at org.springframework.security.web.authentication.logout.LogoutFilter.doFilter(LogoutFilter.java:96)
	at org.springframework.security.web.FilterChainProxy$VirtualFilterChain.doFilter(FilterChainProxy.java:385)
	at org.springframework.web.filter.CorsFilter.doFilterInternal(CorsFilter.java:91)
	at org.springframework.web.filter.OncePerRequestFilter.doFilter(OncePerRequestFilter.java:116)
	at org.springframework.security.web.FilterChainProxy$VirtualFilterChain.doFilter(FilterChainProxy.java:385)
	at org.springframework.security.web.header.HeaderWriterFilter.doHeadersAfter(HeaderWriterFilter.java:90)
	at org.springframework.security.web.header.HeaderWriterFilter.doFilterInternal(HeaderWriterFilter.java:75)
	at org.springframework.web.filter.OncePerRequestFilter.doFilter(OncePerRequestFilter.java:116)
	at org.springframework.security.web.FilterChainProxy$VirtualFilterChain.doFilter(FilterChainProxy.java:385)
	at org.springframework.security.web.context.SecurityContextHolderFilter.doFilter(SecurityContextHolderFilter.java:82)
	at org.springframework.security.web.context.SecurityContextHolderFilter.doFilter(SecurityContextHolderFilter.java:69)
	at org.springframework.security.web.FilterChainProxy$VirtualFilterChain.doFilter(FilterChainProxy.java:385)
	at org.springframework.security.web.context.request.async.WebAsyncManagerIntegrationFilter.doFilterInternal(WebAsyncManagerIntegrationFilter.java:62)
	at org.springframework.web.filter.OncePerRequestFilter.doFilter(OncePerRequestFilter.java:116)
	at org.springframework.security.web.FilterChainProxy$VirtualFilterChain.doFilter(FilterChainProxy.java:385)
	at org.springframework.security.web.session.DisableEncodeUrlFilter.doFilterInternal(DisableEncodeUrlFilter.java:42)
	at org.springframework.web.filter.OncePerRequestFilter.doFilter(OncePerRequestFilter.java:116)
	at org.springframework.security.web.FilterChainProxy$VirtualFilterChain.doFilter(FilterChainProxy.java:385)
	at org.springframework.security.web.FilterChainProxy.doFilterInternal(FilterChainProxy.java:237)
	at org.springframework.security.web.FilterChainProxy.doFilter(FilterChainProxy.java:195)
	at org.springframework.web.filter.CompositeFilter$VirtualFilterChain.doFilter(CompositeFilter.java:113)
	at org.springframework.web.filter.ServletRequestPathFilter.doFilter(ServletRequestPathFilter.java:52)
	at org.springframework.web.filter.CompositeFilter$VirtualFilterChain.doFilter(CompositeFilter.java:113)
	at org.springframework.web.filter.CompositeFilter.doFilter(CompositeFilter.java:74)
	at org.springframework.security.config.annotation.web.configuration.WebSecurityConfiguration$CompositeFilterChainProxy.doFilter(WebSecurityConfiguration.java:317)
	at org.springframework.web.filter.DelegatingFilterProxy.invokeDelegate(DelegatingFilterProxy.java:355)
	at org.springframework.web.filter.DelegatingFilterProxy.doFilter(DelegatingFilterProxy.java:272)
	at org.apache.catalina.core.ApplicationFilterChain.doFilter(ApplicationFilterChain.java:107)
	at org.springframework.web.filter.RequestContextFilter.doFilterInternal(RequestContextFilter.java:100)
	at org.springframework.web.filter.OncePerRequestFilter.doFilter(OncePerRequestFilter.java:116)
	at org.apache.catalina.core.ApplicationFilterChain.doFilter(ApplicationFilterChain.java:107)
	at org.springframework.web.filter.FormContentFilter.doFilterInternal(FormContentFilter.java:93)
	at org.springframework.web.filter.OncePerRequestFilter.doFilter(OncePerRequestFilter.java:116)
	at org.apache.catalina.core.ApplicationFilterChain.doFilter(ApplicationFilterChain.java:107)
	at org.springframework.web.filter.CharacterEncodingFilter.doFilterInternal(CharacterEncodingFilter.java:199)
	at org.springframework.web.filter.OncePerRequestFilter.doFilter(OncePerRequestFilter.java:116)
	at org.apache.catalina.core.ApplicationFilterChain.doFilter(ApplicationFilterChain.java:107)
	at org.apache.catalina.core.StandardWrapperValve.invoke(StandardWrapperValve.java:165)
	at org.apache.catalina.core.StandardContextValve.invoke(StandardContextValve.java:77)
	at org.apache.catalina.authenticator.AuthenticatorBase.invoke(AuthenticatorBase.java:492)
	at org.apache.catalina.core.StandardHostValve.invoke(StandardHostValve.java:113)
	at org.apache.catalina.valves.ErrorReportValve.invoke(ErrorReportValve.java:83)
	at org.apache.catalina.core.StandardEngineValve.invoke(StandardEngineValve.java:72)
	at org.apache.catalina.connector.CoyoteAdapter.service(CoyoteAdapter.java:341)
	at org.apache.coyote.http11.Http11Processor.service(Http11Processor.java:397)
	at org.apache.coyote.AbstractProcessorLight.process(AbstractProcessorLight.java:63)
	at org.apache.coyote.AbstractProtocol$ConnectionHandler.process(AbstractProtocol.java:903)
	at org.apache.tomcat.util.net.NioEndpoint$SocketProcessor.doRun(NioEndpoint.java:1801)
	at org.apache.tomcat.util.net.SocketProcessorBase.run(SocketProcessorBase.java:52)
	at org.apache.tomcat.util.threads.ThreadPoolExecutor.runWorker(ThreadPoolExecutor.java:946)
	at org.apache.tomcat.util.threads.ThreadPoolExecutor$Worker.run(ThreadPoolExecutor.java:480)
	at org.apache.tomcat.util.threads.TaskThread$WrappingRunnable.run(TaskThread.java:57)
	at java.base/java.lang.Thread.run(Thread.java:1583)
Caused by: java.lang.NumberFormatException: For input string: "undefined"
	at java.base/java.lang.NumberFormatException.forInputString(NumberFormatException.java:67)
	at java.base/java.lang.Long.parseLong(Long.java:709)
	at java.base/java.lang.Long.valueOf(Long.java:1157)
	at org.springframework.util.NumberUtils.parseNumber(NumberUtils.java:204)
	at org.springframework.beans.propertyeditors.CustomNumberEditor.setAsText(CustomNumberEditor.java:115)
	at org.springframework.beans.TypeConverterDelegate.doConvertTextValue(TypeConverterDelegate.java:434)
	at org.springframework.beans.TypeConverterDelegate.doConvertValue(TypeConverterDelegate.java:407)
	at org.springframework.beans.TypeConverterDelegate.convertIfNecessary(TypeConverterDelegate.java:158)
	at org.springframework.beans.TypeConverterSupport.convertIfNecessary(TypeConverterSupport.java:75)
	at org.springframework.beans.TypeConverterSupport.convertIfNecessary(TypeConverterSupport.java:51)
	at org.springframework.validation.DataBinder.convertIfNecessary(DataBinder.java:843)
	at org.springframework.web.method.annotation.AbstractNamedValueMethodArgumentResolver.convertIfNecessary(AbstractNamedValueMethodArgumentResolver.java:287)
	... 92 common frames omitted
2026-09-15 19:37:25 [http-nio-8080-exec-6] WARN  o.s.w.s.m.m.a.ExceptionHandlerExceptionResolver - Resolved [org.springframework.web.method.annotation.MethodArgumentTypeMismatchException: Method parameter 'id': Failed to convert value of type 'java.lang.String' to required type 'java.lang.Long'; For input string: "undefined"]
2026-09-15 19:38:35 [HikariPool-1:housekeeper] WARN  com.zaxxer.hikari.pool.PoolBase - HikariPool-1 - Failed to validate connection com.mysql.cj.jdbc.ConnectionImpl@63788772 (No operations allowed after connection closed.). Possibly consider using a shorter maxLifetime value.
2026-09-15 19:38:40 [HikariPool-1:housekeeper] WARN  com.zaxxer.hikari.pool.PoolBase - HikariPool-1 - Failed to validate connection com.mysql.cj.jdbc.ConnectionImpl@1a683538 (No operations allowed after connection closed.). Possibly consider using a shorter maxLifetime value.
2026-09-15 19:38:42 [HikariPool-1:housekeeper] WARN  com.zaxxer.hikari.pool.PoolBase - HikariPool-1 - Failed to validate connection com.mysql.cj.jdbc.ConnectionImpl@23dcbdbc (No operations allowed after connection closed.). Possibly consider using a shorter maxLifetime value.
2026-09-15 19:40:17 [HikariPool-1:housekeeper] WARN  com.zaxxer.hikari.pool.PoolBase - HikariPool-1 - Failed to validate connection com.mysql.cj.jdbc.ConnectionImpl@438fda2 (No operations allowed after connection closed.). Possibly consider using a shorter maxLifetime value.
2026-09-15 19:40:27 [HikariPool-1:housekeeper] WARN  com.zaxxer.hikari.pool.PoolBase - HikariPool-1 - Failed to validate connection com.mysql.cj.jdbc.ConnectionImpl@2248f2c4 (No operations allowed after connection closed.). Possibly consider using a shorter maxLifetime value.
2026-09-15 19:40:56 [http-nio-8080-exec-8] INFO  c.e.Docgen_Backend.config.JwtFilter - JWT validated successfully for userId=6a82a98a13421d60d7e0e553
2026-09-15 19:40:57 [http-nio-8080-exec-8] WARN  com.zaxxer.hikari.pool.PoolBase - HikariPool-1 - Failed to validate connection com.mysql.cj.jdbc.ConnectionImpl@56042659 (No operations allowed after connection closed.). Possibly consider using a shorter maxLifetime value.
2026-09-15 19:40:57 [http-nio-8080-exec-8] WARN  com.zaxxer.hikari.pool.PoolBase - HikariPool-1 - Failed to validate connection com.mysql.cj.jdbc.ConnectionImpl@7b3586bb (No operations allowed after connection closed.). Possibly consider using a shorter maxLifetime value.
2026-09-15 19:40:58 [http-nio-8080-exec-9] INFO  c.e.Docgen_Backend.config.JwtFilter - JWT validated successfully for userId=6a82a98a13421d60d7e0e553
2026-09-15 19:41:03 [http-nio-8080-exec-1] INFO  c.e.Docgen_Backend.config.JwtFilter - JWT validated successfully for userId=6a82a98a13421d60d7e0e553
2026-09-15 19:41:03 [http-nio-8080-exec-1] INFO  c.e.D.controller.UserController - GET /api/v2/users/215 - Fetch request received
2026-09-15 19:41:03 [http-nio-8080-exec-1] INFO  c.e.D.service.impl.UserServiceImpl - Fetching user profile for edit | userId=215 | requestedBy=6a82a98a13421d60d7e0e553
2026-09-15 19:41:03 [http-nio-8080-exec-1] DEBUG c.e.D.service.impl.UserServiceImpl - User found | userId=215 | employeeId=DSS0291
2026-09-15 19:41:03 [http-nio-8080-exec-1] INFO  c.e.D.service.impl.UserServiceImpl - User profile fetched successfully | userId=215 | timeTaken=136ms
2026-09-15 19:41:03 [http-nio-8080-exec-1] INFO  c.e.D.controller.UserController - Profile fetched successfully for userId=215
2026-09-15 19:41:03 [http-nio-8080-exec-1] DEBUG c.e.D.controller.UserController - Fetched profile data: UserProfileResponseDTO(id=215, employeeName=Sahil Wadatkar, employeeId=DSS0291, email=testuser@gmail.com, mobileNo=8007454299, joiningDesignation=Business Analyst, currentDesignation=Business Analyst, department=IT, company=DSS, identity=MR, pfType=WITH_PF, accountNo=2049885716, bankName=Kotak Mahindra Bank, currentAddress=N-42,VD-1/3/1,Sawta Nager,Cidco,Trimurti Chowk, permanentAddress=Pune, Maharashtra, joiningCTC=500000.0, currentCTC=701796.0, dateOfBirth=2002-12-14, offerDate=2025-10-15, joiningDate=2025-01-06, panNo=AILPW4890R, createdAt=null, documents={APPOINTMENT_LETTER=DocumentResponseDTO(generated=false, data=null), INTERNSHIP_LETTER=DocumentResponseDTO(generated=false, data=null), EXPERIENCE_LETTER=DocumentResponseDTO(generated=false, data=null), FULL_AND_FINAL=DocumentResponseDTO(generated=false, data=null), CONFIRMATION_LETTER=DocumentResponseDTO(generated=false, data=null), INCREMENT_LETTER=DocumentResponseDTO(generated=false, data=null), RELIEVING_LETTER=DocumentResponseDTO(generated=false, data=null), SALARY_SLIP=DocumentResponseDTO(generated=true, data={startMonth=2026-07, endMonth=2026-08}), COMPLETION_LETTER=DocumentResponseDTO(generated=false, data=null), OFFER_LETTER=DocumentResponseDTO(generated=false, data=null)})
2026-09-15 19:41:03 [http-nio-8080-exec-3] INFO  c.e.Docgen_Backend.config.JwtFilter - JWT validated successfully for userId=6a82a98a13421d60d7e0e553
2026-09-15 19:41:03 [http-nio-8080-exec-3] INFO  c.e.D.controller.UserController - GET /api/v2/users/215 - Fetch request received
2026-09-15 19:41:03 [http-nio-8080-exec-3] INFO  c.e.D.service.impl.UserServiceImpl - Fetching user profile for edit | userId=215 | requestedBy=6a82a98a13421d60d7e0e553
2026-09-15 19:41:03 [http-nio-8080-exec-3] DEBUG c.e.D.service.impl.UserServiceImpl - User found | userId=215 | employeeId=DSS0291
2026-09-15 19:41:03 [http-nio-8080-exec-3] INFO  c.e.D.service.impl.UserServiceImpl - User profile fetched successfully | userId=215 | timeTaken=135ms
2026-09-15 19:41:03 [http-nio-8080-exec-3] INFO  c.e.D.controller.UserController - Profile fetched successfully for userId=215
2026-09-15 19:41:03 [http-nio-8080-exec-3] DEBUG c.e.D.controller.UserController - Fetched profile data: UserProfileResponseDTO(id=215, employeeName=Sahil Wadatkar, employeeId=DSS0291, email=testuser@gmail.com, mobileNo=8007454299, joiningDesignation=Business Analyst, currentDesignation=Business Analyst, department=IT, company=DSS, identity=MR, pfType=WITH_PF, accountNo=2049885716, bankName=Kotak Mahindra Bank, currentAddress=N-42,VD-1/3/1,Sawta Nager,Cidco,Trimurti Chowk, permanentAddress=Pune, Maharashtra, joiningCTC=500000.0, currentCTC=701796.0, dateOfBirth=2002-12-14, offerDate=2025-10-15, joiningDate=2025-01-06, panNo=AILPW4890R, createdAt=null, documents={APPOINTMENT_LETTER=DocumentResponseDTO(generated=false, data=null), INTERNSHIP_LETTER=DocumentResponseDTO(generated=false, data=null), EXPERIENCE_LETTER=DocumentResponseDTO(generated=false, data=null), FULL_AND_FINAL=DocumentResponseDTO(generated=false, data=null), CONFIRMATION_LETTER=DocumentResponseDTO(generated=false, data=null), INCREMENT_LETTER=DocumentResponseDTO(generated=false, data=null), RELIEVING_LETTER=DocumentResponseDTO(generated=false, data=null), SALARY_SLIP=DocumentResponseDTO(generated=true, data={startMonth=2026-07, endMonth=2026-08}), COMPLETION_LETTER=DocumentResponseDTO(generated=false, data=null), OFFER_LETTER=DocumentResponseDTO(generated=false, data=null)})
2026-09-15 19:41:39 [http-nio-8080-exec-6] INFO  c.e.Docgen_Backend.config.JwtFilter - JWT validated successfully for userId=6a82a98a13421d60d7e0e553
2026-09-15 19:41:39 [http-nio-8080-exec-6] INFO  c.e.D.controller.UserController - PATCH /api/v2/users/215 - Update request received for employeeId=DSS0291
2026-09-15 19:41:39 [http-nio-8080-exec-6] DEBUG c.e.D.controller.UserController - Update payload: CreateProfileRequest(employeeName=Sahil Wadatkar, email=testuser@gmail.com, mobileNo=8007454299, employeeId=DSS0291, joiningDesignation=Business Analyst, currentDesignation=Business Analyst, department=IT, currentAddress=N-42,VD-1/3/1,Sawta Nager,Cidco,Trimurti Chowk, permanentAddress=Pune, Maharashtra, accountNo=2049885716, bankName=Kotak Mahindra Bank, joiningCTC=500000.0, currentCTC=552000.0, dateOfBirth=2002-12-14, offerDate=2025-10-15, joiningDate=2025-01-06, panNo=AILPW4890R, company=DSS, pfType=WITH_PF, identity=MR, documents=[SALARY_SLIP], documentData={SALARY_SLIP={startMonth=2026-06, endMonth=2026-06, salaryWorkdays={2026-06=23}}})
2026-09-15 19:41:39 [http-nio-8080-exec-6] WARN  com.zaxxer.hikari.pool.PoolBase - HikariPool-1 - Failed to validate connection com.mysql.cj.jdbc.ConnectionImpl@124362f6 (No operations allowed after connection closed.). Possibly consider using a shorter maxLifetime value.
2026-09-15 19:41:39 [http-nio-8080-exec-6] WARN  com.zaxxer.hikari.pool.PoolBase - HikariPool-1 - Failed to validate connection com.mysql.cj.jdbc.ConnectionImpl@139daa06 (No operations allowed after connection closed.). Possibly consider using a shorter maxLifetime value.
2026-09-15 19:41:39 [http-nio-8080-exec-6] WARN  com.zaxxer.hikari.pool.PoolBase - HikariPool-1 - Failed to validate connection com.mysql.cj.jdbc.ConnectionImpl@2d011f69 (No operations allowed after connection closed.). Possibly consider using a shorter maxLifetime value.
2026-09-15 19:41:39 [http-nio-8080-exec-6] INFO  c.e.D.service.impl.UserServiceImpl - Updating user profile | userId=215 | employeeId=DSS0291
2026-09-15 19:41:39 [http-nio-8080-exec-6] DEBUG c.e.D.service.impl.UserServiceImpl - Existing user fetched | userId=215 | oldEmployeeId=DSS0291
2026-09-15 19:41:39 [http-nio-8080-exec-6] DEBUG c.e.D.service.impl.UserServiceImpl - Updating documents | userId=215
2026-09-15 19:41:39 [http-nio-8080-exec-6] INFO  c.e.D.service.impl.UserServiceImpl - User profile updated successfully | userId=215 | timeTaken=107ms
2026-09-15 19:41:39 [http-nio-8080-exec-6] INFO  c.e.D.controller.UserController - Profile updated successfully for userId=215, employeeId=DSS0291
2026-09-15 19:43:26 [SpringApplicationShutdownHook] INFO  o.s.boot.tomcat.GracefulShutdown - Commencing graceful shutdown. Waiting for active requests to complete
2026-09-15 19:43:26 [tomcat-shutdown] INFO  o.s.boot.tomcat.GracefulShutdown - Graceful shutdown complete
2026-09-15 19:43:26 [SpringApplicationShutdownHook] INFO  o.s.o.j.LocalContainerEntityManagerFactoryBean - Closing JPA EntityManagerFactory for persistence unit 'default'
2026-09-15 19:43:26 [SpringApplicationShutdownHook] INFO  com.zaxxer.hikari.HikariDataSource - HikariPool-1 - Shutdown initiated...
2026-09-15 19:43:26 [SpringApplicationShutdownHook] INFO  com.zaxxer.hikari.HikariDataSource - HikariPool-1 - Shutdown completed.
