2026-09-16 10:37:29 [background-preinit] INFO  o.h.validator.internal.util.Version - HV000001: Hibernate Validator 9.0.1.Final
2026-09-16 10:37:29 [restartedMain] INFO  c.e.D.DocgenBackendApplication - Starting DocgenBackendApplication using Java 21.0.9 with PID 23832 (E:\DocGen New Front\Docgen-Backend\target\classes started by prath in E:\DocGen New Front\Docgen-Backend)
2026-09-16 10:37:29 [restartedMain] DEBUG c.e.D.DocgenBackendApplication - Running with Spring Boot v4.0.6, Spring v7.0.7
2026-09-16 10:37:29 [restartedMain] INFO  c.e.D.DocgenBackendApplication - No active profile set, falling back to 1 default profile: "default"
2026-09-16 10:37:29 [restartedMain] INFO  o.s.b.d.e.DevToolsPropertyDefaultsPostProcessor - Devtools property defaults active! Set 'spring.devtools.add-properties' to 'false' to disable
2026-09-16 10:37:29 [restartedMain] INFO  o.s.b.d.e.DevToolsPropertyDefaultsPostProcessor - For additional web related logging consider setting the 'logging.level.web' property to 'DEBUG'
2026-09-16 10:37:29 [restartedMain] INFO  o.s.d.r.c.RepositoryConfigurationDelegate - Bootstrapping Spring Data JPA repositories in DEFAULT mode.
2026-09-16 10:37:29 [restartedMain] INFO  o.s.d.r.c.RepositoryConfigurationDelegate - Finished Spring Data repository scanning in 46 ms. Found 3 JPA repository interfaces.
2026-09-16 10:37:30 [restartedMain] INFO  o.s.boot.tomcat.TomcatWebServer - Tomcat initialized with port 8080 (http)
2026-09-16 10:37:30 [restartedMain] INFO  o.a.coyote.http11.Http11NioProtocol - Initializing ProtocolHandler ["http-nio-8080"]
2026-09-16 10:37:30 [restartedMain] INFO  o.a.catalina.core.StandardService - Starting service [Tomcat]
2026-09-16 10:37:30 [restartedMain] INFO  o.a.catalina.core.StandardEngine - Starting Servlet engine: [Apache Tomcat/11.0.21]
2026-09-16 10:37:30 [restartedMain] INFO  o.s.b.w.c.s.WebApplicationContextInitializer - Root WebApplicationContext: initialization completed in 1255 ms
2026-09-16 10:37:30 [restartedMain] DEBUG c.e.Docgen_Backend.config.JwtFilter - Filter 'jwtFilter' configured for use
2026-09-16 10:37:30 [restartedMain] INFO  org.hibernate.orm.jpa - HHH008540: Processing PersistenceUnitInfo [name: default]
2026-09-16 10:37:30 [restartedMain] INFO  org.hibernate.orm.core - HHH000001: Hibernate ORM core version 7.2.12.Final
2026-09-16 10:37:31 [restartedMain] INFO  o.s.o.j.p.SpringPersistenceUnitInfo - No LoadTimeWeaver setup: ignoring JPA class transformer
2026-09-16 10:37:31 [restartedMain] INFO  com.zaxxer.hikari.HikariDataSource - HikariPool-1 - Starting...
2026-09-16 10:37:32 [restartedMain] INFO  com.zaxxer.hikari.pool.HikariPool - HikariPool-1 - Added connection com.mysql.cj.jdbc.ConnectionImpl@41c359a4
2026-09-16 10:37:32 [restartedMain] INFO  com.zaxxer.hikari.HikariDataSource - HikariPool-1 - Start completed.
2026-09-16 10:37:32 [restartedMain] WARN  org.hibernate.orm.jdbc - HHH100045: Could not obtain connection metadata: java.sql.SQLSyntaxErrorException: Unknown column 'RESERVED' in 'WHERE'
2026-09-16 10:37:32 [restartedMain] WARN  org.hibernate.orm.deprecation - HHH90000025: MySQLDialect does not need to be specified explicitly using 'hibernate.dialect' (remove the property setting and it will be selected by default)
2026-09-16 10:37:32 [restartedMain] INFO  o.hibernate.orm.connections.pooling - HHH10001005: Database info:
	Database JDBC URL [undefined/unknown]
	Database driver: undefined/unknown
	Database dialect: MySQLDialect
	Database version: 8.0
	Default catalog/schema: unknown/unknown
	Autocommit mode: undefined/unknown
	Isolation level: NONE [default NONE]
	JDBC fetch size: undefined/unknown
	Pool: DataSourceConnectionProvider
	Minimum pool size: undefined/unknown
	Maximum pool size: undefined/unknown
2026-09-16 10:37:33 [restartedMain] INFO  org.hibernate.orm.core - HHH000489: No JTA platform available (set 'hibernate.transaction.jta.platform' to enable JTA platform integration)
2026-09-16 10:37:42 [restartedMain] INFO  o.s.o.j.LocalContainerEntityManagerFactoryBean - Initialized JPA EntityManagerFactory for persistence unit 'default'
2026-09-16 10:37:42 [restartedMain] INFO  o.s.d.j.r.q.QueryEnhancerFactories - Hibernate is in classpath; If applicable, HQL parser will be used.
2026-09-16 10:37:42 [restartedMain] INFO  o.s.s.c.a.a.c.InitializeUserDetailsBeanManagerConfigurer$InitializeUserDetailsManagerConfigurer - Global AuthenticationManager configured with UserDetailsService bean with name customUserDetailsService
2026-09-16 10:37:43 [restartedMain] INFO  o.a.coyote.http11.Http11NioProtocol - Starting ProtocolHandler ["http-nio-8080"]
2026-09-16 10:37:43 [restartedMain] INFO  o.s.boot.tomcat.TomcatWebServer - Tomcat started on port 8080 (http) with context path '/'
2026-09-16 10:37:43 [restartedMain] INFO  c.e.D.DocgenBackendApplication - Started DocgenBackendApplication in 14.838 seconds (process running for 15.53)
2026-09-16 10:39:17 [HikariPool-1:housekeeper] WARN  com.zaxxer.hikari.pool.PoolBase - HikariPool-1 - Failed to validate connection com.mysql.cj.jdbc.ConnectionImpl@eb1a540 (No operations allowed after connection closed.). Possibly consider using a shorter maxLifetime value.
2026-09-16 10:39:29 [HikariPool-1:housekeeper] WARN  com.zaxxer.hikari.pool.PoolBase - HikariPool-1 - Failed to validate connection com.mysql.cj.jdbc.ConnectionImpl@41c359a4 (No operations allowed after connection closed.). Possibly consider using a shorter maxLifetime value.
2026-09-16 10:39:31 [HikariPool-1:housekeeper] WARN  com.zaxxer.hikari.pool.PoolBase - HikariPool-1 - Failed to validate connection com.mysql.cj.jdbc.ConnectionImpl@33e6aa61 (No operations allowed after connection closed.). Possibly consider using a shorter maxLifetime value.
2026-09-16 10:41:10 [HikariPool-1:housekeeper] WARN  com.zaxxer.hikari.pool.PoolBase - HikariPool-1 - Failed to validate connection com.mysql.cj.jdbc.ConnectionImpl@2592b8cb (No operations allowed after connection closed.). Possibly consider using a shorter maxLifetime value.
2026-09-16 10:41:10 [HikariPool-1:housekeeper] WARN  com.zaxxer.hikari.pool.PoolBase - HikariPool-1 - Failed to validate connection com.mysql.cj.jdbc.ConnectionImpl@64a72f92 (No operations allowed after connection closed.). Possibly consider using a shorter maxLifetime value.
2026-09-16 10:42:53 [HikariPool-1:housekeeper] WARN  com.zaxxer.hikari.pool.PoolBase - HikariPool-1 - Failed to validate connection com.mysql.cj.jdbc.ConnectionImpl@621434c5 (No operations allowed after connection closed.). Possibly consider using a shorter maxLifetime value.
2026-09-16 10:43:06 [HikariPool-1:housekeeper] WARN  com.zaxxer.hikari.pool.PoolBase - HikariPool-1 - Failed to validate connection com.mysql.cj.jdbc.ConnectionImpl@3ecf5ebb (No operations allowed after connection closed.). Possibly consider using a shorter maxLifetime value.
2026-09-16 10:44:48 [HikariPool-1:housekeeper] WARN  com.zaxxer.hikari.pool.PoolBase - HikariPool-1 - Failed to validate connection com.mysql.cj.jdbc.ConnectionImpl@20389fff (No operations allowed after connection closed.). Possibly consider using a shorter maxLifetime value.
2026-09-16 10:45:01 [HikariPool-1:housekeeper] WARN  com.zaxxer.hikari.pool.PoolBase - HikariPool-1 - Failed to validate connection com.mysql.cj.jdbc.ConnectionImpl@3285c05a (No operations allowed after connection closed.). Possibly consider using a shorter maxLifetime value.
2026-09-16 10:46:42 [HikariPool-1:housekeeper] WARN  com.zaxxer.hikari.pool.PoolBase - HikariPool-1 - Failed to validate connection com.mysql.cj.jdbc.ConnectionImpl@7caf8399 (No operations allowed after connection closed.). Possibly consider using a shorter maxLifetime value.
2026-09-16 10:46:59 [HikariPool-1:housekeeper] WARN  com.zaxxer.hikari.pool.PoolBase - HikariPool-1 - Failed to validate connection com.mysql.cj.jdbc.ConnectionImpl@4df7dd61 (No operations allowed after connection closed.). Possibly consider using a shorter maxLifetime value.
2026-09-16 10:48:38 [HikariPool-1:housekeeper] WARN  com.zaxxer.hikari.pool.PoolBase - HikariPool-1 - Failed to validate connection com.mysql.cj.jdbc.ConnectionImpl@343106bd (No operations allowed after connection closed.). Possibly consider using a shorter maxLifetime value.
2026-09-16 10:48:42 [HikariPool-1:housekeeper] WARN  com.zaxxer.hikari.pool.PoolBase - HikariPool-1 - Failed to validate connection com.mysql.cj.jdbc.ConnectionImpl@74015504 (No operations allowed after connection closed.). Possibly consider using a shorter maxLifetime value.
2026-09-16 10:50:28 [HikariPool-1:housekeeper] WARN  com.zaxxer.hikari.pool.PoolBase - HikariPool-1 - Failed to validate connection com.mysql.cj.jdbc.ConnectionImpl@57678e6b (No operations allowed after connection closed.). Possibly consider using a shorter maxLifetime value.
2026-09-16 10:50:39 [HikariPool-1:housekeeper] WARN  com.zaxxer.hikari.pool.PoolBase - HikariPool-1 - Failed to validate connection com.mysql.cj.jdbc.ConnectionImpl@18a09b96 (No operations allowed after connection closed.). Possibly consider using a shorter maxLifetime value.
2026-09-16 10:52:16 [HikariPool-1:housekeeper] WARN  com.zaxxer.hikari.pool.PoolBase - HikariPool-1 - Failed to validate connection com.mysql.cj.jdbc.ConnectionImpl@d888a80 (No operations allowed after connection closed.). Possibly consider using a shorter maxLifetime value.
2026-09-16 10:52:31 [HikariPool-1:housekeeper] WARN  com.zaxxer.hikari.pool.PoolBase - HikariPool-1 - Failed to validate connection com.mysql.cj.jdbc.ConnectionImpl@1d1a820 (No operations allowed after connection closed.). Possibly consider using a shorter maxLifetime value.
2026-09-16 10:54:08 [HikariPool-1:housekeeper] WARN  com.zaxxer.hikari.pool.PoolBase - HikariPool-1 - Failed to validate connection com.mysql.cj.jdbc.ConnectionImpl@14c8e984 (No operations allowed after connection closed.). Possibly consider using a shorter maxLifetime value.
2026-09-16 10:54:16 [HikariPool-1:housekeeper] WARN  com.zaxxer.hikari.pool.PoolBase - HikariPool-1 - Failed to validate connection com.mysql.cj.jdbc.ConnectionImpl@a16375b (No operations allowed after connection closed.). Possibly consider using a shorter maxLifetime value.
2026-09-16 10:55:45 [HikariPool-1:housekeeper] WARN  com.zaxxer.hikari.pool.PoolBase - HikariPool-1 - Failed to validate connection com.mysql.cj.jdbc.ConnectionImpl@690d8cb6 (No operations allowed after connection closed.). Possibly consider using a shorter maxLifetime value.
2026-09-16 10:56:07 [HikariPool-1:housekeeper] WARN  com.zaxxer.hikari.pool.PoolBase - HikariPool-1 - Failed to validate connection com.mysql.cj.jdbc.ConnectionImpl@4be28cb (No operations allowed after connection closed.). Possibly consider using a shorter maxLifetime value.
2026-09-16 10:57:38 [HikariPool-1:housekeeper] WARN  com.zaxxer.hikari.pool.PoolBase - HikariPool-1 - Failed to validate connection com.mysql.cj.jdbc.ConnectionImpl@6dd04827 (No operations allowed after connection closed.). Possibly consider using a shorter maxLifetime value.
2026-09-16 10:57:56 [HikariPool-1:housekeeper] WARN  com.zaxxer.hikari.pool.PoolBase - HikariPool-1 - Failed to validate connection com.mysql.cj.jdbc.ConnectionImpl@6c64bfad (No operations allowed after connection closed.). Possibly consider using a shorter maxLifetime value.
2026-09-16 10:59:26 [HikariPool-1:housekeeper] WARN  com.zaxxer.hikari.pool.PoolBase - HikariPool-1 - Failed to validate connection com.mysql.cj.jdbc.ConnectionImpl@32a3f07 (No operations allowed after connection closed.). Possibly consider using a shorter maxLifetime value.
2026-09-16 10:59:45 [HikariPool-1:housekeeper] WARN  com.zaxxer.hikari.pool.PoolBase - HikariPool-1 - Failed to validate connection com.mysql.cj.jdbc.ConnectionImpl@1a62dfa9 (No operations allowed after connection closed.). Possibly consider using a shorter maxLifetime value.
2026-09-16 11:01:15 [HikariPool-1:housekeeper] WARN  com.zaxxer.hikari.pool.PoolBase - HikariPool-1 - Failed to validate connection com.mysql.cj.jdbc.ConnectionImpl@262da30 (No operations allowed after connection closed.). Possibly consider using a shorter maxLifetime value.
2026-09-16 11:01:42 [HikariPool-1:housekeeper] WARN  com.zaxxer.hikari.pool.PoolBase - HikariPool-1 - Failed to validate connection com.mysql.cj.jdbc.ConnectionImpl@495916ed (No operations allowed after connection closed.). Possibly consider using a shorter maxLifetime value.
2026-09-16 11:03:13 [HikariPool-1:housekeeper] WARN  com.zaxxer.hikari.pool.PoolBase - HikariPool-1 - Failed to validate connection com.mysql.cj.jdbc.ConnectionImpl@1df5d94f (No operations allowed after connection closed.). Possibly consider using a shorter maxLifetime value.
2026-09-16 11:03:41 [HikariPool-1:housekeeper] WARN  com.zaxxer.hikari.pool.PoolBase - HikariPool-1 - Failed to validate connection com.mysql.cj.jdbc.ConnectionImpl@976f44d (No operations allowed after connection closed.). Possibly consider using a shorter maxLifetime value.
2026-09-16 11:05:12 [HikariPool-1:housekeeper] WARN  com.zaxxer.hikari.pool.PoolBase - HikariPool-1 - Failed to validate connection com.mysql.cj.jdbc.ConnectionImpl@22b8eaed (No operations allowed after connection closed.). Possibly consider using a shorter maxLifetime value.
2026-09-16 11:05:41 [HikariPool-1:housekeeper] WARN  com.zaxxer.hikari.pool.PoolBase - HikariPool-1 - Failed to validate connection com.mysql.cj.jdbc.ConnectionImpl@5f268082 (No operations allowed after connection closed.). Possibly consider using a shorter maxLifetime value.
2026-09-16 11:07:03 [HikariPool-1:housekeeper] WARN  com.zaxxer.hikari.pool.PoolBase - HikariPool-1 - Failed to validate connection com.mysql.cj.jdbc.ConnectionImpl@89b20d0 (No operations allowed after connection closed.). Possibly consider using a shorter maxLifetime value.
2026-09-16 11:07:39 [HikariPool-1:housekeeper] WARN  com.zaxxer.hikari.pool.PoolBase - HikariPool-1 - Failed to validate connection com.mysql.cj.jdbc.ConnectionImpl@64ba69d1 (No operations allowed after connection closed.). Possibly consider using a shorter maxLifetime value.
2026-09-16 11:08:42 [HikariPool-1:housekeeper] WARN  com.zaxxer.hikari.pool.PoolBase - HikariPool-1 - Failed to validate connection com.mysql.cj.jdbc.ConnectionImpl@5200f1ea (No operations allowed after connection closed.). Possibly consider using a shorter maxLifetime value.
2026-09-16 11:09:18 [HikariPool-1:housekeeper] WARN  com.zaxxer.hikari.pool.PoolBase - HikariPool-1 - Failed to validate connection com.mysql.cj.jdbc.ConnectionImpl@74706673 (No operations allowed after connection closed.). Possibly consider using a shorter maxLifetime value.
2026-09-16 11:10:25 [HikariPool-1:housekeeper] WARN  com.zaxxer.hikari.pool.PoolBase - HikariPool-1 - Failed to validate connection com.mysql.cj.jdbc.ConnectionImpl@44e4bb26 (No operations allowed after connection closed.). Possibly consider using a shorter maxLifetime value.
2026-09-16 11:10:57 [HikariPool-1:housekeeper] WARN  com.zaxxer.hikari.pool.PoolBase - HikariPool-1 - Failed to validate connection com.mysql.cj.jdbc.ConnectionImpl@6be2a4db (No operations allowed after connection closed.). Possibly consider using a shorter maxLifetime value.
2026-09-16 11:12:23 [HikariPool-1:housekeeper] WARN  com.zaxxer.hikari.pool.PoolBase - HikariPool-1 - Failed to validate connection com.mysql.cj.jdbc.ConnectionImpl@6fdf4d57 (No operations allowed after connection closed.). Possibly consider using a shorter maxLifetime value.
2026-09-16 11:12:35 [HikariPool-1:housekeeper] WARN  com.zaxxer.hikari.pool.PoolBase - HikariPool-1 - Failed to validate connection com.mysql.cj.jdbc.ConnectionImpl@3d491ac3 (No operations allowed after connection closed.). Possibly consider using a shorter maxLifetime value.
2026-09-16 11:14:05 [HikariPool-1:housekeeper] WARN  com.zaxxer.hikari.pool.PoolBase - HikariPool-1 - Failed to validate connection com.mysql.cj.jdbc.ConnectionImpl@392aa0c9 (No operations allowed after connection closed.). Possibly consider using a shorter maxLifetime value.
2026-09-16 11:14:13 [HikariPool-1:housekeeper] WARN  com.zaxxer.hikari.pool.PoolBase - HikariPool-1 - Failed to validate connection com.mysql.cj.jdbc.ConnectionImpl@12bdff27 (No operations allowed after connection closed.). Possibly consider using a shorter maxLifetime value.
2026-09-16 11:15:54 [HikariPool-1:housekeeper] WARN  com.zaxxer.hikari.pool.PoolBase - HikariPool-1 - Failed to validate connection com.mysql.cj.jdbc.ConnectionImpl@5a32422 (No operations allowed after connection closed.). Possibly consider using a shorter maxLifetime value.
2026-09-16 11:16:03 [HikariPool-1:housekeeper] WARN  com.zaxxer.hikari.pool.PoolBase - HikariPool-1 - Failed to validate connection com.mysql.cj.jdbc.ConnectionImpl@246115cf (No operations allowed after connection closed.). Possibly consider using a shorter maxLifetime value.
2026-09-16 11:17:32 [HikariPool-1:housekeeper] WARN  com.zaxxer.hikari.pool.PoolBase - HikariPool-1 - Failed to validate connection com.mysql.cj.jdbc.ConnectionImpl@4e83b23c (No operations allowed after connection closed.). Possibly consider using a shorter maxLifetime value.
2026-09-16 11:17:56 [HikariPool-1:housekeeper] WARN  com.zaxxer.hikari.pool.PoolBase - HikariPool-1 - Failed to validate connection com.mysql.cj.jdbc.ConnectionImpl@7fcd8e12 (No operations allowed after connection closed.). Possibly consider using a shorter maxLifetime value.
2026-09-16 11:19:11 [HikariPool-1:housekeeper] WARN  com.zaxxer.hikari.pool.PoolBase - HikariPool-1 - Failed to validate connection com.mysql.cj.jdbc.ConnectionImpl@16d87199 (No operations allowed after connection closed.). Possibly consider using a shorter maxLifetime value.
2026-09-16 11:19:49 [HikariPool-1:housekeeper] WARN  com.zaxxer.hikari.pool.PoolBase - HikariPool-1 - Failed to validate connection com.mysql.cj.jdbc.ConnectionImpl@274c4089 (No operations allowed after connection closed.). Possibly consider using a shorter maxLifetime value.
2026-09-16 11:20:53 [HikariPool-1:housekeeper] WARN  com.zaxxer.hikari.pool.PoolBase - HikariPool-1 - Failed to validate connection com.mysql.cj.jdbc.ConnectionImpl@7e12f66f (No operations allowed after connection closed.). Possibly consider using a shorter maxLifetime value.
2026-09-16 11:21:27 [HikariPool-1:housekeeper] WARN  com.zaxxer.hikari.pool.PoolBase - HikariPool-1 - Failed to validate connection com.mysql.cj.jdbc.ConnectionImpl@18f655a7 (No operations allowed after connection closed.). Possibly consider using a shorter maxLifetime value.
2026-09-16 11:22:50 [HikariPool-1:housekeeper] WARN  com.zaxxer.hikari.pool.PoolBase - HikariPool-1 - Failed to validate connection com.mysql.cj.jdbc.ConnectionImpl@426f78e7 (No operations allowed after connection closed.). Possibly consider using a shorter maxLifetime value.
2026-09-16 11:23:11 [HikariPool-1:housekeeper] WARN  com.zaxxer.hikari.pool.PoolBase - HikariPool-1 - Failed to validate connection com.mysql.cj.jdbc.ConnectionImpl@6d1487d3 (No operations allowed after connection closed.). Possibly consider using a shorter maxLifetime value.
2026-09-16 11:24:38 [HikariPool-1:housekeeper] WARN  com.zaxxer.hikari.pool.PoolBase - HikariPool-1 - Failed to validate connection com.mysql.cj.jdbc.ConnectionImpl@45a09b60 (No operations allowed after connection closed.). Possibly consider using a shorter maxLifetime value.
2026-09-16 11:24:51 [HikariPool-1:housekeeper] WARN  com.zaxxer.hikari.pool.PoolBase - HikariPool-1 - Failed to validate connection com.mysql.cj.jdbc.ConnectionImpl@66831890 (No operations allowed after connection closed.). Possibly consider using a shorter maxLifetime value.
2026-09-16 11:26:28 [HikariPool-1:housekeeper] WARN  com.zaxxer.hikari.pool.PoolBase - HikariPool-1 - Failed to validate connection com.mysql.cj.jdbc.ConnectionImpl@501dc12a (No operations allowed after connection closed.). Possibly consider using a shorter maxLifetime value.
2026-09-16 11:26:31 [HikariPool-1:housekeeper] WARN  com.zaxxer.hikari.pool.PoolBase - HikariPool-1 - Failed to validate connection com.mysql.cj.jdbc.ConnectionImpl@af967b (No operations allowed after connection closed.). Possibly consider using a shorter maxLifetime value.
2026-09-16 11:28:05 [HikariPool-1:housekeeper] WARN  com.zaxxer.hikari.pool.PoolBase - HikariPool-1 - Failed to validate connection com.mysql.cj.jdbc.ConnectionImpl@28bf2510 (No operations allowed after connection closed.). Possibly consider using a shorter maxLifetime value.
2026-09-16 11:28:10 [HikariPool-1:housekeeper] WARN  com.zaxxer.hikari.pool.PoolBase - HikariPool-1 - Failed to validate connection com.mysql.cj.jdbc.ConnectionImpl@5a7a5a91 (No operations allowed after connection closed.). Possibly consider using a shorter maxLifetime value.
2026-09-16 11:29:53 [HikariPool-1:housekeeper] WARN  com.zaxxer.hikari.pool.PoolBase - HikariPool-1 - Failed to validate connection com.mysql.cj.jdbc.ConnectionImpl@775c359d (No operations allowed after connection closed.). Possibly consider using a shorter maxLifetime value.
2026-09-16 11:30:01 [HikariPool-1:housekeeper] WARN  com.zaxxer.hikari.pool.PoolBase - HikariPool-1 - Failed to validate connection com.mysql.cj.jdbc.ConnectionImpl@44793347 (No operations allowed after connection closed.). Possibly consider using a shorter maxLifetime value.
2026-09-16 11:31:29 [HikariPool-1:housekeeper] WARN  com.zaxxer.hikari.pool.PoolBase - HikariPool-1 - Failed to validate connection com.mysql.cj.jdbc.ConnectionImpl@246c5e69 (No operations allowed after connection closed.). Possibly consider using a shorter maxLifetime value.
2026-09-16 11:31:46 [HikariPool-1:housekeeper] WARN  com.zaxxer.hikari.pool.PoolBase - HikariPool-1 - Failed to validate connection com.mysql.cj.jdbc.ConnectionImpl@1fdf755f (No operations allowed after connection closed.). Possibly consider using a shorter maxLifetime value.
2026-09-16 11:33:07 [HikariPool-1:housekeeper] WARN  com.zaxxer.hikari.pool.PoolBase - HikariPool-1 - Failed to validate connection com.mysql.cj.jdbc.ConnectionImpl@38c6e4d5 (No operations allowed after connection closed.). Possibly consider using a shorter maxLifetime value.
2026-09-16 11:33:26 [HikariPool-1:housekeeper] WARN  com.zaxxer.hikari.pool.PoolBase - HikariPool-1 - Failed to validate connection com.mysql.cj.jdbc.ConnectionImpl@4282733f (No operations allowed after connection closed.). Possibly consider using a shorter maxLifetime value.
2026-09-16 11:34:51 [HikariPool-1:housekeeper] WARN  com.zaxxer.hikari.pool.PoolBase - HikariPool-1 - Failed to validate connection com.mysql.cj.jdbc.ConnectionImpl@486469c4 (No operations allowed after connection closed.). Possibly consider using a shorter maxLifetime value.
2026-09-16 11:35:17 [HikariPool-1:housekeeper] WARN  com.zaxxer.hikari.pool.PoolBase - HikariPool-1 - Failed to validate connection com.mysql.cj.jdbc.ConnectionImpl@237e73f2 (No operations allowed after connection closed.). Possibly consider using a shorter maxLifetime value.
2026-09-16 11:36:31 [HikariPool-1:housekeeper] WARN  com.zaxxer.hikari.pool.PoolBase - HikariPool-1 - Failed to validate connection com.mysql.cj.jdbc.ConnectionImpl@5140d851 (No operations allowed after connection closed.). Possibly consider using a shorter maxLifetime value.
2026-09-16 11:37:02 [HikariPool-1:housekeeper] WARN  com.zaxxer.hikari.pool.PoolBase - HikariPool-1 - Failed to validate connection com.mysql.cj.jdbc.ConnectionImpl@54f8719c (No operations allowed after connection closed.). Possibly consider using a shorter maxLifetime value.
2026-09-16 11:38:27 [HikariPool-1:housekeeper] WARN  com.zaxxer.hikari.pool.PoolBase - HikariPool-1 - Failed to validate connection com.mysql.cj.jdbc.ConnectionImpl@34ff1c27 (No operations allowed after connection closed.). Possibly consider using a shorter maxLifetime value.
2026-09-16 11:38:40 [HikariPool-1:housekeeper] WARN  com.zaxxer.hikari.pool.PoolBase - HikariPool-1 - Failed to validate connection com.mysql.cj.jdbc.ConnectionImpl@6c82728e (No operations allowed after connection closed.). Possibly consider using a shorter maxLifetime value.
2026-09-16 11:40:10 [HikariPool-1:housekeeper] WARN  com.zaxxer.hikari.pool.PoolBase - HikariPool-1 - Failed to validate connection com.mysql.cj.jdbc.ConnectionImpl@155dac35 (No operations allowed after connection closed.). Possibly consider using a shorter maxLifetime value.
2026-09-16 11:40:37 [HikariPool-1:housekeeper] WARN  com.zaxxer.hikari.pool.PoolBase - HikariPool-1 - Failed to validate connection com.mysql.cj.jdbc.ConnectionImpl@1de5705c (No operations allowed after connection closed.). Possibly consider using a shorter maxLifetime value.
2026-09-16 11:41:50 [HikariPool-1:housekeeper] WARN  com.zaxxer.hikari.pool.PoolBase - HikariPool-1 - Failed to validate connection com.mysql.cj.jdbc.ConnectionImpl@40e38ee7 (No operations allowed after connection closed.). Possibly consider using a shorter maxLifetime value.
2026-09-16 11:42:34 [HikariPool-1:housekeeper] WARN  com.zaxxer.hikari.pool.PoolBase - HikariPool-1 - Failed to validate connection com.mysql.cj.jdbc.ConnectionImpl@77fb51e3 (No operations allowed after connection closed.). Possibly consider using a shorter maxLifetime value.
2026-09-16 11:43:34 [HikariPool-1:housekeeper] WARN  com.zaxxer.hikari.pool.PoolBase - HikariPool-1 - Failed to validate connection com.mysql.cj.jdbc.ConnectionImpl@2e9f7be4 (No operations allowed after connection closed.). Possibly consider using a shorter maxLifetime value.
2026-09-16 11:44:23 [HikariPool-1:housekeeper] WARN  com.zaxxer.hikari.pool.PoolBase - HikariPool-1 - Failed to validate connection com.mysql.cj.jdbc.ConnectionImpl@17086023 (No operations allowed after connection closed.). Possibly consider using a shorter maxLifetime value.
2026-09-16 11:45:30 [HikariPool-1:housekeeper] WARN  com.zaxxer.hikari.pool.PoolBase - HikariPool-1 - Failed to validate connection com.mysql.cj.jdbc.ConnectionImpl@a3da5d8 (No operations allowed after connection closed.). Possibly consider using a shorter maxLifetime value.
2026-09-16 11:46:10 [HikariPool-1:housekeeper] WARN  com.zaxxer.hikari.pool.PoolBase - HikariPool-1 - Failed to validate connection com.mysql.cj.jdbc.ConnectionImpl@6e570784 (No operations allowed after connection closed.). Possibly consider using a shorter maxLifetime value.
2026-09-16 11:47:11 [HikariPool-1:housekeeper] WARN  com.zaxxer.hikari.pool.PoolBase - HikariPool-1 - Failed to validate connection com.mysql.cj.jdbc.ConnectionImpl@13bdd35d (No operations allowed after connection closed.). Possibly consider using a shorter maxLifetime value.
2026-09-16 11:48:00 [HikariPool-1:housekeeper] WARN  com.zaxxer.hikari.pool.PoolBase - HikariPool-1 - Failed to validate connection com.mysql.cj.jdbc.ConnectionImpl@2cef955c (No operations allowed after connection closed.). Possibly consider using a shorter maxLifetime value.
2026-09-16 11:49:02 [HikariPool-1:housekeeper] WARN  com.zaxxer.hikari.pool.PoolBase - HikariPool-1 - Failed to validate connection com.mysql.cj.jdbc.ConnectionImpl@689e7f15 (No operations allowed after connection closed.). Possibly consider using a shorter maxLifetime value.
2026-09-16 11:49:53 [HikariPool-1:housekeeper] WARN  com.zaxxer.hikari.pool.PoolBase - HikariPool-1 - Failed to validate connection com.mysql.cj.jdbc.ConnectionImpl@627c3214 (No operations allowed after connection closed.). Possibly consider using a shorter maxLifetime value.
2026-09-16 11:50:56 [HikariPool-1:housekeeper] WARN  com.zaxxer.hikari.pool.PoolBase - HikariPool-1 - Failed to validate connection com.mysql.cj.jdbc.ConnectionImpl@52655cf7 (No operations allowed after connection closed.). Possibly consider using a shorter maxLifetime value.
2026-09-16 11:51:00 [http-nio-8080-exec-1] INFO  o.a.c.c.C.[Tomcat].[localhost].[/] - Initializing Spring DispatcherServlet 'dispatcherServlet'
2026-09-16 11:51:00 [http-nio-8080-exec-1] INFO  o.s.web.servlet.DispatcherServlet - Initializing Servlet 'dispatcherServlet'
2026-09-16 11:51:00 [http-nio-8080-exec-1] INFO  o.s.web.servlet.DispatcherServlet - Completed initialization in 28 ms
2026-09-16 11:51:00 [http-nio-8080-exec-2] INFO  c.e.Docgen_Backend.config.JwtFilter - JWT validated successfully for userId=6a82a98a13421d60d7e0e553
2026-09-16 11:51:00 [http-nio-8080-exec-2] INFO  c.e.D.controller.UserController - PATCH /api/v2/users/217 - Update request received for employeeId=TEST0336
2026-09-16 11:51:00 [http-nio-8080-exec-2] DEBUG c.e.D.controller.UserController - Update payload: CreateProfileRequest(employeeName=Test User Three, email=prathamesh69bhavsar@gmail.com, mobileNo=8007454299, employeeId=TEST0336, joiningDesignation=Java developer, currentDesignation=Full Stack Developer, department=IT, currentAddress=N-42,VD-1/3/1,Sawta Nager,Cidco,Trimurti Chowk, permanentAddress=Pune, Maharashtra, accountNo=2568108019550, bankName=AU Small Finance Bank, joiningCTC=500000.0, currentCTC=970000.0, dateOfBirth=1212-12-12, offerDate=2023-07-01, joiningDate=2023-07-04, panNo=GFZPS5853Q, company=PSCS, pfType=WITHOUT_PF, identity=MR, documents=[APPOINTMENT_LETTER, SALARY_SLIP, OFFER_LETTER, EXPERIENCE_LETTER, RELIEVING_LETTER, INCREMENT_LETTER, INTERNSHIP_LETTER, COMPLETION_LETTER, FULL_AND_FINAL, CONFIRMATION_LETTER], documentData={OFFER_LETTER={issueDate=2023-07-01, probationPeriod=3}, APPOINTMENT_LETTER={issueDate=2000-11-12, probationPeriod=3}, INCREMENT_LETTER={issueDate=2025-04-01}, INTERNSHIP_LETTER={internshipType=UNPAID, stipend=0, startDate=1331-12-13, endDate=1111-11-11, issueDate=1212-12-12}, COMPLETION_LETTER={startDate=1000-11-12, completionDate=1000-12-12, issueDate=2020-12-15}, CONFIRMATION_LETTER={effectiveDate=2020-11-15, issueDate=2020-12-15}, EXPERIENCE_LETTER={relievingDate=2025-10-01, issueDate=2025-10-01}, RELIEVING_LETTER={relievingDate=2025-10-01, issueDate=2025-10-01}, FULL_AND_FINAL={fnfDate=2025-10-01, issueDate=2025-10-01, month=2026-10, resignationDate=2025-09-01, leavingDate=2025-10-01, paidDays=9, totalDaysInMonth=30}, SALARY_SLIP={startMonth=2026-09, endMonth=2026-09, salaryWorkdays={2026-09=30}}})
2026-09-16 11:51:00 [http-nio-8080-exec-2] WARN  com.zaxxer.hikari.pool.PoolBase - HikariPool-1 - Failed to validate connection com.mysql.cj.jdbc.ConnectionImpl@3e88ee80 (No operations allowed after connection closed.). Possibly consider using a shorter maxLifetime value.
2026-09-16 11:51:00 [http-nio-8080-exec-2] INFO  c.e.D.service.impl.UserServiceImpl - Updating user profile | userId=217 | employeeId=TEST0336
2026-09-16 11:51:01 [http-nio-8080-exec-2] DEBUG c.e.D.service.impl.UserServiceImpl - Existing user fetched | userId=217 | oldEmployeeId=TEST0336
2026-09-16 11:51:01 [http-nio-8080-exec-2] DEBUG c.e.D.service.impl.UserServiceImpl - Updating documents | userId=217
2026-09-16 11:51:01 [http-nio-8080-exec-2] INFO  c.e.D.service.impl.UserServiceImpl - User profile updated successfully | userId=217 | timeTaken=933ms
2026-09-16 11:51:01 [http-nio-8080-exec-2] INFO  c.e.D.controller.UserController - Profile updated successfully for userId=217, employeeId=TEST0336
2026-09-16 11:52:36 [HikariPool-1:housekeeper] WARN  com.zaxxer.hikari.pool.PoolBase - HikariPool-1 - Failed to validate connection com.mysql.cj.jdbc.ConnectionImpl@3070cbd (No operations allowed after connection closed.). Possibly consider using a shorter maxLifetime value.
2026-09-16 11:52:54 [HikariPool-1:housekeeper] WARN  com.zaxxer.hikari.pool.PoolBase - HikariPool-1 - Failed to validate connection com.mysql.cj.jdbc.ConnectionImpl@e755ed1 (No operations allowed after connection closed.). Possibly consider using a shorter maxLifetime value.
2026-09-16 11:52:56 [HikariPool-1:housekeeper] WARN  com.zaxxer.hikari.pool.PoolBase - HikariPool-1 - Failed to validate connection com.mysql.cj.jdbc.ConnectionImpl@76966b1b (No operations allowed after connection closed.). Possibly consider using a shorter maxLifetime value.
2026-09-16 11:52:58 [http-nio-8080-exec-5] INFO  c.e.Docgen_Backend.config.JwtFilter - JWT validated successfully for userId=6a82a98a13421d60d7e0e553
2026-09-16 11:52:58 [http-nio-8080-exec-5] INFO  c.e.D.controller.UserController - PATCH /api/v2/users/217 - Update request received for employeeId=TEST0336
2026-09-16 11:52:58 [http-nio-8080-exec-5] DEBUG c.e.D.controller.UserController - Update payload: CreateProfileRequest(employeeName=Test User Three, email=prathamesh69bhavsar@gmail.com, mobileNo=8007454299, employeeId=TEST0336, joiningDesignation=Java developer, currentDesignation=Full Stack Developer, department=IT, currentAddress=N-42,VD-1/3/1,Sawta Nager,Cidco,Trimurti Chowk, permanentAddress=Pune, Maharashtra, accountNo=2568108019550, bankName=AU Small Finance Bank, joiningCTC=500000.0, currentCTC=970000.0, dateOfBirth=1212-12-12, offerDate=2023-07-01, joiningDate=2023-07-04, panNo=GFZPS5853Q, company=PSCS, pfType=WITH_PF, identity=MR, documents=[APPOINTMENT_LETTER, SALARY_SLIP, OFFER_LETTER, EXPERIENCE_LETTER, RELIEVING_LETTER, INCREMENT_LETTER, INTERNSHIP_LETTER, COMPLETION_LETTER, FULL_AND_FINAL, CONFIRMATION_LETTER], documentData={OFFER_LETTER={issueDate=2023-07-01, probationPeriod=3}, APPOINTMENT_LETTER={issueDate=2000-11-12, probationPeriod=3}, INCREMENT_LETTER={issueDate=2025-04-01}, INTERNSHIP_LETTER={internshipType=UNPAID, stipend=0, startDate=1331-12-13, endDate=1111-11-11, issueDate=1212-12-12}, COMPLETION_LETTER={startDate=1000-11-12, completionDate=1000-12-12, issueDate=2020-12-15}, CONFIRMATION_LETTER={effectiveDate=2020-11-15, issueDate=2020-12-15}, EXPERIENCE_LETTER={relievingDate=2025-10-01, issueDate=2025-10-01}, RELIEVING_LETTER={relievingDate=2025-10-01, issueDate=2025-10-01}, FULL_AND_FINAL={fnfDate=2025-10-01, issueDate=2025-10-01, month=2026-10, resignationDate=2025-09-01, leavingDate=2025-10-01, paidDays=9, totalDaysInMonth=30}, SALARY_SLIP={startMonth=2026-09, endMonth=2026-09, salaryWorkdays={2026-09=30}}})
2026-09-16 11:52:58 [http-nio-8080-exec-5] INFO  c.e.D.service.impl.UserServiceImpl - Updating user profile | userId=217 | employeeId=TEST0336
2026-09-16 11:52:59 [http-nio-8080-exec-5] DEBUG c.e.D.service.impl.UserServiceImpl - Existing user fetched | userId=217 | oldEmployeeId=TEST0336
2026-09-16 11:52:59 [http-nio-8080-exec-5] DEBUG c.e.D.service.impl.UserServiceImpl - Updating documents | userId=217
2026-09-16 11:52:59 [http-nio-8080-exec-5] INFO  c.e.D.service.impl.UserServiceImpl - User profile updated successfully | userId=217 | timeTaken=589ms
2026-09-16 11:52:59 [http-nio-8080-exec-5] INFO  c.e.D.controller.UserController - Profile updated successfully for userId=217, employeeId=TEST0336
2026-09-16 11:54:34 [HikariPool-1:housekeeper] WARN  com.zaxxer.hikari.pool.PoolBase - HikariPool-1 - Failed to validate connection com.mysql.cj.jdbc.ConnectionImpl@7926f4e4 (No operations allowed after connection closed.). Possibly consider using a shorter maxLifetime value.
2026-09-16 11:54:53 [HikariPool-1:housekeeper] WARN  com.zaxxer.hikari.pool.PoolBase - HikariPool-1 - Failed to validate connection com.mysql.cj.jdbc.ConnectionImpl@6f5b71b0 (No operations allowed after connection closed.). Possibly consider using a shorter maxLifetime value.
2026-09-16 11:56:13 [HikariPool-1:housekeeper] WARN  com.zaxxer.hikari.pool.PoolBase - HikariPool-1 - Failed to validate connection com.mysql.cj.jdbc.ConnectionImpl@649f4189 (No operations allowed after connection closed.). Possibly consider using a shorter maxLifetime value.
2026-09-16 11:56:44 [HikariPool-1:housekeeper] WARN  com.zaxxer.hikari.pool.PoolBase - HikariPool-1 - Failed to validate connection com.mysql.cj.jdbc.ConnectionImpl@5a0d8d (No operations allowed after connection closed.). Possibly consider using a shorter maxLifetime value.
2026-09-16 11:58:00 [HikariPool-1:housekeeper] WARN  com.zaxxer.hikari.pool.PoolBase - HikariPool-1 - Failed to validate connection com.mysql.cj.jdbc.ConnectionImpl@34a25429 (No operations allowed after connection closed.). Possibly consider using a shorter maxLifetime value.
2026-09-16 11:58:26 [HikariPool-1:housekeeper] WARN  com.zaxxer.hikari.pool.PoolBase - HikariPool-1 - Failed to validate connection com.mysql.cj.jdbc.ConnectionImpl@11ebb75b (No operations allowed after connection closed.). Possibly consider using a shorter maxLifetime value.
2026-09-16 11:59:43 [HikariPool-1:housekeeper] WARN  com.zaxxer.hikari.pool.PoolBase - HikariPool-1 - Failed to validate connection com.mysql.cj.jdbc.ConnectionImpl@63ea79ad (No operations allowed after connection closed.). Possibly consider using a shorter maxLifetime value.
2026-09-16 12:00:20 [HikariPool-1:housekeeper] WARN  com.zaxxer.hikari.pool.PoolBase - HikariPool-1 - Failed to validate connection com.mysql.cj.jdbc.ConnectionImpl@13057bf (No operations allowed after connection closed.). Possibly consider using a shorter maxLifetime value.
2026-09-16 12:01:36 [HikariPool-1:housekeeper] WARN  com.zaxxer.hikari.pool.PoolBase - HikariPool-1 - Failed to validate connection com.mysql.cj.jdbc.ConnectionImpl@f273e84 (No operations allowed after connection closed.). Possibly consider using a shorter maxLifetime value.
2026-09-16 12:02:13 [HikariPool-1:housekeeper] WARN  com.zaxxer.hikari.pool.PoolBase - HikariPool-1 - Failed to validate connection com.mysql.cj.jdbc.ConnectionImpl@2aa3a4fb (No operations allowed after connection closed.). Possibly consider using a shorter maxLifetime value.
2026-09-16 12:03:35 [HikariPool-1:housekeeper] WARN  com.zaxxer.hikari.pool.PoolBase - HikariPool-1 - Failed to validate connection com.mysql.cj.jdbc.ConnectionImpl@23374f2e (No operations allowed after connection closed.). Possibly consider using a shorter maxLifetime value.
2026-09-16 12:03:49 [http-nio-8080-exec-6] INFO  c.e.Docgen_Backend.config.JwtFilter - JWT validated successfully for userId=6a82a98a13421d60d7e0e553
2026-09-16 12:03:49 [http-nio-8080-exec-6] INFO  c.e.D.controller.UserController - PATCH /api/v2/users/217 - Update request received for employeeId=TEST0336
2026-09-16 12:03:49 [http-nio-8080-exec-6] DEBUG c.e.D.controller.UserController - Update payload: CreateProfileRequest(employeeName=Test User Three, email=prathamesh69bhavsar@gmail.com, mobileNo=8007454299, employeeId=TEST0336, joiningDesignation=Java developer, currentDesignation=Full Stack Developer, department=IT, currentAddress=N-42,VD-1/3/1,Sawta Nager,Cidco,Trimurti Chowk, permanentAddress=Pune, Maharashtra, accountNo=2568108019550, bankName=AU Small Finance Bank, joiningCTC=500000.0, currentCTC=970000.0, dateOfBirth=1212-12-12, offerDate=2023-07-01, joiningDate=2023-07-04, panNo=GFZPS5853Q, company=PSCS, pfType=WITH_PF, identity=MR, documents=[APPOINTMENT_LETTER, SALARY_SLIP, OFFER_LETTER, EXPERIENCE_LETTER, RELIEVING_LETTER, INCREMENT_LETTER, INTERNSHIP_LETTER, COMPLETION_LETTER, FULL_AND_FINAL, CONFIRMATION_LETTER], documentData={OFFER_LETTER={issueDate=2023-07-01, probationPeriod=3}, APPOINTMENT_LETTER={issueDate=2000-11-12, probationPeriod=3}, INCREMENT_LETTER={issueDate=2025-04-01}, INTERNSHIP_LETTER={internshipType=UNPAID, stipend=0, startDate=1331-12-13, endDate=1111-11-11, issueDate=1212-12-12}, COMPLETION_LETTER={startDate=1000-11-12, completionDate=1000-12-12, issueDate=2020-12-15}, CONFIRMATION_LETTER={effectiveDate=2020-11-15, issueDate=2020-12-15}, EXPERIENCE_LETTER={relievingDate=2025-10-01, issueDate=2025-10-01}, RELIEVING_LETTER={relievingDate=2025-10-01, issueDate=2025-10-01}, FULL_AND_FINAL={fnfDate=2025-10-01, issueDate=2025-10-01, month=2026-10, resignationDate=2025-09-01, leavingDate=2025-10-01, paidDays=9, totalDaysInMonth=30}, SALARY_SLIP={startMonth=2026-09, endMonth=2026-09, salaryWorkdays={2026-09=30}}})
2026-09-16 12:03:49 [http-nio-8080-exec-6] WARN  com.zaxxer.hikari.pool.PoolBase - HikariPool-1 - Failed to validate connection com.mysql.cj.jdbc.ConnectionImpl@67bf02e5 (No operations allowed after connection closed.). Possibly consider using a shorter maxLifetime value.
2026-09-16 12:03:49 [http-nio-8080-exec-6] INFO  c.e.D.service.impl.UserServiceImpl - Updating user profile | userId=217 | employeeId=TEST0336
2026-09-16 12:03:49 [http-nio-8080-exec-6] DEBUG c.e.D.service.impl.UserServiceImpl - Existing user fetched | userId=217 | oldEmployeeId=TEST0336
2026-09-16 12:03:49 [http-nio-8080-exec-6] DEBUG c.e.D.service.impl.UserServiceImpl - Updating documents | userId=217
2026-09-16 12:03:49 [http-nio-8080-exec-6] INFO  c.e.D.service.impl.UserServiceImpl - User profile updated successfully | userId=217 | timeTaken=360ms
2026-09-16 12:03:50 [http-nio-8080-exec-6] INFO  c.e.D.controller.UserController - Profile updated successfully for userId=217, employeeId=TEST0336
2026-09-16 12:05:25 [HikariPool-1:housekeeper] WARN  com.zaxxer.hikari.pool.PoolBase - HikariPool-1 - Failed to validate connection com.mysql.cj.jdbc.ConnectionImpl@5172ffaa (No operations allowed after connection closed.). Possibly consider using a shorter maxLifetime value.
2026-09-16 12:05:26 [HikariPool-1:housekeeper] WARN  com.zaxxer.hikari.pool.PoolBase - HikariPool-1 - Failed to validate connection com.mysql.cj.jdbc.ConnectionImpl@49f6bc6f (No operations allowed after connection closed.). Possibly consider using a shorter maxLifetime value.
2026-09-16 12:05:48 [HikariPool-1:housekeeper] WARN  com.zaxxer.hikari.pool.PoolBase - HikariPool-1 - Failed to validate connection com.mysql.cj.jdbc.ConnectionImpl@27060817 (No operations allowed after connection closed.). Possibly consider using a shorter maxLifetime value.
2026-09-16 12:07:23 [HikariPool-1:housekeeper] WARN  com.zaxxer.hikari.pool.PoolBase - HikariPool-1 - Failed to validate connection com.mysql.cj.jdbc.ConnectionImpl@3f8b2da6 (No operations allowed after connection closed.). Possibly consider using a shorter maxLifetime value.
2026-09-16 12:07:45 [HikariPool-1:housekeeper] WARN  com.zaxxer.hikari.pool.PoolBase - HikariPool-1 - Failed to validate connection com.mysql.cj.jdbc.ConnectionImpl@54b30527 (No operations allowed after connection closed.). Possibly consider using a shorter maxLifetime value.
2026-09-16 12:09:02 [HikariPool-1:housekeeper] WARN  com.zaxxer.hikari.pool.PoolBase - HikariPool-1 - Failed to validate connection com.mysql.cj.jdbc.ConnectionImpl@2a83e9c4 (No operations allowed after connection closed.). Possibly consider using a shorter maxLifetime value.
2026-09-16 12:09:30 [HikariPool-1:housekeeper] WARN  com.zaxxer.hikari.pool.PoolBase - HikariPool-1 - Failed to validate connection com.mysql.cj.jdbc.ConnectionImpl@32bc62b4 (No operations allowed after connection closed.). Possibly consider using a shorter maxLifetime value.
2026-09-16 12:10:20 [http-nio-8080-exec-1] INFO  c.e.Docgen_Backend.config.JwtFilter - JWT validated successfully for userId=6a82a98a13421d60d7e0e553
2026-09-16 12:10:20 [http-nio-8080-exec-1] INFO  c.e.D.controller.UserController - PATCH /api/v2/users/217 - Update request received for employeeId=TEST0336
2026-09-16 12:10:20 [http-nio-8080-exec-1] DEBUG c.e.D.controller.UserController - Update payload: CreateProfileRequest(employeeName=Test User Three, email=prathamesh69bhavsar@gmail.com, mobileNo=8007454299, employeeId=TEST0336, joiningDesignation=Java developer, currentDesignation=Full Stack Developer, department=IT, currentAddress=N-42,VD-1/3/1,Sawta Nager,Cidco,Trimurti Chowk, permanentAddress=Pune, Maharashtra, accountNo=2568108019550, bankName=AU Small Finance Bank, joiningCTC=500000.0, currentCTC=970000.0, dateOfBirth=1212-12-12, offerDate=2023-07-01, joiningDate=2023-07-04, panNo=GFZPS5853Q, company=PSCS, pfType=WITHOUT_PF, identity=MR, documents=[APPOINTMENT_LETTER, SALARY_SLIP, OFFER_LETTER, EXPERIENCE_LETTER, RELIEVING_LETTER, INCREMENT_LETTER, INTERNSHIP_LETTER, COMPLETION_LETTER, FULL_AND_FINAL, CONFIRMATION_LETTER], documentData={OFFER_LETTER={issueDate=2023-07-01, probationPeriod=3}, APPOINTMENT_LETTER={issueDate=2000-11-12, probationPeriod=3}, INCREMENT_LETTER={issueDate=2025-04-01}, INTERNSHIP_LETTER={internshipType=UNPAID, stipend=0, startDate=1331-12-13, endDate=1111-11-11, issueDate=1212-12-12}, COMPLETION_LETTER={startDate=1000-11-12, completionDate=1000-12-12, issueDate=2020-12-15}, CONFIRMATION_LETTER={effectiveDate=2020-11-15, issueDate=2020-12-15}, EXPERIENCE_LETTER={relievingDate=2025-10-01, issueDate=2025-10-01}, RELIEVING_LETTER={relievingDate=2025-10-01, issueDate=2025-10-01}, FULL_AND_FINAL={fnfDate=2025-10-01, issueDate=2025-10-01, month=2026-10, resignationDate=2025-09-01, leavingDate=2025-10-01, paidDays=9, totalDaysInMonth=30}, SALARY_SLIP={startMonth=2026-09, endMonth=2026-09, salaryWorkdays={2026-09=30}}})
2026-09-16 12:10:20 [http-nio-8080-exec-1] WARN  com.zaxxer.hikari.pool.PoolBase - HikariPool-1 - Failed to validate connection com.mysql.cj.jdbc.ConnectionImpl@6ba79586 (No operations allowed after connection closed.). Possibly consider using a shorter maxLifetime value.
2026-09-16 12:10:20 [http-nio-8080-exec-1] WARN  com.zaxxer.hikari.pool.PoolBase - HikariPool-1 - Failed to validate connection com.mysql.cj.jdbc.ConnectionImpl@7f380364 (No operations allowed after connection closed.). Possibly consider using a shorter maxLifetime value.
2026-09-16 12:10:20 [http-nio-8080-exec-1] INFO  c.e.D.service.impl.UserServiceImpl - Updating user profile | userId=217 | employeeId=TEST0336
2026-09-16 12:10:21 [http-nio-8080-exec-1] DEBUG c.e.D.service.impl.UserServiceImpl - Existing user fetched | userId=217 | oldEmployeeId=TEST0336
2026-09-16 12:10:21 [http-nio-8080-exec-1] DEBUG c.e.D.service.impl.UserServiceImpl - Updating documents | userId=217
2026-09-16 12:10:21 [http-nio-8080-exec-1] INFO  c.e.D.service.impl.UserServiceImpl - User profile updated successfully | userId=217 | timeTaken=651ms
2026-09-16 12:10:21 [http-nio-8080-exec-1] INFO  c.e.D.controller.UserController - Profile updated successfully for userId=217, employeeId=TEST0336
2026-09-16 12:12:03 [HikariPool-1:housekeeper] WARN  com.zaxxer.hikari.pool.PoolBase - HikariPool-1 - Failed to validate connection com.mysql.cj.jdbc.ConnectionImpl@53cc5334 (No operations allowed after connection closed.). Possibly consider using a shorter maxLifetime value.
2026-09-16 12:12:18 [HikariPool-1:housekeeper] WARN  com.zaxxer.hikari.pool.PoolBase - HikariPool-1 - Failed to validate connection com.mysql.cj.jdbc.ConnectionImpl@2aa5d671 (No operations allowed after connection closed.). Possibly consider using a shorter maxLifetime value.
2026-09-16 12:12:21 [HikariPool-1:housekeeper] WARN  com.zaxxer.hikari.pool.PoolBase - HikariPool-1 - Failed to validate connection com.mysql.cj.jdbc.ConnectionImpl@5f6ea07f (No operations allowed after connection closed.). Possibly consider using a shorter maxLifetime value.
2026-09-16 12:13:53 [http-nio-8080-exec-4] INFO  c.e.Docgen_Backend.config.JwtFilter - JWT validated successfully for userId=6a82a98a13421d60d7e0e553
2026-09-16 12:13:53 [http-nio-8080-exec-4] INFO  c.e.D.controller.UserController - PATCH /api/v2/users/217 - Update request received for employeeId=TEST0336
2026-09-16 12:13:53 [http-nio-8080-exec-4] DEBUG c.e.D.controller.UserController - Update payload: CreateProfileRequest(employeeName=Test User Three, email=prathamesh69bhavsar@gmail.com, mobileNo=8007454299, employeeId=TEST0336, joiningDesignation=Java developer, currentDesignation=Full Stack Developer, department=IT, currentAddress=N-42,VD-1/3/1,Sawta Nager,Cidco,Trimurti Chowk, permanentAddress=Pune, Maharashtra, accountNo=2568108019550, bankName=AU Small Finance Bank, joiningCTC=500000.0, currentCTC=970000.0, dateOfBirth=1212-12-12, offerDate=2023-07-01, joiningDate=2023-07-04, panNo=GFZPS5853Q, company=PSCS, pfType=WITH_PF, identity=MR, documents=[APPOINTMENT_LETTER, SALARY_SLIP, OFFER_LETTER, EXPERIENCE_LETTER, RELIEVING_LETTER, INCREMENT_LETTER, INTERNSHIP_LETTER, COMPLETION_LETTER, FULL_AND_FINAL, CONFIRMATION_LETTER], documentData={OFFER_LETTER={issueDate=2023-07-01, probationPeriod=3}, APPOINTMENT_LETTER={issueDate=2000-11-12, probationPeriod=3}, INCREMENT_LETTER={issueDate=2025-04-01}, INTERNSHIP_LETTER={internshipType=UNPAID, stipend=0, startDate=1331-12-13, endDate=1111-11-11, issueDate=1212-12-12}, COMPLETION_LETTER={startDate=1000-11-12, completionDate=1000-12-12, issueDate=2020-12-15}, CONFIRMATION_LETTER={effectiveDate=2020-11-15, issueDate=2020-12-15}, EXPERIENCE_LETTER={relievingDate=2025-10-01, issueDate=2025-10-01}, RELIEVING_LETTER={relievingDate=2025-10-01, issueDate=2025-10-01}, FULL_AND_FINAL={fnfDate=2025-10-01, issueDate=2025-10-01, month=2026-10, resignationDate=2025-09-01, leavingDate=2025-10-01, paidDays=9, totalDaysInMonth=30}, SALARY_SLIP={startMonth=2026-09, endMonth=2026-09, salaryWorkdays={2026-09=30}}})
2026-09-16 12:13:53 [http-nio-8080-exec-4] WARN  com.zaxxer.hikari.pool.PoolBase - HikariPool-1 - Failed to validate connection com.mysql.cj.jdbc.ConnectionImpl@5cdd9e8e (No operations allowed after connection closed.). Possibly consider using a shorter maxLifetime value.
2026-09-16 12:13:53 [http-nio-8080-exec-4] WARN  com.zaxxer.hikari.pool.PoolBase - HikariPool-1 - Failed to validate connection com.mysql.cj.jdbc.ConnectionImpl@b2e5ec3 (No operations allowed after connection closed.). Possibly consider using a shorter maxLifetime value.
2026-09-16 12:13:53 [http-nio-8080-exec-4] INFO  c.e.D.service.impl.UserServiceImpl - Updating user profile | userId=217 | employeeId=TEST0336
2026-09-16 12:13:54 [http-nio-8080-exec-4] DEBUG c.e.D.service.impl.UserServiceImpl - Existing user fetched | userId=217 | oldEmployeeId=TEST0336
2026-09-16 12:13:54 [http-nio-8080-exec-4] DEBUG c.e.D.service.impl.UserServiceImpl - Updating documents | userId=217
2026-09-16 12:13:54 [http-nio-8080-exec-4] INFO  c.e.D.service.impl.UserServiceImpl - User profile updated successfully | userId=217 | timeTaken=341ms
2026-09-16 12:13:54 [http-nio-8080-exec-4] INFO  c.e.D.controller.UserController - Profile updated successfully for userId=217, employeeId=TEST0336
2026-09-16 12:14:04 [http-nio-8080-exec-8] INFO  c.e.Docgen_Backend.config.JwtFilter - JWT validated successfully for userId=6a82a98a13421d60d7e0e553
2026-09-16 12:14:04 [http-nio-8080-exec-8] INFO  c.e.D.controller.UserController - PATCH /api/v2/users/217 - Update request received for employeeId=TEST0336
2026-09-16 12:14:04 [http-nio-8080-exec-8] DEBUG c.e.D.controller.UserController - Update payload: CreateProfileRequest(employeeName=Test User Three, email=prathamesh69bhavsar@gmail.com, mobileNo=8007454299, employeeId=TEST0336, joiningDesignation=Java developer, currentDesignation=Full Stack Developer, department=IT, currentAddress=N-42,VD-1/3/1,Sawta Nager,Cidco,Trimurti Chowk, permanentAddress=Pune, Maharashtra, accountNo=2568108019550, bankName=AU Small Finance Bank, joiningCTC=500000.0, currentCTC=970000.0, dateOfBirth=1212-12-12, offerDate=2023-07-01, joiningDate=2023-07-04, panNo=GFZPS5853Q, company=PSCS, pfType=WITHOUT_PF, identity=MR, documents=[APPOINTMENT_LETTER, SALARY_SLIP, OFFER_LETTER, EXPERIENCE_LETTER, RELIEVING_LETTER, INCREMENT_LETTER, INTERNSHIP_LETTER, COMPLETION_LETTER, FULL_AND_FINAL, CONFIRMATION_LETTER], documentData={OFFER_LETTER={issueDate=2023-07-01, probationPeriod=3}, APPOINTMENT_LETTER={issueDate=2000-11-12, probationPeriod=3}, INCREMENT_LETTER={issueDate=2025-04-01}, INTERNSHIP_LETTER={internshipType=UNPAID, stipend=0, startDate=1331-12-13, endDate=1111-11-11, issueDate=1212-12-12}, COMPLETION_LETTER={startDate=1000-11-12, completionDate=1000-12-12, issueDate=2020-12-15}, CONFIRMATION_LETTER={effectiveDate=2020-11-15, issueDate=2020-12-15}, EXPERIENCE_LETTER={relievingDate=2025-10-01, issueDate=2025-10-01}, RELIEVING_LETTER={relievingDate=2025-10-01, issueDate=2025-10-01}, FULL_AND_FINAL={fnfDate=2025-10-01, issueDate=2025-10-01, month=2026-10, resignationDate=2025-09-01, leavingDate=2025-10-01, paidDays=9, totalDaysInMonth=30}, SALARY_SLIP={startMonth=2026-09, endMonth=2026-09, salaryWorkdays={2026-09=30}}})
2026-09-16 12:14:04 [http-nio-8080-exec-8] INFO  c.e.D.service.impl.UserServiceImpl - Updating user profile | userId=217 | employeeId=TEST0336
2026-09-16 12:14:04 [http-nio-8080-exec-8] DEBUG c.e.D.service.impl.UserServiceImpl - Existing user fetched | userId=217 | oldEmployeeId=TEST0336
2026-09-16 12:14:04 [http-nio-8080-exec-8] DEBUG c.e.D.service.impl.UserServiceImpl - Updating documents | userId=217
2026-09-16 12:14:04 [http-nio-8080-exec-8] INFO  c.e.D.service.impl.UserServiceImpl - User profile updated successfully | userId=217 | timeTaken=112ms
2026-09-16 12:14:04 [http-nio-8080-exec-8] INFO  c.e.D.controller.UserController - Profile updated successfully for userId=217, employeeId=TEST0336
2026-09-16 12:15:42 [HikariPool-1:housekeeper] WARN  com.zaxxer.hikari.pool.PoolBase - HikariPool-1 - Failed to validate connection com.mysql.cj.jdbc.ConnectionImpl@4936273c (No operations allowed after connection closed.). Possibly consider using a shorter maxLifetime value.
2026-09-16 12:15:46 [HikariPool-1:housekeeper] WARN  com.zaxxer.hikari.pool.PoolBase - HikariPool-1 - Failed to validate connection com.mysql.cj.jdbc.ConnectionImpl@734b7dbb (No operations allowed after connection closed.). Possibly consider using a shorter maxLifetime value.
2026-09-16 12:15:49 [HikariPool-1:housekeeper] WARN  com.zaxxer.hikari.pool.PoolBase - HikariPool-1 - Failed to validate connection com.mysql.cj.jdbc.ConnectionImpl@590c46f5 (No operations allowed after connection closed.). Possibly consider using a shorter maxLifetime value.
2026-09-16 12:17:31 [HikariPool-1:housekeeper] WARN  com.zaxxer.hikari.pool.PoolBase - HikariPool-1 - Failed to validate connection com.mysql.cj.jdbc.ConnectionImpl@21fb852f (No operations allowed after connection closed.). Possibly consider using a shorter maxLifetime value.
2026-09-16 12:17:43 [HikariPool-1:housekeeper] WARN  com.zaxxer.hikari.pool.PoolBase - HikariPool-1 - Failed to validate connection com.mysql.cj.jdbc.ConnectionImpl@670ec005 (No operations allowed after connection closed.). Possibly consider using a shorter maxLifetime value.
2026-09-16 12:18:03 [http-nio-8080-exec-9] INFO  c.e.Docgen_Backend.config.JwtFilter - JWT validated successfully for userId=6a82a98a13421d60d7e0e553
2026-09-16 12:18:03 [http-nio-8080-exec-9] INFO  c.e.D.controller.UserController - PATCH /api/v2/users/217 - Update request received for employeeId=TEST0336
2026-09-16 12:18:03 [http-nio-8080-exec-9] DEBUG c.e.D.controller.UserController - Update payload: CreateProfileRequest(employeeName=Test User Three, email=prathamesh69bhavsar@gmail.com, mobileNo=8007454299, employeeId=TEST0336, joiningDesignation=Java developer, currentDesignation=Full Stack Developer, department=IT, currentAddress=N-42,VD-1/3/1,Sawta Nager,Cidco,Trimurti Chowk, permanentAddress=Pune, Maharashtra, accountNo=2568108019550, bankName=AU Small Finance Bank, joiningCTC=500000.0, currentCTC=970000.0, dateOfBirth=1212-12-12, offerDate=2023-07-01, joiningDate=2023-07-04, panNo=GFZPS5853Q, company=PSCS, pfType=WITH_PF, identity=MR, documents=[APPOINTMENT_LETTER, SALARY_SLIP, OFFER_LETTER, EXPERIENCE_LETTER, RELIEVING_LETTER, INCREMENT_LETTER, INTERNSHIP_LETTER, COMPLETION_LETTER, FULL_AND_FINAL, CONFIRMATION_LETTER], documentData={OFFER_LETTER={issueDate=2023-07-01, probationPeriod=3}, APPOINTMENT_LETTER={issueDate=2000-11-12, probationPeriod=3}, INCREMENT_LETTER={issueDate=2025-04-01}, INTERNSHIP_LETTER={internshipType=UNPAID, stipend=0, startDate=1331-12-13, endDate=1111-11-11, issueDate=1212-12-12}, COMPLETION_LETTER={startDate=1000-11-12, completionDate=1000-12-12, issueDate=2020-12-15}, CONFIRMATION_LETTER={effectiveDate=2020-11-15, issueDate=2020-12-15}, EXPERIENCE_LETTER={relievingDate=2025-10-01, issueDate=2025-10-01}, RELIEVING_LETTER={relievingDate=2025-10-01, issueDate=2025-10-01}, FULL_AND_FINAL={fnfDate=2025-10-01, issueDate=2025-10-01, month=2026-10, resignationDate=2025-09-01, leavingDate=2025-10-01, paidDays=9, totalDaysInMonth=30}, SALARY_SLIP={startMonth=2026-09, endMonth=2026-09, salaryWorkdays={2026-09=30}}})
2026-09-16 12:18:03 [http-nio-8080-exec-9] WARN  com.zaxxer.hikari.pool.PoolBase - HikariPool-1 - Failed to validate connection com.mysql.cj.jdbc.ConnectionImpl@523c4629 (No operations allowed after connection closed.). Possibly consider using a shorter maxLifetime value.
2026-09-16 12:18:03 [http-nio-8080-exec-9] WARN  com.zaxxer.hikari.pool.PoolBase - HikariPool-1 - Failed to validate connection com.mysql.cj.jdbc.ConnectionImpl@1cc88a1b (No operations allowed after connection closed.). Possibly consider using a shorter maxLifetime value.
2026-09-16 12:18:04 [http-nio-8080-exec-9] INFO  c.e.D.service.impl.UserServiceImpl - Updating user profile | userId=217 | employeeId=TEST0336
2026-09-16 12:18:05 [http-nio-8080-exec-9] DEBUG c.e.D.service.impl.UserServiceImpl - Existing user fetched | userId=217 | oldEmployeeId=TEST0336
2026-09-16 12:18:05 [http-nio-8080-exec-9] DEBUG c.e.D.service.impl.UserServiceImpl - Updating documents | userId=217
2026-09-16 12:18:05 [http-nio-8080-exec-9] INFO  c.e.D.service.impl.UserServiceImpl - User profile updated successfully | userId=217 | timeTaken=563ms
2026-09-16 12:18:05 [http-nio-8080-exec-9] INFO  c.e.D.controller.UserController - Profile updated successfully for userId=217, employeeId=TEST0336
2026-09-16 12:18:24 [http-nio-8080-exec-1] INFO  c.e.Docgen_Backend.config.JwtFilter - JWT validated successfully for userId=6a82a98a13421d60d7e0e553
2026-09-16 12:18:24 [http-nio-8080-exec-1] INFO  c.e.D.controller.UserController - PATCH /api/v2/users/217 - Update request received for employeeId=TEST0336
2026-09-16 12:18:24 [http-nio-8080-exec-1] DEBUG c.e.D.controller.UserController - Update payload: CreateProfileRequest(employeeName=Test User Three, email=prathamesh69bhavsar@gmail.com, mobileNo=8007454299, employeeId=TEST0336, joiningDesignation=Java developer, currentDesignation=Full Stack Developer, department=IT, currentAddress=N-42,VD-1/3/1,Sawta Nager,Cidco,Trimurti Chowk, permanentAddress=Pune, Maharashtra, accountNo=2568108019550, bankName=AU Small Finance Bank, joiningCTC=500000.0, currentCTC=970000.0, dateOfBirth=1212-12-12, offerDate=2023-07-01, joiningDate=2023-07-04, panNo=GFZPS5853Q, company=PSCS, pfType=WITHOUT_PF, identity=MR, documents=[APPOINTMENT_LETTER, SALARY_SLIP, OFFER_LETTER, EXPERIENCE_LETTER, RELIEVING_LETTER, INCREMENT_LETTER, INTERNSHIP_LETTER, COMPLETION_LETTER, FULL_AND_FINAL, CONFIRMATION_LETTER], documentData={OFFER_LETTER={issueDate=2023-07-01, probationPeriod=3}, APPOINTMENT_LETTER={issueDate=2000-11-12, probationPeriod=3}, INCREMENT_LETTER={issueDate=2025-04-01}, INTERNSHIP_LETTER={internshipType=UNPAID, stipend=0, startDate=1331-12-13, endDate=1111-11-11, issueDate=1212-12-12}, COMPLETION_LETTER={startDate=1000-11-12, completionDate=1000-12-12, issueDate=2020-12-15}, CONFIRMATION_LETTER={effectiveDate=2020-11-15, issueDate=2020-12-15}, EXPERIENCE_LETTER={relievingDate=2025-10-01, issueDate=2025-10-01}, RELIEVING_LETTER={relievingDate=2025-10-01, issueDate=2025-10-01}, FULL_AND_FINAL={fnfDate=2025-10-01, issueDate=2025-10-01, month=2026-10, resignationDate=2025-09-01, leavingDate=2025-10-01, paidDays=9, totalDaysInMonth=30}, SALARY_SLIP={startMonth=2026-09, endMonth=2026-09, salaryWorkdays={2026-09=30}}})
2026-09-16 12:18:24 [http-nio-8080-exec-1] INFO  c.e.D.service.impl.UserServiceImpl - Updating user profile | userId=217 | employeeId=TEST0336
2026-09-16 12:18:24 [http-nio-8080-exec-1] DEBUG c.e.D.service.impl.UserServiceImpl - Existing user fetched | userId=217 | oldEmployeeId=TEST0336
2026-09-16 12:18:24 [http-nio-8080-exec-1] DEBUG c.e.D.service.impl.UserServiceImpl - Updating documents | userId=217
2026-09-16 12:18:24 [http-nio-8080-exec-1] INFO  c.e.D.service.impl.UserServiceImpl - User profile updated successfully | userId=217 | timeTaken=387ms
2026-09-16 12:18:24 [http-nio-8080-exec-1] INFO  c.e.D.controller.UserController - Profile updated successfully for userId=217, employeeId=TEST0336
2026-09-16 12:19:43 [HikariPool-1:housekeeper] WARN  com.zaxxer.hikari.pool.PoolBase - HikariPool-1 - Failed to validate connection com.mysql.cj.jdbc.ConnectionImpl@21a13dac (No operations allowed after connection closed.). Possibly consider using a shorter maxLifetime value.
2026-09-16 12:19:45 [HikariPool-1:housekeeper] WARN  com.zaxxer.hikari.pool.PoolBase - HikariPool-1 - Failed to validate connection com.mysql.cj.jdbc.ConnectionImpl@7920970b (No operations allowed after connection closed.). Possibly consider using a shorter maxLifetime value.
2026-09-16 12:20:00 [HikariPool-1:housekeeper] WARN  com.zaxxer.hikari.pool.PoolBase - HikariPool-1 - Failed to validate connection com.mysql.cj.jdbc.ConnectionImpl@55cdb831 (No operations allowed after connection closed.). Possibly consider using a shorter maxLifetime value.
2026-09-16 12:21:39 [HikariPool-1:housekeeper] WARN  com.zaxxer.hikari.pool.PoolBase - HikariPool-1 - Failed to validate connection com.mysql.cj.jdbc.ConnectionImpl@6ee20059 (No operations allowed after connection closed.). Possibly consider using a shorter maxLifetime value.
2026-09-16 12:21:58 [HikariPool-1:housekeeper] WARN  com.zaxxer.hikari.pool.PoolBase - HikariPool-1 - Failed to validate connection com.mysql.cj.jdbc.ConnectionImpl@2b336420 (No operations allowed after connection closed.). Possibly consider using a shorter maxLifetime value.
2026-09-16 12:23:27 [HikariPool-1:housekeeper] WARN  com.zaxxer.hikari.pool.PoolBase - HikariPool-1 - Failed to validate connection com.mysql.cj.jdbc.ConnectionImpl@65af93b3 (No operations allowed after connection closed.). Possibly consider using a shorter maxLifetime value.
2026-09-16 12:23:52 [HikariPool-1:housekeeper] WARN  com.zaxxer.hikari.pool.PoolBase - HikariPool-1 - Failed to validate connection com.mysql.cj.jdbc.ConnectionImpl@7c71e7cb (No operations allowed after connection closed.). Possibly consider using a shorter maxLifetime value.
2026-09-16 12:25:25 [HikariPool-1:housekeeper] WARN  com.zaxxer.hikari.pool.PoolBase - HikariPool-1 - Failed to validate connection com.mysql.cj.jdbc.ConnectionImpl@73bf27f3 (No operations allowed after connection closed.). Possibly consider using a shorter maxLifetime value.
2026-09-16 12:25:46 [HikariPool-1:housekeeper] WARN  com.zaxxer.hikari.pool.PoolBase - HikariPool-1 - Failed to validate connection com.mysql.cj.jdbc.ConnectionImpl@50c06e2a (No operations allowed after connection closed.). Possibly consider using a shorter maxLifetime value.
2026-09-16 12:27:13 [SpringApplicationShutdownHook] INFO  o.s.boot.tomcat.GracefulShutdown - Commencing graceful shutdown. Waiting for active requests to complete
2026-09-16 12:27:14 [tomcat-shutdown] INFO  o.s.boot.tomcat.GracefulShutdown - Graceful shutdown complete
2026-09-16 12:27:15 [SpringApplicationShutdownHook] INFO  o.s.o.j.LocalContainerEntityManagerFactoryBean - Closing JPA EntityManagerFactory for persistence unit 'default'
2026-09-16 12:27:15 [SpringApplicationShutdownHook] INFO  com.zaxxer.hikari.HikariDataSource - HikariPool-1 - Shutdown initiated...
2026-09-16 12:27:15 [SpringApplicationShutdownHook] INFO  com.zaxxer.hikari.HikariDataSource - HikariPool-1 - Shutdown completed.
2026-09-16 14:17:28 [background-preinit] INFO  o.h.validator.internal.util.Version - HV000001: Hibernate Validator 9.0.1.Final
2026-09-16 14:17:28 [restartedMain] INFO  c.e.D.DocgenBackendApplication - Starting DocgenBackendApplication using Java 21.0.9 with PID 28236 (E:\DocGen New Front\Docgen-Backend\target\classes started by prath in E:\DocGen New Front\Docgen-Backend)
2026-09-16 14:17:28 [restartedMain] DEBUG c.e.D.DocgenBackendApplication - Running with Spring Boot v4.0.6, Spring v7.0.7
2026-09-16 14:17:28 [restartedMain] INFO  c.e.D.DocgenBackendApplication - No active profile set, falling back to 1 default profile: "default"
2026-09-16 14:17:28 [restartedMain] INFO  o.s.b.d.e.DevToolsPropertyDefaultsPostProcessor - Devtools property defaults active! Set 'spring.devtools.add-properties' to 'false' to disable
2026-09-16 14:17:28 [restartedMain] INFO  o.s.b.d.e.DevToolsPropertyDefaultsPostProcessor - For additional web related logging consider setting the 'logging.level.web' property to 'DEBUG'
2026-09-16 14:17:29 [restartedMain] INFO  o.s.d.r.c.RepositoryConfigurationDelegate - Bootstrapping Spring Data JPA repositories in DEFAULT mode.
2026-09-16 14:17:29 [restartedMain] INFO  o.s.d.r.c.RepositoryConfigurationDelegate - Finished Spring Data repository scanning in 59 ms. Found 3 JPA repository interfaces.
2026-09-16 14:17:30 [restartedMain] INFO  o.s.boot.tomcat.TomcatWebServer - Tomcat initialized with port 8080 (http)
2026-09-16 14:17:30 [restartedMain] INFO  o.a.coyote.http11.Http11NioProtocol - Initializing ProtocolHandler ["http-nio-8080"]
2026-09-16 14:17:30 [restartedMain] INFO  o.a.catalina.core.StandardService - Starting service [Tomcat]
2026-09-16 14:17:30 [restartedMain] INFO  o.a.catalina.core.StandardEngine - Starting Servlet engine: [Apache Tomcat/11.0.21]
2026-09-16 14:17:30 [restartedMain] INFO  o.s.b.w.c.s.WebApplicationContextInitializer - Root WebApplicationContext: initialization completed in 1658 ms
2026-09-16 14:17:30 [restartedMain] DEBUG c.e.Docgen_Backend.config.JwtFilter - Filter 'jwtFilter' configured for use
2026-09-16 14:17:30 [restartedMain] INFO  org.hibernate.orm.jpa - HHH008540: Processing PersistenceUnitInfo [name: default]
2026-09-16 14:17:30 [restartedMain] INFO  org.hibernate.orm.core - HHH000001: Hibernate ORM core version 7.2.12.Final
2026-09-16 14:17:31 [restartedMain] INFO  o.s.o.j.p.SpringPersistenceUnitInfo - No LoadTimeWeaver setup: ignoring JPA class transformer
2026-09-16 14:17:31 [restartedMain] INFO  com.zaxxer.hikari.HikariDataSource - HikariPool-1 - Starting...
2026-09-16 14:17:33 [restartedMain] INFO  com.zaxxer.hikari.pool.HikariPool - HikariPool-1 - Added connection com.mysql.cj.jdbc.ConnectionImpl@2451f9d2
2026-09-16 14:17:33 [restartedMain] INFO  com.zaxxer.hikari.HikariDataSource - HikariPool-1 - Start completed.
2026-09-16 14:17:34 [restartedMain] WARN  org.hibernate.orm.jdbc - HHH100045: Could not obtain connection metadata: java.sql.SQLSyntaxErrorException: Unknown column 'RESERVED' in 'WHERE'
2026-09-16 14:17:34 [restartedMain] WARN  org.hibernate.orm.deprecation - HHH90000025: MySQLDialect does not need to be specified explicitly using 'hibernate.dialect' (remove the property setting and it will be selected by default)
2026-09-16 14:17:34 [restartedMain] INFO  o.hibernate.orm.connections.pooling - HHH10001005: Database info:
	Database JDBC URL [undefined/unknown]
	Database driver: undefined/unknown
	Database dialect: MySQLDialect
	Database version: 8.0
	Default catalog/schema: unknown/unknown
	Autocommit mode: undefined/unknown
	Isolation level: NONE [default NONE]
	JDBC fetch size: undefined/unknown
	Pool: DataSourceConnectionProvider
	Minimum pool size: undefined/unknown
	Maximum pool size: undefined/unknown
2026-09-16 14:17:36 [restartedMain] INFO  org.hibernate.orm.core - HHH000489: No JTA platform available (set 'hibernate.transaction.jta.platform' to enable JTA platform integration)
2026-09-16 14:17:45 [restartedMain] INFO  o.s.o.j.LocalContainerEntityManagerFactoryBean - Initialized JPA EntityManagerFactory for persistence unit 'default'
2026-09-16 14:17:45 [restartedMain] INFO  o.s.d.j.r.q.QueryEnhancerFactories - Hibernate is in classpath; If applicable, HQL parser will be used.
2026-09-16 14:17:45 [restartedMain] INFO  o.s.s.c.a.a.c.InitializeUserDetailsBeanManagerConfigurer$InitializeUserDetailsManagerConfigurer - Global AuthenticationManager configured with UserDetailsService bean with name customUserDetailsService
2026-09-16 14:17:46 [restartedMain] INFO  o.a.coyote.http11.Http11NioProtocol - Starting ProtocolHandler ["http-nio-8080"]
2026-09-16 14:17:46 [restartedMain] INFO  o.s.boot.tomcat.TomcatWebServer - Tomcat started on port 8080 (http) with context path '/'
2026-09-16 14:17:46 [restartedMain] INFO  c.e.D.DocgenBackendApplication - Started DocgenBackendApplication in 18.642 seconds (process running for 19.601)
2026-09-16 14:18:09 [http-nio-8080-exec-2] INFO  o.a.c.c.C.[Tomcat].[localhost].[/] - Initializing Spring DispatcherServlet 'dispatcherServlet'
2026-09-16 14:18:09 [http-nio-8080-exec-2] INFO  o.s.web.servlet.DispatcherServlet - Initializing Servlet 'dispatcherServlet'
2026-09-16 14:18:09 [http-nio-8080-exec-2] INFO  o.s.web.servlet.DispatcherServlet - Completed initialization in 12 ms
2026-09-16 14:18:09 [http-nio-8080-exec-3] INFO  c.e.Docgen_Backend.config.JwtFilter - JWT validated successfully for userId=6a82a98a13421d60d7e0e553
2026-09-16 14:18:09 [http-nio-8080-exec-3] WARN  com.zaxxer.hikari.pool.PoolBase - HikariPool-1 - Failed to validate connection com.mysql.cj.jdbc.ConnectionImpl@2451f9d2 (No operations allowed after connection closed.). Possibly consider using a shorter maxLifetime value.
2026-09-16 14:18:09 [http-nio-8080-exec-3] WARN  com.zaxxer.hikari.pool.PoolBase - HikariPool-1 - Failed to validate connection com.mysql.cj.jdbc.ConnectionImpl@642360d1 (No operations allowed after connection closed.). Possibly consider using a shorter maxLifetime value.
2026-09-16 14:18:09 [http-nio-8080-exec-3] WARN  com.zaxxer.hikari.pool.PoolBase - HikariPool-1 - Failed to validate connection com.mysql.cj.jdbc.ConnectionImpl@6eb0e73c (No operations allowed after connection closed.). Possibly consider using a shorter maxLifetime value.
2026-09-16 14:18:12 [http-nio-8080-exec-4] INFO  c.e.Docgen_Backend.config.JwtFilter - JWT validated successfully for userId=6a82a98a13421d60d7e0e553
2026-09-16 14:18:17 [http-nio-8080-exec-7] INFO  c.e.Docgen_Backend.config.JwtFilter - JWT validated successfully for userId=6a82a98a13421d60d7e0e553
2026-09-16 14:18:17 [http-nio-8080-exec-7] INFO  c.e.D.controller.UserController - GET /api/v2/users/217 - Fetch request received
2026-09-16 14:18:17 [http-nio-8080-exec-7] INFO  c.e.D.service.impl.UserServiceImpl - Fetching user profile for edit | userId=217 | requestedBy=6a82a98a13421d60d7e0e553
2026-09-16 14:18:17 [http-nio-8080-exec-7] DEBUG c.e.D.service.impl.UserServiceImpl - User found | userId=217 | employeeId=TEST0336
2026-09-16 14:18:17 [http-nio-8080-exec-7] INFO  c.e.D.service.impl.UserServiceImpl - User profile fetched successfully | userId=217 | timeTaken=217ms
2026-09-16 14:18:17 [http-nio-8080-exec-7] INFO  c.e.D.controller.UserController - Profile fetched successfully for userId=217
2026-09-16 14:18:17 [http-nio-8080-exec-7] DEBUG c.e.D.controller.UserController - Fetched profile data: UserProfileResponseDTO(id=217, employeeName=Test User Three, employeeId=TEST0336, email=prathamesh69bhavsar@gmail.com, mobileNo=8007454299, joiningDesignation=Java developer, currentDesignation=Full Stack Developer, department=IT, company=PSCS, identity=MR, pfType=WITHOUT_PF, accountNo=2568108019550, bankName=AU Small Finance Bank, currentAddress=N-42,VD-1/3/1,Sawta Nager,Cidco,Trimurti Chowk, permanentAddress=Pune, Maharashtra, joiningCTC=500000.0, currentCTC=970000.0, dateOfBirth=1212-12-12, offerDate=2023-07-01, joiningDate=2023-07-04, panNo=GFZPS5853Q, createdAt=null, documents={APPOINTMENT_LETTER=DocumentResponseDTO(generated=true, data={issueDate=2000-11-12, probationPeriod=3}), INTERNSHIP_LETTER=DocumentResponseDTO(generated=true, data={internshipType=UNPAID, endDate=1111-11-11, issueDate=1212-12-12, startDate=1331-12-13}), EXPERIENCE_LETTER=DocumentResponseDTO(generated=true, data={issueDate=2025-10-01, relievingDate=2025-10-01}), FULL_AND_FINAL=DocumentResponseDTO(generated=true, data={fnfDate=2025-10-01, totalDaysInMonth=30, month=2026-10, issueDate=2025-10-01, resignationDate=2025-09-01, paidDays=9, leavingDate=2025-10-01}), CONFIRMATION_LETTER=DocumentResponseDTO(generated=true, data={issueDate=2020-12-15, effectiveDate=2020-11-15}), INCREMENT_LETTER=DocumentResponseDTO(generated=true, data={issueDate=2025-04-01}), RELIEVING_LETTER=DocumentResponseDTO(generated=true, data={issueDate=2025-10-01, relievingDate=2025-10-01}), SALARY_SLIP=DocumentResponseDTO(generated=true, data={startMonth=2026-09, endMonth=2026-09}), COMPLETION_LETTER=DocumentResponseDTO(generated=true, data={completionDate=1000-12-12, issueDate=2020-12-15, startDate=1000-11-12}), OFFER_LETTER=DocumentResponseDTO(generated=true, data={issueDate=2023-07-01, probationPeriod=3})})
2026-09-16 14:18:17 [http-nio-8080-exec-8] INFO  c.e.Docgen_Backend.config.JwtFilter - JWT validated successfully for userId=6a82a98a13421d60d7e0e553
2026-09-16 14:18:17 [http-nio-8080-exec-8] INFO  c.e.D.controller.UserController - GET /api/v2/users/217 - Fetch request received
2026-09-16 14:18:17 [http-nio-8080-exec-8] INFO  c.e.D.service.impl.UserServiceImpl - Fetching user profile for edit | userId=217 | requestedBy=6a82a98a13421d60d7e0e553
2026-09-16 14:18:17 [http-nio-8080-exec-8] DEBUG c.e.D.service.impl.UserServiceImpl - User found | userId=217 | employeeId=TEST0336
2026-09-16 14:18:17 [http-nio-8080-exec-8] INFO  c.e.D.service.impl.UserServiceImpl - User profile fetched successfully | userId=217 | timeTaken=228ms
2026-09-16 14:18:17 [http-nio-8080-exec-8] INFO  c.e.D.controller.UserController - Profile fetched successfully for userId=217
2026-09-16 14:18:17 [http-nio-8080-exec-8] DEBUG c.e.D.controller.UserController - Fetched profile data: UserProfileResponseDTO(id=217, employeeName=Test User Three, employeeId=TEST0336, email=prathamesh69bhavsar@gmail.com, mobileNo=8007454299, joiningDesignation=Java developer, currentDesignation=Full Stack Developer, department=IT, company=PSCS, identity=MR, pfType=WITHOUT_PF, accountNo=2568108019550, bankName=AU Small Finance Bank, currentAddress=N-42,VD-1/3/1,Sawta Nager,Cidco,Trimurti Chowk, permanentAddress=Pune, Maharashtra, joiningCTC=500000.0, currentCTC=970000.0, dateOfBirth=1212-12-12, offerDate=2023-07-01, joiningDate=2023-07-04, panNo=GFZPS5853Q, createdAt=null, documents={APPOINTMENT_LETTER=DocumentResponseDTO(generated=true, data={issueDate=2000-11-12, probationPeriod=3}), INTERNSHIP_LETTER=DocumentResponseDTO(generated=true, data={internshipType=UNPAID, endDate=1111-11-11, issueDate=1212-12-12, startDate=1331-12-13}), EXPERIENCE_LETTER=DocumentResponseDTO(generated=true, data={issueDate=2025-10-01, relievingDate=2025-10-01}), FULL_AND_FINAL=DocumentResponseDTO(generated=true, data={fnfDate=2025-10-01, totalDaysInMonth=30, month=2026-10, issueDate=2025-10-01, resignationDate=2025-09-01, paidDays=9, leavingDate=2025-10-01}), CONFIRMATION_LETTER=DocumentResponseDTO(generated=true, data={issueDate=2020-12-15, effectiveDate=2020-11-15}), INCREMENT_LETTER=DocumentResponseDTO(generated=true, data={issueDate=2025-04-01}), RELIEVING_LETTER=DocumentResponseDTO(generated=true, data={issueDate=2025-10-01, relievingDate=2025-10-01}), SALARY_SLIP=DocumentResponseDTO(generated=true, data={startMonth=2026-09, endMonth=2026-09}), COMPLETION_LETTER=DocumentResponseDTO(generated=true, data={completionDate=1000-12-12, issueDate=2020-12-15, startDate=1000-11-12}), OFFER_LETTER=DocumentResponseDTO(generated=true, data={issueDate=2023-07-01, probationPeriod=3})})
2026-09-16 14:18:37 [http-nio-8080-exec-10] INFO  c.e.Docgen_Backend.config.JwtFilter - JWT validated successfully for userId=6a82a98a13421d60d7e0e553
2026-09-16 14:18:37 [http-nio-8080-exec-10] INFO  c.e.D.controller.UserController - PATCH /api/v2/users/217 - Update request received for employeeId=TEST0336
2026-09-16 14:18:37 [http-nio-8080-exec-10] DEBUG c.e.D.controller.UserController - Update payload: CreateProfileRequest(employeeName=Test User Three, email=prathamesh69bhavsar@gmail.com, mobileNo=8007454299, employeeId=TEST0336, joiningDesignation=Java developer, currentDesignation=Full Stack Developer, department=IT, currentAddress=N-42,VD-1/3/1,Sawta Nager,Cidco,Trimurti Chowk, permanentAddress=Pune, Maharashtra, accountNo=2568108019550, bankName=AU Small Finance Bank, joiningCTC=500000.0, currentCTC=970000.0, dateOfBirth=1212-12-12, offerDate=2023-07-01, joiningDate=2023-07-04, panNo=GFZPS5853Q, company=SMDS, pfType=WITH_PF, identity=MR, documents=[APPOINTMENT_LETTER, INTERNSHIP_LETTER, EXPERIENCE_LETTER, FULL_AND_FINAL, CONFIRMATION_LETTER, INCREMENT_LETTER, RELIEVING_LETTER, SALARY_SLIP, COMPLETION_LETTER, OFFER_LETTER], documentData={OFFER_LETTER={issueDate=2023-07-01, probationPeriod=3}, APPOINTMENT_LETTER={issueDate=2000-11-12, probationPeriod=3}, INCREMENT_LETTER={issueDate=2025-04-01}, INTERNSHIP_LETTER={internshipType=null, stipend=0, startDate=1331-12-13, endDate=1111-11-11, issueDate=1212-12-12}, COMPLETION_LETTER={startDate=1000-11-12, completionDate=1000-12-12, issueDate=2023-07-01}, CONFIRMATION_LETTER={effectiveDate=2020-11-15, issueDate=2020-12-15}, EXPERIENCE_LETTER={relievingDate=2025-10-01, issueDate=2025-10-01}, RELIEVING_LETTER={relievingDate=2025-10-01, issueDate=2025-10-01}, FULL_AND_FINAL={fnfDate=2025-10-01, issueDate=2025-10-01, month=2026-10, resignationDate=2025-09-01, leavingDate=2025-10-01, paidDays=9, totalDaysInMonth=30}, SALARY_SLIP={startMonth=2026-09, endMonth=2026-09, salaryWorkdays={2026-09=30}}})
2026-09-16 14:18:37 [http-nio-8080-exec-10] INFO  c.e.D.service.impl.UserServiceImpl - Updating user profile | userId=217 | employeeId=TEST0336
2026-09-16 14:18:38 [http-nio-8080-exec-10] DEBUG c.e.D.service.impl.UserServiceImpl - Existing user fetched | userId=217 | oldEmployeeId=TEST0336
2026-09-16 14:18:38 [http-nio-8080-exec-10] DEBUG c.e.D.service.impl.UserServiceImpl - Updating documents | userId=217
2026-09-16 14:18:38 [http-nio-8080-exec-10] ERROR c.e.D.service.impl.UserServiceImpl - Error while updating user profile | userId=217 | error=internshipType is required
java.lang.IllegalArgumentException: internshipType is required
	at com.example.Docgen_Backend.service.impl.UserServiceImpl.getRequiredString(UserServiceImpl.java:193)
	at com.example.Docgen_Backend.service.impl.UserServiceImpl.upsertInternshipLetter(UserServiceImpl.java:905)
	at com.example.Docgen_Backend.service.impl.UserServiceImpl.processUpdateDocuments(UserServiceImpl.java:794)
	at com.example.Docgen_Backend.service.impl.UserServiceImpl.updateProfile(UserServiceImpl.java:744)
	at java.base/jdk.internal.reflect.DirectMethodHandleAccessor.invoke(DirectMethodHandleAccessor.java:103)
	at java.base/java.lang.reflect.Method.invoke(Method.java:580)
	at org.springframework.aop.support.AopUtils.invokeJoinpointUsingReflection(AopUtils.java:359)
	at org.springframework.aop.framework.ReflectiveMethodInvocation.invokeJoinpoint(ReflectiveMethodInvocation.java:190)
	at org.springframework.aop.framework.ReflectiveMethodInvocation.proceed(ReflectiveMethodInvocation.java:158)
	at org.springframework.transaction.interceptor.TransactionInterceptor$1.proceedWithInvocation(TransactionInterceptor.java:133)
	at org.springframework.transaction.interceptor.TransactionAspectSupport.invokeWithinTransaction(TransactionAspectSupport.java:371)
	at org.springframework.transaction.interceptor.TransactionInterceptor.invoke(TransactionInterceptor.java:130)
	at org.springframework.aop.framework.ReflectiveMethodInvocation.proceed(ReflectiveMethodInvocation.java:179)
	at org.springframework.aop.framework.CglibAopProxy$DynamicAdvisedInterceptor.intercept(CglibAopProxy.java:719)
	at com.example.Docgen_Backend.service.impl.UserServiceImpl$$SpringCGLIB$$0.updateProfile(<generated>)
	at com.example.Docgen_Backend.controller.UserController.updateProfile(UserController.java:155)
	at java.base/jdk.internal.reflect.DirectMethodHandleAccessor.invoke(DirectMethodHandleAccessor.java:103)
	at java.base/java.lang.reflect.Method.invoke(Method.java:580)
	at org.springframework.web.method.support.InvocableHandlerMethod.doInvoke(InvocableHandlerMethod.java:252)
	at org.springframework.web.method.support.InvocableHandlerMethod.invokeForRequest(InvocableHandlerMethod.java:184)
	at org.springframework.web.servlet.mvc.method.annotation.ServletInvocableHandlerMethod.invokeAndHandle(ServletInvocableHandlerMethod.java:117)
	at org.springframework.web.servlet.mvc.method.annotation.RequestMappingHandlerAdapter.invokeHandlerMethod(RequestMappingHandlerAdapter.java:934)
	at org.springframework.web.servlet.mvc.method.annotation.RequestMappingHandlerAdapter.handleInternal(RequestMappingHandlerAdapter.java:853)
	at org.springframework.web.servlet.mvc.method.AbstractHandlerMethodAdapter.handle(AbstractHandlerMethodAdapter.java:86)
	at org.springframework.web.servlet.DispatcherServlet.doDispatch(DispatcherServlet.java:963)
	at org.springframework.web.servlet.DispatcherServlet.doService(DispatcherServlet.java:866)
	at org.springframework.web.servlet.FrameworkServlet.processRequest(FrameworkServlet.java:1000)
	at org.springframework.web.servlet.FrameworkServlet.service(FrameworkServlet.java:877)
	at jakarta.servlet.http.HttpServlet.service(HttpServlet.java:710)
	at org.apache.catalina.core.ApplicationFilterChain.doFilter(ApplicationFilterChain.java:128)
	at org.apache.tomcat.websocket.server.WsFilter.doFilter(WsFilter.java:53)
	at org.apache.catalina.core.ApplicationFilterChain.doFilter(ApplicationFilterChain.java:107)
	at org.springframework.web.filter.OncePerRequestFilter.doFilter(OncePerRequestFilter.java:110)
	at org.apache.catalina.core.ApplicationFilterChain.doFilter(ApplicationFilterChain.java:107)
	at org.springframework.web.filter.CompositeFilter$VirtualFilterChain.doFilter(CompositeFilter.java:108)
	at org.springframework.security.web.FilterChainProxy.lambda$doFilterInternal$3(FilterChainProxy.java:235)
	at org.springframework.security.web.FilterChainProxy$VirtualFilterChain.doFilter(FilterChainProxy.java:376)
	at org.springframework.security.web.access.intercept.AuthorizationFilter.doFilter(AuthorizationFilter.java:101)
	at org.springframework.security.web.FilterChainProxy$VirtualFilterChain.doFilter(FilterChainProxy.java:385)
	at org.springframework.security.web.access.ExceptionTranslationFilter.doFilter(ExceptionTranslationFilter.java:126)
	at org.springframework.security.web.access.ExceptionTranslationFilter.doFilter(ExceptionTranslationFilter.java:120)
	at org.springframework.security.web.FilterChainProxy$VirtualFilterChain.doFilter(FilterChainProxy.java:385)
	at org.springframework.security.web.session.SessionManagementFilter.doFilter(SessionManagementFilter.java:132)
	at org.springframework.security.web.session.SessionManagementFilter.doFilter(SessionManagementFilter.java:86)
	at org.springframework.security.web.FilterChainProxy$VirtualFilterChain.doFilter(FilterChainProxy.java:385)
	at org.springframework.security.web.authentication.AnonymousAuthenticationFilter.doFilter(AnonymousAuthenticationFilter.java:100)
	at org.springframework.security.web.FilterChainProxy$VirtualFilterChain.doFilter(FilterChainProxy.java:385)
	at org.springframework.security.web.servletapi.SecurityContextHolderAwareRequestFilter.doFilter(SecurityContextHolderAwareRequestFilter.java:181)
	at org.springframework.security.web.FilterChainProxy$VirtualFilterChain.doFilter(FilterChainProxy.java:385)
	at org.springframework.security.web.savedrequest.RequestCacheAwareFilter.doFilter(RequestCacheAwareFilter.java:63)
	at org.springframework.security.web.FilterChainProxy$VirtualFilterChain.doFilter(FilterChainProxy.java:385)
	at com.example.Docgen_Backend.config.JwtFilter.doFilterInternal(JwtFilter.java:118)
	at org.springframework.web.filter.OncePerRequestFilter.doFilter(OncePerRequestFilter.java:116)
	at org.springframework.security.web.FilterChainProxy$VirtualFilterChain.doFilter(FilterChainProxy.java:385)
	at org.springframework.security.web.authentication.logout.LogoutFilter.doFilter(LogoutFilter.java:110)
	at org.springframework.security.web.authentication.logout.LogoutFilter.doFilter(LogoutFilter.java:96)
	at org.springframework.security.web.FilterChainProxy$VirtualFilterChain.doFilter(FilterChainProxy.java:385)
	at org.springframework.web.filter.CorsFilter.doFilterInternal(CorsFilter.java:91)
	at org.springframework.web.filter.OncePerRequestFilter.doFilter(OncePerRequestFilter.java:116)
	at org.springframework.security.web.FilterChainProxy$VirtualFilterChain.doFilter(FilterChainProxy.java:385)
	at org.springframework.security.web.header.HeaderWriterFilter.doHeadersAfter(HeaderWriterFilter.java:90)
	at org.springframework.security.web.header.HeaderWriterFilter.doFilterInternal(HeaderWriterFilter.java:75)
	at org.springframework.web.filter.OncePerRequestFilter.doFilter(OncePerRequestFilter.java:116)
	at org.springframework.security.web.FilterChainProxy$VirtualFilterChain.doFilter(FilterChainProxy.java:385)
	at org.springframework.security.web.context.SecurityContextHolderFilter.doFilter(SecurityContextHolderFilter.java:82)
	at org.springframework.security.web.context.SecurityContextHolderFilter.doFilter(SecurityContextHolderFilter.java:69)
	at org.springframework.security.web.FilterChainProxy$VirtualFilterChain.doFilter(FilterChainProxy.java:385)
	at org.springframework.security.web.context.request.async.WebAsyncManagerIntegrationFilter.doFilterInternal(WebAsyncManagerIntegrationFilter.java:62)
	at org.springframework.web.filter.OncePerRequestFilter.doFilter(OncePerRequestFilter.java:116)
	at org.springframework.security.web.FilterChainProxy$VirtualFilterChain.doFilter(FilterChainProxy.java:385)
	at org.springframework.security.web.session.DisableEncodeUrlFilter.doFilterInternal(DisableEncodeUrlFilter.java:42)
	at org.springframework.web.filter.OncePerRequestFilter.doFilter(OncePerRequestFilter.java:116)
	at org.springframework.security.web.FilterChainProxy$VirtualFilterChain.doFilter(FilterChainProxy.java:385)
	at org.springframework.security.web.FilterChainProxy.doFilterInternal(FilterChainProxy.java:237)
	at org.springframework.security.web.FilterChainProxy.doFilter(FilterChainProxy.java:195)
	at org.springframework.web.filter.CompositeFilter$VirtualFilterChain.doFilter(CompositeFilter.java:113)
	at org.springframework.web.filter.ServletRequestPathFilter.doFilter(ServletRequestPathFilter.java:52)
	at org.springframework.web.filter.CompositeFilter$VirtualFilterChain.doFilter(CompositeFilter.java:113)
	at org.springframework.web.filter.CompositeFilter.doFilter(CompositeFilter.java:74)
	at org.springframework.security.config.annotation.web.configuration.WebSecurityConfiguration$CompositeFilterChainProxy.doFilter(WebSecurityConfiguration.java:317)
	at org.springframework.web.filter.DelegatingFilterProxy.invokeDelegate(DelegatingFilterProxy.java:355)
	at org.springframework.web.filter.DelegatingFilterProxy.doFilter(DelegatingFilterProxy.java:272)
	at org.apache.catalina.core.ApplicationFilterChain.doFilter(ApplicationFilterChain.java:107)
	at org.springframework.web.filter.RequestContextFilter.doFilterInternal(RequestContextFilter.java:100)
	at org.springframework.web.filter.OncePerRequestFilter.doFilter(OncePerRequestFilter.java:116)
	at org.apache.catalina.core.ApplicationFilterChain.doFilter(ApplicationFilterChain.java:107)
	at org.springframework.web.filter.FormContentFilter.doFilterInternal(FormContentFilter.java:93)
	at org.springframework.web.filter.OncePerRequestFilter.doFilter(OncePerRequestFilter.java:116)
	at org.apache.catalina.core.ApplicationFilterChain.doFilter(ApplicationFilterChain.java:107)
	at org.springframework.web.filter.CharacterEncodingFilter.doFilterInternal(CharacterEncodingFilter.java:199)
	at org.springframework.web.filter.OncePerRequestFilter.doFilter(OncePerRequestFilter.java:116)
	at org.apache.catalina.core.ApplicationFilterChain.doFilter(ApplicationFilterChain.java:107)
	at org.apache.catalina.core.StandardWrapperValve.invoke(StandardWrapperValve.java:165)
	at org.apache.catalina.core.StandardContextValve.invoke(StandardContextValve.java:77)
	at org.apache.catalina.authenticator.AuthenticatorBase.invoke(AuthenticatorBase.java:492)
	at org.apache.catalina.core.StandardHostValve.invoke(StandardHostValve.java:113)
	at org.apache.catalina.valves.ErrorReportValve.invoke(ErrorReportValve.java:83)
	at org.apache.catalina.core.StandardEngineValve.invoke(StandardEngineValve.java:72)
	at org.apache.catalina.connector.CoyoteAdapter.service(CoyoteAdapter.java:341)
	at org.apache.coyote.http11.Http11Processor.service(Http11Processor.java:397)
	at org.apache.coyote.AbstractProcessorLight.process(AbstractProcessorLight.java:63)
	at org.apache.coyote.AbstractProtocol$ConnectionHandler.process(AbstractProtocol.java:903)
	at org.apache.tomcat.util.net.NioEndpoint$SocketProcessor.doRun(NioEndpoint.java:1801)
	at org.apache.tomcat.util.net.SocketProcessorBase.run(SocketProcessorBase.java:52)
	at org.apache.tomcat.util.threads.ThreadPoolExecutor.runWorker(ThreadPoolExecutor.java:946)
	at org.apache.tomcat.util.threads.ThreadPoolExecutor$Worker.run(ThreadPoolExecutor.java:480)
	at org.apache.tomcat.util.threads.TaskThread$WrappingRunnable.run(TaskThread.java:57)
	at java.base/java.lang.Thread.run(Thread.java:1583)
2026-09-16 14:18:38 [http-nio-8080-exec-10] ERROR c.e.D.e.GlobalExceptionHandler - Invalid input: internshipType is required
2026-09-16 14:18:38 [http-nio-8080-exec-10] WARN  o.s.w.s.m.m.a.ExceptionHandlerExceptionResolver - Resolved [java.lang.IllegalArgumentException: internshipType is required]
2026-09-16 14:18:55 [http-nio-8080-exec-1] INFO  c.e.Docgen_Backend.config.JwtFilter - JWT validated successfully for userId=6a82a98a13421d60d7e0e553
2026-09-16 14:18:55 [http-nio-8080-exec-1] INFO  c.e.D.controller.UserController - PATCH /api/v2/users/217 - Update request received for employeeId=TEST0336
2026-09-16 14:18:55 [http-nio-8080-exec-1] DEBUG c.e.D.controller.UserController - Update payload: CreateProfileRequest(employeeName=Test User Three, email=prathamesh69bhavsar@gmail.com, mobileNo=8007454299, employeeId=TEST0336, joiningDesignation=Java developer, currentDesignation=Full Stack Developer, department=IT, currentAddress=N-42,VD-1/3/1,Sawta Nager,Cidco,Trimurti Chowk, permanentAddress=Pune, Maharashtra, accountNo=2568108019550, bankName=AU Small Finance Bank, joiningCTC=500000.0, currentCTC=970000.0, dateOfBirth=1212-12-12, offerDate=2023-07-01, joiningDate=2023-07-04, panNo=GFZPS5853Q, company=SMDS, pfType=WITH_PF, identity=MR, documents=[APPOINTMENT_LETTER, INTERNSHIP_LETTER, EXPERIENCE_LETTER, FULL_AND_FINAL, CONFIRMATION_LETTER, INCREMENT_LETTER, RELIEVING_LETTER, SALARY_SLIP, COMPLETION_LETTER, OFFER_LETTER], documentData={OFFER_LETTER={issueDate=2023-07-01, probationPeriod=3}, APPOINTMENT_LETTER={issueDate=2000-11-12, probationPeriod=3}, INCREMENT_LETTER={issueDate=2025-04-01}, INTERNSHIP_LETTER={internshipType=null, stipend=0, startDate=1331-12-13, endDate=1111-11-11, issueDate=1212-12-12}, COMPLETION_LETTER={startDate=1000-11-12, completionDate=1000-12-12, issueDate=2023-07-01}, CONFIRMATION_LETTER={effectiveDate=2020-11-15, issueDate=2020-12-15}, EXPERIENCE_LETTER={relievingDate=2025-10-01, issueDate=2025-10-01}, RELIEVING_LETTER={relievingDate=2025-10-01, issueDate=2025-10-01}, FULL_AND_FINAL={fnfDate=2025-10-01, issueDate=2025-10-01, month=2026-10, resignationDate=2025-09-01, leavingDate=2025-10-01, paidDays=3, totalDaysInMonth=30}, SALARY_SLIP={startMonth=2026-09, endMonth=2026-09, salaryWorkdays={2026-09=30}}})
2026-09-16 14:18:55 [http-nio-8080-exec-1] INFO  c.e.D.service.impl.UserServiceImpl - Updating user profile | userId=217 | employeeId=TEST0336
2026-09-16 14:18:55 [http-nio-8080-exec-1] DEBUG c.e.D.service.impl.UserServiceImpl - Existing user fetched | userId=217 | oldEmployeeId=TEST0336
2026-09-16 14:18:55 [http-nio-8080-exec-1] DEBUG c.e.D.service.impl.UserServiceImpl - Updating documents | userId=217
2026-09-16 14:18:55 [http-nio-8080-exec-1] ERROR c.e.D.service.impl.UserServiceImpl - Error while updating user profile | userId=217 | error=internshipType is required
java.lang.IllegalArgumentException: internshipType is required
	at com.example.Docgen_Backend.service.impl.UserServiceImpl.getRequiredString(UserServiceImpl.java:193)
	at com.example.Docgen_Backend.service.impl.UserServiceImpl.upsertInternshipLetter(UserServiceImpl.java:905)
	at com.example.Docgen_Backend.service.impl.UserServiceImpl.processUpdateDocuments(UserServiceImpl.java:794)
	at com.example.Docgen_Backend.service.impl.UserServiceImpl.updateProfile(UserServiceImpl.java:744)
	at java.base/jdk.internal.reflect.DirectMethodHandleAccessor.invoke(DirectMethodHandleAccessor.java:103)
	at java.base/java.lang.reflect.Method.invoke(Method.java:580)
	at org.springframework.aop.support.AopUtils.invokeJoinpointUsingReflection(AopUtils.java:359)
	at org.springframework.aop.framework.ReflectiveMethodInvocation.invokeJoinpoint(ReflectiveMethodInvocation.java:190)
	at org.springframework.aop.framework.ReflectiveMethodInvocation.proceed(ReflectiveMethodInvocation.java:158)
	at org.springframework.transaction.interceptor.TransactionInterceptor$1.proceedWithInvocation(TransactionInterceptor.java:133)
	at org.springframework.transaction.interceptor.TransactionAspectSupport.invokeWithinTransaction(TransactionAspectSupport.java:371)
	at org.springframework.transaction.interceptor.TransactionInterceptor.invoke(TransactionInterceptor.java:130)
	at org.springframework.aop.framework.ReflectiveMethodInvocation.proceed(ReflectiveMethodInvocation.java:179)
	at org.springframework.aop.framework.CglibAopProxy$DynamicAdvisedInterceptor.intercept(CglibAopProxy.java:719)
	at com.example.Docgen_Backend.service.impl.UserServiceImpl$$SpringCGLIB$$0.updateProfile(<generated>)
	at com.example.Docgen_Backend.controller.UserController.updateProfile(UserController.java:155)
	at java.base/jdk.internal.reflect.DirectMethodHandleAccessor.invoke(DirectMethodHandleAccessor.java:103)
	at java.base/java.lang.reflect.Method.invoke(Method.java:580)
	at org.springframework.web.method.support.InvocableHandlerMethod.doInvoke(InvocableHandlerMethod.java:252)
	at org.springframework.web.method.support.InvocableHandlerMethod.invokeForRequest(InvocableHandlerMethod.java:184)
	at org.springframework.web.servlet.mvc.method.annotation.ServletInvocableHandlerMethod.invokeAndHandle(ServletInvocableHandlerMethod.java:117)
	at org.springframework.web.servlet.mvc.method.annotation.RequestMappingHandlerAdapter.invokeHandlerMethod(RequestMappingHandlerAdapter.java:934)
	at org.springframework.web.servlet.mvc.method.annotation.RequestMappingHandlerAdapter.handleInternal(RequestMappingHandlerAdapter.java:853)
	at org.springframework.web.servlet.mvc.method.AbstractHandlerMethodAdapter.handle(AbstractHandlerMethodAdapter.java:86)
	at org.springframework.web.servlet.DispatcherServlet.doDispatch(DispatcherServlet.java:963)
	at org.springframework.web.servlet.DispatcherServlet.doService(DispatcherServlet.java:866)
	at org.springframework.web.servlet.FrameworkServlet.processRequest(FrameworkServlet.java:1000)
	at org.springframework.web.servlet.FrameworkServlet.service(FrameworkServlet.java:877)
	at jakarta.servlet.http.HttpServlet.service(HttpServlet.java:710)
	at org.apache.catalina.core.ApplicationFilterChain.doFilter(ApplicationFilterChain.java:128)
	at org.apache.tomcat.websocket.server.WsFilter.doFilter(WsFilter.java:53)
	at org.apache.catalina.core.ApplicationFilterChain.doFilter(ApplicationFilterChain.java:107)
	at org.springframework.web.filter.OncePerRequestFilter.doFilter(OncePerRequestFilter.java:110)
	at org.apache.catalina.core.ApplicationFilterChain.doFilter(ApplicationFilterChain.java:107)
	at org.springframework.web.filter.CompositeFilter$VirtualFilterChain.doFilter(CompositeFilter.java:108)
	at org.springframework.security.web.FilterChainProxy.lambda$doFilterInternal$3(FilterChainProxy.java:235)
	at org.springframework.security.web.FilterChainProxy$VirtualFilterChain.doFilter(FilterChainProxy.java:376)
	at org.springframework.security.web.access.intercept.AuthorizationFilter.doFilter(AuthorizationFilter.java:101)
	at org.springframework.security.web.FilterChainProxy$VirtualFilterChain.doFilter(FilterChainProxy.java:385)
	at org.springframework.security.web.access.ExceptionTranslationFilter.doFilter(ExceptionTranslationFilter.java:126)
	at org.springframework.security.web.access.ExceptionTranslationFilter.doFilter(ExceptionTranslationFilter.java:120)
	at org.springframework.security.web.FilterChainProxy$VirtualFilterChain.doFilter(FilterChainProxy.java:385)
	at org.springframework.security.web.session.SessionManagementFilter.doFilter(SessionManagementFilter.java:132)
	at org.springframework.security.web.session.SessionManagementFilter.doFilter(SessionManagementFilter.java:86)
	at org.springframework.security.web.FilterChainProxy$VirtualFilterChain.doFilter(FilterChainProxy.java:385)
	at org.springframework.security.web.authentication.AnonymousAuthenticationFilter.doFilter(AnonymousAuthenticationFilter.java:100)
	at org.springframework.security.web.FilterChainProxy$VirtualFilterChain.doFilter(FilterChainProxy.java:385)
	at org.springframework.security.web.servletapi.SecurityContextHolderAwareRequestFilter.doFilter(SecurityContextHolderAwareRequestFilter.java:181)
	at org.springframework.security.web.FilterChainProxy$VirtualFilterChain.doFilter(FilterChainProxy.java:385)
	at org.springframework.security.web.savedrequest.RequestCacheAwareFilter.doFilter(RequestCacheAwareFilter.java:63)
	at org.springframework.security.web.FilterChainProxy$VirtualFilterChain.doFilter(FilterChainProxy.java:385)
	at com.example.Docgen_Backend.config.JwtFilter.doFilterInternal(JwtFilter.java:118)
	at org.springframework.web.filter.OncePerRequestFilter.doFilter(OncePerRequestFilter.java:116)
	at org.springframework.security.web.FilterChainProxy$VirtualFilterChain.doFilter(FilterChainProxy.java:385)
	at org.springframework.security.web.authentication.logout.LogoutFilter.doFilter(LogoutFilter.java:110)
	at org.springframework.security.web.authentication.logout.LogoutFilter.doFilter(LogoutFilter.java:96)
	at org.springframework.security.web.FilterChainProxy$VirtualFilterChain.doFilter(FilterChainProxy.java:385)
	at org.springframework.web.filter.CorsFilter.doFilterInternal(CorsFilter.java:91)
	at org.springframework.web.filter.OncePerRequestFilter.doFilter(OncePerRequestFilter.java:116)
	at org.springframework.security.web.FilterChainProxy$VirtualFilterChain.doFilter(FilterChainProxy.java:385)
	at org.springframework.security.web.header.HeaderWriterFilter.doHeadersAfter(HeaderWriterFilter.java:90)
	at org.springframework.security.web.header.HeaderWriterFilter.doFilterInternal(HeaderWriterFilter.java:75)
	at org.springframework.web.filter.OncePerRequestFilter.doFilter(OncePerRequestFilter.java:116)
	at org.springframework.security.web.FilterChainProxy$VirtualFilterChain.doFilter(FilterChainProxy.java:385)
	at org.springframework.security.web.context.SecurityContextHolderFilter.doFilter(SecurityContextHolderFilter.java:82)
	at org.springframework.security.web.context.SecurityContextHolderFilter.doFilter(SecurityContextHolderFilter.java:69)
	at org.springframework.security.web.FilterChainProxy$VirtualFilterChain.doFilter(FilterChainProxy.java:385)
	at org.springframework.security.web.context.request.async.WebAsyncManagerIntegrationFilter.doFilterInternal(WebAsyncManagerIntegrationFilter.java:62)
	at org.springframework.web.filter.OncePerRequestFilter.doFilter(OncePerRequestFilter.java:116)
	at org.springframework.security.web.FilterChainProxy$VirtualFilterChain.doFilter(FilterChainProxy.java:385)
	at org.springframework.security.web.session.DisableEncodeUrlFilter.doFilterInternal(DisableEncodeUrlFilter.java:42)
	at org.springframework.web.filter.OncePerRequestFilter.doFilter(OncePerRequestFilter.java:116)
	at org.springframework.security.web.FilterChainProxy$VirtualFilterChain.doFilter(FilterChainProxy.java:385)
	at org.springframework.security.web.FilterChainProxy.doFilterInternal(FilterChainProxy.java:237)
	at org.springframework.security.web.FilterChainProxy.doFilter(FilterChainProxy.java:195)
	at org.springframework.web.filter.CompositeFilter$VirtualFilterChain.doFilter(CompositeFilter.java:113)
	at org.springframework.web.filter.ServletRequestPathFilter.doFilter(ServletRequestPathFilter.java:52)
	at org.springframework.web.filter.CompositeFilter$VirtualFilterChain.doFilter(CompositeFilter.java:113)
	at org.springframework.web.filter.CompositeFilter.doFilter(CompositeFilter.java:74)
	at org.springframework.security.config.annotation.web.configuration.WebSecurityConfiguration$CompositeFilterChainProxy.doFilter(WebSecurityConfiguration.java:317)
	at org.springframework.web.filter.DelegatingFilterProxy.invokeDelegate(DelegatingFilterProxy.java:355)
	at org.springframework.web.filter.DelegatingFilterProxy.doFilter(DelegatingFilterProxy.java:272)
	at org.apache.catalina.core.ApplicationFilterChain.doFilter(ApplicationFilterChain.java:107)
	at org.springframework.web.filter.RequestContextFilter.doFilterInternal(RequestContextFilter.java:100)
	at org.springframework.web.filter.OncePerRequestFilter.doFilter(OncePerRequestFilter.java:116)
	at org.apache.catalina.core.ApplicationFilterChain.doFilter(ApplicationFilterChain.java:107)
	at org.springframework.web.filter.FormContentFilter.doFilterInternal(FormContentFilter.java:93)
	at org.springframework.web.filter.OncePerRequestFilter.doFilter(OncePerRequestFilter.java:116)
	at org.apache.catalina.core.ApplicationFilterChain.doFilter(ApplicationFilterChain.java:107)
	at org.springframework.web.filter.CharacterEncodingFilter.doFilterInternal(CharacterEncodingFilter.java:199)
	at org.springframework.web.filter.OncePerRequestFilter.doFilter(OncePerRequestFilter.java:116)
	at org.apache.catalina.core.ApplicationFilterChain.doFilter(ApplicationFilterChain.java:107)
	at org.apache.catalina.core.StandardWrapperValve.invoke(StandardWrapperValve.java:165)
	at org.apache.catalina.core.StandardContextValve.invoke(StandardContextValve.java:77)
	at org.apache.catalina.authenticator.AuthenticatorBase.invoke(AuthenticatorBase.java:492)
	at org.apache.catalina.core.StandardHostValve.invoke(StandardHostValve.java:113)
	at org.apache.catalina.valves.ErrorReportValve.invoke(ErrorReportValve.java:83)
	at org.apache.catalina.core.StandardEngineValve.invoke(StandardEngineValve.java:72)
	at org.apache.catalina.connector.CoyoteAdapter.service(CoyoteAdapter.java:341)
	at org.apache.coyote.http11.Http11Processor.service(Http11Processor.java:397)
	at org.apache.coyote.AbstractProcessorLight.process(AbstractProcessorLight.java:63)
	at org.apache.coyote.AbstractProtocol$ConnectionHandler.process(AbstractProtocol.java:903)
	at org.apache.tomcat.util.net.NioEndpoint$SocketProcessor.doRun(NioEndpoint.java:1801)
	at org.apache.tomcat.util.net.SocketProcessorBase.run(SocketProcessorBase.java:52)
	at org.apache.tomcat.util.threads.ThreadPoolExecutor.runWorker(ThreadPoolExecutor.java:946)
	at org.apache.tomcat.util.threads.ThreadPoolExecutor$Worker.run(ThreadPoolExecutor.java:480)
	at org.apache.tomcat.util.threads.TaskThread$WrappingRunnable.run(TaskThread.java:57)
	at java.base/java.lang.Thread.run(Thread.java:1583)
2026-09-16 14:18:55 [http-nio-8080-exec-1] ERROR c.e.D.e.GlobalExceptionHandler - Invalid input: internshipType is required
2026-09-16 14:18:55 [http-nio-8080-exec-1] WARN  o.s.w.s.m.m.a.ExceptionHandlerExceptionResolver - Resolved [java.lang.IllegalArgumentException: internshipType is required]
2026-09-16 14:19:22 [SpringApplicationShutdownHook] INFO  o.s.boot.tomcat.GracefulShutdown - Commencing graceful shutdown. Waiting for active requests to complete
2026-09-16 14:19:22 [tomcat-shutdown] INFO  o.s.boot.tomcat.GracefulShutdown - Graceful shutdown complete
2026-09-16 14:19:22 [SpringApplicationShutdownHook] INFO  o.s.o.j.LocalContainerEntityManagerFactoryBean - Closing JPA EntityManagerFactory for persistence unit 'default'
2026-09-16 14:19:22 [SpringApplicationShutdownHook] INFO  com.zaxxer.hikari.HikariDataSource - HikariPool-1 - Shutdown initiated...
2026-09-16 14:19:22 [SpringApplicationShutdownHook] INFO  com.zaxxer.hikari.HikariDataSource - HikariPool-1 - Shutdown completed.
2026-09-16 15:15:59 [background-preinit] INFO  o.h.validator.internal.util.Version - HV000001: Hibernate Validator 9.0.1.Final
2026-09-16 15:15:59 [restartedMain] INFO  c.e.D.DocgenBackendApplication - Starting DocgenBackendApplication using Java 21.0.9 with PID 17388 (E:\DocGen New Front\Docgen-Backend\target\classes started by prath in E:\DocGen New Front\Docgen-Backend)
2026-09-16 15:15:59 [restartedMain] DEBUG c.e.D.DocgenBackendApplication - Running with Spring Boot v4.0.6, Spring v7.0.7
2026-09-16 15:15:59 [restartedMain] INFO  c.e.D.DocgenBackendApplication - No active profile set, falling back to 1 default profile: "default"
2026-09-16 15:15:59 [restartedMain] INFO  o.s.b.d.e.DevToolsPropertyDefaultsPostProcessor - Devtools property defaults active! Set 'spring.devtools.add-properties' to 'false' to disable
2026-09-16 15:15:59 [restartedMain] INFO  o.s.b.d.e.DevToolsPropertyDefaultsPostProcessor - For additional web related logging consider setting the 'logging.level.web' property to 'DEBUG'
2026-09-16 15:16:00 [restartedMain] INFO  o.s.d.r.c.RepositoryConfigurationDelegate - Bootstrapping Spring Data JPA repositories in DEFAULT mode.
2026-09-16 15:16:00 [restartedMain] INFO  o.s.d.r.c.RepositoryConfigurationDelegate - Finished Spring Data repository scanning in 91 ms. Found 3 JPA repository interfaces.
2026-09-16 15:16:01 [restartedMain] INFO  o.s.boot.tomcat.TomcatWebServer - Tomcat initialized with port 8080 (http)
2026-09-16 15:16:01 [restartedMain] INFO  o.a.coyote.http11.Http11NioProtocol - Initializing ProtocolHandler ["http-nio-8080"]
2026-09-16 15:16:01 [restartedMain] INFO  o.a.catalina.core.StandardService - Starting service [Tomcat]
2026-09-16 15:16:01 [restartedMain] INFO  o.a.catalina.core.StandardEngine - Starting Servlet engine: [Apache Tomcat/11.0.21]
2026-09-16 15:16:01 [restartedMain] INFO  o.s.b.w.c.s.WebApplicationContextInitializer - Root WebApplicationContext: initialization completed in 2270 ms
2026-09-16 15:16:01 [restartedMain] DEBUG c.e.Docgen_Backend.config.JwtFilter - Filter 'jwtFilter' configured for use
2026-09-16 15:16:02 [restartedMain] INFO  org.hibernate.orm.jpa - HHH008540: Processing PersistenceUnitInfo [name: default]
2026-09-16 15:16:02 [restartedMain] INFO  org.hibernate.orm.core - HHH000001: Hibernate ORM core version 7.2.12.Final
2026-09-16 15:16:02 [restartedMain] INFO  o.s.o.j.p.SpringPersistenceUnitInfo - No LoadTimeWeaver setup: ignoring JPA class transformer
2026-09-16 15:16:02 [restartedMain] INFO  com.zaxxer.hikari.HikariDataSource - HikariPool-1 - Starting...
2026-09-16 15:16:05 [restartedMain] INFO  com.zaxxer.hikari.pool.HikariPool - HikariPool-1 - Added connection com.mysql.cj.jdbc.ConnectionImpl@20344b24
2026-09-16 15:16:05 [restartedMain] INFO  com.zaxxer.hikari.HikariDataSource - HikariPool-1 - Start completed.
2026-09-16 15:16:05 [restartedMain] WARN  org.hibernate.orm.jdbc - HHH100045: Could not obtain connection metadata: java.sql.SQLSyntaxErrorException: Unknown column 'RESERVED' in 'WHERE'
2026-09-16 15:16:05 [restartedMain] WARN  org.hibernate.orm.deprecation - HHH90000025: MySQLDialect does not need to be specified explicitly using 'hibernate.dialect' (remove the property setting and it will be selected by default)
2026-09-16 15:16:05 [restartedMain] INFO  o.hibernate.orm.connections.pooling - HHH10001005: Database info:
	Database JDBC URL [undefined/unknown]
	Database driver: undefined/unknown
	Database dialect: MySQLDialect
	Database version: 8.0
	Default catalog/schema: unknown/unknown
	Autocommit mode: undefined/unknown
	Isolation level: NONE [default NONE]
	JDBC fetch size: undefined/unknown
	Pool: DataSourceConnectionProvider
	Minimum pool size: undefined/unknown
	Maximum pool size: undefined/unknown
2026-09-16 15:16:07 [restartedMain] INFO  org.hibernate.orm.core - HHH000489: No JTA platform available (set 'hibernate.transaction.jta.platform' to enable JTA platform integration)
2026-09-16 15:16:15 [restartedMain] INFO  o.s.o.j.LocalContainerEntityManagerFactoryBean - Initialized JPA EntityManagerFactory for persistence unit 'default'
2026-09-16 15:16:15 [restartedMain] INFO  o.s.d.j.r.q.QueryEnhancerFactories - Hibernate is in classpath; If applicable, HQL parser will be used.
2026-09-16 15:16:16 [restartedMain] INFO  o.s.s.c.a.a.c.InitializeUserDetailsBeanManagerConfigurer$InitializeUserDetailsManagerConfigurer - Global AuthenticationManager configured with UserDetailsService bean with name customUserDetailsService
2026-09-16 15:16:16 [restartedMain] INFO  o.a.coyote.http11.Http11NioProtocol - Starting ProtocolHandler ["http-nio-8080"]
2026-09-16 15:16:16 [restartedMain] INFO  o.s.boot.tomcat.TomcatWebServer - Tomcat started on port 8080 (http) with context path '/'
2026-09-16 15:16:16 [restartedMain] INFO  c.e.D.DocgenBackendApplication - Started DocgenBackendApplication in 18.455 seconds (process running for 19.369)
2026-09-16 15:17:00 [http-nio-8080-exec-2] INFO  o.a.c.c.C.[Tomcat].[localhost].[/] - Initializing Spring DispatcherServlet 'dispatcherServlet'
2026-09-16 15:17:00 [http-nio-8080-exec-2] INFO  o.s.web.servlet.DispatcherServlet - Initializing Servlet 'dispatcherServlet'
2026-09-16 15:17:00 [http-nio-8080-exec-2] INFO  o.s.web.servlet.DispatcherServlet - Completed initialization in 20 ms
2026-09-16 15:17:00 [http-nio-8080-exec-3] INFO  c.e.Docgen_Backend.config.JwtFilter - JWT validated successfully for userId=6a82a98a13421d60d7e0e553
2026-09-16 15:17:01 [http-nio-8080-exec-3] WARN  com.zaxxer.hikari.pool.PoolBase - HikariPool-1 - Failed to validate connection com.mysql.cj.jdbc.ConnectionImpl@20344b24 (No operations allowed after connection closed.). Possibly consider using a shorter maxLifetime value.
2026-09-16 15:17:01 [http-nio-8080-exec-3] WARN  com.zaxxer.hikari.pool.PoolBase - HikariPool-1 - Failed to validate connection com.mysql.cj.jdbc.ConnectionImpl@71aeeff0 (No operations allowed after connection closed.). Possibly consider using a shorter maxLifetime value.
2026-09-16 15:17:01 [http-nio-8080-exec-3] WARN  com.zaxxer.hikari.pool.PoolBase - HikariPool-1 - Failed to validate connection com.mysql.cj.jdbc.ConnectionImpl@6400baf9 (No operations allowed after connection closed.). Possibly consider using a shorter maxLifetime value.
2026-09-16 15:17:04 [http-nio-8080-exec-4] INFO  c.e.Docgen_Backend.config.JwtFilter - JWT validated successfully for userId=6a82a98a13421d60d7e0e553
2026-09-16 15:17:30 [http-nio-8080-exec-9] INFO  c.e.Docgen_Backend.config.JwtFilter - JWT validated successfully for userId=6a82a98a13421d60d7e0e553
2026-09-16 15:17:30 [http-nio-8080-exec-9] INFO  c.e.D.controller.UserController - GET /api/v2/users/217 - Fetch request received
2026-09-16 15:17:30 [http-nio-8080-exec-9] WARN  com.zaxxer.hikari.pool.PoolBase - HikariPool-1 - Failed to validate connection com.mysql.cj.jdbc.ConnectionImpl@24c0c141 (No operations allowed after connection closed.). Possibly consider using a shorter maxLifetime value.
2026-09-16 15:17:31 [http-nio-8080-exec-9] WARN  com.zaxxer.hikari.pool.PoolBase - HikariPool-1 - Failed to validate connection com.mysql.cj.jdbc.ConnectionImpl@3c104ac5 (No operations allowed after connection closed.). Possibly consider using a shorter maxLifetime value.
2026-09-16 15:17:31 [http-nio-8080-exec-9] WARN  com.zaxxer.hikari.pool.PoolBase - HikariPool-1 - Failed to validate connection com.mysql.cj.jdbc.ConnectionImpl@3891e607 (No operations allowed after connection closed.). Possibly consider using a shorter maxLifetime value.
2026-09-16 15:17:31 [http-nio-8080-exec-9] INFO  c.e.D.service.impl.UserServiceImpl - Fetching user profile for edit | userId=217 | requestedBy=6a82a98a13421d60d7e0e553
2026-09-16 15:17:31 [http-nio-8080-exec-9] DEBUG c.e.D.service.impl.UserServiceImpl - User found | userId=217 | employeeId=TEST0336
2026-09-16 15:17:31 [http-nio-8080-exec-9] INFO  c.e.D.service.impl.UserServiceImpl - User profile fetched successfully | userId=217 | timeTaken=178ms
2026-09-16 15:17:31 [http-nio-8080-exec-9] INFO  c.e.D.controller.UserController - Profile fetched successfully for userId=217
2026-09-16 15:17:31 [http-nio-8080-exec-9] DEBUG c.e.D.controller.UserController - Fetched profile data: UserProfileResponseDTO(id=217, employeeName=Test User Three, employeeId=TEST0336, email=prathamesh69bhavsar@gmail.com, mobileNo=8007454299, joiningDesignation=Java developer, currentDesignation=Full Stack Developer, department=IT, company=PSCS, identity=MR, pfType=WITHOUT_PF, accountNo=2568108019550, bankName=AU Small Finance Bank, currentAddress=N-42,VD-1/3/1,Sawta Nager,Cidco,Trimurti Chowk, permanentAddress=Pune, Maharashtra, joiningCTC=500000.0, currentCTC=970000.0, dateOfBirth=1212-12-12, offerDate=2023-07-01, joiningDate=2023-07-04, panNo=GFZPS5853Q, createdAt=null, documents={APPOINTMENT_LETTER=DocumentResponseDTO(generated=true, data={issueDate=2000-11-12, probationPeriod=3}), INTERNSHIP_LETTER=DocumentResponseDTO(generated=true, data={internshipType=UNPAID, endDate=1111-11-11, issueDate=1212-12-12, startDate=1331-12-13}), EXPERIENCE_LETTER=DocumentResponseDTO(generated=true, data={issueDate=2025-10-01, relievingDate=2025-10-01}), FULL_AND_FINAL=DocumentResponseDTO(generated=true, data={fnfDate=2025-10-01, totalDaysInMonth=30, month=2026-10, issueDate=2025-10-01, resignationDate=2025-09-01, paidDays=9, leavingDate=2025-10-01}), CONFIRMATION_LETTER=DocumentResponseDTO(generated=true, data={issueDate=2020-12-15, effectiveDate=2020-11-15}), INCREMENT_LETTER=DocumentResponseDTO(generated=true, data={issueDate=2025-04-01}), RELIEVING_LETTER=DocumentResponseDTO(generated=true, data={issueDate=2025-10-01, relievingDate=2025-10-01}), SALARY_SLIP=DocumentResponseDTO(generated=true, data={startMonth=2026-09, endMonth=2026-09}), COMPLETION_LETTER=DocumentResponseDTO(generated=true, data={completionDate=1000-12-12, issueDate=2020-12-15, startDate=1000-11-12}), OFFER_LETTER=DocumentResponseDTO(generated=true, data={issueDate=2023-07-01, probationPeriod=3})})
2026-09-16 15:17:31 [http-nio-8080-exec-8] INFO  c.e.Docgen_Backend.config.JwtFilter - JWT validated successfully for userId=6a82a98a13421d60d7e0e553
2026-09-16 15:17:31 [http-nio-8080-exec-8] INFO  c.e.D.controller.UserController - GET /api/v2/users/217 - Fetch request received
2026-09-16 15:17:31 [http-nio-8080-exec-8] INFO  c.e.D.service.impl.UserServiceImpl - Fetching user profile for edit | userId=217 | requestedBy=6a82a98a13421d60d7e0e553
2026-09-16 15:17:32 [http-nio-8080-exec-8] DEBUG c.e.D.service.impl.UserServiceImpl - User found | userId=217 | employeeId=TEST0336
2026-09-16 15:17:32 [http-nio-8080-exec-8] INFO  c.e.D.service.impl.UserServiceImpl - User profile fetched successfully | userId=217 | timeTaken=584ms
2026-09-16 15:17:32 [http-nio-8080-exec-8] INFO  c.e.D.controller.UserController - Profile fetched successfully for userId=217
2026-09-16 15:17:32 [http-nio-8080-exec-8] DEBUG c.e.D.controller.UserController - Fetched profile data: UserProfileResponseDTO(id=217, employeeName=Test User Three, employeeId=TEST0336, email=prathamesh69bhavsar@gmail.com, mobileNo=8007454299, joiningDesignation=Java developer, currentDesignation=Full Stack Developer, department=IT, company=PSCS, identity=MR, pfType=WITHOUT_PF, accountNo=2568108019550, bankName=AU Small Finance Bank, currentAddress=N-42,VD-1/3/1,Sawta Nager,Cidco,Trimurti Chowk, permanentAddress=Pune, Maharashtra, joiningCTC=500000.0, currentCTC=970000.0, dateOfBirth=1212-12-12, offerDate=2023-07-01, joiningDate=2023-07-04, panNo=GFZPS5853Q, createdAt=null, documents={APPOINTMENT_LETTER=DocumentResponseDTO(generated=true, data={issueDate=2000-11-12, probationPeriod=3}), INTERNSHIP_LETTER=DocumentResponseDTO(generated=true, data={internshipType=UNPAID, endDate=1111-11-11, issueDate=1212-12-12, startDate=1331-12-13}), EXPERIENCE_LETTER=DocumentResponseDTO(generated=true, data={issueDate=2025-10-01, relievingDate=2025-10-01}), FULL_AND_FINAL=DocumentResponseDTO(generated=true, data={fnfDate=2025-10-01, totalDaysInMonth=30, month=2026-10, issueDate=2025-10-01, resignationDate=2025-09-01, paidDays=9, leavingDate=2025-10-01}), CONFIRMATION_LETTER=DocumentResponseDTO(generated=true, data={issueDate=2020-12-15, effectiveDate=2020-11-15}), INCREMENT_LETTER=DocumentResponseDTO(generated=true, data={issueDate=2025-04-01}), RELIEVING_LETTER=DocumentResponseDTO(generated=true, data={issueDate=2025-10-01, relievingDate=2025-10-01}), SALARY_SLIP=DocumentResponseDTO(generated=true, data={startMonth=2026-09, endMonth=2026-09}), COMPLETION_LETTER=DocumentResponseDTO(generated=true, data={completionDate=1000-12-12, issueDate=2020-12-15, startDate=1000-11-12}), OFFER_LETTER=DocumentResponseDTO(generated=true, data={issueDate=2023-07-01, probationPeriod=3})})
2026-09-16 15:19:15 [HikariPool-1:housekeeper] WARN  com.zaxxer.hikari.pool.PoolBase - HikariPool-1 - Failed to validate connection com.mysql.cj.jdbc.ConnectionImpl@4b32ee2a (No operations allowed after connection closed.). Possibly consider using a shorter maxLifetime value.
2026-09-16 15:19:18 [HikariPool-1:housekeeper] WARN  com.zaxxer.hikari.pool.PoolBase - HikariPool-1 - Failed to validate connection com.mysql.cj.jdbc.ConnectionImpl@7ab360fe (No operations allowed after connection closed.). Possibly consider using a shorter maxLifetime value.
2026-09-16 15:19:23 [HikariPool-1:housekeeper] WARN  com.zaxxer.hikari.pool.PoolBase - HikariPool-1 - Failed to validate connection com.mysql.cj.jdbc.ConnectionImpl@7702e211 (No operations allowed after connection closed.). Possibly consider using a shorter maxLifetime value.
2026-09-16 15:20:49 [http-nio-8080-exec-1] INFO  c.e.Docgen_Backend.config.JwtFilter - JWT validated successfully for userId=6a82a98a13421d60d7e0e553
2026-09-16 15:20:50 [http-nio-8080-exec-1] INFO  c.e.D.controller.UserController - PATCH /api/v2/users/217 - Update request received for employeeId=TEST0336
2026-09-16 15:20:50 [http-nio-8080-exec-1] DEBUG c.e.D.controller.UserController - Update payload: CreateProfileRequest(employeeName=Test User Three, email=prathamesh69bhavsar@gmail.com, mobileNo=8007454299, employeeId=TEST0336, joiningDesignation=Java developer, currentDesignation=Full Stack Developer, department=IT, currentAddress=N-42,VD-1/3/1,Sawta Nager,Cidco,Trimurti Chowk, permanentAddress=Pune, Maharashtra, accountNo=2568108019550, bankName=AU Small Finance Bank, joiningCTC=500000.0, currentCTC=970000.0, dateOfBirth=1212-12-12, offerDate=2023-07-01, joiningDate=2023-07-04, panNo=GFZPS5853Q, company=PSCS, pfType=WITH_PF, identity=MR, documents=[APPOINTMENT_LETTER, INTERNSHIP_LETTER, EXPERIENCE_LETTER, FULL_AND_FINAL, CONFIRMATION_LETTER, INCREMENT_LETTER, RELIEVING_LETTER, SALARY_SLIP, COMPLETION_LETTER, OFFER_LETTER], documentData={OFFER_LETTER={issueDate=2023-07-01, probationPeriod=3}, APPOINTMENT_LETTER={issueDate=2000-11-12, probationPeriod=3}, INCREMENT_LETTER={issueDate=2025-04-01}, INTERNSHIP_LETTER={internshipType=null, stipend=0, startDate=1331-12-13, endDate=1111-11-11, issueDate=1212-12-12}, COMPLETION_LETTER={startDate=1000-11-12, completionDate=1000-12-12, issueDate=2023-07-01}, CONFIRMATION_LETTER={effectiveDate=2020-11-15, issueDate=2020-12-15}, EXPERIENCE_LETTER={relievingDate=2025-10-01, issueDate=2025-10-01}, RELIEVING_LETTER={relievingDate=2025-10-01, issueDate=2025-10-01}, FULL_AND_FINAL={fnfDate=2025-10-01, issueDate=2025-10-01, month=2026-10, resignationDate=2025-09-01, leavingDate=2025-10-01, paidDays=9, totalDaysInMonth=30}, SALARY_SLIP={startMonth=2026-09, endMonth=2026-09, salaryWorkdays={2026-09=30}}})
2026-09-16 15:20:50 [http-nio-8080-exec-1] WARN  com.zaxxer.hikari.pool.PoolBase - HikariPool-1 - Failed to validate connection com.mysql.cj.jdbc.ConnectionImpl@293a872d (No operations allowed after connection closed.). Possibly consider using a shorter maxLifetime value.
2026-09-16 15:20:50 [http-nio-8080-exec-1] WARN  com.zaxxer.hikari.pool.PoolBase - HikariPool-1 - Failed to validate connection com.mysql.cj.jdbc.ConnectionImpl@721e1d13 (No operations allowed after connection closed.). Possibly consider using a shorter maxLifetime value.
2026-09-16 15:20:50 [http-nio-8080-exec-1] INFO  c.e.D.service.impl.UserServiceImpl - Updating user profile | userId=217 | employeeId=TEST0336
2026-09-16 15:20:50 [http-nio-8080-exec-1] DEBUG c.e.D.service.impl.UserServiceImpl - Existing user fetched | userId=217 | oldEmployeeId=TEST0336
2026-09-16 15:20:50 [http-nio-8080-exec-1] DEBUG c.e.D.service.impl.UserServiceImpl - Updating documents | userId=217
2026-09-16 15:20:50 [http-nio-8080-exec-1] ERROR c.e.D.service.impl.UserServiceImpl - Error while updating user profile | userId=217 | error=internshipType is required
java.lang.IllegalArgumentException: internshipType is required
	at com.example.Docgen_Backend.service.impl.UserServiceImpl.getRequiredString(UserServiceImpl.java:193)
	at com.example.Docgen_Backend.service.impl.UserServiceImpl.upsertInternshipLetter(UserServiceImpl.java:905)
	at com.example.Docgen_Backend.service.impl.UserServiceImpl.processUpdateDocuments(UserServiceImpl.java:794)
	at com.example.Docgen_Backend.service.impl.UserServiceImpl.updateProfile(UserServiceImpl.java:744)
	at java.base/jdk.internal.reflect.DirectMethodHandleAccessor.invoke(DirectMethodHandleAccessor.java:103)
	at java.base/java.lang.reflect.Method.invoke(Method.java:580)
	at org.springframework.aop.support.AopUtils.invokeJoinpointUsingReflection(AopUtils.java:359)
	at org.springframework.aop.framework.ReflectiveMethodInvocation.invokeJoinpoint(ReflectiveMethodInvocation.java:190)
	at org.springframework.aop.framework.ReflectiveMethodInvocation.proceed(ReflectiveMethodInvocation.java:158)
	at org.springframework.transaction.interceptor.TransactionInterceptor$1.proceedWithInvocation(TransactionInterceptor.java:133)
	at org.springframework.transaction.interceptor.TransactionAspectSupport.invokeWithinTransaction(TransactionAspectSupport.java:371)
	at org.springframework.transaction.interceptor.TransactionInterceptor.invoke(TransactionInterceptor.java:130)
	at org.springframework.aop.framework.ReflectiveMethodInvocation.proceed(ReflectiveMethodInvocation.java:179)
	at org.springframework.aop.framework.CglibAopProxy$DynamicAdvisedInterceptor.intercept(CglibAopProxy.java:719)
	at com.example.Docgen_Backend.service.impl.UserServiceImpl$$SpringCGLIB$$0.updateProfile(<generated>)
	at com.example.Docgen_Backend.controller.UserController.updateProfile(UserController.java:155)
	at java.base/jdk.internal.reflect.DirectMethodHandleAccessor.invoke(DirectMethodHandleAccessor.java:103)
	at java.base/java.lang.reflect.Method.invoke(Method.java:580)
	at org.springframework.web.method.support.InvocableHandlerMethod.doInvoke(InvocableHandlerMethod.java:252)
	at org.springframework.web.method.support.InvocableHandlerMethod.invokeForRequest(InvocableHandlerMethod.java:184)
	at org.springframework.web.servlet.mvc.method.annotation.ServletInvocableHandlerMethod.invokeAndHandle(ServletInvocableHandlerMethod.java:117)
	at org.springframework.web.servlet.mvc.method.annotation.RequestMappingHandlerAdapter.invokeHandlerMethod(RequestMappingHandlerAdapter.java:934)
	at org.springframework.web.servlet.mvc.method.annotation.RequestMappingHandlerAdapter.handleInternal(RequestMappingHandlerAdapter.java:853)
	at org.springframework.web.servlet.mvc.method.AbstractHandlerMethodAdapter.handle(AbstractHandlerMethodAdapter.java:86)
	at org.springframework.web.servlet.DispatcherServlet.doDispatch(DispatcherServlet.java:963)
	at org.springframework.web.servlet.DispatcherServlet.doService(DispatcherServlet.java:866)
	at org.springframework.web.servlet.FrameworkServlet.processRequest(FrameworkServlet.java:1000)
	at org.springframework.web.servlet.FrameworkServlet.service(FrameworkServlet.java:877)
	at jakarta.servlet.http.HttpServlet.service(HttpServlet.java:710)
	at org.apache.catalina.core.ApplicationFilterChain.doFilter(ApplicationFilterChain.java:128)
	at org.apache.tomcat.websocket.server.WsFilter.doFilter(WsFilter.java:53)
	at org.apache.catalina.core.ApplicationFilterChain.doFilter(ApplicationFilterChain.java:107)
	at org.springframework.web.filter.OncePerRequestFilter.doFilter(OncePerRequestFilter.java:110)
	at org.apache.catalina.core.ApplicationFilterChain.doFilter(ApplicationFilterChain.java:107)
	at org.springframework.web.filter.CompositeFilter$VirtualFilterChain.doFilter(CompositeFilter.java:108)
	at org.springframework.security.web.FilterChainProxy.lambda$doFilterInternal$3(FilterChainProxy.java:235)
	at org.springframework.security.web.FilterChainProxy$VirtualFilterChain.doFilter(FilterChainProxy.java:376)
	at org.springframework.security.web.access.intercept.AuthorizationFilter.doFilter(AuthorizationFilter.java:101)
	at org.springframework.security.web.FilterChainProxy$VirtualFilterChain.doFilter(FilterChainProxy.java:385)
	at org.springframework.security.web.access.ExceptionTranslationFilter.doFilter(ExceptionTranslationFilter.java:126)
	at org.springframework.security.web.access.ExceptionTranslationFilter.doFilter(ExceptionTranslationFilter.java:120)
	at org.springframework.security.web.FilterChainProxy$VirtualFilterChain.doFilter(FilterChainProxy.java:385)
	at org.springframework.security.web.session.SessionManagementFilter.doFilter(SessionManagementFilter.java:132)
	at org.springframework.security.web.session.SessionManagementFilter.doFilter(SessionManagementFilter.java:86)
	at org.springframework.security.web.FilterChainProxy$VirtualFilterChain.doFilter(FilterChainProxy.java:385)
	at org.springframework.security.web.authentication.AnonymousAuthenticationFilter.doFilter(AnonymousAuthenticationFilter.java:100)
	at org.springframework.security.web.FilterChainProxy$VirtualFilterChain.doFilter(FilterChainProxy.java:385)
	at org.springframework.security.web.servletapi.SecurityContextHolderAwareRequestFilter.doFilter(SecurityContextHolderAwareRequestFilter.java:181)
	at org.springframework.security.web.FilterChainProxy$VirtualFilterChain.doFilter(FilterChainProxy.java:385)
	at org.springframework.security.web.savedrequest.RequestCacheAwareFilter.doFilter(RequestCacheAwareFilter.java:63)
	at org.springframework.security.web.FilterChainProxy$VirtualFilterChain.doFilter(FilterChainProxy.java:385)
	at com.example.Docgen_Backend.config.JwtFilter.doFilterInternal(JwtFilter.java:118)
	at org.springframework.web.filter.OncePerRequestFilter.doFilter(OncePerRequestFilter.java:116)
	at org.springframework.security.web.FilterChainProxy$VirtualFilterChain.doFilter(FilterChainProxy.java:385)
	at org.springframework.security.web.authentication.logout.LogoutFilter.doFilter(LogoutFilter.java:110)
	at org.springframework.security.web.authentication.logout.LogoutFilter.doFilter(LogoutFilter.java:96)
	at org.springframework.security.web.FilterChainProxy$VirtualFilterChain.doFilter(FilterChainProxy.java:385)
	at org.springframework.web.filter.CorsFilter.doFilterInternal(CorsFilter.java:91)
	at org.springframework.web.filter.OncePerRequestFilter.doFilter(OncePerRequestFilter.java:116)
	at org.springframework.security.web.FilterChainProxy$VirtualFilterChain.doFilter(FilterChainProxy.java:385)
	at org.springframework.security.web.header.HeaderWriterFilter.doHeadersAfter(HeaderWriterFilter.java:90)
	at org.springframework.security.web.header.HeaderWriterFilter.doFilterInternal(HeaderWriterFilter.java:75)
	at org.springframework.web.filter.OncePerRequestFilter.doFilter(OncePerRequestFilter.java:116)
	at org.springframework.security.web.FilterChainProxy$VirtualFilterChain.doFilter(FilterChainProxy.java:385)
	at org.springframework.security.web.context.SecurityContextHolderFilter.doFilter(SecurityContextHolderFilter.java:82)
	at org.springframework.security.web.context.SecurityContextHolderFilter.doFilter(SecurityContextHolderFilter.java:69)
	at org.springframework.security.web.FilterChainProxy$VirtualFilterChain.doFilter(FilterChainProxy.java:385)
	at org.springframework.security.web.context.request.async.WebAsyncManagerIntegrationFilter.doFilterInternal(WebAsyncManagerIntegrationFilter.java:62)
	at org.springframework.web.filter.OncePerRequestFilter.doFilter(OncePerRequestFilter.java:116)
	at org.springframework.security.web.FilterChainProxy$VirtualFilterChain.doFilter(FilterChainProxy.java:385)
	at org.springframework.security.web.session.DisableEncodeUrlFilter.doFilterInternal(DisableEncodeUrlFilter.java:42)
	at org.springframework.web.filter.OncePerRequestFilter.doFilter(OncePerRequestFilter.java:116)
	at org.springframework.security.web.FilterChainProxy$VirtualFilterChain.doFilter(FilterChainProxy.java:385)
	at org.springframework.security.web.FilterChainProxy.doFilterInternal(FilterChainProxy.java:237)
	at org.springframework.security.web.FilterChainProxy.doFilter(FilterChainProxy.java:195)
	at org.springframework.web.filter.CompositeFilter$VirtualFilterChain.doFilter(CompositeFilter.java:113)
	at org.springframework.web.filter.ServletRequestPathFilter.doFilter(ServletRequestPathFilter.java:52)
	at org.springframework.web.filter.CompositeFilter$VirtualFilterChain.doFilter(CompositeFilter.java:113)
	at org.springframework.web.filter.CompositeFilter.doFilter(CompositeFilter.java:74)
	at org.springframework.security.config.annotation.web.configuration.WebSecurityConfiguration$CompositeFilterChainProxy.doFilter(WebSecurityConfiguration.java:317)
	at org.springframework.web.filter.DelegatingFilterProxy.invokeDelegate(DelegatingFilterProxy.java:355)
	at org.springframework.web.filter.DelegatingFilterProxy.doFilter(DelegatingFilterProxy.java:272)
	at org.apache.catalina.core.ApplicationFilterChain.doFilter(ApplicationFilterChain.java:107)
	at org.springframework.web.filter.RequestContextFilter.doFilterInternal(RequestContextFilter.java:100)
	at org.springframework.web.filter.OncePerRequestFilter.doFilter(OncePerRequestFilter.java:116)
	at org.apache.catalina.core.ApplicationFilterChain.doFilter(ApplicationFilterChain.java:107)
	at org.springframework.web.filter.FormContentFilter.doFilterInternal(FormContentFilter.java:93)
	at org.springframework.web.filter.OncePerRequestFilter.doFilter(OncePerRequestFilter.java:116)
	at org.apache.catalina.core.ApplicationFilterChain.doFilter(ApplicationFilterChain.java:107)
	at org.springframework.web.filter.CharacterEncodingFilter.doFilterInternal(CharacterEncodingFilter.java:199)
	at org.springframework.web.filter.OncePerRequestFilter.doFilter(OncePerRequestFilter.java:116)
	at org.apache.catalina.core.ApplicationFilterChain.doFilter(ApplicationFilterChain.java:107)
	at org.apache.catalina.core.StandardWrapperValve.invoke(StandardWrapperValve.java:165)
	at org.apache.catalina.core.StandardContextValve.invoke(StandardContextValve.java:77)
	at org.apache.catalina.authenticator.AuthenticatorBase.invoke(AuthenticatorBase.java:492)
	at org.apache.catalina.core.StandardHostValve.invoke(StandardHostValve.java:113)
	at org.apache.catalina.valves.ErrorReportValve.invoke(ErrorReportValve.java:83)
	at org.apache.catalina.core.StandardEngineValve.invoke(StandardEngineValve.java:72)
	at org.apache.catalina.connector.CoyoteAdapter.service(CoyoteAdapter.java:341)
	at org.apache.coyote.http11.Http11Processor.service(Http11Processor.java:397)
	at org.apache.coyote.AbstractProcessorLight.process(AbstractProcessorLight.java:63)
	at org.apache.coyote.AbstractProtocol$ConnectionHandler.process(AbstractProtocol.java:903)
	at org.apache.tomcat.util.net.NioEndpoint$SocketProcessor.doRun(NioEndpoint.java:1801)
	at org.apache.tomcat.util.net.SocketProcessorBase.run(SocketProcessorBase.java:52)
	at org.apache.tomcat.util.threads.ThreadPoolExecutor.runWorker(ThreadPoolExecutor.java:946)
	at org.apache.tomcat.util.threads.ThreadPoolExecutor$Worker.run(ThreadPoolExecutor.java:480)
	at org.apache.tomcat.util.threads.TaskThread$WrappingRunnable.run(TaskThread.java:57)
	at java.base/java.lang.Thread.run(Thread.java:1583)
2026-09-16 15:20:50 [http-nio-8080-exec-1] ERROR c.e.D.e.GlobalExceptionHandler - Invalid input: internshipType is required
2026-09-16 15:20:50 [http-nio-8080-exec-1] WARN  o.s.w.s.m.m.a.ExceptionHandlerExceptionResolver - Resolved [java.lang.IllegalArgumentException: internshipType is required]
2026-09-16 15:22:29 [HikariPool-1:housekeeper] WARN  com.zaxxer.hikari.pool.PoolBase - HikariPool-1 - Failed to validate connection com.mysql.cj.jdbc.ConnectionImpl@2b1d1165 (No operations allowed after connection closed.). Possibly consider using a shorter maxLifetime value.
2026-09-16 15:22:32 [HikariPool-1:housekeeper] WARN  com.zaxxer.hikari.pool.PoolBase - HikariPool-1 - Failed to validate connection com.mysql.cj.jdbc.ConnectionImpl@c7495e0 (No operations allowed after connection closed.). Possibly consider using a shorter maxLifetime value.
2026-09-16 15:22:40 [HikariPool-1:housekeeper] WARN  com.zaxxer.hikari.pool.PoolBase - HikariPool-1 - Failed to validate connection com.mysql.cj.jdbc.ConnectionImpl@6c06ec15 (No operations allowed after connection closed.). Possibly consider using a shorter maxLifetime value.
2026-09-16 15:22:52 [http-nio-8080-exec-4] INFO  c.e.Docgen_Backend.config.JwtFilter - JWT validated successfully for userId=6a82a98a13421d60d7e0e553
2026-09-16 15:22:52 [http-nio-8080-exec-4] INFO  c.e.D.controller.UserController - PATCH /api/v2/users/217 - Update request received for employeeId=TEST0336
2026-09-16 15:22:52 [http-nio-8080-exec-4] DEBUG c.e.D.controller.UserController - Update payload: CreateProfileRequest(employeeName=Test User Three, email=prathamesh69bhavsar@gmail.com, mobileNo=8007454299, employeeId=TEST0336, joiningDesignation=Java developer, currentDesignation=Full Stack Developer, department=IT, currentAddress=N-42,VD-1/3/1,Sawta Nager,Cidco,Trimurti Chowk, permanentAddress=Pune, Maharashtra, accountNo=2568108019550, bankName=AU Small Finance Bank, joiningCTC=500000.0, currentCTC=970000.0, dateOfBirth=1212-12-12, offerDate=2023-07-01, joiningDate=2023-07-04, panNo=GFZPS5853Q, company=PSCS, pfType=WITHOUT_PF, identity=MR, documents=[APPOINTMENT_LETTER, INTERNSHIP_LETTER, EXPERIENCE_LETTER, FULL_AND_FINAL, CONFIRMATION_LETTER, INCREMENT_LETTER, RELIEVING_LETTER, SALARY_SLIP, COMPLETION_LETTER, OFFER_LETTER], documentData={OFFER_LETTER={issueDate=2023-07-01, probationPeriod=3}, APPOINTMENT_LETTER={issueDate=2000-11-12, probationPeriod=3}, INCREMENT_LETTER={issueDate=2025-04-01}, INTERNSHIP_LETTER={internshipType=null, stipend=0, startDate=1331-12-13, endDate=1111-11-11, issueDate=1212-12-12}, COMPLETION_LETTER={startDate=1000-11-12, completionDate=1000-12-12, issueDate=2023-07-01}, CONFIRMATION_LETTER={effectiveDate=2020-11-15, issueDate=2020-12-15}, EXPERIENCE_LETTER={relievingDate=2025-10-01, issueDate=2025-10-01}, RELIEVING_LETTER={relievingDate=2025-10-01, issueDate=2025-10-01}, FULL_AND_FINAL={fnfDate=2025-10-01, issueDate=2025-10-01, month=2026-10, resignationDate=2025-09-01, leavingDate=2025-10-01, paidDays=9, totalDaysInMonth=30}, SALARY_SLIP={startMonth=2026-09, endMonth=2026-09, salaryWorkdays={2026-09=30}}})
2026-09-16 15:22:52 [http-nio-8080-exec-4] INFO  c.e.D.service.impl.UserServiceImpl - Updating user profile | userId=217 | employeeId=TEST0336
2026-09-16 15:22:52 [http-nio-8080-exec-4] DEBUG c.e.D.service.impl.UserServiceImpl - Existing user fetched | userId=217 | oldEmployeeId=TEST0336
2026-09-16 15:22:52 [http-nio-8080-exec-4] DEBUG c.e.D.service.impl.UserServiceImpl - Updating documents | userId=217
2026-09-16 15:22:52 [http-nio-8080-exec-4] ERROR c.e.D.service.impl.UserServiceImpl - Error while updating user profile | userId=217 | error=internshipType is required
java.lang.IllegalArgumentException: internshipType is required
	at com.example.Docgen_Backend.service.impl.UserServiceImpl.getRequiredString(UserServiceImpl.java:193)
	at com.example.Docgen_Backend.service.impl.UserServiceImpl.upsertInternshipLetter(UserServiceImpl.java:905)
	at com.example.Docgen_Backend.service.impl.UserServiceImpl.processUpdateDocuments(UserServiceImpl.java:794)
	at com.example.Docgen_Backend.service.impl.UserServiceImpl.updateProfile(UserServiceImpl.java:744)
	at java.base/jdk.internal.reflect.DirectMethodHandleAccessor.invoke(DirectMethodHandleAccessor.java:103)
	at java.base/java.lang.reflect.Method.invoke(Method.java:580)
	at org.springframework.aop.support.AopUtils.invokeJoinpointUsingReflection(AopUtils.java:359)
	at org.springframework.aop.framework.ReflectiveMethodInvocation.invokeJoinpoint(ReflectiveMethodInvocation.java:190)
	at org.springframework.aop.framework.ReflectiveMethodInvocation.proceed(ReflectiveMethodInvocation.java:158)
	at org.springframework.transaction.interceptor.TransactionInterceptor$1.proceedWithInvocation(TransactionInterceptor.java:133)
	at org.springframework.transaction.interceptor.TransactionAspectSupport.invokeWithinTransaction(TransactionAspectSupport.java:371)
	at org.springframework.transaction.interceptor.TransactionInterceptor.invoke(TransactionInterceptor.java:130)
	at org.springframework.aop.framework.ReflectiveMethodInvocation.proceed(ReflectiveMethodInvocation.java:179)
	at org.springframework.aop.framework.CglibAopProxy$DynamicAdvisedInterceptor.intercept(CglibAopProxy.java:719)
	at com.example.Docgen_Backend.service.impl.UserServiceImpl$$SpringCGLIB$$0.updateProfile(<generated>)
	at com.example.Docgen_Backend.controller.UserController.updateProfile(UserController.java:155)
	at java.base/jdk.internal.reflect.DirectMethodHandleAccessor.invoke(DirectMethodHandleAccessor.java:103)
	at java.base/java.lang.reflect.Method.invoke(Method.java:580)
	at org.springframework.web.method.support.InvocableHandlerMethod.doInvoke(InvocableHandlerMethod.java:252)
	at org.springframework.web.method.support.InvocableHandlerMethod.invokeForRequest(InvocableHandlerMethod.java:184)
	at org.springframework.web.servlet.mvc.method.annotation.ServletInvocableHandlerMethod.invokeAndHandle(ServletInvocableHandlerMethod.java:117)
	at org.springframework.web.servlet.mvc.method.annotation.RequestMappingHandlerAdapter.invokeHandlerMethod(RequestMappingHandlerAdapter.java:934)
	at org.springframework.web.servlet.mvc.method.annotation.RequestMappingHandlerAdapter.handleInternal(RequestMappingHandlerAdapter.java:853)
	at org.springframework.web.servlet.mvc.method.AbstractHandlerMethodAdapter.handle(AbstractHandlerMethodAdapter.java:86)
	at org.springframework.web.servlet.DispatcherServlet.doDispatch(DispatcherServlet.java:963)
	at org.springframework.web.servlet.DispatcherServlet.doService(DispatcherServlet.java:866)
	at org.springframework.web.servlet.FrameworkServlet.processRequest(FrameworkServlet.java:1000)
	at org.springframework.web.servlet.FrameworkServlet.service(FrameworkServlet.java:877)
	at jakarta.servlet.http.HttpServlet.service(HttpServlet.java:710)
	at org.apache.catalina.core.ApplicationFilterChain.doFilter(ApplicationFilterChain.java:128)
	at org.apache.tomcat.websocket.server.WsFilter.doFilter(WsFilter.java:53)
	at org.apache.catalina.core.ApplicationFilterChain.doFilter(ApplicationFilterChain.java:107)
	at org.springframework.web.filter.OncePerRequestFilter.doFilter(OncePerRequestFilter.java:110)
	at org.apache.catalina.core.ApplicationFilterChain.doFilter(ApplicationFilterChain.java:107)
	at org.springframework.web.filter.CompositeFilter$VirtualFilterChain.doFilter(CompositeFilter.java:108)
	at org.springframework.security.web.FilterChainProxy.lambda$doFilterInternal$3(FilterChainProxy.java:235)
	at org.springframework.security.web.FilterChainProxy$VirtualFilterChain.doFilter(FilterChainProxy.java:376)
	at org.springframework.security.web.access.intercept.AuthorizationFilter.doFilter(AuthorizationFilter.java:101)
	at org.springframework.security.web.FilterChainProxy$VirtualFilterChain.doFilter(FilterChainProxy.java:385)
	at org.springframework.security.web.access.ExceptionTranslationFilter.doFilter(ExceptionTranslationFilter.java:126)
	at org.springframework.security.web.access.ExceptionTranslationFilter.doFilter(ExceptionTranslationFilter.java:120)
	at org.springframework.security.web.FilterChainProxy$VirtualFilterChain.doFilter(FilterChainProxy.java:385)
	at org.springframework.security.web.session.SessionManagementFilter.doFilter(SessionManagementFilter.java:132)
	at org.springframework.security.web.session.SessionManagementFilter.doFilter(SessionManagementFilter.java:86)
	at org.springframework.security.web.FilterChainProxy$VirtualFilterChain.doFilter(FilterChainProxy.java:385)
	at org.springframework.security.web.authentication.AnonymousAuthenticationFilter.doFilter(AnonymousAuthenticationFilter.java:100)
	at org.springframework.security.web.FilterChainProxy$VirtualFilterChain.doFilter(FilterChainProxy.java:385)
	at org.springframework.security.web.servletapi.SecurityContextHolderAwareRequestFilter.doFilter(SecurityContextHolderAwareRequestFilter.java:181)
	at org.springframework.security.web.FilterChainProxy$VirtualFilterChain.doFilter(FilterChainProxy.java:385)
	at org.springframework.security.web.savedrequest.RequestCacheAwareFilter.doFilter(RequestCacheAwareFilter.java:63)
	at org.springframework.security.web.FilterChainProxy$VirtualFilterChain.doFilter(FilterChainProxy.java:385)
	at com.example.Docgen_Backend.config.JwtFilter.doFilterInternal(JwtFilter.java:118)
	at org.springframework.web.filter.OncePerRequestFilter.doFilter(OncePerRequestFilter.java:116)
	at org.springframework.security.web.FilterChainProxy$VirtualFilterChain.doFilter(FilterChainProxy.java:385)
	at org.springframework.security.web.authentication.logout.LogoutFilter.doFilter(LogoutFilter.java:110)
	at org.springframework.security.web.authentication.logout.LogoutFilter.doFilter(LogoutFilter.java:96)
	at org.springframework.security.web.FilterChainProxy$VirtualFilterChain.doFilter(FilterChainProxy.java:385)
	at org.springframework.web.filter.CorsFilter.doFilterInternal(CorsFilter.java:91)
	at org.springframework.web.filter.OncePerRequestFilter.doFilter(OncePerRequestFilter.java:116)
	at org.springframework.security.web.FilterChainProxy$VirtualFilterChain.doFilter(FilterChainProxy.java:385)
	at org.springframework.security.web.header.HeaderWriterFilter.doHeadersAfter(HeaderWriterFilter.java:90)
	at org.springframework.security.web.header.HeaderWriterFilter.doFilterInternal(HeaderWriterFilter.java:75)
	at org.springframework.web.filter.OncePerRequestFilter.doFilter(OncePerRequestFilter.java:116)
	at org.springframework.security.web.FilterChainProxy$VirtualFilterChain.doFilter(FilterChainProxy.java:385)
	at org.springframework.security.web.context.SecurityContextHolderFilter.doFilter(SecurityContextHolderFilter.java:82)
	at org.springframework.security.web.context.SecurityContextHolderFilter.doFilter(SecurityContextHolderFilter.java:69)
	at org.springframework.security.web.FilterChainProxy$VirtualFilterChain.doFilter(FilterChainProxy.java:385)
	at org.springframework.security.web.context.request.async.WebAsyncManagerIntegrationFilter.doFilterInternal(WebAsyncManagerIntegrationFilter.java:62)
	at org.springframework.web.filter.OncePerRequestFilter.doFilter(OncePerRequestFilter.java:116)
	at org.springframework.security.web.FilterChainProxy$VirtualFilterChain.doFilter(FilterChainProxy.java:385)
	at org.springframework.security.web.session.DisableEncodeUrlFilter.doFilterInternal(DisableEncodeUrlFilter.java:42)
	at org.springframework.web.filter.OncePerRequestFilter.doFilter(OncePerRequestFilter.java:116)
	at org.springframework.security.web.FilterChainProxy$VirtualFilterChain.doFilter(FilterChainProxy.java:385)
	at org.springframework.security.web.FilterChainProxy.doFilterInternal(FilterChainProxy.java:237)
	at org.springframework.security.web.FilterChainProxy.doFilter(FilterChainProxy.java:195)
	at org.springframework.web.filter.CompositeFilter$VirtualFilterChain.doFilter(CompositeFilter.java:113)
	at org.springframework.web.filter.ServletRequestPathFilter.doFilter(ServletRequestPathFilter.java:52)
	at org.springframework.web.filter.CompositeFilter$VirtualFilterChain.doFilter(CompositeFilter.java:113)
	at org.springframework.web.filter.CompositeFilter.doFilter(CompositeFilter.java:74)
	at org.springframework.security.config.annotation.web.configuration.WebSecurityConfiguration$CompositeFilterChainProxy.doFilter(WebSecurityConfiguration.java:317)
	at org.springframework.web.filter.DelegatingFilterProxy.invokeDelegate(DelegatingFilterProxy.java:355)
	at org.springframework.web.filter.DelegatingFilterProxy.doFilter(DelegatingFilterProxy.java:272)
	at org.apache.catalina.core.ApplicationFilterChain.doFilter(ApplicationFilterChain.java:107)
	at org.springframework.web.filter.RequestContextFilter.doFilterInternal(RequestContextFilter.java:100)
	at org.springframework.web.filter.OncePerRequestFilter.doFilter(OncePerRequestFilter.java:116)
	at org.apache.catalina.core.ApplicationFilterChain.doFilter(ApplicationFilterChain.java:107)
	at org.springframework.web.filter.FormContentFilter.doFilterInternal(FormContentFilter.java:93)
	at org.springframework.web.filter.OncePerRequestFilter.doFilter(OncePerRequestFilter.java:116)
	at org.apache.catalina.core.ApplicationFilterChain.doFilter(ApplicationFilterChain.java:107)
	at org.springframework.web.filter.CharacterEncodingFilter.doFilterInternal(CharacterEncodingFilter.java:199)
	at org.springframework.web.filter.OncePerRequestFilter.doFilter(OncePerRequestFilter.java:116)
	at org.apache.catalina.core.ApplicationFilterChain.doFilter(ApplicationFilterChain.java:107)
	at org.apache.catalina.core.StandardWrapperValve.invoke(StandardWrapperValve.java:165)
	at org.apache.catalina.core.StandardContextValve.invoke(StandardContextValve.java:77)
	at org.apache.catalina.authenticator.AuthenticatorBase.invoke(AuthenticatorBase.java:492)
	at org.apache.catalina.core.StandardHostValve.invoke(StandardHostValve.java:113)
	at org.apache.catalina.valves.ErrorReportValve.invoke(ErrorReportValve.java:83)
	at org.apache.catalina.core.StandardEngineValve.invoke(StandardEngineValve.java:72)
	at org.apache.catalina.connector.CoyoteAdapter.service(CoyoteAdapter.java:341)
	at org.apache.coyote.http11.Http11Processor.service(Http11Processor.java:397)
	at org.apache.coyote.AbstractProcessorLight.process(AbstractProcessorLight.java:63)
	at org.apache.coyote.AbstractProtocol$ConnectionHandler.process(AbstractProtocol.java:903)
	at org.apache.tomcat.util.net.NioEndpoint$SocketProcessor.doRun(NioEndpoint.java:1801)
	at org.apache.tomcat.util.net.SocketProcessorBase.run(SocketProcessorBase.java:52)
	at org.apache.tomcat.util.threads.ThreadPoolExecutor.runWorker(ThreadPoolExecutor.java:946)
	at org.apache.tomcat.util.threads.ThreadPoolExecutor$Worker.run(ThreadPoolExecutor.java:480)
	at org.apache.tomcat.util.threads.TaskThread$WrappingRunnable.run(TaskThread.java:57)
	at java.base/java.lang.Thread.run(Thread.java:1583)
2026-09-16 15:22:52 [http-nio-8080-exec-4] ERROR c.e.D.e.GlobalExceptionHandler - Invalid input: internshipType is required
2026-09-16 15:22:52 [http-nio-8080-exec-4] WARN  o.s.w.s.m.m.a.ExceptionHandlerExceptionResolver - Resolved [java.lang.IllegalArgumentException: internshipType is required]
2026-09-16 15:23:04 [http-nio-8080-exec-6] INFO  c.e.Docgen_Backend.config.JwtFilter - JWT validated successfully for userId=6a82a98a13421d60d7e0e553
2026-09-16 15:23:04 [http-nio-8080-exec-6] INFO  c.e.D.controller.UserController - PATCH /api/v2/users/217 - Update request received for employeeId=TEST0336
2026-09-16 15:23:04 [http-nio-8080-exec-6] DEBUG c.e.D.controller.UserController - Update payload: CreateProfileRequest(employeeName=Test User Three, email=prathamesh69bhavsar@gmail.com, mobileNo=8007454299, employeeId=TEST0336, joiningDesignation=Java developer, currentDesignation=Full Stack Developer, department=IT, currentAddress=N-42,VD-1/3/1,Sawta Nager,Cidco,Trimurti Chowk, permanentAddress=Pune, Maharashtra, accountNo=2568108019550, bankName=AU Small Finance Bank, joiningCTC=500000.0, currentCTC=970000.0, dateOfBirth=1212-12-12, offerDate=2023-07-01, joiningDate=2023-07-04, panNo=GFZPS5853Q, company=PSCS, pfType=WITHOUT_PF, identity=MR, documents=[APPOINTMENT_LETTER, INTERNSHIP_LETTER, EXPERIENCE_LETTER, FULL_AND_FINAL, CONFIRMATION_LETTER, INCREMENT_LETTER, RELIEVING_LETTER, SALARY_SLIP, COMPLETION_LETTER, OFFER_LETTER], documentData={OFFER_LETTER={issueDate=2023-07-01, probationPeriod=3}, APPOINTMENT_LETTER={issueDate=2000-11-12, probationPeriod=3}, INCREMENT_LETTER={issueDate=2025-04-01}, INTERNSHIP_LETTER={internshipType=UNPAID, stipend=0, startDate=1331-12-13, endDate=1111-11-11, issueDate=1212-12-12}, COMPLETION_LETTER={startDate=1000-11-12, completionDate=1000-12-12, issueDate=2023-07-01}, CONFIRMATION_LETTER={effectiveDate=2020-11-15, issueDate=2020-12-15}, EXPERIENCE_LETTER={relievingDate=2025-10-01, issueDate=2025-10-01}, RELIEVING_LETTER={relievingDate=2025-10-01, issueDate=2025-10-01}, FULL_AND_FINAL={fnfDate=2025-10-01, issueDate=2025-10-01, month=2026-10, resignationDate=2025-09-01, leavingDate=2025-10-01, paidDays=9, totalDaysInMonth=30}, SALARY_SLIP={startMonth=2026-09, endMonth=2026-09, salaryWorkdays={2026-09=30}}})
2026-09-16 15:23:05 [http-nio-8080-exec-6] INFO  c.e.D.service.impl.UserServiceImpl - Updating user profile | userId=217 | employeeId=TEST0336
2026-09-16 15:23:05 [http-nio-8080-exec-6] DEBUG c.e.D.service.impl.UserServiceImpl - Existing user fetched | userId=217 | oldEmployeeId=TEST0336
2026-09-16 15:23:05 [http-nio-8080-exec-6] DEBUG c.e.D.service.impl.UserServiceImpl - Updating documents | userId=217
2026-09-16 15:23:05 [http-nio-8080-exec-6] INFO  c.e.D.service.impl.UserServiceImpl - User profile updated successfully | userId=217 | timeTaken=159ms
2026-09-16 15:23:05 [http-nio-8080-exec-6] INFO  c.e.D.controller.UserController - Profile updated successfully for userId=217, employeeId=TEST0336
2026-09-16 15:24:31 [HikariPool-1:housekeeper] WARN  com.zaxxer.hikari.pool.PoolBase - HikariPool-1 - Failed to validate connection com.mysql.cj.jdbc.ConnectionImpl@6780a07e (No operations allowed after connection closed.). Possibly consider using a shorter maxLifetime value.
2026-09-16 15:24:32 [HikariPool-1:housekeeper] WARN  com.zaxxer.hikari.pool.PoolBase - HikariPool-1 - Failed to validate connection com.mysql.cj.jdbc.ConnectionImpl@9adaa87 (No operations allowed after connection closed.). Possibly consider using a shorter maxLifetime value.
2026-09-16 15:24:55 [HikariPool-1:housekeeper] WARN  com.zaxxer.hikari.pool.PoolBase - HikariPool-1 - Failed to validate connection com.mysql.cj.jdbc.ConnectionImpl@59b13808 (No operations allowed after connection closed.). Possibly consider using a shorter maxLifetime value.
2026-09-16 15:25:28 [http-nio-8080-exec-7] INFO  c.e.Docgen_Backend.config.JwtFilter - JWT validated successfully for userId=6a82a98a13421d60d7e0e553
2026-09-16 15:25:28 [http-nio-8080-exec-7] INFO  c.e.D.controller.UserController - PATCH /api/v2/users/217 - Update request received for employeeId=TEST0336
2026-09-16 15:25:28 [http-nio-8080-exec-7] DEBUG c.e.D.controller.UserController - Update payload: CreateProfileRequest(employeeName=Test User Three, email=prathamesh69bhavsar@gmail.com, mobileNo=8007454299, employeeId=TEST0336, joiningDesignation=Java developer, currentDesignation=Full Stack Developer, department=IT, currentAddress=N-42,VD-1/3/1,Sawta Nager,Cidco,Trimurti Chowk, permanentAddress=Pune, Maharashtra, accountNo=2568108019550, bankName=AU Small Finance Bank, joiningCTC=500000.0, currentCTC=970000.0, dateOfBirth=1212-12-12, offerDate=2023-07-01, joiningDate=2023-07-04, panNo=GFZPS5853Q, company=PSCS, pfType=WITH_PF, identity=MR, documents=[APPOINTMENT_LETTER, INTERNSHIP_LETTER, EXPERIENCE_LETTER, FULL_AND_FINAL, CONFIRMATION_LETTER, INCREMENT_LETTER, RELIEVING_LETTER, SALARY_SLIP, COMPLETION_LETTER, OFFER_LETTER], documentData={OFFER_LETTER={issueDate=2023-07-01, probationPeriod=3}, APPOINTMENT_LETTER={issueDate=2000-11-12, probationPeriod=3}, INCREMENT_LETTER={issueDate=2025-04-01}, INTERNSHIP_LETTER={internshipType=UNPAID, stipend=0, startDate=1331-12-13, endDate=1111-11-11, issueDate=1212-12-12}, COMPLETION_LETTER={startDate=1000-11-12, completionDate=1000-12-12, issueDate=2023-07-01}, CONFIRMATION_LETTER={effectiveDate=2020-11-15, issueDate=2020-12-15}, EXPERIENCE_LETTER={relievingDate=2025-10-01, issueDate=2025-10-01}, RELIEVING_LETTER={relievingDate=2025-10-01, issueDate=2025-10-01}, FULL_AND_FINAL={fnfDate=2025-10-01, issueDate=2025-10-01, month=2026-10, resignationDate=2025-09-01, leavingDate=2025-10-01, paidDays=9, totalDaysInMonth=30}, SALARY_SLIP={startMonth=2026-09, endMonth=2026-09, salaryWorkdays={2026-09=30}}})
2026-09-16 15:25:28 [http-nio-8080-exec-7] WARN  com.zaxxer.hikari.pool.PoolBase - HikariPool-1 - Failed to validate connection com.mysql.cj.jdbc.ConnectionImpl@181bf8b4 (No operations allowed after connection closed.). Possibly consider using a shorter maxLifetime value.
2026-09-16 15:25:28 [http-nio-8080-exec-7] WARN  com.zaxxer.hikari.pool.PoolBase - HikariPool-1 - Failed to validate connection com.mysql.cj.jdbc.ConnectionImpl@54916769 (No operations allowed after connection closed.). Possibly consider using a shorter maxLifetime value.
2026-09-16 15:25:28 [http-nio-8080-exec-7] INFO  c.e.D.service.impl.UserServiceImpl - Updating user profile | userId=217 | employeeId=TEST0336
2026-09-16 15:25:29 [http-nio-8080-exec-7] DEBUG c.e.D.service.impl.UserServiceImpl - Existing user fetched | userId=217 | oldEmployeeId=TEST0336
2026-09-16 15:25:29 [http-nio-8080-exec-7] DEBUG c.e.D.service.impl.UserServiceImpl - Updating documents | userId=217
2026-09-16 15:25:29 [http-nio-8080-exec-7] INFO  c.e.D.service.impl.UserServiceImpl - User profile updated successfully | userId=217 | timeTaken=1031ms
2026-09-16 15:25:29 [http-nio-8080-exec-7] INFO  c.e.D.controller.UserController - Profile updated successfully for userId=217, employeeId=TEST0336
2026-09-16 15:25:39 [http-nio-8080-exec-2] INFO  c.e.Docgen_Backend.config.JwtFilter - JWT validated successfully for userId=6a82a98a13421d60d7e0e553
2026-09-16 15:25:39 [http-nio-8080-exec-2] INFO  c.e.D.controller.UserController - PATCH /api/v2/users/217 - Update request received for employeeId=TEST0336
2026-09-16 15:25:39 [http-nio-8080-exec-2] DEBUG c.e.D.controller.UserController - Update payload: CreateProfileRequest(employeeName=Test User Three, email=prathamesh69bhavsar@gmail.com, mobileNo=8007454299, employeeId=TEST0336, joiningDesignation=Java developer, currentDesignation=Full Stack Developer, department=IT, currentAddress=N-42,VD-1/3/1,Sawta Nager,Cidco,Trimurti Chowk, permanentAddress=Pune, Maharashtra, accountNo=2568108019550, bankName=AU Small Finance Bank, joiningCTC=500000.0, currentCTC=970000.0, dateOfBirth=1212-12-12, offerDate=2023-07-01, joiningDate=2023-07-04, panNo=GFZPS5853Q, company=PSCS, pfType=WITHOUT_PF, identity=MR, documents=[APPOINTMENT_LETTER, INTERNSHIP_LETTER, EXPERIENCE_LETTER, FULL_AND_FINAL, CONFIRMATION_LETTER, INCREMENT_LETTER, RELIEVING_LETTER, SALARY_SLIP, COMPLETION_LETTER, OFFER_LETTER], documentData={OFFER_LETTER={issueDate=2023-07-01, probationPeriod=3}, APPOINTMENT_LETTER={issueDate=2000-11-12, probationPeriod=3}, INCREMENT_LETTER={issueDate=2025-04-01}, INTERNSHIP_LETTER={internshipType=UNPAID, stipend=0, startDate=1331-12-13, endDate=1111-11-11, issueDate=1212-12-12}, COMPLETION_LETTER={startDate=1000-11-12, completionDate=1000-12-12, issueDate=2023-07-01}, CONFIRMATION_LETTER={effectiveDate=2020-11-15, issueDate=2020-12-15}, EXPERIENCE_LETTER={relievingDate=2025-10-01, issueDate=2025-10-01}, RELIEVING_LETTER={relievingDate=2025-10-01, issueDate=2025-10-01}, FULL_AND_FINAL={fnfDate=2025-10-01, issueDate=2025-10-01, month=2026-10, resignationDate=2025-09-01, leavingDate=2025-10-01, paidDays=9, totalDaysInMonth=30}, SALARY_SLIP={startMonth=2026-09, endMonth=2026-09, salaryWorkdays={2026-09=30}}})
2026-09-16 15:25:39 [http-nio-8080-exec-2] INFO  c.e.D.service.impl.UserServiceImpl - Updating user profile | userId=217 | employeeId=TEST0336
2026-09-16 15:25:39 [http-nio-8080-exec-2] DEBUG c.e.D.service.impl.UserServiceImpl - Existing user fetched | userId=217 | oldEmployeeId=TEST0336
2026-09-16 15:25:39 [http-nio-8080-exec-2] DEBUG c.e.D.service.impl.UserServiceImpl - Updating documents | userId=217
2026-09-16 15:25:39 [http-nio-8080-exec-2] INFO  c.e.D.service.impl.UserServiceImpl - User profile updated successfully | userId=217 | timeTaken=230ms
2026-09-16 15:25:39 [http-nio-8080-exec-2] INFO  c.e.D.controller.UserController - Profile updated successfully for userId=217, employeeId=TEST0336
2026-09-16 15:27:16 [HikariPool-1:housekeeper] WARN  com.zaxxer.hikari.pool.PoolBase - HikariPool-1 - Failed to validate connection com.mysql.cj.jdbc.ConnectionImpl@6bcbdad3 (No operations allowed after connection closed.). Possibly consider using a shorter maxLifetime value.
2026-09-16 15:27:17 [HikariPool-1:housekeeper] WARN  com.zaxxer.hikari.pool.PoolBase - HikariPool-1 - Failed to validate connection com.mysql.cj.jdbc.ConnectionImpl@5f77a435 (No operations allowed after connection closed.). Possibly consider using a shorter maxLifetime value.
2026-09-16 15:27:21 [HikariPool-1:housekeeper] WARN  com.zaxxer.hikari.pool.PoolBase - HikariPool-1 - Failed to validate connection com.mysql.cj.jdbc.ConnectionImpl@639b0fab (No operations allowed after connection closed.). Possibly consider using a shorter maxLifetime value.
2026-09-16 15:28:22 [SpringApplicationShutdownHook] INFO  o.s.boot.tomcat.GracefulShutdown - Commencing graceful shutdown. Waiting for active requests to complete
2026-09-16 15:28:22 [tomcat-shutdown] INFO  o.s.boot.tomcat.GracefulShutdown - Graceful shutdown complete
2026-09-16 15:28:22 [SpringApplicationShutdownHook] INFO  o.s.o.j.LocalContainerEntityManagerFactoryBean - Closing JPA EntityManagerFactory for persistence unit 'default'
2026-09-16 15:28:22 [SpringApplicationShutdownHook] INFO  com.zaxxer.hikari.HikariDataSource - HikariPool-1 - Shutdown initiated...
2026-09-16 15:28:22 [SpringApplicationShutdownHook] INFO  com.zaxxer.hikari.HikariDataSource - HikariPool-1 - Shutdown completed.
2026-09-16 17:21:04 [background-preinit] INFO  o.h.validator.internal.util.Version - HV000001: Hibernate Validator 9.0.1.Final
2026-09-16 17:21:04 [restartedMain] INFO  c.e.D.DocgenBackendApplication - Starting DocgenBackendApplication using Java 21.0.9 with PID 3232 (E:\DocGen New Front\Docgen-Backend\target\classes started by prath in E:\DocGen New Front\Docgen-Backend)
2026-09-16 17:21:04 [restartedMain] DEBUG c.e.D.DocgenBackendApplication - Running with Spring Boot v4.0.6, Spring v7.0.7
2026-09-16 17:21:04 [restartedMain] INFO  c.e.D.DocgenBackendApplication - No active profile set, falling back to 1 default profile: "default"
2026-09-16 17:21:04 [restartedMain] INFO  o.s.b.d.e.DevToolsPropertyDefaultsPostProcessor - Devtools property defaults active! Set 'spring.devtools.add-properties' to 'false' to disable
2026-09-16 17:21:04 [restartedMain] INFO  o.s.b.d.e.DevToolsPropertyDefaultsPostProcessor - For additional web related logging consider setting the 'logging.level.web' property to 'DEBUG'
2026-09-16 17:21:05 [restartedMain] INFO  o.s.d.r.c.RepositoryConfigurationDelegate - Bootstrapping Spring Data JPA repositories in DEFAULT mode.
2026-09-16 17:21:05 [restartedMain] INFO  o.s.d.r.c.RepositoryConfigurationDelegate - Finished Spring Data repository scanning in 78 ms. Found 3 JPA repository interfaces.
2026-09-16 17:21:06 [restartedMain] INFO  o.s.boot.tomcat.TomcatWebServer - Tomcat initialized with port 8080 (http)
2026-09-16 17:21:06 [restartedMain] INFO  o.a.coyote.http11.Http11NioProtocol - Initializing ProtocolHandler ["http-nio-8080"]
2026-09-16 17:21:06 [restartedMain] INFO  o.a.catalina.core.StandardService - Starting service [Tomcat]
2026-09-16 17:21:06 [restartedMain] INFO  o.a.catalina.core.StandardEngine - Starting Servlet engine: [Apache Tomcat/11.0.21]
2026-09-16 17:21:06 [restartedMain] INFO  o.s.b.w.c.s.WebApplicationContextInitializer - Root WebApplicationContext: initialization completed in 2084 ms
2026-09-16 17:21:06 [restartedMain] DEBUG c.e.Docgen_Backend.config.JwtFilter - Filter 'jwtFilter' configured for use
2026-09-16 17:21:06 [restartedMain] INFO  org.hibernate.orm.jpa - HHH008540: Processing PersistenceUnitInfo [name: default]
2026-09-16 17:21:06 [restartedMain] INFO  org.hibernate.orm.core - HHH000001: Hibernate ORM core version 7.2.12.Final
2026-09-16 17:21:07 [restartedMain] INFO  o.s.o.j.p.SpringPersistenceUnitInfo - No LoadTimeWeaver setup: ignoring JPA class transformer
2026-09-16 17:21:07 [restartedMain] INFO  com.zaxxer.hikari.HikariDataSource - HikariPool-1 - Starting...
2026-09-16 17:21:08 [restartedMain] INFO  com.zaxxer.hikari.pool.HikariPool - HikariPool-1 - Added connection com.mysql.cj.jdbc.ConnectionImpl@4e895ffc
2026-09-16 17:21:08 [restartedMain] INFO  com.zaxxer.hikari.HikariDataSource - HikariPool-1 - Start completed.
2026-09-16 17:21:09 [restartedMain] WARN  org.hibernate.orm.jdbc - HHH100045: Could not obtain connection metadata: java.sql.SQLSyntaxErrorException: Unknown column 'RESERVED' in 'WHERE'
2026-09-16 17:21:09 [restartedMain] WARN  org.hibernate.orm.deprecation - HHH90000025: MySQLDialect does not need to be specified explicitly using 'hibernate.dialect' (remove the property setting and it will be selected by default)
2026-09-16 17:21:09 [restartedMain] INFO  o.hibernate.orm.connections.pooling - HHH10001005: Database info:
	Database JDBC URL [undefined/unknown]
	Database driver: undefined/unknown
	Database dialect: MySQLDialect
	Database version: 8.0
	Default catalog/schema: unknown/unknown
	Autocommit mode: undefined/unknown
	Isolation level: NONE [default NONE]
	JDBC fetch size: undefined/unknown
	Pool: DataSourceConnectionProvider
	Minimum pool size: undefined/unknown
	Maximum pool size: undefined/unknown
2026-09-16 17:21:11 [restartedMain] INFO  org.hibernate.orm.core - HHH000489: No JTA platform available (set 'hibernate.transaction.jta.platform' to enable JTA platform integration)
2026-09-16 17:21:17 [restartedMain] INFO  o.s.o.j.LocalContainerEntityManagerFactoryBean - Initialized JPA EntityManagerFactory for persistence unit 'default'
2026-09-16 17:21:17 [restartedMain] INFO  o.s.d.j.r.q.QueryEnhancerFactories - Hibernate is in classpath; If applicable, HQL parser will be used.
2026-09-16 17:21:18 [restartedMain] INFO  o.s.s.c.a.a.c.InitializeUserDetailsBeanManagerConfigurer$InitializeUserDetailsManagerConfigurer - Global AuthenticationManager configured with UserDetailsService bean with name customUserDetailsService
2026-09-16 17:21:18 [restartedMain] INFO  o.a.coyote.http11.Http11NioProtocol - Starting ProtocolHandler ["http-nio-8080"]
2026-09-16 17:21:19 [restartedMain] INFO  o.s.boot.tomcat.TomcatWebServer - Tomcat started on port 8080 (http) with context path '/'
2026-09-16 17:21:19 [restartedMain] INFO  c.e.D.DocgenBackendApplication - Started DocgenBackendApplication in 15.793 seconds (process running for 16.778)
2026-09-16 17:22:44 [http-nio-8080-exec-3] INFO  o.a.c.c.C.[Tomcat].[localhost].[/] - Initializing Spring DispatcherServlet 'dispatcherServlet'
2026-09-16 17:22:44 [http-nio-8080-exec-3] INFO  o.s.web.servlet.DispatcherServlet - Initializing Servlet 'dispatcherServlet'
2026-09-16 17:22:44 [http-nio-8080-exec-3] INFO  o.s.web.servlet.DispatcherServlet - Completed initialization in 3 ms
2026-09-16 17:22:44 [http-nio-8080-exec-2] INFO  c.e.Docgen_Backend.config.JwtFilter - JWT validated successfully for userId=6a82a98a13421d60d7e0e553
2026-09-16 17:22:45 [http-nio-8080-exec-2] WARN  com.zaxxer.hikari.pool.PoolBase - HikariPool-1 - Failed to validate connection com.mysql.cj.jdbc.ConnectionImpl@4e895ffc (No operations allowed after connection closed.). Possibly consider using a shorter maxLifetime value.
2026-09-16 17:22:45 [http-nio-8080-exec-2] WARN  com.zaxxer.hikari.pool.PoolBase - HikariPool-1 - Failed to validate connection com.mysql.cj.jdbc.ConnectionImpl@6454e4be (No operations allowed after connection closed.). Possibly consider using a shorter maxLifetime value.
2026-09-16 17:22:45 [http-nio-8080-exec-2] WARN  com.zaxxer.hikari.pool.PoolBase - HikariPool-1 - Failed to validate connection com.mysql.cj.jdbc.ConnectionImpl@431dd2c0 (No operations allowed after connection closed.). Possibly consider using a shorter maxLifetime value.
2026-09-16 17:22:47 [http-nio-8080-exec-4] INFO  c.e.Docgen_Backend.config.JwtFilter - JWT validated successfully for userId=6a82a98a13421d60d7e0e553
2026-09-16 17:23:07 [http-nio-8080-exec-7] INFO  c.e.Docgen_Backend.config.JwtFilter - JWT validated successfully for userId=6a82a98a13421d60d7e0e553
2026-09-16 17:23:07 [http-nio-8080-exec-7] INFO  c.e.D.controller.UserController - GET /api/v2/users/217 - Fetch request received
2026-09-16 17:23:07 [http-nio-8080-exec-7] INFO  c.e.D.service.impl.UserServiceImpl - Fetching user profile for edit | userId=217 | requestedBy=6a82a98a13421d60d7e0e553
2026-09-16 17:23:07 [http-nio-8080-exec-7] DEBUG c.e.D.service.impl.UserServiceImpl - User found | userId=217 | employeeId=TEST0336
2026-09-16 17:23:07 [http-nio-8080-exec-7] INFO  c.e.D.service.impl.UserServiceImpl - User profile fetched successfully | userId=217 | timeTaken=187ms
2026-09-16 17:23:07 [http-nio-8080-exec-7] INFO  c.e.D.controller.UserController - Profile fetched successfully for userId=217
2026-09-16 17:23:07 [http-nio-8080-exec-7] DEBUG c.e.D.controller.UserController - Fetched profile data: UserProfileResponseDTO(id=217, employeeName=Test User Three, employeeId=TEST0336, email=prathamesh69bhavsar@gmail.com, mobileNo=8007454299, joiningDesignation=Java developer, currentDesignation=Full Stack Developer, department=IT, company=PSCS, identity=MR, pfType=WITHOUT_PF, accountNo=2568108019550, bankName=AU Small Finance Bank, currentAddress=N-42,VD-1/3/1,Sawta Nager,Cidco,Trimurti Chowk, permanentAddress=Pune, Maharashtra, joiningCTC=500000.0, currentCTC=970000.0, dateOfBirth=1212-12-12, offerDate=2023-07-01, joiningDate=2023-07-04, panNo=GFZPS5853Q, createdAt=null, documents={APPOINTMENT_LETTER=DocumentResponseDTO(generated=true, data={issueDate=2000-11-12, probationPeriod=3}), INTERNSHIP_LETTER=DocumentResponseDTO(generated=true, data={internshipType=UNPAID, endDate=1111-11-11, issueDate=1212-12-12, startDate=1331-12-13}), EXPERIENCE_LETTER=DocumentResponseDTO(generated=true, data={issueDate=2025-10-01, relievingDate=2025-10-01}), FULL_AND_FINAL=DocumentResponseDTO(generated=true, data={fnfDate=2025-10-01, totalDaysInMonth=30, month=2026-10, issueDate=2025-10-01, resignationDate=2025-09-01, paidDays=9, leavingDate=2025-10-01}), CONFIRMATION_LETTER=DocumentResponseDTO(generated=true, data={issueDate=2020-12-15, effectiveDate=2020-11-15}), INCREMENT_LETTER=DocumentResponseDTO(generated=true, data={issueDate=2025-04-01}), RELIEVING_LETTER=DocumentResponseDTO(generated=true, data={issueDate=2025-10-01, relievingDate=2025-10-01}), SALARY_SLIP=DocumentResponseDTO(generated=true, data={startMonth=2026-09, endMonth=2026-09}), COMPLETION_LETTER=DocumentResponseDTO(generated=true, data={completionDate=1000-12-12, issueDate=2023-07-01, startDate=1000-11-12}), OFFER_LETTER=DocumentResponseDTO(generated=true, data={issueDate=2023-07-01, probationPeriod=3})})
2026-09-16 17:23:07 [http-nio-8080-exec-8] INFO  c.e.Docgen_Backend.config.JwtFilter - JWT validated successfully for userId=6a82a98a13421d60d7e0e553
2026-09-16 17:23:07 [http-nio-8080-exec-8] INFO  c.e.D.controller.UserController - GET /api/v2/users/217 - Fetch request received
2026-09-16 17:23:08 [http-nio-8080-exec-8] INFO  c.e.D.service.impl.UserServiceImpl - Fetching user profile for edit | userId=217 | requestedBy=6a82a98a13421d60d7e0e553
2026-09-16 17:23:08 [http-nio-8080-exec-8] DEBUG c.e.D.service.impl.UserServiceImpl - User found | userId=217 | employeeId=TEST0336
2026-09-16 17:23:08 [http-nio-8080-exec-8] INFO  c.e.D.service.impl.UserServiceImpl - User profile fetched successfully | userId=217 | timeTaken=112ms
2026-09-16 17:23:08 [http-nio-8080-exec-8] INFO  c.e.D.controller.UserController - Profile fetched successfully for userId=217
2026-09-16 17:23:08 [http-nio-8080-exec-8] DEBUG c.e.D.controller.UserController - Fetched profile data: UserProfileResponseDTO(id=217, employeeName=Test User Three, employeeId=TEST0336, email=prathamesh69bhavsar@gmail.com, mobileNo=8007454299, joiningDesignation=Java developer, currentDesignation=Full Stack Developer, department=IT, company=PSCS, identity=MR, pfType=WITHOUT_PF, accountNo=2568108019550, bankName=AU Small Finance Bank, currentAddress=N-42,VD-1/3/1,Sawta Nager,Cidco,Trimurti Chowk, permanentAddress=Pune, Maharashtra, joiningCTC=500000.0, currentCTC=970000.0, dateOfBirth=1212-12-12, offerDate=2023-07-01, joiningDate=2023-07-04, panNo=GFZPS5853Q, createdAt=null, documents={APPOINTMENT_LETTER=DocumentResponseDTO(generated=true, data={issueDate=2000-11-12, probationPeriod=3}), INTERNSHIP_LETTER=DocumentResponseDTO(generated=true, data={internshipType=UNPAID, endDate=1111-11-11, issueDate=1212-12-12, startDate=1331-12-13}), EXPERIENCE_LETTER=DocumentResponseDTO(generated=true, data={issueDate=2025-10-01, relievingDate=2025-10-01}), FULL_AND_FINAL=DocumentResponseDTO(generated=true, data={fnfDate=2025-10-01, totalDaysInMonth=30, month=2026-10, issueDate=2025-10-01, resignationDate=2025-09-01, paidDays=9, leavingDate=2025-10-01}), CONFIRMATION_LETTER=DocumentResponseDTO(generated=true, data={issueDate=2020-12-15, effectiveDate=2020-11-15}), INCREMENT_LETTER=DocumentResponseDTO(generated=true, data={issueDate=2025-04-01}), RELIEVING_LETTER=DocumentResponseDTO(generated=true, data={issueDate=2025-10-01, relievingDate=2025-10-01}), SALARY_SLIP=DocumentResponseDTO(generated=true, data={startMonth=2026-09, endMonth=2026-09}), COMPLETION_LETTER=DocumentResponseDTO(generated=true, data={completionDate=1000-12-12, issueDate=2023-07-01, startDate=1000-11-12}), OFFER_LETTER=DocumentResponseDTO(generated=true, data={issueDate=2023-07-01, probationPeriod=3})})
2026-09-16 17:23:57 [http-nio-8080-exec-10] INFO  c.e.Docgen_Backend.config.JwtFilter - JWT validated successfully for userId=6a82a98a13421d60d7e0e553
2026-09-16 17:23:57 [http-nio-8080-exec-10] INFO  c.e.D.controller.UserController - PATCH /api/v2/users/217 - Update request received for employeeId=TEST0336
2026-09-16 17:23:57 [http-nio-8080-exec-10] DEBUG c.e.D.controller.UserController - Update payload: CreateProfileRequest(employeeName=Test User Three, email=prathamesh69bhavsar@gmail.com, mobileNo=8007454299, employeeId=TEST0336, joiningDesignation=Java developer, currentDesignation=Full Stack Developer, department=IT, currentAddress=N-42,VD-1/3/1,Sawta Nager,Cidco,Trimurti Chowk, permanentAddress=Pune, Maharashtra, accountNo=2568108019550, bankName=AU Small Finance Bank, joiningCTC=500000.0, currentCTC=970000.0, dateOfBirth=1212-12-12, offerDate=2023-07-01, joiningDate=2023-07-04, panNo=GFZPS5853Q, company=PSCS, pfType=WITHOUT_PF, identity=MR, documents=[APPOINTMENT_LETTER, INTERNSHIP_LETTER, EXPERIENCE_LETTER, FULL_AND_FINAL, CONFIRMATION_LETTER, INCREMENT_LETTER, RELIEVING_LETTER, SALARY_SLIP, COMPLETION_LETTER, OFFER_LETTER], documentData={OFFER_LETTER={issueDate=2023-07-01, probationPeriod=3}, APPOINTMENT_LETTER={issueDate=2000-11-12, probationPeriod=3}, INCREMENT_LETTER={issueDate=2025-04-01}, INTERNSHIP_LETTER={internshipType=null, stipend=0, startDate=1331-12-13, endDate=1111-11-11, issueDate=1212-12-12}, COMPLETION_LETTER={startDate=1000-11-12, completionDate=1000-12-12, issueDate=2023-07-01}, CONFIRMATION_LETTER={effectiveDate=2020-11-15, issueDate=2020-12-15}, EXPERIENCE_LETTER={relievingDate=2025-10-01, issueDate=2025-10-01}, RELIEVING_LETTER={relievingDate=2025-10-01, issueDate=2025-10-01}, FULL_AND_FINAL={fnfDate=2025-10-01, issueDate=2025-10-01, month=2026-10, resignationDate=2025-09-01, leavingDate=2025-10-01, paidDays=9, totalDaysInMonth=30}, SALARY_SLIP={startMonth=2026-09, endMonth=2026-09, salaryWorkdays={2026-09=30}}})
2026-09-16 17:23:57 [http-nio-8080-exec-10] WARN  com.zaxxer.hikari.pool.PoolBase - HikariPool-1 - Failed to validate connection com.mysql.cj.jdbc.ConnectionImpl@e21cdc8 (No operations allowed after connection closed.). Possibly consider using a shorter maxLifetime value.
2026-09-16 17:23:57 [http-nio-8080-exec-10] WARN  com.zaxxer.hikari.pool.PoolBase - HikariPool-1 - Failed to validate connection com.mysql.cj.jdbc.ConnectionImpl@559255d6 (No operations allowed after connection closed.). Possibly consider using a shorter maxLifetime value.
2026-09-16 17:23:57 [http-nio-8080-exec-10] WARN  com.zaxxer.hikari.pool.PoolBase - HikariPool-1 - Failed to validate connection com.mysql.cj.jdbc.ConnectionImpl@24bd1e6 (No operations allowed after connection closed.). Possibly consider using a shorter maxLifetime value.
2026-09-16 17:23:57 [http-nio-8080-exec-10] INFO  c.e.D.service.impl.UserServiceImpl - Updating user profile | userId=217 | employeeId=TEST0336
2026-09-16 17:23:58 [http-nio-8080-exec-10] DEBUG c.e.D.service.impl.UserServiceImpl - Existing user fetched | userId=217 | oldEmployeeId=TEST0336
2026-09-16 17:23:58 [http-nio-8080-exec-10] DEBUG c.e.D.service.impl.UserServiceImpl - Updating documents | userId=217
2026-09-16 17:23:58 [http-nio-8080-exec-10] ERROR c.e.D.service.impl.UserServiceImpl - Error while updating user profile | userId=217 | error=internshipType is required
java.lang.IllegalArgumentException: internshipType is required
	at com.example.Docgen_Backend.service.impl.UserServiceImpl.getRequiredString(UserServiceImpl.java:193)
	at com.example.Docgen_Backend.service.impl.UserServiceImpl.upsertInternshipLetter(UserServiceImpl.java:905)
	at com.example.Docgen_Backend.service.impl.UserServiceImpl.processUpdateDocuments(UserServiceImpl.java:794)
	at com.example.Docgen_Backend.service.impl.UserServiceImpl.updateProfile(UserServiceImpl.java:744)
	at java.base/jdk.internal.reflect.DirectMethodHandleAccessor.invoke(DirectMethodHandleAccessor.java:103)
	at java.base/java.lang.reflect.Method.invoke(Method.java:580)
	at org.springframework.aop.support.AopUtils.invokeJoinpointUsingReflection(AopUtils.java:359)
	at org.springframework.aop.framework.ReflectiveMethodInvocation.invokeJoinpoint(ReflectiveMethodInvocation.java:190)
	at org.springframework.aop.framework.ReflectiveMethodInvocation.proceed(ReflectiveMethodInvocation.java:158)
	at org.springframework.transaction.interceptor.TransactionInterceptor$1.proceedWithInvocation(TransactionInterceptor.java:133)
	at org.springframework.transaction.interceptor.TransactionAspectSupport.invokeWithinTransaction(TransactionAspectSupport.java:371)
	at org.springframework.transaction.interceptor.TransactionInterceptor.invoke(TransactionInterceptor.java:130)
	at org.springframework.aop.framework.ReflectiveMethodInvocation.proceed(ReflectiveMethodInvocation.java:179)
	at org.springframework.aop.framework.CglibAopProxy$DynamicAdvisedInterceptor.intercept(CglibAopProxy.java:719)
	at com.example.Docgen_Backend.service.impl.UserServiceImpl$$SpringCGLIB$$0.updateProfile(<generated>)
	at com.example.Docgen_Backend.controller.UserController.updateProfile(UserController.java:155)
	at java.base/jdk.internal.reflect.DirectMethodHandleAccessor.invoke(DirectMethodHandleAccessor.java:103)
	at java.base/java.lang.reflect.Method.invoke(Method.java:580)
	at org.springframework.web.method.support.InvocableHandlerMethod.doInvoke(InvocableHandlerMethod.java:252)
	at org.springframework.web.method.support.InvocableHandlerMethod.invokeForRequest(InvocableHandlerMethod.java:184)
	at org.springframework.web.servlet.mvc.method.annotation.ServletInvocableHandlerMethod.invokeAndHandle(ServletInvocableHandlerMethod.java:117)
	at org.springframework.web.servlet.mvc.method.annotation.RequestMappingHandlerAdapter.invokeHandlerMethod(RequestMappingHandlerAdapter.java:934)
	at org.springframework.web.servlet.mvc.method.annotation.RequestMappingHandlerAdapter.handleInternal(RequestMappingHandlerAdapter.java:853)
	at org.springframework.web.servlet.mvc.method.AbstractHandlerMethodAdapter.handle(AbstractHandlerMethodAdapter.java:86)
	at org.springframework.web.servlet.DispatcherServlet.doDispatch(DispatcherServlet.java:963)
	at org.springframework.web.servlet.DispatcherServlet.doService(DispatcherServlet.java:866)
	at org.springframework.web.servlet.FrameworkServlet.processRequest(FrameworkServlet.java:1000)
	at org.springframework.web.servlet.FrameworkServlet.service(FrameworkServlet.java:877)
	at jakarta.servlet.http.HttpServlet.service(HttpServlet.java:710)
	at org.apache.catalina.core.ApplicationFilterChain.doFilter(ApplicationFilterChain.java:128)
	at org.apache.tomcat.websocket.server.WsFilter.doFilter(WsFilter.java:53)
	at org.apache.catalina.core.ApplicationFilterChain.doFilter(ApplicationFilterChain.java:107)
	at org.springframework.web.filter.OncePerRequestFilter.doFilter(OncePerRequestFilter.java:110)
	at org.apache.catalina.core.ApplicationFilterChain.doFilter(ApplicationFilterChain.java:107)
	at org.springframework.web.filter.CompositeFilter$VirtualFilterChain.doFilter(CompositeFilter.java:108)
	at org.springframework.security.web.FilterChainProxy.lambda$doFilterInternal$3(FilterChainProxy.java:235)
	at org.springframework.security.web.FilterChainProxy$VirtualFilterChain.doFilter(FilterChainProxy.java:376)
	at org.springframework.security.web.access.intercept.AuthorizationFilter.doFilter(AuthorizationFilter.java:101)
	at org.springframework.security.web.FilterChainProxy$VirtualFilterChain.doFilter(FilterChainProxy.java:385)
	at org.springframework.security.web.access.ExceptionTranslationFilter.doFilter(ExceptionTranslationFilter.java:126)
	at org.springframework.security.web.access.ExceptionTranslationFilter.doFilter(ExceptionTranslationFilter.java:120)
	at org.springframework.security.web.FilterChainProxy$VirtualFilterChain.doFilter(FilterChainProxy.java:385)
	at org.springframework.security.web.session.SessionManagementFilter.doFilter(SessionManagementFilter.java:132)
	at org.springframework.security.web.session.SessionManagementFilter.doFilter(SessionManagementFilter.java:86)
	at org.springframework.security.web.FilterChainProxy$VirtualFilterChain.doFilter(FilterChainProxy.java:385)
	at org.springframework.security.web.authentication.AnonymousAuthenticationFilter.doFilter(AnonymousAuthenticationFilter.java:100)
	at org.springframework.security.web.FilterChainProxy$VirtualFilterChain.doFilter(FilterChainProxy.java:385)
	at org.springframework.security.web.servletapi.SecurityContextHolderAwareRequestFilter.doFilter(SecurityContextHolderAwareRequestFilter.java:181)
	at org.springframework.security.web.FilterChainProxy$VirtualFilterChain.doFilter(FilterChainProxy.java:385)
	at org.springframework.security.web.savedrequest.RequestCacheAwareFilter.doFilter(RequestCacheAwareFilter.java:63)
	at org.springframework.security.web.FilterChainProxy$VirtualFilterChain.doFilter(FilterChainProxy.java:385)
	at com.example.Docgen_Backend.config.JwtFilter.doFilterInternal(JwtFilter.java:118)
	at org.springframework.web.filter.OncePerRequestFilter.doFilter(OncePerRequestFilter.java:116)
	at org.springframework.security.web.FilterChainProxy$VirtualFilterChain.doFilter(FilterChainProxy.java:385)
	at org.springframework.security.web.authentication.logout.LogoutFilter.doFilter(LogoutFilter.java:110)
	at org.springframework.security.web.authentication.logout.LogoutFilter.doFilter(LogoutFilter.java:96)
	at org.springframework.security.web.FilterChainProxy$VirtualFilterChain.doFilter(FilterChainProxy.java:385)
	at org.springframework.web.filter.CorsFilter.doFilterInternal(CorsFilter.java:91)
	at org.springframework.web.filter.OncePerRequestFilter.doFilter(OncePerRequestFilter.java:116)
	at org.springframework.security.web.FilterChainProxy$VirtualFilterChain.doFilter(FilterChainProxy.java:385)
	at org.springframework.security.web.header.HeaderWriterFilter.doHeadersAfter(HeaderWriterFilter.java:90)
	at org.springframework.security.web.header.HeaderWriterFilter.doFilterInternal(HeaderWriterFilter.java:75)
	at org.springframework.web.filter.OncePerRequestFilter.doFilter(OncePerRequestFilter.java:116)
	at org.springframework.security.web.FilterChainProxy$VirtualFilterChain.doFilter(FilterChainProxy.java:385)
	at org.springframework.security.web.context.SecurityContextHolderFilter.doFilter(SecurityContextHolderFilter.java:82)
	at org.springframework.security.web.context.SecurityContextHolderFilter.doFilter(SecurityContextHolderFilter.java:69)
	at org.springframework.security.web.FilterChainProxy$VirtualFilterChain.doFilter(FilterChainProxy.java:385)
	at org.springframework.security.web.context.request.async.WebAsyncManagerIntegrationFilter.doFilterInternal(WebAsyncManagerIntegrationFilter.java:62)
	at org.springframework.web.filter.OncePerRequestFilter.doFilter(OncePerRequestFilter.java:116)
	at org.springframework.security.web.FilterChainProxy$VirtualFilterChain.doFilter(FilterChainProxy.java:385)
	at org.springframework.security.web.session.DisableEncodeUrlFilter.doFilterInternal(DisableEncodeUrlFilter.java:42)
	at org.springframework.web.filter.OncePerRequestFilter.doFilter(OncePerRequestFilter.java:116)
	at org.springframework.security.web.FilterChainProxy$VirtualFilterChain.doFilter(FilterChainProxy.java:385)
	at org.springframework.security.web.FilterChainProxy.doFilterInternal(FilterChainProxy.java:237)
	at org.springframework.security.web.FilterChainProxy.doFilter(FilterChainProxy.java:195)
	at org.springframework.web.filter.CompositeFilter$VirtualFilterChain.doFilter(CompositeFilter.java:113)
	at org.springframework.web.filter.ServletRequestPathFilter.doFilter(ServletRequestPathFilter.java:52)
	at org.springframework.web.filter.CompositeFilter$VirtualFilterChain.doFilter(CompositeFilter.java:113)
	at org.springframework.web.filter.CompositeFilter.doFilter(CompositeFilter.java:74)
	at org.springframework.security.config.annotation.web.configuration.WebSecurityConfiguration$CompositeFilterChainProxy.doFilter(WebSecurityConfiguration.java:317)
	at org.springframework.web.filter.DelegatingFilterProxy.invokeDelegate(DelegatingFilterProxy.java:355)
	at org.springframework.web.filter.DelegatingFilterProxy.doFilter(DelegatingFilterProxy.java:272)
	at org.apache.catalina.core.ApplicationFilterChain.doFilter(ApplicationFilterChain.java:107)
	at org.springframework.web.filter.RequestContextFilter.doFilterInternal(RequestContextFilter.java:100)
	at org.springframework.web.filter.OncePerRequestFilter.doFilter(OncePerRequestFilter.java:116)
	at org.apache.catalina.core.ApplicationFilterChain.doFilter(ApplicationFilterChain.java:107)
	at org.springframework.web.filter.FormContentFilter.doFilterInternal(FormContentFilter.java:93)
	at org.springframework.web.filter.OncePerRequestFilter.doFilter(OncePerRequestFilter.java:116)
	at org.apache.catalina.core.ApplicationFilterChain.doFilter(ApplicationFilterChain.java:107)
	at org.springframework.web.filter.CharacterEncodingFilter.doFilterInternal(CharacterEncodingFilter.java:199)
	at org.springframework.web.filter.OncePerRequestFilter.doFilter(OncePerRequestFilter.java:116)
	at org.apache.catalina.core.ApplicationFilterChain.doFilter(ApplicationFilterChain.java:107)
	at org.apache.catalina.core.StandardWrapperValve.invoke(StandardWrapperValve.java:165)
	at org.apache.catalina.core.StandardContextValve.invoke(StandardContextValve.java:77)
	at org.apache.catalina.authenticator.AuthenticatorBase.invoke(AuthenticatorBase.java:492)
	at org.apache.catalina.core.StandardHostValve.invoke(StandardHostValve.java:113)
	at org.apache.catalina.valves.ErrorReportValve.invoke(ErrorReportValve.java:83)
	at org.apache.catalina.core.StandardEngineValve.invoke(StandardEngineValve.java:72)
	at org.apache.catalina.connector.CoyoteAdapter.service(CoyoteAdapter.java:341)
	at org.apache.coyote.http11.Http11Processor.service(Http11Processor.java:397)
	at org.apache.coyote.AbstractProcessorLight.process(AbstractProcessorLight.java:63)
	at org.apache.coyote.AbstractProtocol$ConnectionHandler.process(AbstractProtocol.java:903)
	at org.apache.tomcat.util.net.NioEndpoint$SocketProcessor.doRun(NioEndpoint.java:1801)
	at org.apache.tomcat.util.net.SocketProcessorBase.run(SocketProcessorBase.java:52)
	at org.apache.tomcat.util.threads.ThreadPoolExecutor.runWorker(ThreadPoolExecutor.java:946)
	at org.apache.tomcat.util.threads.ThreadPoolExecutor$Worker.run(ThreadPoolExecutor.java:480)
	at org.apache.tomcat.util.threads.TaskThread$WrappingRunnable.run(TaskThread.java:57)
	at java.base/java.lang.Thread.run(Thread.java:1583)
2026-09-16 17:23:58 [http-nio-8080-exec-10] ERROR c.e.D.e.GlobalExceptionHandler - Invalid input: internshipType is required
2026-09-16 17:23:58 [http-nio-8080-exec-10] WARN  o.s.w.s.m.m.a.ExceptionHandlerExceptionResolver - Resolved [java.lang.IllegalArgumentException: internshipType is required]
2026-09-16 17:25:40 [HikariPool-1:housekeeper] WARN  com.zaxxer.hikari.pool.PoolBase - HikariPool-1 - Failed to validate connection com.mysql.cj.jdbc.ConnectionImpl@35e84f92 (No operations allowed after connection closed.). Possibly consider using a shorter maxLifetime value.
2026-09-16 17:25:45 [HikariPool-1:housekeeper] WARN  com.zaxxer.hikari.pool.PoolBase - HikariPool-1 - Failed to validate connection com.mysql.cj.jdbc.ConnectionImpl@497fd3a (No operations allowed after connection closed.). Possibly consider using a shorter maxLifetime value.
2026-09-16 17:25:48 [HikariPool-1:housekeeper] WARN  com.zaxxer.hikari.pool.PoolBase - HikariPool-1 - Failed to validate connection com.mysql.cj.jdbc.ConnectionImpl@55c7b0dd (No operations allowed after connection closed.). Possibly consider using a shorter maxLifetime value.
2026-09-16 17:27:34 [HikariPool-1:housekeeper] WARN  com.zaxxer.hikari.pool.PoolBase - HikariPool-1 - Failed to validate connection com.mysql.cj.jdbc.ConnectionImpl@7ba46ee (No operations allowed after connection closed.). Possibly consider using a shorter maxLifetime value.
2026-09-16 17:27:45 [HikariPool-1:housekeeper] WARN  com.zaxxer.hikari.pool.PoolBase - HikariPool-1 - Failed to validate connection com.mysql.cj.jdbc.ConnectionImpl@3920070a (No operations allowed after connection closed.). Possibly consider using a shorter maxLifetime value.
2026-09-16 17:29:29 [HikariPool-1:housekeeper] WARN  com.zaxxer.hikari.pool.PoolBase - HikariPool-1 - Failed to validate connection com.mysql.cj.jdbc.ConnectionImpl@4d1b842 (No operations allowed after connection closed.). Possibly consider using a shorter maxLifetime value.
2026-09-16 17:29:38 [HikariPool-1:housekeeper] WARN  com.zaxxer.hikari.pool.PoolBase - HikariPool-1 - Failed to validate connection com.mysql.cj.jdbc.ConnectionImpl@79e3dde6 (No operations allowed after connection closed.). Possibly consider using a shorter maxLifetime value.
2026-09-16 17:31:11 [HikariPool-1:housekeeper] WARN  com.zaxxer.hikari.pool.PoolBase - HikariPool-1 - Failed to validate connection com.mysql.cj.jdbc.ConnectionImpl@6924f0cd (No operations allowed after connection closed.). Possibly consider using a shorter maxLifetime value.
2026-09-16 17:31:28 [HikariPool-1:housekeeper] WARN  com.zaxxer.hikari.pool.PoolBase - HikariPool-1 - Failed to validate connection com.mysql.cj.jdbc.ConnectionImpl@5a0c8eef (No operations allowed after connection closed.). Possibly consider using a shorter maxLifetime value.
2026-09-16 17:32:57 [HikariPool-1:housekeeper] WARN  com.zaxxer.hikari.pool.PoolBase - HikariPool-1 - Failed to validate connection com.mysql.cj.jdbc.ConnectionImpl@6f5669f (No operations allowed after connection closed.). Possibly consider using a shorter maxLifetime value.
2026-09-16 17:33:10 [HikariPool-1:housekeeper] WARN  com.zaxxer.hikari.pool.PoolBase - HikariPool-1 - Failed to validate connection com.mysql.cj.jdbc.ConnectionImpl@3e1366b2 (No operations allowed after connection closed.). Possibly consider using a shorter maxLifetime value.
2026-09-16 17:34:52 [HikariPool-1:housekeeper] WARN  com.zaxxer.hikari.pool.PoolBase - HikariPool-1 - Failed to validate connection com.mysql.cj.jdbc.ConnectionImpl@114a83a1 (No operations allowed after connection closed.). Possibly consider using a shorter maxLifetime value.
2026-09-16 17:35:00 [HikariPool-1:housekeeper] WARN  com.zaxxer.hikari.pool.PoolBase - HikariPool-1 - Failed to validate connection com.mysql.cj.jdbc.ConnectionImpl@375ad50 (No operations allowed after connection closed.). Possibly consider using a shorter maxLifetime value.
2026-09-16 17:36:18 [http-nio-8080-exec-2] INFO  c.e.Docgen_Backend.config.JwtFilter - JWT validated successfully for userId=6a82a98a13421d60d7e0e553
2026-09-16 17:36:18 [http-nio-8080-exec-2] INFO  c.e.D.controller.UserController - PATCH /api/v2/users/217 - Update request received for employeeId=TEST0336
2026-09-16 17:36:18 [http-nio-8080-exec-2] DEBUG c.e.D.controller.UserController - Update payload: CreateProfileRequest(employeeName=Test User Three, email=prathamesh69bhavsar@gmail.com, mobileNo=8007454299, employeeId=TEST0336, joiningDesignation=Java developer, currentDesignation=Full Stack Developer, department=IT, currentAddress=N-42,VD-1/3/1,Sawta Nager,Cidco,Trimurti Chowk, permanentAddress=Pune, Maharashtra, accountNo=2568108019550, bankName=AU Small Finance Bank, joiningCTC=500000.0, currentCTC=970000.0, dateOfBirth=1212-12-12, offerDate=2023-07-01, joiningDate=2023-07-04, panNo=GFZPS5853Q, company=PSCS, pfType=WITHOUT_PF, identity=MR, documents=[APPOINTMENT_LETTER, INTERNSHIP_LETTER, EXPERIENCE_LETTER, FULL_AND_FINAL, CONFIRMATION_LETTER, INCREMENT_LETTER, RELIEVING_LETTER, SALARY_SLIP, COMPLETION_LETTER, OFFER_LETTER], documentData={OFFER_LETTER={issueDate=2023-07-01, probationPeriod=3}, APPOINTMENT_LETTER={issueDate=2000-11-12, probationPeriod=3}, INCREMENT_LETTER={issueDate=2025-04-01}, INTERNSHIP_LETTER={internshipType=null, stipend=0, startDate=1331-12-13, endDate=1111-11-11, issueDate=1212-12-12}, COMPLETION_LETTER={startDate=1000-11-12, completionDate=1000-12-12, issueDate=2023-07-01}, CONFIRMATION_LETTER={effectiveDate=2020-11-15, issueDate=2020-12-15}, EXPERIENCE_LETTER={relievingDate=2025-10-01, issueDate=2025-10-01}, RELIEVING_LETTER={relievingDate=2025-10-01, issueDate=2025-10-01}, FULL_AND_FINAL={fnfDate=2025-10-01, issueDate=2025-10-01, month=2026-10, resignationDate=2025-09-01, leavingDate=2025-10-01, paidDays=9, totalDaysInMonth=30}, SALARY_SLIP={startMonth=2026-09, endMonth=2026-09, salaryWorkdays={2026-09=30}}})
2026-09-16 17:36:18 [http-nio-8080-exec-2] WARN  com.zaxxer.hikari.pool.PoolBase - HikariPool-1 - Failed to validate connection com.mysql.cj.jdbc.ConnectionImpl@33080b69 (No operations allowed after connection closed.). Possibly consider using a shorter maxLifetime value.
2026-09-16 17:36:18 [http-nio-8080-exec-2] WARN  com.zaxxer.hikari.pool.PoolBase - HikariPool-1 - Failed to validate connection com.mysql.cj.jdbc.ConnectionImpl@27fea811 (No operations allowed after connection closed.). Possibly consider using a shorter maxLifetime value.
2026-09-16 17:36:19 [http-nio-8080-exec-2] INFO  c.e.D.service.impl.UserServiceImpl - Updating user profile | userId=217 | employeeId=TEST0336
2026-09-16 17:36:22 [http-nio-8080-exec-2] DEBUG c.e.D.service.impl.UserServiceImpl - Existing user fetched | userId=217 | oldEmployeeId=TEST0336
2026-09-16 17:36:22 [http-nio-8080-exec-2] DEBUG c.e.D.service.impl.UserServiceImpl - Updating documents | userId=217
2026-09-16 17:36:22 [http-nio-8080-exec-2] ERROR c.e.D.service.impl.UserServiceImpl - Error while updating user profile | userId=217 | error=internshipType is required
java.lang.IllegalArgumentException: internshipType is required
	at com.example.Docgen_Backend.service.impl.UserServiceImpl.getRequiredString(UserServiceImpl.java:193)
	at com.example.Docgen_Backend.service.impl.UserServiceImpl.upsertInternshipLetter(UserServiceImpl.java:905)
	at com.example.Docgen_Backend.service.impl.UserServiceImpl.processUpdateDocuments(UserServiceImpl.java:794)
	at com.example.Docgen_Backend.service.impl.UserServiceImpl.updateProfile(UserServiceImpl.java:744)
	at java.base/jdk.internal.reflect.DirectMethodHandleAccessor.invoke(DirectMethodHandleAccessor.java:103)
	at java.base/java.lang.reflect.Method.invoke(Method.java:580)
	at org.springframework.aop.support.AopUtils.invokeJoinpointUsingReflection(AopUtils.java:359)
	at org.springframework.aop.framework.ReflectiveMethodInvocation.invokeJoinpoint(ReflectiveMethodInvocation.java:190)
	at org.springframework.aop.framework.ReflectiveMethodInvocation.proceed(ReflectiveMethodInvocation.java:158)
	at org.springframework.transaction.interceptor.TransactionInterceptor$1.proceedWithInvocation(TransactionInterceptor.java:133)
	at org.springframework.transaction.interceptor.TransactionAspectSupport.invokeWithinTransaction(TransactionAspectSupport.java:371)
	at org.springframework.transaction.interceptor.TransactionInterceptor.invoke(TransactionInterceptor.java:130)
	at org.springframework.aop.framework.ReflectiveMethodInvocation.proceed(ReflectiveMethodInvocation.java:179)
	at org.springframework.aop.framework.CglibAopProxy$DynamicAdvisedInterceptor.intercept(CglibAopProxy.java:719)
	at com.example.Docgen_Backend.service.impl.UserServiceImpl$$SpringCGLIB$$0.updateProfile(<generated>)
	at com.example.Docgen_Backend.controller.UserController.updateProfile(UserController.java:155)
	at java.base/jdk.internal.reflect.DirectMethodHandleAccessor.invoke(DirectMethodHandleAccessor.java:103)
	at java.base/java.lang.reflect.Method.invoke(Method.java:580)
	at org.springframework.web.method.support.InvocableHandlerMethod.doInvoke(InvocableHandlerMethod.java:252)
	at org.springframework.web.method.support.InvocableHandlerMethod.invokeForRequest(InvocableHandlerMethod.java:184)
	at org.springframework.web.servlet.mvc.method.annotation.ServletInvocableHandlerMethod.invokeAndHandle(ServletInvocableHandlerMethod.java:117)
	at org.springframework.web.servlet.mvc.method.annotation.RequestMappingHandlerAdapter.invokeHandlerMethod(RequestMappingHandlerAdapter.java:934)
	at org.springframework.web.servlet.mvc.method.annotation.RequestMappingHandlerAdapter.handleInternal(RequestMappingHandlerAdapter.java:853)
	at org.springframework.web.servlet.mvc.method.AbstractHandlerMethodAdapter.handle(AbstractHandlerMethodAdapter.java:86)
	at org.springframework.web.servlet.DispatcherServlet.doDispatch(DispatcherServlet.java:963)
	at org.springframework.web.servlet.DispatcherServlet.doService(DispatcherServlet.java:866)
	at org.springframework.web.servlet.FrameworkServlet.processRequest(FrameworkServlet.java:1000)
	at org.springframework.web.servlet.FrameworkServlet.service(FrameworkServlet.java:877)
	at jakarta.servlet.http.HttpServlet.service(HttpServlet.java:710)
	at org.apache.catalina.core.ApplicationFilterChain.doFilter(ApplicationFilterChain.java:128)
	at org.apache.tomcat.websocket.server.WsFilter.doFilter(WsFilter.java:53)
	at org.apache.catalina.core.ApplicationFilterChain.doFilter(ApplicationFilterChain.java:107)
	at org.springframework.web.filter.OncePerRequestFilter.doFilter(OncePerRequestFilter.java:110)
	at org.apache.catalina.core.ApplicationFilterChain.doFilter(ApplicationFilterChain.java:107)
	at org.springframework.web.filter.CompositeFilter$VirtualFilterChain.doFilter(CompositeFilter.java:108)
	at org.springframework.security.web.FilterChainProxy.lambda$doFilterInternal$3(FilterChainProxy.java:235)
	at org.springframework.security.web.FilterChainProxy$VirtualFilterChain.doFilter(FilterChainProxy.java:376)
	at org.springframework.security.web.access.intercept.AuthorizationFilter.doFilter(AuthorizationFilter.java:101)
	at org.springframework.security.web.FilterChainProxy$VirtualFilterChain.doFilter(FilterChainProxy.java:385)
	at org.springframework.security.web.access.ExceptionTranslationFilter.doFilter(ExceptionTranslationFilter.java:126)
	at org.springframework.security.web.access.ExceptionTranslationFilter.doFilter(ExceptionTranslationFilter.java:120)
	at org.springframework.security.web.FilterChainProxy$VirtualFilterChain.doFilter(FilterChainProxy.java:385)
	at org.springframework.security.web.session.SessionManagementFilter.doFilter(SessionManagementFilter.java:132)
	at org.springframework.security.web.session.SessionManagementFilter.doFilter(SessionManagementFilter.java:86)
	at org.springframework.security.web.FilterChainProxy$VirtualFilterChain.doFilter(FilterChainProxy.java:385)
	at org.springframework.security.web.authentication.AnonymousAuthenticationFilter.doFilter(AnonymousAuthenticationFilter.java:100)
	at org.springframework.security.web.FilterChainProxy$VirtualFilterChain.doFilter(FilterChainProxy.java:385)
	at org.springframework.security.web.servletapi.SecurityContextHolderAwareRequestFilter.doFilter(SecurityContextHolderAwareRequestFilter.java:181)
	at org.springframework.security.web.FilterChainProxy$VirtualFilterChain.doFilter(FilterChainProxy.java:385)
	at org.springframework.security.web.savedrequest.RequestCacheAwareFilter.doFilter(RequestCacheAwareFilter.java:63)
	at org.springframework.security.web.FilterChainProxy$VirtualFilterChain.doFilter(FilterChainProxy.java:385)
	at com.example.Docgen_Backend.config.JwtFilter.doFilterInternal(JwtFilter.java:118)
	at org.springframework.web.filter.OncePerRequestFilter.doFilter(OncePerRequestFilter.java:116)
	at org.springframework.security.web.FilterChainProxy$VirtualFilterChain.doFilter(FilterChainProxy.java:385)
	at org.springframework.security.web.authentication.logout.LogoutFilter.doFilter(LogoutFilter.java:110)
	at org.springframework.security.web.authentication.logout.LogoutFilter.doFilter(LogoutFilter.java:96)
	at org.springframework.security.web.FilterChainProxy$VirtualFilterChain.doFilter(FilterChainProxy.java:385)
	at org.springframework.web.filter.CorsFilter.doFilterInternal(CorsFilter.java:91)
	at org.springframework.web.filter.OncePerRequestFilter.doFilter(OncePerRequestFilter.java:116)
	at org.springframework.security.web.FilterChainProxy$VirtualFilterChain.doFilter(FilterChainProxy.java:385)
	at org.springframework.security.web.header.HeaderWriterFilter.doHeadersAfter(HeaderWriterFilter.java:90)
	at org.springframework.security.web.header.HeaderWriterFilter.doFilterInternal(HeaderWriterFilter.java:75)
	at org.springframework.web.filter.OncePerRequestFilter.doFilter(OncePerRequestFilter.java:116)
	at org.springframework.security.web.FilterChainProxy$VirtualFilterChain.doFilter(FilterChainProxy.java:385)
	at org.springframework.security.web.context.SecurityContextHolderFilter.doFilter(SecurityContextHolderFilter.java:82)
	at org.springframework.security.web.context.SecurityContextHolderFilter.doFilter(SecurityContextHolderFilter.java:69)
	at org.springframework.security.web.FilterChainProxy$VirtualFilterChain.doFilter(FilterChainProxy.java:385)
	at org.springframework.security.web.context.request.async.WebAsyncManagerIntegrationFilter.doFilterInternal(WebAsyncManagerIntegrationFilter.java:62)
	at org.springframework.web.filter.OncePerRequestFilter.doFilter(OncePerRequestFilter.java:116)
	at org.springframework.security.web.FilterChainProxy$VirtualFilterChain.doFilter(FilterChainProxy.java:385)
	at org.springframework.security.web.session.DisableEncodeUrlFilter.doFilterInternal(DisableEncodeUrlFilter.java:42)
	at org.springframework.web.filter.OncePerRequestFilter.doFilter(OncePerRequestFilter.java:116)
	at org.springframework.security.web.FilterChainProxy$VirtualFilterChain.doFilter(FilterChainProxy.java:385)
	at org.springframework.security.web.FilterChainProxy.doFilterInternal(FilterChainProxy.java:237)
	at org.springframework.security.web.FilterChainProxy.doFilter(FilterChainProxy.java:195)
	at org.springframework.web.filter.CompositeFilter$VirtualFilterChain.doFilter(CompositeFilter.java:113)
	at org.springframework.web.filter.ServletRequestPathFilter.doFilter(ServletRequestPathFilter.java:52)
	at org.springframework.web.filter.CompositeFilter$VirtualFilterChain.doFilter(CompositeFilter.java:113)
	at org.springframework.web.filter.CompositeFilter.doFilter(CompositeFilter.java:74)
	at org.springframework.security.config.annotation.web.configuration.WebSecurityConfiguration$CompositeFilterChainProxy.doFilter(WebSecurityConfiguration.java:317)
	at org.springframework.web.filter.DelegatingFilterProxy.invokeDelegate(DelegatingFilterProxy.java:355)
	at org.springframework.web.filter.DelegatingFilterProxy.doFilter(DelegatingFilterProxy.java:272)
	at org.apache.catalina.core.ApplicationFilterChain.doFilter(ApplicationFilterChain.java:107)
	at org.springframework.web.filter.RequestContextFilter.doFilterInternal(RequestContextFilter.java:100)
	at org.springframework.web.filter.OncePerRequestFilter.doFilter(OncePerRequestFilter.java:116)
	at org.apache.catalina.core.ApplicationFilterChain.doFilter(ApplicationFilterChain.java:107)
	at org.springframework.web.filter.FormContentFilter.doFilterInternal(FormContentFilter.java:93)
	at org.springframework.web.filter.OncePerRequestFilter.doFilter(OncePerRequestFilter.java:116)
	at org.apache.catalina.core.ApplicationFilterChain.doFilter(ApplicationFilterChain.java:107)
	at org.springframework.web.filter.CharacterEncodingFilter.doFilterInternal(CharacterEncodingFilter.java:199)
	at org.springframework.web.filter.OncePerRequestFilter.doFilter(OncePerRequestFilter.java:116)
	at org.apache.catalina.core.ApplicationFilterChain.doFilter(ApplicationFilterChain.java:107)
	at org.apache.catalina.core.StandardWrapperValve.invoke(StandardWrapperValve.java:165)
	at org.apache.catalina.core.StandardContextValve.invoke(StandardContextValve.java:77)
	at org.apache.catalina.authenticator.AuthenticatorBase.invoke(AuthenticatorBase.java:492)
	at org.apache.catalina.core.StandardHostValve.invoke(StandardHostValve.java:113)
	at org.apache.catalina.valves.ErrorReportValve.invoke(ErrorReportValve.java:83)
	at org.apache.catalina.core.StandardEngineValve.invoke(StandardEngineValve.java:72)
	at org.apache.catalina.connector.CoyoteAdapter.service(CoyoteAdapter.java:341)
	at org.apache.coyote.http11.Http11Processor.service(Http11Processor.java:397)
	at org.apache.coyote.AbstractProcessorLight.process(AbstractProcessorLight.java:63)
	at org.apache.coyote.AbstractProtocol$ConnectionHandler.process(AbstractProtocol.java:903)
	at org.apache.tomcat.util.net.NioEndpoint$SocketProcessor.doRun(NioEndpoint.java:1801)
	at org.apache.tomcat.util.net.SocketProcessorBase.run(SocketProcessorBase.java:52)
	at org.apache.tomcat.util.threads.ThreadPoolExecutor.runWorker(ThreadPoolExecutor.java:946)
	at org.apache.tomcat.util.threads.ThreadPoolExecutor$Worker.run(ThreadPoolExecutor.java:480)
	at org.apache.tomcat.util.threads.TaskThread$WrappingRunnable.run(TaskThread.java:57)
	at java.base/java.lang.Thread.run(Thread.java:1583)
2026-09-16 17:36:22 [http-nio-8080-exec-2] ERROR c.e.D.e.GlobalExceptionHandler - Invalid input: internshipType is required
2026-09-16 17:36:22 [http-nio-8080-exec-2] WARN  o.s.w.s.m.m.a.ExceptionHandlerExceptionResolver - Resolved [java.lang.IllegalArgumentException: internshipType is required]
2026-09-16 17:36:38 [http-nio-8080-exec-6] INFO  c.e.Docgen_Backend.config.JwtFilter - JWT validated successfully for userId=6a82a98a13421d60d7e0e553
2026-09-16 17:36:38 [http-nio-8080-exec-6] INFO  c.e.D.controller.UserController - PATCH /api/v2/users/217 - Update request received for employeeId=TEST0336
2026-09-16 17:36:38 [http-nio-8080-exec-6] DEBUG c.e.D.controller.UserController - Update payload: CreateProfileRequest(employeeName=Test User Three, email=prathamesh69bhavsar@gmail.com, mobileNo=8007454299, employeeId=TEST0336, joiningDesignation=Java developer, currentDesignation=Full Stack Developer, department=IT, currentAddress=N-42,VD-1/3/1,Sawta Nager,Cidco,Trimurti Chowk, permanentAddress=Pune, Maharashtra, accountNo=2568108019550, bankName=AU Small Finance Bank, joiningCTC=500000.0, currentCTC=970000.0, dateOfBirth=1212-12-12, offerDate=2023-07-01, joiningDate=2023-07-04, panNo=GFZPS5853Q, company=PSCS, pfType=WITHOUT_PF, identity=MR, documents=[APPOINTMENT_LETTER, INTERNSHIP_LETTER, EXPERIENCE_LETTER, FULL_AND_FINAL, CONFIRMATION_LETTER, INCREMENT_LETTER, RELIEVING_LETTER, SALARY_SLIP, COMPLETION_LETTER, OFFER_LETTER], documentData={OFFER_LETTER={issueDate=2023-07-01, probationPeriod=3}, APPOINTMENT_LETTER={issueDate=2000-11-12, probationPeriod=3}, INCREMENT_LETTER={issueDate=2025-04-01}, INTERNSHIP_LETTER={internshipType=UNPAID, stipend=0, startDate=1331-12-13, endDate=1111-11-11, issueDate=1212-12-12}, COMPLETION_LETTER={startDate=1000-11-12, completionDate=1000-12-12, issueDate=2023-07-01}, CONFIRMATION_LETTER={effectiveDate=2020-11-15, issueDate=2020-12-15}, EXPERIENCE_LETTER={relievingDate=2025-10-01, issueDate=2025-10-01}, RELIEVING_LETTER={relievingDate=2025-10-01, issueDate=2025-10-01}, FULL_AND_FINAL={fnfDate=2025-10-01, issueDate=2025-10-01, month=2026-10, resignationDate=2025-09-01, leavingDate=2025-10-01, paidDays=9, totalDaysInMonth=30}, SALARY_SLIP={startMonth=2026-09, endMonth=2026-09, salaryWorkdays={2026-09=30}}})
2026-09-16 17:36:38 [http-nio-8080-exec-6] INFO  c.e.D.service.impl.UserServiceImpl - Updating user profile | userId=217 | employeeId=TEST0336
2026-09-16 17:36:38 [http-nio-8080-exec-6] DEBUG c.e.D.service.impl.UserServiceImpl - Existing user fetched | userId=217 | oldEmployeeId=TEST0336
2026-09-16 17:36:38 [http-nio-8080-exec-6] DEBUG c.e.D.service.impl.UserServiceImpl - Updating documents | userId=217
2026-09-16 17:36:38 [http-nio-8080-exec-6] INFO  c.e.D.service.impl.UserServiceImpl - User profile updated successfully | userId=217 | timeTaken=608ms
2026-09-16 17:36:39 [http-nio-8080-exec-6] INFO  c.e.D.controller.UserController - Profile updated successfully for userId=217, employeeId=TEST0336
2026-09-16 17:37:58 [HikariPool-1:housekeeper] WARN  com.zaxxer.hikari.pool.PoolBase - HikariPool-1 - Failed to validate connection com.mysql.cj.jdbc.ConnectionImpl@4c92f46b (No operations allowed after connection closed.). Possibly consider using a shorter maxLifetime value.
2026-09-16 17:38:10 [HikariPool-1:housekeeper] WARN  com.zaxxer.hikari.pool.PoolBase - HikariPool-1 - Failed to validate connection com.mysql.cj.jdbc.ConnectionImpl@770ec540 (No operations allowed after connection closed.). Possibly consider using a shorter maxLifetime value.
2026-09-16 17:39:53 [HikariPool-1:housekeeper] WARN  com.zaxxer.hikari.pool.PoolBase - HikariPool-1 - Failed to validate connection com.mysql.cj.jdbc.ConnectionImpl@25ec47d (No operations allowed after connection closed.). Possibly consider using a shorter maxLifetime value.
2026-09-16 17:39:56 [HikariPool-1:housekeeper] WARN  com.zaxxer.hikari.pool.PoolBase - HikariPool-1 - Failed to validate connection com.mysql.cj.jdbc.ConnectionImpl@112bce94 (No operations allowed after connection closed.). Possibly consider using a shorter maxLifetime value.
2026-09-16 17:41:34 [HikariPool-1:housekeeper] WARN  com.zaxxer.hikari.pool.PoolBase - HikariPool-1 - Failed to validate connection com.mysql.cj.jdbc.ConnectionImpl@c8f2e35 (No operations allowed after connection closed.). Possibly consider using a shorter maxLifetime value.
2026-09-16 17:41:35 [HikariPool-1:housekeeper] WARN  com.zaxxer.hikari.pool.PoolBase - HikariPool-1 - Failed to validate connection com.mysql.cj.jdbc.ConnectionImpl@220a0afb (No operations allowed after connection closed.). Possibly consider using a shorter maxLifetime value.
2026-09-16 17:41:49 [http-nio-8080-exec-8] INFO  c.e.Docgen_Backend.config.JwtFilter - JWT validated successfully for userId=6a82a98a13421d60d7e0e553
2026-09-16 17:41:49 [http-nio-8080-exec-8] INFO  c.e.D.controller.UserController - PATCH /api/v2/users/217 - Update request received for employeeId=TEST0336
2026-09-16 17:41:49 [http-nio-8080-exec-8] DEBUG c.e.D.controller.UserController - Update payload: CreateProfileRequest(employeeName=Test User Three, email=prathamesh69bhavsar@gmail.com, mobileNo=8007454299, employeeId=TEST0336, joiningDesignation=Java developer, currentDesignation=Full Stack Developer, department=IT, currentAddress=N-42,VD-1/3/1,Sawta Nager,Cidco,Trimurti Chowk, permanentAddress=Pune, Maharashtra, accountNo=2568108019550, bankName=AU Small Finance Bank, joiningCTC=500000.0, currentCTC=970000.0, dateOfBirth=1212-12-12, offerDate=2023-07-01, joiningDate=2023-07-04, panNo=GFZPS5853Q, company=NSS, pfType=WITH_PF, identity=MR, documents=[APPOINTMENT_LETTER, INTERNSHIP_LETTER, EXPERIENCE_LETTER, FULL_AND_FINAL, CONFIRMATION_LETTER, INCREMENT_LETTER, RELIEVING_LETTER, SALARY_SLIP, COMPLETION_LETTER, OFFER_LETTER], documentData={OFFER_LETTER={issueDate=2023-07-01, probationPeriod=3}, APPOINTMENT_LETTER={issueDate=2000-11-12, probationPeriod=3}, INCREMENT_LETTER={issueDate=2025-04-01}, INTERNSHIP_LETTER={internshipType=UNPAID, stipend=0, startDate=1331-12-13, endDate=1111-11-11, issueDate=1212-12-12}, COMPLETION_LETTER={startDate=1000-11-12, completionDate=1000-12-12, issueDate=2023-07-01}, CONFIRMATION_LETTER={effectiveDate=2020-11-15, issueDate=2020-12-15}, EXPERIENCE_LETTER={relievingDate=2025-10-01, issueDate=2025-10-01}, RELIEVING_LETTER={relievingDate=2025-10-01, issueDate=2025-10-01}, FULL_AND_FINAL={fnfDate=2025-10-01, issueDate=2025-10-01, month=2026-10, resignationDate=2025-09-01, leavingDate=2025-10-01, paidDays=9, totalDaysInMonth=30}, SALARY_SLIP={startMonth=2026-09, endMonth=2026-09, salaryWorkdays={2026-09=30}}})
2026-09-16 17:41:50 [http-nio-8080-exec-8] INFO  c.e.D.service.impl.UserServiceImpl - Updating user profile | userId=217 | employeeId=TEST0336
2026-09-16 17:41:50 [http-nio-8080-exec-8] DEBUG c.e.D.service.impl.UserServiceImpl - Existing user fetched | userId=217 | oldEmployeeId=TEST0336
2026-09-16 17:41:50 [http-nio-8080-exec-8] DEBUG c.e.D.service.impl.UserServiceImpl - Updating documents | userId=217
2026-09-16 17:41:50 [http-nio-8080-exec-8] INFO  c.e.D.service.impl.UserServiceImpl - User profile updated successfully | userId=217 | timeTaken=165ms
2026-09-16 17:41:50 [http-nio-8080-exec-8] INFO  c.e.D.controller.UserController - Profile updated successfully for userId=217, employeeId=TEST0336
2026-09-16 17:41:55 [http-nio-8080-exec-10] INFO  c.e.Docgen_Backend.config.JwtFilter - JWT validated successfully for userId=6a82a98a13421d60d7e0e553
2026-09-16 17:41:55 [http-nio-8080-exec-10] INFO  c.e.D.controller.UserController - PATCH /api/v2/users/217 - Update request received for employeeId=TEST0336
2026-09-16 17:41:55 [http-nio-8080-exec-10] DEBUG c.e.D.controller.UserController - Update payload: CreateProfileRequest(employeeName=Test User Three, email=prathamesh69bhavsar@gmail.com, mobileNo=8007454299, employeeId=TEST0336, joiningDesignation=Java developer, currentDesignation=Full Stack Developer, department=IT, currentAddress=N-42,VD-1/3/1,Sawta Nager,Cidco,Trimurti Chowk, permanentAddress=Pune, Maharashtra, accountNo=2568108019550, bankName=AU Small Finance Bank, joiningCTC=500000.0, currentCTC=970000.0, dateOfBirth=1212-12-12, offerDate=2023-07-01, joiningDate=2023-07-04, panNo=GFZPS5853Q, company=NSS, pfType=WITH_PF, identity=MR, documents=[APPOINTMENT_LETTER, INTERNSHIP_LETTER, EXPERIENCE_LETTER, FULL_AND_FINAL, CONFIRMATION_LETTER, INCREMENT_LETTER, RELIEVING_LETTER, SALARY_SLIP, COMPLETION_LETTER, OFFER_LETTER], documentData={OFFER_LETTER={issueDate=2023-07-01, probationPeriod=3}, APPOINTMENT_LETTER={issueDate=2000-11-12, probationPeriod=3}, INCREMENT_LETTER={issueDate=2025-04-01}, INTERNSHIP_LETTER={internshipType=UNPAID, stipend=0, startDate=1331-12-13, endDate=1111-11-11, issueDate=1212-12-12}, COMPLETION_LETTER={startDate=1000-11-12, completionDate=1000-12-12, issueDate=2023-07-01}, CONFIRMATION_LETTER={effectiveDate=2020-11-15, issueDate=2020-12-15}, EXPERIENCE_LETTER={relievingDate=2025-10-01, issueDate=2025-10-01}, RELIEVING_LETTER={relievingDate=2025-10-01, issueDate=2025-10-01}, FULL_AND_FINAL={fnfDate=2025-10-01, issueDate=2025-10-01, month=2026-10, resignationDate=2025-09-01, leavingDate=2025-10-01, paidDays=9, totalDaysInMonth=30}, SALARY_SLIP={startMonth=2026-09, endMonth=2026-09, salaryWorkdays={2026-09=30}}})
2026-09-16 17:41:55 [http-nio-8080-exec-10] INFO  c.e.D.service.impl.UserServiceImpl - Updating user profile | userId=217 | employeeId=TEST0336
2026-09-16 17:41:55 [http-nio-8080-exec-10] DEBUG c.e.D.service.impl.UserServiceImpl - Existing user fetched | userId=217 | oldEmployeeId=TEST0336
2026-09-16 17:41:55 [http-nio-8080-exec-10] DEBUG c.e.D.service.impl.UserServiceImpl - Updating documents | userId=217
2026-09-16 17:41:55 [http-nio-8080-exec-10] INFO  c.e.D.service.impl.UserServiceImpl - User profile updated successfully | userId=217 | timeTaken=129ms
2026-09-16 17:41:55 [http-nio-8080-exec-10] INFO  c.e.D.controller.UserController - Profile updated successfully for userId=217, employeeId=TEST0336
2026-09-16 17:43:25 [HikariPool-1:housekeeper] WARN  com.zaxxer.hikari.pool.PoolBase - HikariPool-1 - Failed to validate connection com.mysql.cj.jdbc.ConnectionImpl@6d9a2f40 (No operations allowed after connection closed.). Possibly consider using a shorter maxLifetime value.
2026-09-16 17:43:30 [HikariPool-1:housekeeper] WARN  com.zaxxer.hikari.pool.PoolBase - HikariPool-1 - Failed to validate connection com.mysql.cj.jdbc.ConnectionImpl@53ab7e61 (No operations allowed after connection closed.). Possibly consider using a shorter maxLifetime value.
2026-09-16 17:45:23 [HikariPool-1:housekeeper] WARN  com.zaxxer.hikari.pool.PoolBase - HikariPool-1 - Failed to validate connection com.mysql.cj.jdbc.ConnectionImpl@1d582072 (No operations allowed after connection closed.). Possibly consider using a shorter maxLifetime value.
2026-09-16 17:45:29 [HikariPool-1:housekeeper] WARN  com.zaxxer.hikari.pool.PoolBase - HikariPool-1 - Failed to validate connection com.mysql.cj.jdbc.ConnectionImpl@7591535 (No operations allowed after connection closed.). Possibly consider using a shorter maxLifetime value.
2026-09-16 17:47:11 [HikariPool-1:housekeeper] WARN  com.zaxxer.hikari.pool.PoolBase - HikariPool-1 - Failed to validate connection com.mysql.cj.jdbc.ConnectionImpl@5d852012 (No operations allowed after connection closed.). Possibly consider using a shorter maxLifetime value.
2026-09-16 17:47:21 [HikariPool-1:housekeeper] WARN  com.zaxxer.hikari.pool.PoolBase - HikariPool-1 - Failed to validate connection com.mysql.cj.jdbc.ConnectionImpl@542398a8 (No operations allowed after connection closed.). Possibly consider using a shorter maxLifetime value.
2026-09-16 17:49:06 [HikariPool-1:housekeeper] WARN  com.zaxxer.hikari.pool.PoolBase - HikariPool-1 - Failed to validate connection com.mysql.cj.jdbc.ConnectionImpl@37983948 (No operations allowed after connection closed.). Possibly consider using a shorter maxLifetime value.
2026-09-16 17:49:11 [HikariPool-1:housekeeper] WARN  com.zaxxer.hikari.pool.PoolBase - HikariPool-1 - Failed to validate connection com.mysql.cj.jdbc.ConnectionImpl@2e5781f (No operations allowed after connection closed.). Possibly consider using a shorter maxLifetime value.
2026-09-16 17:50:33 [http-nio-8080-exec-2] INFO  c.e.Docgen_Backend.config.JwtFilter - JWT validated successfully for userId=6a82a98a13421d60d7e0e553
2026-09-16 17:50:33 [http-nio-8080-exec-2] INFO  c.e.D.controller.UserController - PATCH /api/v2/users/217 - Update request received for employeeId=TEST0336
2026-09-16 17:50:33 [http-nio-8080-exec-2] DEBUG c.e.D.controller.UserController - Update payload: CreateProfileRequest(employeeName=Test User Three, email=prathamesh69bhavsar@gmail.com, mobileNo=8007454299, employeeId=TEST0336, joiningDesignation=Java developer, currentDesignation=Full Stack Developer, department=IT, currentAddress=N-42,VD-1/3/1,Sawta Nager,Cidco,Trimurti Chowk, permanentAddress=Pune, Maharashtra, accountNo=2568108019550, bankName=AU Small Finance Bank, joiningCTC=500000.0, currentCTC=970000.0, dateOfBirth=1212-12-12, offerDate=2023-07-01, joiningDate=2023-07-04, panNo=GFZPS5853Q, company=NSS, pfType=WITHOUT_PF, identity=MR, documents=[APPOINTMENT_LETTER, INTERNSHIP_LETTER, EXPERIENCE_LETTER, FULL_AND_FINAL, CONFIRMATION_LETTER, INCREMENT_LETTER, RELIEVING_LETTER, SALARY_SLIP, COMPLETION_LETTER, OFFER_LETTER], documentData={OFFER_LETTER={issueDate=2023-07-01, probationPeriod=3}, APPOINTMENT_LETTER={issueDate=2000-11-12, probationPeriod=3}, INCREMENT_LETTER={issueDate=2025-04-01}, INTERNSHIP_LETTER={internshipType=UNPAID, stipend=0, startDate=1331-12-13, endDate=1111-11-11, issueDate=1212-12-12}, COMPLETION_LETTER={startDate=1000-11-12, completionDate=1000-12-12, issueDate=2023-07-01}, CONFIRMATION_LETTER={effectiveDate=2020-11-15, issueDate=2020-12-15}, EXPERIENCE_LETTER={relievingDate=2025-10-01, issueDate=2025-10-01}, RELIEVING_LETTER={relievingDate=2025-10-01, issueDate=2025-10-01}, FULL_AND_FINAL={fnfDate=2025-10-01, issueDate=2025-10-01, month=2026-10, resignationDate=2025-09-01, leavingDate=2025-10-01, paidDays=9, totalDaysInMonth=30}, SALARY_SLIP={startMonth=2026-09, endMonth=2026-09, salaryWorkdays={2026-09=30}}})
2026-09-16 17:50:33 [http-nio-8080-exec-2] WARN  com.zaxxer.hikari.pool.PoolBase - HikariPool-1 - Failed to validate connection com.mysql.cj.jdbc.ConnectionImpl@5fd65c9b (No operations allowed after connection closed.). Possibly consider using a shorter maxLifetime value.
2026-09-16 17:50:33 [http-nio-8080-exec-2] WARN  com.zaxxer.hikari.pool.PoolBase - HikariPool-1 - Failed to validate connection com.mysql.cj.jdbc.ConnectionImpl@7af0becb (No operations allowed after connection closed.). Possibly consider using a shorter maxLifetime value.
2026-09-16 17:50:33 [http-nio-8080-exec-2] INFO  c.e.D.service.impl.UserServiceImpl - Updating user profile | userId=217 | employeeId=TEST0336
2026-09-16 17:50:34 [http-nio-8080-exec-2] DEBUG c.e.D.service.impl.UserServiceImpl - Existing user fetched | userId=217 | oldEmployeeId=TEST0336
2026-09-16 17:50:34 [http-nio-8080-exec-2] DEBUG c.e.D.service.impl.UserServiceImpl - Updating documents | userId=217
2026-09-16 17:50:34 [http-nio-8080-exec-2] INFO  c.e.D.service.impl.UserServiceImpl - User profile updated successfully | userId=217 | timeTaken=374ms
2026-09-16 17:50:34 [http-nio-8080-exec-2] INFO  c.e.D.controller.UserController - Profile updated successfully for userId=217, employeeId=TEST0336
2026-09-16 17:52:28 [HikariPool-1:housekeeper] WARN  com.zaxxer.hikari.pool.PoolBase - HikariPool-1 - Failed to validate connection com.mysql.cj.jdbc.ConnectionImpl@7f0723fd (No operations allowed after connection closed.). Possibly consider using a shorter maxLifetime value.
2026-09-16 17:52:31 [HikariPool-1:housekeeper] WARN  com.zaxxer.hikari.pool.PoolBase - HikariPool-1 - Failed to validate connection com.mysql.cj.jdbc.ConnectionImpl@46a949af (No operations allowed after connection closed.). Possibly consider using a shorter maxLifetime value.
2026-09-16 17:54:11 [HikariPool-1:housekeeper] WARN  com.zaxxer.hikari.pool.PoolBase - HikariPool-1 - Failed to validate connection com.mysql.cj.jdbc.ConnectionImpl@5754644b (No operations allowed after connection closed.). Possibly consider using a shorter maxLifetime value.
2026-09-16 17:54:27 [HikariPool-1:housekeeper] WARN  com.zaxxer.hikari.pool.PoolBase - HikariPool-1 - Failed to validate connection com.mysql.cj.jdbc.ConnectionImpl@5161c5a3 (No operations allowed after connection closed.). Possibly consider using a shorter maxLifetime value.
2026-09-16 17:55:48 [HikariPool-1:housekeeper] WARN  com.zaxxer.hikari.pool.PoolBase - HikariPool-1 - Failed to validate connection com.mysql.cj.jdbc.ConnectionImpl@290b5bd7 (No operations allowed after connection closed.). Possibly consider using a shorter maxLifetime value.
2026-09-16 17:55:58 [http-nio-8080-exec-5] INFO  c.e.Docgen_Backend.config.JwtFilter - JWT validated successfully for userId=6a82a98a13421d60d7e0e553
2026-09-16 17:55:58 [http-nio-8080-exec-5] INFO  c.e.D.controller.UserController - PATCH /api/v2/users/217 - Update request received for employeeId=TEST0336
2026-09-16 17:55:58 [http-nio-8080-exec-5] DEBUG c.e.D.controller.UserController - Update payload: CreateProfileRequest(employeeName=Test User Three, email=prathamesh69bhavsar@gmail.com, mobileNo=8007454299, employeeId=TEST0336, joiningDesignation=Java developer, currentDesignation=Full Stack Developer, department=IT, currentAddress=N-42,VD-1/3/1,Sawta Nager,Cidco,Trimurti Chowk, permanentAddress=Pune, Maharashtra, accountNo=2568108019550, bankName=AU Small Finance Bank, joiningCTC=500000.0, currentCTC=970000.0, dateOfBirth=1212-12-12, offerDate=2023-07-01, joiningDate=2023-07-04, panNo=GFZPS5853Q, company=NSS, pfType=WITHOUT_PF, identity=MR, documents=[APPOINTMENT_LETTER, INTERNSHIP_LETTER, EXPERIENCE_LETTER, FULL_AND_FINAL, CONFIRMATION_LETTER, INCREMENT_LETTER, RELIEVING_LETTER, SALARY_SLIP, COMPLETION_LETTER, OFFER_LETTER], documentData={OFFER_LETTER={issueDate=2023-07-01, probationPeriod=3}, APPOINTMENT_LETTER={issueDate=2000-11-12, probationPeriod=3}, INCREMENT_LETTER={issueDate=2025-04-01}, INTERNSHIP_LETTER={internshipType=UNPAID, stipend=0, startDate=1331-12-13, endDate=1111-11-11, issueDate=1212-12-12}, COMPLETION_LETTER={startDate=1000-11-12, completionDate=1000-12-12, issueDate=2023-07-01}, CONFIRMATION_LETTER={effectiveDate=2020-11-15, issueDate=2020-12-15}, EXPERIENCE_LETTER={relievingDate=2025-10-01, issueDate=2025-10-01}, RELIEVING_LETTER={relievingDate=2025-10-01, issueDate=2025-10-01}, FULL_AND_FINAL={fnfDate=2025-10-01, issueDate=2025-10-01, month=2026-10, resignationDate=2025-09-01, leavingDate=2025-10-01, paidDays=9, totalDaysInMonth=30}, SALARY_SLIP={startMonth=2026-09, endMonth=2026-09, salaryWorkdays={2026-09=30}}})
2026-09-16 17:55:58 [http-nio-8080-exec-5] WARN  com.zaxxer.hikari.pool.PoolBase - HikariPool-1 - Failed to validate connection com.mysql.cj.jdbc.ConnectionImpl@26b64e02 (No operations allowed after connection closed.). Possibly consider using a shorter maxLifetime value.
2026-09-16 17:55:58 [http-nio-8080-exec-5] INFO  c.e.D.service.impl.UserServiceImpl - Updating user profile | userId=217 | employeeId=TEST0336
2026-09-16 17:55:58 [http-nio-8080-exec-5] DEBUG c.e.D.service.impl.UserServiceImpl - Existing user fetched | userId=217 | oldEmployeeId=TEST0336
2026-09-16 17:55:58 [http-nio-8080-exec-5] DEBUG c.e.D.service.impl.UserServiceImpl - Updating documents | userId=217
2026-09-16 17:55:58 [http-nio-8080-exec-5] INFO  c.e.D.service.impl.UserServiceImpl - User profile updated successfully | userId=217 | timeTaken=180ms
2026-09-16 17:55:58 [http-nio-8080-exec-5] INFO  c.e.D.controller.UserController - Profile updated successfully for userId=217, employeeId=TEST0336
2026-09-16 17:57:35 [HikariPool-1:housekeeper] WARN  com.zaxxer.hikari.pool.PoolBase - HikariPool-1 - Failed to validate connection com.mysql.cj.jdbc.ConnectionImpl@323ab1af (No operations allowed after connection closed.). Possibly consider using a shorter maxLifetime value.
2026-09-16 17:57:42 [HikariPool-1:housekeeper] WARN  com.zaxxer.hikari.pool.PoolBase - HikariPool-1 - Failed to validate connection com.mysql.cj.jdbc.ConnectionImpl@54d0cea1 (No operations allowed after connection closed.). Possibly consider using a shorter maxLifetime value.
2026-09-16 17:57:43 [HikariPool-1:housekeeper] WARN  com.zaxxer.hikari.pool.PoolBase - HikariPool-1 - Failed to validate connection com.mysql.cj.jdbc.ConnectionImpl@1766fb22 (No operations allowed after connection closed.). Possibly consider using a shorter maxLifetime value.
2026-09-16 17:59:24 [HikariPool-1:housekeeper] WARN  com.zaxxer.hikari.pool.PoolBase - HikariPool-1 - Failed to validate connection com.mysql.cj.jdbc.ConnectionImpl@763c881 (No operations allowed after connection closed.). Possibly consider using a shorter maxLifetime value.
2026-09-16 17:59:29 [HikariPool-1:housekeeper] WARN  com.zaxxer.hikari.pool.PoolBase - HikariPool-1 - Failed to validate connection com.mysql.cj.jdbc.ConnectionImpl@113c5661 (No operations allowed after connection closed.). Possibly consider using a shorter maxLifetime value.
2026-09-16 18:00:35 [http-nio-8080-exec-9] INFO  c.e.Docgen_Backend.config.JwtFilter - JWT validated successfully for userId=6a82a98a13421d60d7e0e553
2026-09-16 18:00:35 [http-nio-8080-exec-9] INFO  c.e.D.controller.UserController - PATCH /api/v2/users/217 - Update request received for employeeId=TEST0336
2026-09-16 18:00:35 [http-nio-8080-exec-9] DEBUG c.e.D.controller.UserController - Update payload: CreateProfileRequest(employeeName=Test User Three, email=prathamesh69bhavsar@gmail.com, mobileNo=8007454299, employeeId=TEST0336, joiningDesignation=Java developer, currentDesignation=Full Stack Developer, department=IT, currentAddress=N-42,VD-1/3/1,Sawta Nager,Cidco,Trimurti Chowk, permanentAddress=Pune, Maharashtra, accountNo=2568108019550, bankName=AU Small Finance Bank, joiningCTC=500000.0, currentCTC=970000.0, dateOfBirth=1212-12-12, offerDate=2023-07-01, joiningDate=2023-07-04, panNo=GFZPS5853Q, company=SMDS, pfType=WITH_PF, identity=MR, documents=[APPOINTMENT_LETTER, INTERNSHIP_LETTER, EXPERIENCE_LETTER, FULL_AND_FINAL, CONFIRMATION_LETTER, INCREMENT_LETTER, RELIEVING_LETTER, SALARY_SLIP, COMPLETION_LETTER, OFFER_LETTER], documentData={OFFER_LETTER={issueDate=2023-07-01, probationPeriod=3}, APPOINTMENT_LETTER={issueDate=2000-11-12, probationPeriod=3}, INCREMENT_LETTER={issueDate=2025-04-01}, INTERNSHIP_LETTER={internshipType=UNPAID, stipend=0, startDate=1331-12-13, endDate=1111-11-11, issueDate=1212-12-12}, COMPLETION_LETTER={startDate=1000-11-12, completionDate=1000-12-12, issueDate=2023-07-01}, CONFIRMATION_LETTER={effectiveDate=2020-11-15, issueDate=2020-12-15}, EXPERIENCE_LETTER={relievingDate=2025-10-01, issueDate=2025-10-01}, RELIEVING_LETTER={relievingDate=2025-10-01, issueDate=2025-10-01}, FULL_AND_FINAL={fnfDate=2025-10-01, issueDate=2025-10-01, month=2026-10, resignationDate=2025-09-01, leavingDate=2025-10-01, paidDays=9, totalDaysInMonth=30}, SALARY_SLIP={startMonth=2026-09, endMonth=2026-09, salaryWorkdays={2026-09=30}}})
2026-09-16 18:00:35 [http-nio-8080-exec-9] WARN  com.zaxxer.hikari.pool.PoolBase - HikariPool-1 - Failed to validate connection com.mysql.cj.jdbc.ConnectionImpl@6e007f4a (No operations allowed after connection closed.). Possibly consider using a shorter maxLifetime value.
2026-09-16 18:00:35 [http-nio-8080-exec-9] WARN  com.zaxxer.hikari.pool.PoolBase - HikariPool-1 - Failed to validate connection com.mysql.cj.jdbc.ConnectionImpl@39b1d161 (No operations allowed after connection closed.). Possibly consider using a shorter maxLifetime value.
2026-09-16 18:00:36 [http-nio-8080-exec-9] INFO  c.e.D.service.impl.UserServiceImpl - Updating user profile | userId=217 | employeeId=TEST0336
2026-09-16 18:00:36 [http-nio-8080-exec-9] DEBUG c.e.D.service.impl.UserServiceImpl - Existing user fetched | userId=217 | oldEmployeeId=TEST0336
2026-09-16 18:00:36 [http-nio-8080-exec-9] DEBUG c.e.D.service.impl.UserServiceImpl - Updating documents | userId=217
2026-09-16 18:00:36 [http-nio-8080-exec-9] INFO  c.e.D.service.impl.UserServiceImpl - User profile updated successfully | userId=217 | timeTaken=136ms
2026-09-16 18:00:36 [http-nio-8080-exec-9] INFO  c.e.D.controller.UserController - Profile updated successfully for userId=217, employeeId=TEST0336
2026-09-16 18:01:13 [http-nio-8080-exec-3] INFO  c.e.Docgen_Backend.config.JwtFilter - JWT validated successfully for userId=6a82a98a13421d60d7e0e553
2026-09-16 18:01:13 [http-nio-8080-exec-3] WARN  com.zaxxer.hikari.pool.PoolBase - HikariPool-1 - Failed to validate connection com.mysql.cj.jdbc.ConnectionImpl@fab936a (No operations allowed after connection closed.). Possibly consider using a shorter maxLifetime value.
2026-09-16 18:01:13 [http-nio-8080-exec-3] WARN  com.zaxxer.hikari.pool.PoolBase - HikariPool-1 - Failed to validate connection com.mysql.cj.jdbc.ConnectionImpl@3cac20bb (No operations allowed after connection closed.). Possibly consider using a shorter maxLifetime value.
2026-09-16 18:01:13 [http-nio-8080-exec-3] WARN  com.zaxxer.hikari.pool.PoolBase - HikariPool-1 - Failed to validate connection com.mysql.cj.jdbc.ConnectionImpl@10385d2d (No operations allowed after connection closed.). Possibly consider using a shorter maxLifetime value.
2026-09-16 18:01:20 [http-nio-8080-exec-2] INFO  c.e.Docgen_Backend.config.JwtFilter - JWT validated successfully for userId=6a82a98a13421d60d7e0e553
2026-09-16 18:01:22 [http-nio-8080-exec-5] INFO  c.e.Docgen_Backend.config.JwtFilter - JWT validated successfully for userId=6a82a98a13421d60d7e0e553
2026-09-16 18:01:22 [http-nio-8080-exec-5] INFO  c.e.D.controller.UserController - GET /api/v2/users/240 - Fetch request received
2026-09-16 18:01:22 [http-nio-8080-exec-5] INFO  c.e.D.service.impl.UserServiceImpl - Fetching user profile for edit | userId=240 | requestedBy=6a82a98a13421d60d7e0e553
2026-09-16 18:01:23 [http-nio-8080-exec-5] DEBUG c.e.D.service.impl.UserServiceImpl - User found | userId=240 | employeeId=SMDS0360
2026-09-16 18:01:24 [http-nio-8080-exec-5] INFO  c.e.D.service.impl.UserServiceImpl - User profile fetched successfully | userId=240 | timeTaken=1367ms
2026-09-16 18:01:24 [http-nio-8080-exec-5] INFO  c.e.D.controller.UserController - Profile fetched successfully for userId=240
2026-09-16 18:01:24 [http-nio-8080-exec-5] DEBUG c.e.D.controller.UserController - Fetched profile data: UserProfileResponseDTO(id=240, employeeName=Deepesh Tayde, employeeId=SMDS0360, email=prathamesh69bhavsar@gmail.com, mobileNo=8007454299, joiningDesignation=Application Support Engineer, currentDesignation=Big Data Developer, department=IT, company=SMDS, identity=MR, pfType=WITH_PF, accountNo=2501235091840572, bankName=AU Small Finance Bank, currentAddress=N-42,VD-1/3/1,Sawta Nager,Cidco,Trimurti Chowk, permanentAddress=Ameerpet, joiningCTC=450000.0, currentCTC=1000008.0, dateOfBirth=1995-03-05, offerDate=2020-11-02, joiningDate=2020-11-16, panNo=CAGPT6932E, createdAt=null, documents={APPOINTMENT_LETTER=DocumentResponseDTO(generated=false, data=null), INTERNSHIP_LETTER=DocumentResponseDTO(generated=false, data=null), EXPERIENCE_LETTER=DocumentResponseDTO(generated=false, data=null), FULL_AND_FINAL=DocumentResponseDTO(generated=true, data={fnfDate=2026-12-14, totalDaysInMonth=31, month=2026-07, issueDate=2026-12-14, resignationDate=2026-06-03, paidDays=3, leavingDate=2026-07-03}), CONFIRMATION_LETTER=DocumentResponseDTO(generated=false, data=null), INCREMENT_LETTER=DocumentResponseDTO(generated=false, data=null), RELIEVING_LETTER=DocumentResponseDTO(generated=false, data=null), SALARY_SLIP=DocumentResponseDTO(generated=false, data=null), COMPLETION_LETTER=DocumentResponseDTO(generated=false, data=null), OFFER_LETTER=DocumentResponseDTO(generated=false, data=null)})
2026-09-16 18:01:24 [http-nio-8080-exec-7] INFO  c.e.Docgen_Backend.config.JwtFilter - JWT validated successfully for userId=6a82a98a13421d60d7e0e553
2026-09-16 18:01:24 [http-nio-8080-exec-7] INFO  c.e.D.controller.UserController - GET /api/v2/users/240 - Fetch request received
2026-09-16 18:01:24 [http-nio-8080-exec-7] INFO  c.e.D.service.impl.UserServiceImpl - Fetching user profile for edit | userId=240 | requestedBy=6a82a98a13421d60d7e0e553
2026-09-16 18:01:24 [http-nio-8080-exec-7] DEBUG c.e.D.service.impl.UserServiceImpl - User found | userId=240 | employeeId=SMDS0360
2026-09-16 18:01:24 [http-nio-8080-exec-7] INFO  c.e.D.service.impl.UserServiceImpl - User profile fetched successfully | userId=240 | timeTaken=269ms
2026-09-16 18:01:24 [http-nio-8080-exec-7] INFO  c.e.D.controller.UserController - Profile fetched successfully for userId=240
2026-09-16 18:01:24 [http-nio-8080-exec-7] DEBUG c.e.D.controller.UserController - Fetched profile data: UserProfileResponseDTO(id=240, employeeName=Deepesh Tayde, employeeId=SMDS0360, email=prathamesh69bhavsar@gmail.com, mobileNo=8007454299, joiningDesignation=Application Support Engineer, currentDesignation=Big Data Developer, department=IT, company=SMDS, identity=MR, pfType=WITH_PF, accountNo=2501235091840572, bankName=AU Small Finance Bank, currentAddress=N-42,VD-1/3/1,Sawta Nager,Cidco,Trimurti Chowk, permanentAddress=Ameerpet, joiningCTC=450000.0, currentCTC=1000008.0, dateOfBirth=1995-03-05, offerDate=2020-11-02, joiningDate=2020-11-16, panNo=CAGPT6932E, createdAt=null, documents={APPOINTMENT_LETTER=DocumentResponseDTO(generated=false, data=null), INTERNSHIP_LETTER=DocumentResponseDTO(generated=false, data=null), EXPERIENCE_LETTER=DocumentResponseDTO(generated=false, data=null), FULL_AND_FINAL=DocumentResponseDTO(generated=true, data={fnfDate=2026-12-14, totalDaysInMonth=31, month=2026-07, issueDate=2026-12-14, resignationDate=2026-06-03, paidDays=3, leavingDate=2026-07-03}), CONFIRMATION_LETTER=DocumentResponseDTO(generated=false, data=null), INCREMENT_LETTER=DocumentResponseDTO(generated=false, data=null), RELIEVING_LETTER=DocumentResponseDTO(generated=false, data=null), SALARY_SLIP=DocumentResponseDTO(generated=false, data=null), COMPLETION_LETTER=DocumentResponseDTO(generated=false, data=null), OFFER_LETTER=DocumentResponseDTO(generated=false, data=null)})
2026-09-16 18:02:03 [http-nio-8080-exec-9] INFO  c.e.Docgen_Backend.config.JwtFilter - JWT validated successfully for userId=6a82a98a13421d60d7e0e553
2026-09-16 18:02:03 [http-nio-8080-exec-9] INFO  c.e.D.controller.UserController - PATCH /api/v2/users/240 - Update request received for employeeId=SMDS0360
2026-09-16 18:02:03 [http-nio-8080-exec-9] DEBUG c.e.D.controller.UserController - Update payload: CreateProfileRequest(employeeName=Deepesh Tayde, email=prathamesh69bhavsar@gmail.com, mobileNo=8007454299, employeeId=SMDS0360, joiningDesignation=Application Support Engineer, currentDesignation=Big Data Developer, department=IT, currentAddress=N-42,VD-1/3/1,Sawta Nager,Cidco,Trimurti Chowk, permanentAddress=Ameerpet, accountNo=2501235091840572, bankName=AU Small Finance Bank, joiningCTC=450000.0, currentCTC=1000008.0, dateOfBirth=1995-03-05, offerDate=2020-11-02, joiningDate=2020-11-16, panNo=CAGPT6932E, company=SMDS, pfType=WITH_PF, identity=MR, documents=[FULL_AND_FINAL], documentData={FULL_AND_FINAL={fnfDate=2026-12-14, issueDate=2026-12-14, month=2026-07, resignationDate=2026-06-03, leavingDate=2026-07-03, paidDays=3, totalDaysInMonth=31}})
2026-09-16 18:02:03 [http-nio-8080-exec-9] WARN  com.zaxxer.hikari.pool.PoolBase - HikariPool-1 - Failed to validate connection com.mysql.cj.jdbc.ConnectionImpl@7e0a7d57 (No operations allowed after connection closed.). Possibly consider using a shorter maxLifetime value.
2026-09-16 18:02:03 [http-nio-8080-exec-9] WARN  com.zaxxer.hikari.pool.PoolBase - HikariPool-1 - Failed to validate connection com.mysql.cj.jdbc.ConnectionImpl@2e7886d (No operations allowed after connection closed.). Possibly consider using a shorter maxLifetime value.
2026-09-16 18:02:03 [http-nio-8080-exec-9] WARN  com.zaxxer.hikari.pool.PoolBase - HikariPool-1 - Failed to validate connection com.mysql.cj.jdbc.ConnectionImpl@107e7dcb (No operations allowed after connection closed.). Possibly consider using a shorter maxLifetime value.
2026-09-16 18:02:04 [http-nio-8080-exec-9] INFO  c.e.D.service.impl.UserServiceImpl - Updating user profile | userId=240 | employeeId=SMDS0360
2026-09-16 18:02:04 [http-nio-8080-exec-9] DEBUG c.e.D.service.impl.UserServiceImpl - Existing user fetched | userId=240 | oldEmployeeId=SMDS0360
2026-09-16 18:02:04 [http-nio-8080-exec-9] DEBUG c.e.D.service.impl.UserServiceImpl - Updating documents | userId=240
2026-09-16 18:02:04 [http-nio-8080-exec-9] INFO  c.e.D.service.impl.UserServiceImpl - User profile updated successfully | userId=240 | timeTaken=572ms
2026-09-16 18:02:04 [http-nio-8080-exec-9] INFO  c.e.D.controller.UserController - Profile updated successfully for userId=240, employeeId=SMDS0360
2026-09-16 18:03:42 [HikariPool-1:housekeeper] WARN  com.zaxxer.hikari.pool.PoolBase - HikariPool-1 - Failed to validate connection com.mysql.cj.jdbc.ConnectionImpl@289df1ea (No operations allowed after connection closed.). Possibly consider using a shorter maxLifetime value.
2026-09-16 18:03:48 [HikariPool-1:housekeeper] WARN  com.zaxxer.hikari.pool.PoolBase - HikariPool-1 - Failed to validate connection com.mysql.cj.jdbc.ConnectionImpl@2bdd8933 (No operations allowed after connection closed.). Possibly consider using a shorter maxLifetime value.
2026-09-16 18:03:53 [HikariPool-1:housekeeper] WARN  com.zaxxer.hikari.pool.PoolBase - HikariPool-1 - Failed to validate connection com.mysql.cj.jdbc.ConnectionImpl@458670be (No operations allowed after connection closed.). Possibly consider using a shorter maxLifetime value.
2026-09-16 18:04:11 [http-nio-8080-exec-2] INFO  c.e.Docgen_Backend.config.JwtFilter - JWT validated successfully for userId=6a82a98a13421d60d7e0e553
2026-09-16 18:04:11 [http-nio-8080-exec-2] WARN  com.zaxxer.hikari.pool.PoolBase - HikariPool-1 - Failed to validate connection com.mysql.cj.jdbc.ConnectionImpl@4689397 (No operations allowed after connection closed.). Possibly consider using a shorter maxLifetime value.
2026-09-16 18:04:12 [http-nio-8080-exec-5] INFO  c.e.Docgen_Backend.config.JwtFilter - JWT validated successfully for userId=6a82a98a13421d60d7e0e553
2026-09-16 18:04:14 [http-nio-8080-exec-9] INFO  c.e.Docgen_Backend.config.JwtFilter - JWT validated successfully for userId=6a82a98a13421d60d7e0e553
2026-09-16 18:04:14 [http-nio-8080-exec-9] INFO  c.e.D.controller.UserController - GET /api/v2/users/217 - Fetch request received
2026-09-16 18:04:14 [http-nio-8080-exec-9] INFO  c.e.D.service.impl.UserServiceImpl - Fetching user profile for edit | userId=217 | requestedBy=6a82a98a13421d60d7e0e553
2026-09-16 18:04:15 [http-nio-8080-exec-9] DEBUG c.e.D.service.impl.UserServiceImpl - User found | userId=217 | employeeId=TEST0336
2026-09-16 18:04:15 [http-nio-8080-exec-9] INFO  c.e.D.service.impl.UserServiceImpl - User profile fetched successfully | userId=217 | timeTaken=581ms
2026-09-16 18:04:15 [http-nio-8080-exec-9] INFO  c.e.D.controller.UserController - Profile fetched successfully for userId=217
2026-09-16 18:04:15 [http-nio-8080-exec-9] DEBUG c.e.D.controller.UserController - Fetched profile data: UserProfileResponseDTO(id=217, employeeName=Test User Three, employeeId=TEST0336, email=prathamesh69bhavsar@gmail.com, mobileNo=8007454299, joiningDesignation=Java developer, currentDesignation=Full Stack Developer, department=IT, company=SMDS, identity=MR, pfType=WITH_PF, accountNo=2568108019550, bankName=AU Small Finance Bank, currentAddress=N-42,VD-1/3/1,Sawta Nager,Cidco,Trimurti Chowk, permanentAddress=Pune, Maharashtra, joiningCTC=500000.0, currentCTC=970000.0, dateOfBirth=1212-12-12, offerDate=2023-07-01, joiningDate=2023-07-04, panNo=GFZPS5853Q, createdAt=null, documents={APPOINTMENT_LETTER=DocumentResponseDTO(generated=true, data={issueDate=2000-11-12, probationPeriod=3}), INTERNSHIP_LETTER=DocumentResponseDTO(generated=true, data={internshipType=UNPAID, endDate=1111-11-11, issueDate=1212-12-12, startDate=1331-12-13}), EXPERIENCE_LETTER=DocumentResponseDTO(generated=true, data={issueDate=2025-10-01, relievingDate=2025-10-01}), FULL_AND_FINAL=DocumentResponseDTO(generated=true, data={fnfDate=2025-10-01, totalDaysInMonth=30, month=2026-10, issueDate=2025-10-01, resignationDate=2025-09-01, paidDays=9, leavingDate=2025-10-01}), CONFIRMATION_LETTER=DocumentResponseDTO(generated=true, data={issueDate=2020-12-15, effectiveDate=2020-11-15}), INCREMENT_LETTER=DocumentResponseDTO(generated=true, data={issueDate=2025-04-01}), RELIEVING_LETTER=DocumentResponseDTO(generated=true, data={issueDate=2025-10-01, relievingDate=2025-10-01}), SALARY_SLIP=DocumentResponseDTO(generated=true, data={startMonth=2026-09, endMonth=2026-09}), COMPLETION_LETTER=DocumentResponseDTO(generated=true, data={completionDate=1000-12-12, issueDate=2023-07-01, startDate=1000-11-12}), OFFER_LETTER=DocumentResponseDTO(generated=true, data={issueDate=2023-07-01, probationPeriod=3})})
2026-09-16 18:04:15 [http-nio-8080-exec-10] INFO  c.e.Docgen_Backend.config.JwtFilter - JWT validated successfully for userId=6a82a98a13421d60d7e0e553
2026-09-16 18:04:15 [http-nio-8080-exec-10] INFO  c.e.D.controller.UserController - GET /api/v2/users/217 - Fetch request received
2026-09-16 18:04:15 [http-nio-8080-exec-10] INFO  c.e.D.service.impl.UserServiceImpl - Fetching user profile for edit | userId=217 | requestedBy=6a82a98a13421d60d7e0e553
2026-09-16 18:04:16 [http-nio-8080-exec-10] DEBUG c.e.D.service.impl.UserServiceImpl - User found | userId=217 | employeeId=TEST0336
2026-09-16 18:04:16 [http-nio-8080-exec-10] INFO  c.e.D.service.impl.UserServiceImpl - User profile fetched successfully | userId=217 | timeTaken=1573ms
2026-09-16 18:04:16 [http-nio-8080-exec-10] INFO  c.e.D.controller.UserController - Profile fetched successfully for userId=217
2026-09-16 18:04:16 [http-nio-8080-exec-10] DEBUG c.e.D.controller.UserController - Fetched profile data: UserProfileResponseDTO(id=217, employeeName=Test User Three, employeeId=TEST0336, email=prathamesh69bhavsar@gmail.com, mobileNo=8007454299, joiningDesignation=Java developer, currentDesignation=Full Stack Developer, department=IT, company=SMDS, identity=MR, pfType=WITH_PF, accountNo=2568108019550, bankName=AU Small Finance Bank, currentAddress=N-42,VD-1/3/1,Sawta Nager,Cidco,Trimurti Chowk, permanentAddress=Pune, Maharashtra, joiningCTC=500000.0, currentCTC=970000.0, dateOfBirth=1212-12-12, offerDate=2023-07-01, joiningDate=2023-07-04, panNo=GFZPS5853Q, createdAt=null, documents={APPOINTMENT_LETTER=DocumentResponseDTO(generated=true, data={issueDate=2000-11-12, probationPeriod=3}), INTERNSHIP_LETTER=DocumentResponseDTO(generated=true, data={internshipType=UNPAID, endDate=1111-11-11, issueDate=1212-12-12, startDate=1331-12-13}), EXPERIENCE_LETTER=DocumentResponseDTO(generated=true, data={issueDate=2025-10-01, relievingDate=2025-10-01}), FULL_AND_FINAL=DocumentResponseDTO(generated=true, data={fnfDate=2025-10-01, totalDaysInMonth=30, month=2026-10, issueDate=2025-10-01, resignationDate=2025-09-01, paidDays=9, leavingDate=2025-10-01}), CONFIRMATION_LETTER=DocumentResponseDTO(generated=true, data={issueDate=2020-12-15, effectiveDate=2020-11-15}), INCREMENT_LETTER=DocumentResponseDTO(generated=true, data={issueDate=2025-04-01}), RELIEVING_LETTER=DocumentResponseDTO(generated=true, data={issueDate=2025-10-01, relievingDate=2025-10-01}), SALARY_SLIP=DocumentResponseDTO(generated=true, data={startMonth=2026-09, endMonth=2026-09}), COMPLETION_LETTER=DocumentResponseDTO(generated=true, data={completionDate=1000-12-12, issueDate=2023-07-01, startDate=1000-11-12}), OFFER_LETTER=DocumentResponseDTO(generated=true, data={issueDate=2023-07-01, probationPeriod=3})})
2026-09-16 18:04:33 [http-nio-8080-exec-3] INFO  c.e.Docgen_Backend.config.JwtFilter - JWT validated successfully for userId=6a82a98a13421d60d7e0e553
2026-09-16 18:04:33 [http-nio-8080-exec-3] INFO  c.e.D.controller.UserController - PATCH /api/v2/users/217 - Update request received for employeeId=TEST0336
2026-09-16 18:04:33 [http-nio-8080-exec-3] DEBUG c.e.D.controller.UserController - Update payload: CreateProfileRequest(employeeName=Test User Three, email=prathamesh69bhavsar@gmail.com, mobileNo=8007454299, employeeId=TEST0336, joiningDesignation=Java developer, currentDesignation=Full Stack Developer, department=IT, currentAddress=N-42,VD-1/3/1,Sawta Nager,Cidco,Trimurti Chowk, permanentAddress=Pune, Maharashtra, accountNo=2568108019550, bankName=AU Small Finance Bank, joiningCTC=500000.0, currentCTC=970000.0, dateOfBirth=1212-12-12, offerDate=2023-07-01, joiningDate=2023-07-04, panNo=GFZPS5853Q, company=QMS, pfType=WITH_PF, identity=MR, documents=[APPOINTMENT_LETTER, INTERNSHIP_LETTER, EXPERIENCE_LETTER, FULL_AND_FINAL, CONFIRMATION_LETTER, INCREMENT_LETTER, RELIEVING_LETTER, SALARY_SLIP, COMPLETION_LETTER, OFFER_LETTER], documentData={OFFER_LETTER={issueDate=2023-07-01, probationPeriod=3}, APPOINTMENT_LETTER={issueDate=2000-11-12, probationPeriod=3}, INCREMENT_LETTER={issueDate=2025-04-01}, INTERNSHIP_LETTER={internshipType=null, stipend=0, startDate=1331-12-13, endDate=1111-11-11, issueDate=1212-12-12}, COMPLETION_LETTER={startDate=1000-11-12, completionDate=1000-12-12, issueDate=2023-07-01}, CONFIRMATION_LETTER={effectiveDate=2020-11-15, issueDate=2020-12-15}, EXPERIENCE_LETTER={relievingDate=2025-10-01, issueDate=2025-10-01}, RELIEVING_LETTER={relievingDate=2025-10-01, issueDate=2025-10-01}, FULL_AND_FINAL={fnfDate=2025-10-01, issueDate=2025-10-01, month=2026-10, resignationDate=2025-09-01, leavingDate=2025-10-01, paidDays=9, totalDaysInMonth=30}, SALARY_SLIP={startMonth=2026-09, endMonth=2026-09, salaryWorkdays={2026-09=30}}})
2026-09-16 18:04:33 [http-nio-8080-exec-3] INFO  c.e.D.service.impl.UserServiceImpl - Updating user profile | userId=217 | employeeId=TEST0336
2026-09-16 18:04:34 [http-nio-8080-exec-3] DEBUG c.e.D.service.impl.UserServiceImpl - Existing user fetched | userId=217 | oldEmployeeId=TEST0336
2026-09-16 18:04:34 [http-nio-8080-exec-3] DEBUG c.e.D.service.impl.UserServiceImpl - Updating documents | userId=217
2026-09-16 18:04:34 [http-nio-8080-exec-3] ERROR c.e.D.service.impl.UserServiceImpl - Error while updating user profile | userId=217 | error=internshipType is required
java.lang.IllegalArgumentException: internshipType is required
	at com.example.Docgen_Backend.service.impl.UserServiceImpl.getRequiredString(UserServiceImpl.java:193)
	at com.example.Docgen_Backend.service.impl.UserServiceImpl.upsertInternshipLetter(UserServiceImpl.java:905)
	at com.example.Docgen_Backend.service.impl.UserServiceImpl.processUpdateDocuments(UserServiceImpl.java:794)
	at com.example.Docgen_Backend.service.impl.UserServiceImpl.updateProfile(UserServiceImpl.java:744)
	at java.base/jdk.internal.reflect.DirectMethodHandleAccessor.invoke(DirectMethodHandleAccessor.java:103)
	at java.base/java.lang.reflect.Method.invoke(Method.java:580)
	at org.springframework.aop.support.AopUtils.invokeJoinpointUsingReflection(AopUtils.java:359)
	at org.springframework.aop.framework.ReflectiveMethodInvocation.invokeJoinpoint(ReflectiveMethodInvocation.java:190)
	at org.springframework.aop.framework.ReflectiveMethodInvocation.proceed(ReflectiveMethodInvocation.java:158)
	at org.springframework.transaction.interceptor.TransactionInterceptor$1.proceedWithInvocation(TransactionInterceptor.java:133)
	at org.springframework.transaction.interceptor.TransactionAspectSupport.invokeWithinTransaction(TransactionAspectSupport.java:371)
	at org.springframework.transaction.interceptor.TransactionInterceptor.invoke(TransactionInterceptor.java:130)
	at org.springframework.aop.framework.ReflectiveMethodInvocation.proceed(ReflectiveMethodInvocation.java:179)
	at org.springframework.aop.framework.CglibAopProxy$DynamicAdvisedInterceptor.intercept(CglibAopProxy.java:719)
	at com.example.Docgen_Backend.service.impl.UserServiceImpl$$SpringCGLIB$$0.updateProfile(<generated>)
	at com.example.Docgen_Backend.controller.UserController.updateProfile(UserController.java:155)
	at java.base/jdk.internal.reflect.DirectMethodHandleAccessor.invoke(DirectMethodHandleAccessor.java:103)
	at java.base/java.lang.reflect.Method.invoke(Method.java:580)
	at org.springframework.web.method.support.InvocableHandlerMethod.doInvoke(InvocableHandlerMethod.java:252)
	at org.springframework.web.method.support.InvocableHandlerMethod.invokeForRequest(InvocableHandlerMethod.java:184)
	at org.springframework.web.servlet.mvc.method.annotation.ServletInvocableHandlerMethod.invokeAndHandle(ServletInvocableHandlerMethod.java:117)
	at org.springframework.web.servlet.mvc.method.annotation.RequestMappingHandlerAdapter.invokeHandlerMethod(RequestMappingHandlerAdapter.java:934)
	at org.springframework.web.servlet.mvc.method.annotation.RequestMappingHandlerAdapter.handleInternal(RequestMappingHandlerAdapter.java:853)
	at org.springframework.web.servlet.mvc.method.AbstractHandlerMethodAdapter.handle(AbstractHandlerMethodAdapter.java:86)
	at org.springframework.web.servlet.DispatcherServlet.doDispatch(DispatcherServlet.java:963)
	at org.springframework.web.servlet.DispatcherServlet.doService(DispatcherServlet.java:866)
	at org.springframework.web.servlet.FrameworkServlet.processRequest(FrameworkServlet.java:1000)
	at org.springframework.web.servlet.FrameworkServlet.service(FrameworkServlet.java:877)
	at jakarta.servlet.http.HttpServlet.service(HttpServlet.java:710)
	at org.apache.catalina.core.ApplicationFilterChain.doFilter(ApplicationFilterChain.java:128)
	at org.apache.tomcat.websocket.server.WsFilter.doFilter(WsFilter.java:53)
	at org.apache.catalina.core.ApplicationFilterChain.doFilter(ApplicationFilterChain.java:107)
	at org.springframework.web.filter.OncePerRequestFilter.doFilter(OncePerRequestFilter.java:110)
	at org.apache.catalina.core.ApplicationFilterChain.doFilter(ApplicationFilterChain.java:107)
	at org.springframework.web.filter.CompositeFilter$VirtualFilterChain.doFilter(CompositeFilter.java:108)
	at org.springframework.security.web.FilterChainProxy.lambda$doFilterInternal$3(FilterChainProxy.java:235)
	at org.springframework.security.web.FilterChainProxy$VirtualFilterChain.doFilter(FilterChainProxy.java:376)
	at org.springframework.security.web.access.intercept.AuthorizationFilter.doFilter(AuthorizationFilter.java:101)
	at org.springframework.security.web.FilterChainProxy$VirtualFilterChain.doFilter(FilterChainProxy.java:385)
	at org.springframework.security.web.access.ExceptionTranslationFilter.doFilter(ExceptionTranslationFilter.java:126)
	at org.springframework.security.web.access.ExceptionTranslationFilter.doFilter(ExceptionTranslationFilter.java:120)
	at org.springframework.security.web.FilterChainProxy$VirtualFilterChain.doFilter(FilterChainProxy.java:385)
	at org.springframework.security.web.session.SessionManagementFilter.doFilter(SessionManagementFilter.java:132)
	at org.springframework.security.web.session.SessionManagementFilter.doFilter(SessionManagementFilter.java:86)
	at org.springframework.security.web.FilterChainProxy$VirtualFilterChain.doFilter(FilterChainProxy.java:385)
	at org.springframework.security.web.authentication.AnonymousAuthenticationFilter.doFilter(AnonymousAuthenticationFilter.java:100)
	at org.springframework.security.web.FilterChainProxy$VirtualFilterChain.doFilter(FilterChainProxy.java:385)
	at org.springframework.security.web.servletapi.SecurityContextHolderAwareRequestFilter.doFilter(SecurityContextHolderAwareRequestFilter.java:181)
	at org.springframework.security.web.FilterChainProxy$VirtualFilterChain.doFilter(FilterChainProxy.java:385)
	at org.springframework.security.web.savedrequest.RequestCacheAwareFilter.doFilter(RequestCacheAwareFilter.java:63)
	at org.springframework.security.web.FilterChainProxy$VirtualFilterChain.doFilter(FilterChainProxy.java:385)
	at com.example.Docgen_Backend.config.JwtFilter.doFilterInternal(JwtFilter.java:118)
	at org.springframework.web.filter.OncePerRequestFilter.doFilter(OncePerRequestFilter.java:116)
	at org.springframework.security.web.FilterChainProxy$VirtualFilterChain.doFilter(FilterChainProxy.java:385)
	at org.springframework.security.web.authentication.logout.LogoutFilter.doFilter(LogoutFilter.java:110)
	at org.springframework.security.web.authentication.logout.LogoutFilter.doFilter(LogoutFilter.java:96)
	at org.springframework.security.web.FilterChainProxy$VirtualFilterChain.doFilter(FilterChainProxy.java:385)
	at org.springframework.web.filter.CorsFilter.doFilterInternal(CorsFilter.java:91)
	at org.springframework.web.filter.OncePerRequestFilter.doFilter(OncePerRequestFilter.java:116)
	at org.springframework.security.web.FilterChainProxy$VirtualFilterChain.doFilter(FilterChainProxy.java:385)
	at org.springframework.security.web.header.HeaderWriterFilter.doHeadersAfter(HeaderWriterFilter.java:90)
	at org.springframework.security.web.header.HeaderWriterFilter.doFilterInternal(HeaderWriterFilter.java:75)
	at org.springframework.web.filter.OncePerRequestFilter.doFilter(OncePerRequestFilter.java:116)
	at org.springframework.security.web.FilterChainProxy$VirtualFilterChain.doFilter(FilterChainProxy.java:385)
	at org.springframework.security.web.context.SecurityContextHolderFilter.doFilter(SecurityContextHolderFilter.java:82)
	at org.springframework.security.web.context.SecurityContextHolderFilter.doFilter(SecurityContextHolderFilter.java:69)
	at org.springframework.security.web.FilterChainProxy$VirtualFilterChain.doFilter(FilterChainProxy.java:385)
	at org.springframework.security.web.context.request.async.WebAsyncManagerIntegrationFilter.doFilterInternal(WebAsyncManagerIntegrationFilter.java:62)
	at org.springframework.web.filter.OncePerRequestFilter.doFilter(OncePerRequestFilter.java:116)
	at org.springframework.security.web.FilterChainProxy$VirtualFilterChain.doFilter(FilterChainProxy.java:385)
	at org.springframework.security.web.session.DisableEncodeUrlFilter.doFilterInternal(DisableEncodeUrlFilter.java:42)
	at org.springframework.web.filter.OncePerRequestFilter.doFilter(OncePerRequestFilter.java:116)
	at org.springframework.security.web.FilterChainProxy$VirtualFilterChain.doFilter(FilterChainProxy.java:385)
	at org.springframework.security.web.FilterChainProxy.doFilterInternal(FilterChainProxy.java:237)
	at org.springframework.security.web.FilterChainProxy.doFilter(FilterChainProxy.java:195)
	at org.springframework.web.filter.CompositeFilter$VirtualFilterChain.doFilter(CompositeFilter.java:113)
	at org.springframework.web.filter.ServletRequestPathFilter.doFilter(ServletRequestPathFilter.java:52)
	at org.springframework.web.filter.CompositeFilter$VirtualFilterChain.doFilter(CompositeFilter.java:113)
	at org.springframework.web.filter.CompositeFilter.doFilter(CompositeFilter.java:74)
	at org.springframework.security.config.annotation.web.configuration.WebSecurityConfiguration$CompositeFilterChainProxy.doFilter(WebSecurityConfiguration.java:317)
	at org.springframework.web.filter.DelegatingFilterProxy.invokeDelegate(DelegatingFilterProxy.java:355)
	at org.springframework.web.filter.DelegatingFilterProxy.doFilter(DelegatingFilterProxy.java:272)
	at org.apache.catalina.core.ApplicationFilterChain.doFilter(ApplicationFilterChain.java:107)
	at org.springframework.web.filter.RequestContextFilter.doFilterInternal(RequestContextFilter.java:100)
	at org.springframework.web.filter.OncePerRequestFilter.doFilter(OncePerRequestFilter.java:116)
	at org.apache.catalina.core.ApplicationFilterChain.doFilter(ApplicationFilterChain.java:107)
	at org.springframework.web.filter.FormContentFilter.doFilterInternal(FormContentFilter.java:93)
	at org.springframework.web.filter.OncePerRequestFilter.doFilter(OncePerRequestFilter.java:116)
	at org.apache.catalina.core.ApplicationFilterChain.doFilter(ApplicationFilterChain.java:107)
	at org.springframework.web.filter.CharacterEncodingFilter.doFilterInternal(CharacterEncodingFilter.java:199)
	at org.springframework.web.filter.OncePerRequestFilter.doFilter(OncePerRequestFilter.java:116)
	at org.apache.catalina.core.ApplicationFilterChain.doFilter(ApplicationFilterChain.java:107)
	at org.apache.catalina.core.StandardWrapperValve.invoke(StandardWrapperValve.java:165)
	at org.apache.catalina.core.StandardContextValve.invoke(StandardContextValve.java:77)
	at org.apache.catalina.authenticator.AuthenticatorBase.invoke(AuthenticatorBase.java:492)
	at org.apache.catalina.core.StandardHostValve.invoke(StandardHostValve.java:113)
	at org.apache.catalina.valves.ErrorReportValve.invoke(ErrorReportValve.java:83)
	at org.apache.catalina.core.StandardEngineValve.invoke(StandardEngineValve.java:72)
	at org.apache.catalina.connector.CoyoteAdapter.service(CoyoteAdapter.java:341)
	at org.apache.coyote.http11.Http11Processor.service(Http11Processor.java:397)
	at org.apache.coyote.AbstractProcessorLight.process(AbstractProcessorLight.java:63)
	at org.apache.coyote.AbstractProtocol$ConnectionHandler.process(AbstractProtocol.java:903)
	at org.apache.tomcat.util.net.NioEndpoint$SocketProcessor.doRun(NioEndpoint.java:1801)
	at org.apache.tomcat.util.net.SocketProcessorBase.run(SocketProcessorBase.java:52)
	at org.apache.tomcat.util.threads.ThreadPoolExecutor.runWorker(ThreadPoolExecutor.java:946)
	at org.apache.tomcat.util.threads.ThreadPoolExecutor$Worker.run(ThreadPoolExecutor.java:480)
	at org.apache.tomcat.util.threads.TaskThread$WrappingRunnable.run(TaskThread.java:57)
	at java.base/java.lang.Thread.run(Thread.java:1583)
2026-09-16 18:04:34 [http-nio-8080-exec-3] ERROR c.e.D.e.GlobalExceptionHandler - Invalid input: internshipType is required
2026-09-16 18:04:34 [http-nio-8080-exec-3] WARN  o.s.w.s.m.m.a.ExceptionHandlerExceptionResolver - Resolved [java.lang.IllegalArgumentException: internshipType is required]
2026-09-16 18:04:40 [http-nio-8080-exec-6] INFO  c.e.Docgen_Backend.config.JwtFilter - JWT validated successfully for userId=6a82a98a13421d60d7e0e553
2026-09-16 18:04:40 [http-nio-8080-exec-6] INFO  c.e.D.controller.UserController - PATCH /api/v2/users/217 - Update request received for employeeId=TEST0336
2026-09-16 18:04:40 [http-nio-8080-exec-6] DEBUG c.e.D.controller.UserController - Update payload: CreateProfileRequest(employeeName=Test User Three, email=prathamesh69bhavsar@gmail.com, mobileNo=8007454299, employeeId=TEST0336, joiningDesignation=Java developer, currentDesignation=Full Stack Developer, department=IT, currentAddress=N-42,VD-1/3/1,Sawta Nager,Cidco,Trimurti Chowk, permanentAddress=Pune, Maharashtra, accountNo=2568108019550, bankName=AU Small Finance Bank, joiningCTC=500000.0, currentCTC=970000.0, dateOfBirth=1212-12-12, offerDate=2023-07-01, joiningDate=2023-07-04, panNo=GFZPS5853Q, company=QMS, pfType=WITH_PF, identity=MR, documents=[APPOINTMENT_LETTER, INTERNSHIP_LETTER, EXPERIENCE_LETTER, FULL_AND_FINAL, CONFIRMATION_LETTER, INCREMENT_LETTER, RELIEVING_LETTER, SALARY_SLIP, COMPLETION_LETTER, OFFER_LETTER], documentData={OFFER_LETTER={issueDate=2023-07-01, probationPeriod=3}, APPOINTMENT_LETTER={issueDate=2000-11-12, probationPeriod=3}, INCREMENT_LETTER={issueDate=2025-04-01}, INTERNSHIP_LETTER={internshipType=UNPAID, stipend=0, startDate=1331-12-13, endDate=1111-11-11, issueDate=1212-12-12}, COMPLETION_LETTER={startDate=1000-11-12, completionDate=1000-12-12, issueDate=2023-07-01}, CONFIRMATION_LETTER={effectiveDate=2020-11-15, issueDate=2020-12-15}, EXPERIENCE_LETTER={relievingDate=2025-10-01, issueDate=2025-10-01}, RELIEVING_LETTER={relievingDate=2025-10-01, issueDate=2025-10-01}, FULL_AND_FINAL={fnfDate=2025-10-01, issueDate=2025-10-01, month=2026-10, resignationDate=2025-09-01, leavingDate=2025-10-01, paidDays=9, totalDaysInMonth=30}, SALARY_SLIP={startMonth=2026-09, endMonth=2026-09, salaryWorkdays={2026-09=30}}})
2026-09-16 18:04:40 [http-nio-8080-exec-6] INFO  c.e.D.service.impl.UserServiceImpl - Updating user profile | userId=217 | employeeId=TEST0336
2026-09-16 18:04:41 [http-nio-8080-exec-6] DEBUG c.e.D.service.impl.UserServiceImpl - Existing user fetched | userId=217 | oldEmployeeId=TEST0336
2026-09-16 18:04:41 [http-nio-8080-exec-6] DEBUG c.e.D.service.impl.UserServiceImpl - Updating documents | userId=217
2026-09-16 18:04:41 [http-nio-8080-exec-6] INFO  c.e.D.service.impl.UserServiceImpl - User profile updated successfully | userId=217 | timeTaken=351ms
2026-09-16 18:04:41 [http-nio-8080-exec-6] INFO  c.e.D.controller.UserController - Profile updated successfully for userId=217, employeeId=TEST0336
2026-09-16 18:05:50 [HikariPool-1:housekeeper] WARN  com.zaxxer.hikari.pool.PoolBase - HikariPool-1 - Failed to validate connection com.mysql.cj.jdbc.ConnectionImpl@503e555a (No operations allowed after connection closed.). Possibly consider using a shorter maxLifetime value.
2026-09-16 18:06:00 [HikariPool-1:housekeeper] WARN  com.zaxxer.hikari.pool.PoolBase - HikariPool-1 - Failed to validate connection com.mysql.cj.jdbc.ConnectionImpl@3a19b07a (No operations allowed after connection closed.). Possibly consider using a shorter maxLifetime value.
2026-09-16 18:06:08 [HikariPool-1:housekeeper] WARN  com.zaxxer.hikari.pool.PoolBase - HikariPool-1 - Failed to validate connection com.mysql.cj.jdbc.ConnectionImpl@61afadea (No operations allowed after connection closed.). Possibly consider using a shorter maxLifetime value.
2026-09-16 18:07:40 [HikariPool-1:housekeeper] WARN  com.zaxxer.hikari.pool.PoolBase - HikariPool-1 - Failed to validate connection com.mysql.cj.jdbc.ConnectionImpl@3b559a79 (No operations allowed after connection closed.). Possibly consider using a shorter maxLifetime value.
2026-09-16 18:08:02 [HikariPool-1:housekeeper] WARN  com.zaxxer.hikari.pool.PoolBase - HikariPool-1 - Failed to validate connection com.mysql.cj.jdbc.ConnectionImpl@29bc09fa (No operations allowed after connection closed.). Possibly consider using a shorter maxLifetime value.
2026-09-16 18:09:18 [http-nio-8080-exec-9] INFO  c.e.Docgen_Backend.config.JwtFilter - JWT validated successfully for userId=6a82a98a13421d60d7e0e553
2026-09-16 18:09:18 [http-nio-8080-exec-9] INFO  c.e.D.controller.UserController - PATCH /api/v2/users/217 - Update request received for employeeId=TEST0336
2026-09-16 18:09:18 [http-nio-8080-exec-9] DEBUG c.e.D.controller.UserController - Update payload: CreateProfileRequest(employeeName=Test User Three, email=prathamesh69bhavsar@gmail.com, mobileNo=8007454299, employeeId=TEST0336, joiningDesignation=Java developer, currentDesignation=Full Stack Developer, department=IT, currentAddress=N-42,VD-1/3/1,Sawta Nager,Cidco,Trimurti Chowk, permanentAddress=Pune, Maharashtra, accountNo=2568108019550, bankName=AU Small Finance Bank, joiningCTC=500000.0, currentCTC=970000.0, dateOfBirth=1212-12-12, offerDate=2023-07-01, joiningDate=2023-07-04, panNo=GFZPS5853Q, company=QMS, pfType=WITHOUT_PF, identity=MR, documents=[APPOINTMENT_LETTER, INTERNSHIP_LETTER, EXPERIENCE_LETTER, FULL_AND_FINAL, CONFIRMATION_LETTER, INCREMENT_LETTER, RELIEVING_LETTER, SALARY_SLIP, COMPLETION_LETTER, OFFER_LETTER], documentData={OFFER_LETTER={issueDate=2023-07-01, probationPeriod=3}, APPOINTMENT_LETTER={issueDate=2000-11-12, probationPeriod=3}, INCREMENT_LETTER={issueDate=2025-04-01}, INTERNSHIP_LETTER={internshipType=UNPAID, stipend=0, startDate=1331-12-13, endDate=1111-11-11, issueDate=1212-12-12}, COMPLETION_LETTER={startDate=1000-11-12, completionDate=1000-12-12, issueDate=2023-07-01}, CONFIRMATION_LETTER={effectiveDate=2020-11-15, issueDate=2020-12-15}, EXPERIENCE_LETTER={relievingDate=2025-10-01, issueDate=2025-10-01}, RELIEVING_LETTER={relievingDate=2025-10-01, issueDate=2025-10-01}, FULL_AND_FINAL={fnfDate=2025-10-01, issueDate=2025-10-01, month=2026-10, resignationDate=2025-09-01, leavingDate=2025-10-01, paidDays=9, totalDaysInMonth=30}, SALARY_SLIP={startMonth=2026-09, endMonth=2026-09, salaryWorkdays={2026-09=30}}})
2026-09-16 18:09:18 [http-nio-8080-exec-9] WARN  com.zaxxer.hikari.pool.PoolBase - HikariPool-1 - Failed to validate connection com.mysql.cj.jdbc.ConnectionImpl@42d42fc9 (No operations allowed after connection closed.). Possibly consider using a shorter maxLifetime value.
2026-09-16 18:09:18 [http-nio-8080-exec-9] WARN  com.zaxxer.hikari.pool.PoolBase - HikariPool-1 - Failed to validate connection com.mysql.cj.jdbc.ConnectionImpl@3cfb5ec1 (No operations allowed after connection closed.). Possibly consider using a shorter maxLifetime value.
2026-09-16 18:09:18 [http-nio-8080-exec-9] INFO  c.e.D.service.impl.UserServiceImpl - Updating user profile | userId=217 | employeeId=TEST0336
2026-09-16 18:09:18 [http-nio-8080-exec-9] DEBUG c.e.D.service.impl.UserServiceImpl - Existing user fetched | userId=217 | oldEmployeeId=TEST0336
2026-09-16 18:09:18 [http-nio-8080-exec-9] DEBUG c.e.D.service.impl.UserServiceImpl - Updating documents | userId=217
2026-09-16 18:09:18 [http-nio-8080-exec-9] INFO  c.e.D.service.impl.UserServiceImpl - User profile updated successfully | userId=217 | timeTaken=165ms
2026-09-16 18:09:18 [http-nio-8080-exec-9] INFO  c.e.D.controller.UserController - Profile updated successfully for userId=217, employeeId=TEST0336
2026-09-16 18:10:24 [SpringApplicationShutdownHook] INFO  o.s.boot.tomcat.GracefulShutdown - Commencing graceful shutdown. Waiting for active requests to complete
2026-09-16 18:10:24 [tomcat-shutdown] INFO  o.s.boot.tomcat.GracefulShutdown - Graceful shutdown complete
2026-09-16 18:10:24 [SpringApplicationShutdownHook] INFO  o.s.o.j.LocalContainerEntityManagerFactoryBean - Closing JPA EntityManagerFactory for persistence unit 'default'
2026-09-16 18:10:24 [SpringApplicationShutdownHook] INFO  com.zaxxer.hikari.HikariDataSource - HikariPool-1 - Shutdown initiated...
2026-09-16 18:10:24 [SpringApplicationShutdownHook] INFO  com.zaxxer.hikari.HikariDataSource - HikariPool-1 - Shutdown completed.
